fecha,id_cliente,nps,comentario
2024-06-28,CLI0001,6,publicadas las tarifas del próximo año
2024-11-19,CLI0001,9,la campaña de fresa ha ido genial
2025-08-02,CLI0001,8,muy buena atención comercial
2025-11-23,CLI0001,10,operativa impecable
2024-02-09,CLI0002,10,la campaña de fresa ha ido genial
2024-04-07,CLI0002,8,muy buena atención comercial
2024-11-21,CLI0002,7,nuevo servicio semanal con Canarias
2025-02-14,CLI0002,7,
2025-06-07,CLI0002,8,operativa impecable
2024-01-12,CLI0003,8,rapidez en la descarga
2024-07-12,CLI0003,7,hoy atraca un nuevo portacontenedores
2025-03-21,CLI0003,8,cadena de frío perfecta
2025-04-17,CLI0003,9,operativa impecable
2025-09-04,CLI0003,7,
2025-12-21,CLI0003,7,hoy atraca un nuevo portacontenedores
2024-04-13,CLI0004,8,gran trabajo del equipo de estiba
2024-10-26,CLI0004,7,jornada técnica sobre digitalización portuaria
2025-01-23,CLI0004,8,gran trabajo del equipo de estiba
2025-11-27,CLI0004,9,la campaña de fresa ha ido genial
2024-01-20,CLI0005,9,muy buena atención comercial
2024-04-05,CLI0005,9,muy buena atención comercial
2024-08-06,CLI0005,7,hoy atraca un nuevo portacontenedores
2025-03-24,CLI0005,8,muy buena atención comercial
2025-08-17,CLI0005,9,la campaña de fresa ha ido genial
2024-02-03,CLI0006,10,excelente coordinación con la terminal
2024-05-22,CLI0006,10,excelente coordinación con la terminal
2024-11-17,CLI0006,9,cadena de frío perfecta
2025-09-03,CLI0006,10,muy buena atención comercial
2024-09-26,CLI0007,8,excelente coordinación con la terminal
2025-03-05,CLI0007,7,reunión sobre la ampliación del muelle sur
2025-09-09,CLI0007,7,reunión sobre la ampliación del muelle sur
2025-10-19,CLI0007,9,excelente coordinación con la terminal
2024-02-14,CLI0008,9,puntualidad en el atraque
2024-06-11,CLI0008,8,la campaña de fresa ha ido genial
2024-08-02,CLI0008,10,muy buena atención comercial
2025-04-04,CLI0008,6,visita institucional a la terminal
2025-10-26,CLI0008,6,hoy atraca un nuevo portacontenedores
2024-03-17,CLI0009,10,la campaña de fresa ha ido genial
2024-07-18,CLI0009,7,reunión sobre la ampliación del muelle sur
2024-10-25,CLI0009,9,gran trabajo del equipo de estiba
2025-06-24,CLI0009,9,rapidez en la descarga
2025-10-23,CLI0009,9,rapidez en la descarga
2024-06-24,CLI0010,7,reunión sobre la ampliación del muelle sur
2024-08-17,CLI0010,5,retrasos en la descarga de contenedores
2024-11-22,CLI0010,9,puntualidad en el atraque
2025-03-27,CLI0010,10,gran trabajo del equipo de estiba
2025-08-01,CLI0010,7,hoy atraca un nuevo portacontenedores
2025-10-19,CLI0010,7,visita institucional a la terminal
2024-03-27,CLI0011,9,excelente coordinación con la terminal
2024-05-12,CLI0011,8,excelente coordinación con la terminal
2024-09-06,CLI0011,6,
2025-04-02,CLI0011,9,puntualidad en el atraque
2025-08-14,CLI0011,8,excelente coordinación con la terminal
2024-04-14,CLI0012,9,puntualidad en el atraque
2024-09-07,CLI0012,9,rapidez en la descarga
2025-02-13,CLI0012,10,muy buena atención comercial
2025-06-11,CLI0012,7,publicadas las tarifas del próximo año
2025-10-22,CLI0012,8,cadena de frío perfecta
2024-05-03,CLI0013,8,gran trabajo del equipo de estiba
2024-07-20,CLI0013,7,jornada técnica sobre digitalización portuaria
2024-10-18,CLI0013,8,operativa impecable
2025-02-17,CLI0013,7,
2025-04-05,CLI0013,6,reunión sobre la ampliación del muelle sur
2025-08-15,CLI0013,8,la campaña de fresa ha ido genial
2024-01-11,CLI0014,7,jornada técnica sobre digitalización portuaria
2024-06-24,CLI0014,7,jornada técnica sobre digitalización portuaria
2024-07-10,CLI0014,7,visita institucional a la terminal
2025-01-22,CLI0014,8,la campaña de fresa ha ido genial
2025-07-23,CLI0014,3,esperas interminables en fondeo
2024-01-18,CLI0015,8,puntualidad en el atraque
2024-06-03,CLI0015,9,la campaña de fresa ha ido genial
2025-02-15,CLI0015,9,puntualidad en el atraque
2025-08-09,CLI0015,6,nuevo servicio semanal con Canarias
2025-12-28,CLI0015,9,gran trabajo del equipo de estiba
2024-03-20,CLI0016,8,puntualidad en el atraque
2024-06-27,CLI0016,8,muy buena atención comercial
2024-09-28,CLI0016,7,reunión sobre la ampliación del muelle sur
2024-12-26,CLI0016,5,colas de camiones en la puerta
2025-04-25,CLI0016,9,puntualidad en el atraque
2025-07-06,CLI0016,5,servicio lento y caro
2025-10-17,CLI0016,8,puntualidad en el atraque
2024-01-02,CLI0017,7,visita institucional a la terminal
2024-10-03,CLI0017,9,puntualidad en el atraque
2025-03-28,CLI0017,10,gran trabajo del equipo de estiba
2025-06-26,CLI0017,7,visita institucional a la terminal
2024-09-18,CLI0018,7,reunión sobre la ampliación del muelle sur
2024-10-09,CLI0018,8,excelente coordinación con la terminal
2025-06-09,CLI0018,8,rapidez en la descarga
2025-08-14,CLI0018,7,hoy atraca un nuevo portacontenedores
2024-03-06,CLI0019,9,excelente coordinación con la terminal
2024-04-19,CLI0019,8,operativa impecable
2024-08-01,CLI0019,5,colas de camiones en la puerta
2025-04-10,CLI0019,9,excelente coordinación con la terminal
2025-10-27,CLI0019,7,reunión sobre la ampliación del muelle sur
2024-05-19,CLI0020,8,puntualidad en el atraque
2024-12-03,CLI0020,9,la campaña de fresa ha ido genial
2025-02-01,CLI0020,6,hoy atraca un nuevo portacontenedores
2025-06-04,CLI0020,7,visita institucional a la terminal
2025-09-11,CLI0020,8,operativa impecable
2025-12-02,CLI0020,10,muy buena atención comercial
2024-02-05,CLI0021,8,la campaña de fresa ha ido genial
2024-04-02,CLI0021,10,muy buena atención comercial
2024-07-12,CLI0021,8,gran trabajo del equipo de estiba
2024-12-16,CLI0021,6,publicadas las tarifas del próximo año
2025-06-05,CLI0021,9,gran trabajo del equipo de estiba
2025-10-06,CLI0021,10,puntualidad en el atraque
2024-01-26,CLI0022,10,gran trabajo del equipo de estiba
2025-03-27,CLI0022,8,la campaña de fresa ha ido genial
2025-06-01,CLI0022,6,visita institucional a la terminal
2025-07-07,CLI0022,9,operativa impecable
2025-10-17,CLI0022,8,rapidez en la descarga
2024-02-10,CLI0023,10,puntualidad en el atraque
2024-05-20,CLI0023,8,excelente coordinación con la terminal
2024-10-14,CLI0023,6,hoy atraca un nuevo portacontenedores
2025-01-12,CLI0023,8,la campaña de fresa ha ido genial
2025-11-18,CLI0023,7,jornada técnica sobre digitalización portuaria
2024-03-22,CLI0024,7,visita institucional a la terminal
2024-06-28,CLI0024,7,hoy atraca un nuevo portacontenedores
2024-09-25,CLI0024,7,hoy atraca un nuevo portacontenedores
2024-11-01,CLI0024,10,puntualidad en el atraque
2025-06-05,CLI0024,10,puntualidad en el atraque
2024-05-02,CLI0025,7,nuevo servicio semanal con Canarias
2024-09-16,CLI0025,10,operativa impecable
2024-11-16,CLI0025,7,publicadas las tarifas del próximo año
2025-03-03,CLI0025,10,cadena de frío perfecta
2025-05-18,CLI0025,8,gran trabajo del equipo de estiba
2025-07-17,CLI0025,6,hoy atraca un nuevo portacontenedores
2025-10-05,CLI0025,7,
2024-02-10,CLI0026,7,nuevo servicio semanal con Canarias
2024-05-05,CLI0026,8,gran trabajo del equipo de estiba
2024-10-11,CLI0026,7,reunión sobre la ampliación del muelle sur
2025-03-10,CLI0026,10,la campaña de fresa ha ido genial
2025-09-19,CLI0026,9,excelente coordinación con la terminal
2024-02-23,CLI0027,10,la campaña de fresa ha ido genial
2024-08-01,CLI0027,8,operativa impecable
2025-03-23,CLI0027,10,muy buena atención comercial
2024-01-18,CLI0028,10,rapidez en la descarga
2024-09-18,CLI0028,8,puntualidad en el atraque
2024-10-04,CLI0028,5,mala comunicación con la terminal
2025-02-10,CLI0028,8,cadena de frío perfecta
2025-08-18,CLI0028,8,rapidez en la descarga
2024-02-02,CLI0029,9,operativa impecable
2024-06-08,CLI0029,8,operativa impecable
2024-07-06,CLI0029,7,visita institucional a la terminal
2025-02-13,CLI0029,10,cadena de frío perfecta
2025-04-20,CLI0029,10,cadena de frío perfecta
2025-07-22,CLI0029,8,operativa impecable
2025-11-07,CLI0029,8,cadena de frío perfecta
2024-04-07,CLI0030,10,gran trabajo del equipo de estiba
2024-10-17,CLI0030,6,nuevo servicio semanal con Canarias
2025-01-24,CLI0030,9,cadena de frío perfecta
2025-06-16,CLI0030,10,gran trabajo del equipo de estiba
2025-07-20,CLI0030,6,
2025-11-08,CLI0030,7,jornada técnica sobre digitalización portuaria
2024-04-02,CLI0031,10,cadena de frío perfecta
2024-07-15,CLI0031,9,muy buena atención comercial
2025-07-08,CLI0031,5,mala comunicación con la terminal
2025-11-10,CLI0031,6,hoy atraca un nuevo portacontenedores
2024-07-15,CLI0032,8,operativa impecable
2024-12-04,CLI0032,9,puntualidad en el atraque
2025-04-24,CLI0032,8,excelente coordinación con la terminal
2025-11-26,CLI0032,8,cadena de frío perfecta
2024-01-12,CLI0033,9,excelente coordinación con la terminal
2024-06-08,CLI0033,8,puntualidad en el atraque
2024-10-27,CLI0033,10,muy buena atención comercial
2025-03-23,CLI0033,6,
2025-05-08,CLI0033,8,gran trabajo del equipo de estiba
2025-08-28,CLI0033,8,cadena de frío perfecta
2025-10-19,CLI0033,10,operativa impecable
2024-01-21,CLI0034,9,la campaña de fresa ha ido genial
2024-06-22,CLI0034,9,operativa impecable
2024-08-21,CLI0034,8,rapidez en la descarga
2025-01-18,CLI0034,7,jornada técnica sobre digitalización portuaria
2025-04-26,CLI0034,6,jornada técnica sobre digitalización portuaria
2025-08-25,CLI0034,10,rapidez en la descarga
2025-11-07,CLI0034,9,puntualidad en el atraque
2024-03-16,CLI0035,7,jornada técnica sobre digitalización portuaria
2024-10-22,CLI0035,7,publicadas las tarifas del próximo año
2025-02-04,CLI0035,8,puntualidad en el atraque
2025-05-01,CLI0035,7,nuevo servicio semanal con Canarias
2024-04-19,CLI0036,8,muy buena atención comercial
2024-09-18,CLI0036,10,puntualidad en el atraque
2025-02-05,CLI0036,8,puntualidad en el atraque
2025-05-22,CLI0036,8,rapidez en la descarga
2025-08-09,CLI0036,7,reunión sobre la ampliación del muelle sur
2025-11-16,CLI0036,9,puntualidad en el atraque
2024-04-02,CLI0037,10,puntualidad en el atraque
2024-07-06,CLI0037,9,excelente coordinación con la terminal
2025-04-23,CLI0037,7,reunión sobre la ampliación del muelle sur
2025-07-16,CLI0037,7,hoy atraca un nuevo portacontenedores
2025-12-04,CLI0037,7,nuevo servicio semanal con Canarias
2024-07-24,CLI0038,6,nuevo servicio semanal con Canarias
2024-10-10,CLI0038,8,rapidez en la descarga
2025-05-12,CLI0038,10,la campaña de fresa ha ido genial
2025-07-11,CLI0038,10,operativa impecable
2025-11-27,CLI0038,10,cadena de frío perfecta
2024-03-10,CLI0039,10,gran trabajo del equipo de estiba
2024-08-09,CLI0039,8,puntualidad en el atraque
2024-10-18,CLI0039,9,muy buena atención comercial
2025-01-07,CLI0039,6,hoy atraca un nuevo portacontenedores
2025-06-27,CLI0039,7,
2024-02-10,CLI0040,6,jornada técnica sobre digitalización portuaria
2024-06-24,CLI0040,3,otra vez sin fecha de atraque
2024-08-19,CLI0040,6,jornada técnica sobre digitalización portuaria
2025-04-26,CLI0040,8,cadena de frío perfecta
2025-12-17,CLI0040,6,reunión sobre la ampliación del muelle sur
2024-09-22,CLI0041,5,esperas interminables en fondeo
2024-10-21,CLI0041,7,jornada técnica sobre digitalización portuaria
2025-02-11,CLI0041,9,rapidez en la descarga
2025-04-25,CLI0041,9,operativa impecable
2025-09-14,CLI0041,9,excelente coordinación con la terminal
2024-06-18,CLI0042,8,puntualidad en el atraque
2024-08-11,CLI0042,9,operativa impecable
2024-11-03,CLI0042,7,visita institucional a la terminal
2025-08-12,CLI0042,8,puntualidad en el atraque
2025-10-16,CLI0042,10,rapidez en la descarga
2024-03-27,CLI0043,10,muy buena atención comercial
2024-06-07,CLI0043,9,rapidez en la descarga
2024-11-22,CLI0043,6,publicadas las tarifas del próximo año
2025-01-11,CLI0043,8,cadena de frío perfecta
2025-06-25,CLI0043,7,jornada técnica sobre digitalización portuaria
2024-03-22,CLI0044,10,operativa impecable
2024-06-20,CLI0044,9,la campaña de fresa ha ido genial
2024-07-06,CLI0044,6,visita institucional a la terminal
2024-10-20,CLI0044,5,colas de camiones en la puerta
2025-03-16,CLI0044,8,puntualidad en el atraque
2025-09-09,CLI0044,8,muy buena atención comercial
2025-12-02,CLI0044,8,excelente coordinación con la terminal
2025-03-10,CLI0045,10,puntualidad en el atraque
2025-06-27,CLI0045,8,muy buena atención comercial
2025-08-11,CLI0045,9,operativa impecable
2024-02-27,CLI0046,8,excelente coordinación con la terminal
2024-05-13,CLI0046,8,muy buena atención comercial
2024-09-15,CLI0046,6,reunión sobre la ampliación del muelle sur
2025-04-18,CLI0046,8,puntualidad en el atraque
2025-12-01,CLI0046,10,puntualidad en el atraque
2024-04-17,CLI0047,10,puntualidad en el atraque
2024-11-04,CLI0047,8,la campaña de fresa ha ido genial
2025-02-10,CLI0047,7,visita institucional a la terminal
2025-04-03,CLI0047,8,gran trabajo del equipo de estiba
2025-08-24,CLI0047,9,puntualidad en el atraque
2025-10-15,CLI0047,6,nuevo servicio semanal con Canarias
2024-06-19,CLI0048,8,muy buena atención comercial
2024-12-05,CLI0048,10,gran trabajo del equipo de estiba
2025-02-08,CLI0048,8,puntualidad en el atraque
2025-05-07,CLI0048,9,gran trabajo del equipo de estiba
2025-11-23,CLI0048,4,esperas interminables en fondeo
2024-04-21,CLI0049,10,la campaña de fresa ha ido genial
2024-09-24,CLI0049,6,publicadas las tarifas del próximo año
2025-01-18,CLI0049,9,gran trabajo del equipo de estiba
2025-08-23,CLI0049,8,gran trabajo del equipo de estiba
2025-10-28,CLI0049,3,retrasos en la descarga de contenedores
2024-02-01,CLI0050,9,la campaña de fresa ha ido genial
2024-05-17,CLI0050,8,rapidez en la descarga
2024-12-06,CLI0050,7,visita institucional a la terminal
2025-10-26,CLI0050,10,muy buena atención comercial
2024-04-12,CLI0051,8,gran trabajo del equipo de estiba
2024-08-01,CLI0051,7,nuevo servicio semanal con Canarias
2024-11-11,CLI0051,8,cadena de frío perfecta
2025-02-16,CLI0051,10,gran trabajo del equipo de estiba
2025-09-08,CLI0051,9,cadena de frío perfecta
2025-10-19,CLI0051,7,
2024-03-28,CLI0052,9,la campaña de fresa ha ido genial
2024-09-18,CLI0052,6,reunión sobre la ampliación del muelle sur
2024-10-01,CLI0052,6,reunión sobre la ampliación del muelle sur
2025-05-09,CLI0052,5,retrasos en la descarga de contenedores
2025-07-26,CLI0052,9,puntualidad en el atraque
2025-10-24,CLI0052,7,visita institucional a la terminal
2024-03-15,CLI0053,6,publicadas las tarifas del próximo año
2024-07-15,CLI0053,10,muy buena atención comercial
2024-10-11,CLI0053,6,hoy atraca un nuevo portacontenedores
2025-06-28,CLI0053,8,gran trabajo del equipo de estiba
2025-10-14,CLI0053,9,excelente coordinación con la terminal
2024-02-26,CLI0054,10,excelente coordinación con la terminal
2024-04-12,CLI0054,10,la campaña de fresa ha ido genial
2024-11-27,CLI0054,9,operativa impecable
2025-02-04,CLI0054,8,gran trabajo del equipo de estiba
2025-05-26,CLI0054,9,la campaña de fresa ha ido genial
2025-10-03,CLI0054,9,excelente coordinación con la terminal
2024-02-22,CLI0055,7,visita institucional a la terminal
2024-08-15,CLI0055,10,la campaña de fresa ha ido genial
2024-12-13,CLI0055,7,visita institucional a la terminal
2025-01-15,CLI0055,10,muy buena atención comercial
2025-05-17,CLI0055,5,mala comunicación con la terminal
2024-01-28,CLI0056,8,operativa impecable
2024-06-08,CLI0056,8,rapidez en la descarga
2024-07-27,CLI0056,9,cadena de frío perfecta
2025-11-26,CLI0056,7,jornada técnica sobre digitalización portuaria
2024-03-26,CLI0057,8,puntualidad en el atraque
2025-03-19,CLI0057,9,gran trabajo del equipo de estiba
2025-06-14,CLI0057,6,hoy atraca un nuevo portacontenedores
2025-07-08,CLI0057,8,operativa impecable
2025-10-11,CLI0057,7,reunión sobre la ampliación del muelle sur
2024-06-18,CLI0058,9,gran trabajo del equipo de estiba
2024-08-12,CLI0058,10,cadena de frío perfecta
2024-12-26,CLI0058,8,cadena de frío perfecta
2025-03-08,CLI0058,10,muy buena atención comercial
2025-06-10,CLI0058,10,muy buena atención comercial
2025-07-20,CLI0058,5,mala comunicación con la terminal
2024-05-16,CLI0059,8,cadena de frío perfecta
2024-07-21,CLI0059,10,operativa impecable
2024-10-26,CLI0059,6,publicadas las tarifas del próximo año
2025-02-11,CLI0059,8,muy buena atención comercial
2025-07-14,CLI0059,6,hoy atraca un nuevo portacontenedores
2025-12-05,CLI0059,6,nuevo servicio semanal con Canarias
2024-04-04,CLI0060,6,reunión sobre la ampliación del muelle sur
2024-08-16,CLI0060,8,operativa impecable
2024-12-11,CLI0060,5,otra vez sin fecha de atraque
2025-03-11,CLI0060,9,gran trabajo del equipo de estiba
2025-04-05,CLI0060,6,hoy atraca un nuevo portacontenedores
2025-08-23,CLI0060,7,publicadas las tarifas del próximo año
2025-11-12,CLI0060,7,
2024-05-13,CLI0061,7,reunión sobre la ampliación del muelle sur
2024-07-17,CLI0061,8,cadena de frío perfecta
2025-03-22,CLI0061,6,reunión sobre la ampliación del muelle sur
2025-05-02,CLI0061,10,cadena de frío perfecta
2025-07-08,CLI0061,5,otra vez sin fecha de atraque
2024-03-04,CLI0062,9,excelente coordinación con la terminal
2024-05-24,CLI0062,8,rapidez en la descarga
2024-09-18,CLI0062,6,
2024-10-22,CLI0062,7,reunión sobre la ampliación del muelle sur
2025-05-02,CLI0062,9,excelente coordinación con la terminal
2025-09-20,CLI0062,9,excelente coordinación con la terminal
2024-02-08,CLI0063,10,rapidez en la descarga
2024-06-25,CLI0063,7,reunión sobre la ampliación del muelle sur
2024-11-21,CLI0063,8,muy buena atención comercial
2025-01-07,CLI0063,9,muy buena atención comercial
2025-05-16,CLI0063,10,la campaña de fresa ha ido genial
2025-09-21,CLI0063,8,excelente coordinación con la terminal
2024-03-26,CLI0064,10,la campaña de fresa ha ido genial
2024-05-28,CLI0064,10,operativa impecable
2024-11-11,CLI0064,9,excelente coordinación con la terminal
2025-11-10,CLI0064,9,la campaña de fresa ha ido genial
2024-01-17,CLI0065,6,
2024-07-01,CLI0065,10,puntualidad en el atraque
2024-12-25,CLI0065,7,jornada técnica sobre digitalización portuaria
2025-06-16,CLI0065,8,puntualidad en el atraque
2025-08-28,CLI0065,7,hoy atraca un nuevo portacontenedores
2024-04-09,CLI0066,10,rapidez en la descarga
2024-09-09,CLI0066,10,gran trabajo del equipo de estiba
2025-06-06,CLI0066,7,hoy atraca un nuevo portacontenedores
2025-09-04,CLI0066,7,
2025-12-04,CLI0066,8,muy buena atención comercial
2024-06-05,CLI0067,9,cadena de frío perfecta
2024-07-04,CLI0067,7,
2025-03-27,CLI0067,8,rapidez en la descarga
2025-06-27,CLI0067,6,reunión sobre la ampliación del muelle sur
2025-07-16,CLI0067,6,jornada técnica sobre digitalización portuaria
2024-06-25,CLI0068,8,rapidez en la descarga
2025-02-04,CLI0068,9,la campaña de fresa ha ido genial
2025-05-22,CLI0068,7,publicadas las tarifas del próximo año
2024-04-12,CLI0069,9,excelente coordinación con la terminal
2024-08-21,CLI0069,7,
2024-10-03,CLI0069,10,muy buena atención comercial
2025-10-22,CLI0069,10,rapidez en la descarga
2024-02-08,CLI0070,8,cadena de frío perfecta
2024-09-23,CLI0070,5,mala comunicación con la terminal
2024-10-17,CLI0070,7,visita institucional a la terminal
2025-03-17,CLI0070,6,hoy atraca un nuevo portacontenedores
2025-04-17,CLI0070,10,operativa impecable
2025-12-07,CLI0070,8,la campaña de fresa ha ido genial
2024-01-25,CLI0071,6,publicadas las tarifas del próximo año
2024-05-08,CLI0071,9,gran trabajo del equipo de estiba
2025-02-14,CLI0071,9,gran trabajo del equipo de estiba
2025-05-05,CLI0071,9,puntualidad en el atraque
2024-03-15,CLI0072,9,gran trabajo del equipo de estiba
2024-08-12,CLI0072,7,
2025-05-08,CLI0072,9,la campaña de fresa ha ido genial
2025-08-05,CLI0072,7,
2024-01-15,CLI0073,7,jornada técnica sobre digitalización portuaria
2024-09-22,CLI0073,7,hoy atraca un nuevo portacontenedores
2024-11-22,CLI0073,9,la campaña de fresa ha ido genial
2025-07-12,CLI0073,10,operativa impecable
2025-10-02,CLI0073,10,rapidez en la descarga
2024-05-09,CLI0074,8,puntualidad en el atraque
2024-07-06,CLI0074,8,excelente coordinación con la terminal
2024-11-26,CLI0074,7,
2025-02-19,CLI0074,8,excelente coordinación con la terminal
2025-05-15,CLI0074,5,mala comunicación con la terminal
2025-07-03,CLI0074,6,visita institucional a la terminal
2025-10-02,CLI0074,9,operativa impecable
2024-03-02,CLI0075,10,muy buena atención comercial
2024-05-10,CLI0075,9,cadena de frío perfecta
2024-08-18,CLI0075,5,esperas interminables en fondeo
2024-11-20,CLI0075,9,rapidez en la descarga
2025-01-05,CLI0075,8,excelente coordinación con la terminal
2025-06-03,CLI0075,7,jornada técnica sobre digitalización portuaria
2025-07-18,CLI0075,8,gran trabajo del equipo de estiba
2025-11-27,CLI0075,8,gran trabajo del equipo de estiba
2024-02-24,CLI0076,7,jornada técnica sobre digitalización portuaria
2024-05-12,CLI0076,7,hoy atraca un nuevo portacontenedores
2024-07-01,CLI0076,10,muy buena atención comercial
2024-10-20,CLI0076,10,operativa impecable
2025-01-07,CLI0076,10,rapidez en la descarga
2025-05-10,CLI0076,10,excelente coordinación con la terminal
2024-03-01,CLI0077,9,cadena de frío perfecta
2024-08-13,CLI0077,10,puntualidad en el atraque
2024-11-05,CLI0077,10,rapidez en la descarga
2025-03-27,CLI0077,8,rapidez en la descarga
2025-04-02,CLI0077,9,excelente coordinación con la terminal
2025-08-21,CLI0077,8,operativa impecable
2025-12-07,CLI0077,10,operativa impecable
2024-01-14,CLI0078,6,publicadas las tarifas del próximo año
2024-05-05,CLI0078,9,gran trabajo del equipo de estiba
2024-12-02,CLI0078,8,muy buena atención comercial
2025-03-27,CLI0078,7,nuevo servicio semanal con Canarias
2025-06-10,CLI0078,10,muy buena atención comercial
2025-11-11,CLI0078,8,gran trabajo del equipo de estiba
2024-02-03,CLI0079,8,muy buena atención comercial
2024-08-23,CLI0079,8,muy buena atención comercial
2024-11-23,CLI0079,8,cadena de frío perfecta
2025-06-14,CLI0079,9,operativa impecable
2025-09-16,CLI0079,9,rapidez en la descarga
2024-12-09,CLI0080,9,gran trabajo del equipo de estiba
2025-03-18,CLI0080,8,rapidez en la descarga
2025-06-03,CLI0080,8,gran trabajo del equipo de estiba
2025-08-22,CLI0080,4,mala comunicación con la terminal
2025-10-15,CLI0080,4,colas de camiones en la puerta
2024-02-28,CLI0081,9,muy buena atención comercial
2024-09-25,CLI0081,7,publicadas las tarifas del próximo año
2024-10-01,CLI0081,8,cadena de frío perfecta
2025-03-19,CLI0081,4,colas de camiones en la puerta
2025-07-13,CLI0081,10,cadena de frío perfecta
2024-02-22,CLI0082,7,visita institucional a la terminal
2024-04-01,CLI0082,8,rapidez en la descarga
2024-10-26,CLI0082,5,perdimos la conexión del reefer
2025-02-07,CLI0082,7,reunión sobre la ampliación del muelle sur
2025-07-11,CLI0082,10,rapidez en la descarga
2025-12-25,CLI0082,6,publicadas las tarifas del próximo año
2024-02-01,CLI0083,7,reunión sobre la ampliación del muelle sur
2024-04-21,CLI0083,9,muy buena atención comercial
2024-09-25,CLI0083,10,gran trabajo del equipo de estiba
2025-01-21,CLI0083,8,rapidez en la descarga
2025-06-06,CLI0083,7,publicadas las tarifas del próximo año
2025-09-07,CLI0083,5,mala comunicación con la terminal
2025-11-25,CLI0083,6,visita institucional a la terminal
2024-05-03,CLI0084,9,rapidez en la descarga
2024-08-05,CLI0084,8,la campaña de fresa ha ido genial
2024-12-24,CLI0084,10,muy buena atención comercial
2025-01-19,CLI0084,5,la grúa vuelve a estar parada
2025-05-21,CLI0084,9,operativa impecable
2025-09-21,CLI0084,3,esperas interminables en fondeo
2025-12-27,CLI0084,6,visita institucional a la terminal
2024-03-02,CLI0085,7,
2024-06-11,CLI0085,6,reunión sobre la ampliación del muelle sur
2025-03-18,CLI0085,8,cadena de frío perfecta
2025-07-21,CLI0085,10,operativa impecable
2025-10-17,CLI0085,6,publicadas las tarifas del próximo año
2024-03-18,CLI0086,9,la campaña de fresa ha ido genial
2024-06-03,CLI0086,9,cadena de frío perfecta
2024-09-12,CLI0086,7,publicadas las tarifas del próximo año
2024-11-15,CLI0086,7,publicadas las tarifas del próximo año
2025-04-15,CLI0086,10,puntualidad en el atraque
2025-11-06,CLI0086,7,reunión sobre la ampliación del muelle sur
2024-08-06,CLI0087,7,publicadas las tarifas del próximo año
2025-02-18,CLI0087,7,jornada técnica sobre digitalización portuaria
2025-09-11,CLI0087,9,puntualidad en el atraque
2025-11-23,CLI0087,9,operativa impecable
2024-08-25,CLI0088,10,excelente coordinación con la terminal
2024-10-23,CLI0088,5,esperas interminables en fondeo
2025-03-28,CLI0088,8,gran trabajo del equipo de estiba
2025-06-16,CLI0088,10,cadena de frío perfecta
2025-07-03,CLI0088,6,jornada técnica sobre digitalización portuaria
2025-11-08,CLI0088,10,gran trabajo del equipo de estiba
2024-06-15,CLI0089,10,operativa impecable
2024-12-24,CLI0089,10,puntualidad en el atraque
2025-03-24,CLI0089,6,reunión sobre la ampliación del muelle sur
2025-08-19,CLI0089,10,muy buena atención comercial
2025-10-25,CLI0089,8,la campaña de fresa ha ido genial
2024-01-07,CLI0090,10,muy buena atención comercial
2024-04-13,CLI0090,10,gran trabajo del equipo de estiba
2024-08-21,CLI0090,7,publicadas las tarifas del próximo año
2025-04-19,CLI0090,6,hoy atraca un nuevo portacontenedores
2025-07-08,CLI0090,6,visita institucional a la terminal
2025-12-22,CLI0090,4,mala comunicación con la terminal
2024-08-28,CLI0091,8,cadena de frío perfecta
2024-12-13,CLI0091,10,la campaña de fresa ha ido genial
2025-02-17,CLI0091,7,nuevo servicio semanal con Canarias
2025-07-25,CLI0091,6,
2025-11-27,CLI0091,8,muy buena atención comercial
2024-02-02,CLI0092,9,puntualidad en el atraque
2025-03-10,CLI0092,7,visita institucional a la terminal
2025-08-24,CLI0092,8,rapidez en la descarga
2024-01-08,CLI0093,10,excelente coordinación con la terminal
2024-04-14,CLI0093,10,rapidez en la descarga
2024-09-14,CLI0093,6,
2024-12-04,CLI0093,8,gran trabajo del equipo de estiba
2025-10-22,CLI0093,9,rapidez en la descarga
2024-02-19,CLI0094,8,rapidez en la descarga
2024-08-16,CLI0094,10,la campaña de fresa ha ido genial
2025-04-13,CLI0094,10,puntualidad en el atraque
2025-11-03,CLI0094,8,operativa impecable
2024-04-23,CLI0095,10,rapidez en la descarga
2024-09-14,CLI0095,10,rapidez en la descarga
2025-01-28,CLI0095,7,nuevo servicio semanal con Canarias
2025-04-17,CLI0095,8,cadena de frío perfecta
2025-09-03,CLI0095,10,gran trabajo del equipo de estiba
2025-12-26,CLI0095,7,
2024-05-17,CLI0096,9,gran trabajo del equipo de estiba
2024-10-19,CLI0096,10,operativa impecable
2025-03-17,CLI0096,10,puntualidad en el atraque
2025-06-28,CLI0096,10,gran trabajo del equipo de estiba
2025-08-06,CLI0096,8,la campaña de fresa ha ido genial
2024-01-25,CLI0097,7,publicadas las tarifas del próximo año
2024-04-15,CLI0097,9,puntualidad en el atraque
2024-08-10,CLI0097,7,
2025-10-15,CLI0097,10,la campaña de fresa ha ido genial
2024-06-01,CLI0098,6,publicadas las tarifas del próximo año
2024-11-16,CLI0098,10,operativa impecable
2025-02-12,CLI0098,9,muy buena atención comercial
2025-10-23,CLI0098,7,visita institucional a la terminal
2024-02-22,CLI0099,8,excelente coordinación con la terminal
2024-06-21,CLI0099,7,publicadas las tarifas del próximo año
2024-12-28,CLI0099,10,muy buena atención comercial
2025-03-08,CLI0099,10,puntualidad en el atraque
2025-09-17,CLI0099,9,rapidez en la descarga
2024-01-26,CLI0100,6,publicadas las tarifas del próximo año
2024-06-02,CLI0100,8,operativa impecable
2024-08-02,CLI0100,9,la campaña de fresa ha ido genial
2024-10-23,CLI0100,10,rapidez en la descarga
2025-01-27,CLI0100,8,rapidez en la descarga
2025-09-04,CLI0100,8,rapidez en la descarga
2025-10-05,CLI0100,8,rapidez en la descarga
2024-01-09,CLI0101,7,nuevo servicio semanal con Canarias
2024-06-07,CLI0101,7,jornada técnica sobre digitalización portuaria
2024-09-08,CLI0101,8,operativa impecable
2024-10-15,CLI0101,7,publicadas las tarifas del próximo año
2025-03-16,CLI0101,10,rapidez en la descarga
2025-04-08,CLI0101,10,muy buena atención comercial
2025-09-05,CLI0101,8,puntualidad en el atraque
2024-05-27,CLI0102,10,muy buena atención comercial
2024-11-12,CLI0102,8,operativa impecable
2025-05-26,CLI0102,9,gran trabajo del equipo de estiba
2025-07-21,CLI0102,9,operativa impecable
2024-03-20,CLI0103,10,operativa impecable
2024-06-01,CLI0103,8,operativa impecable
2024-12-06,CLI0103,8,puntualidad en el atraque
2025-06-19,CLI0103,7,visita institucional a la terminal
2025-08-17,CLI0103,8,operativa impecable
2024-08-14,CLI0104,7,reunión sobre la ampliación del muelle sur
2024-10-03,CLI0104,9,operativa impecable
2025-06-27,CLI0104,9,cadena de frío perfecta
2025-10-01,CLI0104,8,rapidez en la descarga
2024-05-06,CLI0105,9,rapidez en la descarga
2025-03-13,CLI0105,7,nuevo servicio semanal con Canarias
2025-09-07,CLI0105,8,cadena de frío perfecta
2025-10-10,CLI0105,8,muy buena atención comercial
2024-02-15,CLI0106,9,gran trabajo del equipo de estiba
2024-04-19,CLI0106,5,perdimos la conexión del reefer
2024-08-20,CLI0106,8,muy buena atención comercial
2024-10-18,CLI0106,10,la campaña de fresa ha ido genial
2025-02-06,CLI0106,9,muy buena atención comercial
2025-06-18,CLI0106,9,cadena de frío perfecta
2025-07-22,CLI0106,10,excelente coordinación con la terminal
2025-11-09,CLI0106,8,excelente coordinación con la terminal
2024-03-23,CLI0107,5,retrasos en la descarga de contenedores
2025-02-02,CLI0107,9,excelente coordinación con la terminal
2025-09-01,CLI0107,8,la campaña de fresa ha ido genial
2025-11-02,CLI0107,8,rapidez en la descarga
2024-02-26,CLI0108,5,perdimos la conexión del reefer
2025-04-08,CLI0108,10,cadena de frío perfecta
2025-07-24,CLI0109,5,la grúa vuelve a estar parada
2024-05-24,CLI0110,6,hoy atraca un nuevo portacontenedores
2025-02-08,CLI0110,7,nuevo servicio semanal con Canarias
2025-06-07,CLI0110,10,gran trabajo del equipo de estiba
2024-06-18,CLI0111,10,muy buena atención comercial
2024-08-07,CLI0111,5,esperas interminables en fondeo
2025-02-12,CLI0111,10,excelente coordinación con la terminal
2025-05-25,CLI0111,10,la campaña de fresa ha ido genial
2025-09-04,CLI0111,7,publicadas las tarifas del próximo año
2024-03-19,CLI0112,10,puntualidad en el atraque
2024-06-05,CLI0112,6,
2024-11-01,CLI0112,8,muy buena atención comercial
2025-01-08,CLI0112,7,visita institucional a la terminal
2025-04-12,CLI0112,10,puntualidad en el atraque
2025-08-25,CLI0112,6,hoy atraca un nuevo portacontenedores
2025-12-10,CLI0112,3,colas de camiones en la puerta
2024-08-11,CLI0113,8,cadena de frío perfecta
2024-11-03,CLI0113,9,la campaña de fresa ha ido genial
2025-03-04,CLI0113,9,muy buena atención comercial
2025-07-01,CLI0113,8,rapidez en la descarga
2025-12-03,CLI0113,10,gran trabajo del equipo de estiba
2024-02-18,CLI0114,8,puntualidad en el atraque
2024-08-26,CLI0114,7,visita institucional a la terminal
2025-02-18,CLI0114,7,visita institucional a la terminal
2025-08-07,CLI0114,7,hoy atraca un nuevo portacontenedores
2025-11-02,CLI0114,9,muy buena atención comercial
2024-03-14,CLI0115,10,la campaña de fresa ha ido genial
2024-06-12,CLI0115,7,visita institucional a la terminal
2025-04-15,CLI0115,10,operativa impecable
2025-07-22,CLI0115,3,retrasos en la descarga de contenedores
2025-12-17,CLI0115,5,mala comunicación con la terminal
2024-04-15,CLI0116,6,
2024-08-25,CLI0116,7,publicadas las tarifas del próximo año
2024-12-25,CLI0116,9,operativa impecable
2025-03-07,CLI0116,10,la campaña de fresa ha ido genial
2025-05-07,CLI0116,9,operativa impecable
2025-09-23,CLI0116,9,la campaña de fresa ha ido genial
2025-12-02,CLI0116,8,cadena de frío perfecta
2024-02-03,CLI0117,9,puntualidad en el atraque
2024-08-28,CLI0117,7,hoy atraca un nuevo portacontenedores
2024-11-28,CLI0117,6,
2025-03-20,CLI0117,8,operativa impecable
2025-07-02,CLI0117,8,rapidez en la descarga
2025-12-25,CLI0117,8,la campaña de fresa ha ido genial
2024-07-28,CLI0118,8,operativa impecable
2024-10-02,CLI0118,10,puntualidad en el atraque
2025-05-19,CLI0118,8,gran trabajo del equipo de estiba
2025-07-16,CLI0118,10,puntualidad en el atraque
2025-10-08,CLI0118,6,nuevo servicio semanal con Canarias
2024-04-19,CLI0119,9,excelente coordinación con la terminal
2024-08-13,CLI0119,8,gran trabajo del equipo de estiba
2024-10-27,CLI0119,7,publicadas las tarifas del próximo año
2025-01-19,CLI0119,8,puntualidad en el atraque
2025-06-27,CLI0119,10,operativa impecable
2025-08-03,CLI0119,8,excelente coordinación con la terminal
2024-03-13,CLI0120,10,la campaña de fresa ha ido genial
2024-12-05,CLI0120,8,muy buena atención comercial
2025-03-12,CLI0120,10,cadena de frío perfecta
2025-07-01,CLI0120,7,jornada técnica sobre digitalización portuaria
2024-02-01,CLI0121,9,operativa impecable
2024-05-03,CLI0121,8,excelente coordinación con la terminal
2024-08-14,CLI0121,7,hoy atraca un nuevo portacontenedores
2024-12-11,CLI0121,9,excelente coordinación con la terminal
2025-01-02,CLI0121,8,muy buena atención comercial
2025-06-15,CLI0121,6,
2025-08-04,CLI0121,10,excelente coordinación con la terminal
2025-11-09,CLI0121,8,excelente coordinación con la terminal
2024-03-10,CLI0122,8,cadena de frío perfecta
2024-05-23,CLI0122,10,cadena de frío perfecta
2024-07-02,CLI0122,10,gran trabajo del equipo de estiba
2025-03-02,CLI0122,10,puntualidad en el atraque
2025-05-16,CLI0122,7,visita institucional a la terminal
2024-02-28,CLI0123,9,operativa impecable
2024-05-04,CLI0123,10,puntualidad en el atraque
2024-09-15,CLI0123,9,cadena de frío perfecta
2024-10-10,CLI0123,7,visita institucional a la terminal
2025-05-06,CLI0123,10,cadena de frío perfecta
2025-09-13,CLI0123,7,jornada técnica sobre digitalización portuaria
2024-01-24,CLI0124,9,rapidez en la descarga
2024-06-23,CLI0124,9,gran trabajo del equipo de estiba
2024-08-09,CLI0124,8,la campaña de fresa ha ido genial
2025-04-12,CLI0124,7,
2025-07-11,CLI0124,9,cadena de frío perfecta
2025-12-14,CLI0124,7,jornada técnica sobre digitalización portuaria
2024-01-22,CLI0125,7,visita institucional a la terminal
2024-06-20,CLI0125,8,excelente coordinación con la terminal
2024-07-22,CLI0125,9,operativa impecable
2024-11-04,CLI0125,8,gran trabajo del equipo de estiba
2024-01-28,CLI0126,10,rapidez en la descarga
2024-06-03,CLI0126,7,nuevo servicio semanal con Canarias
2024-09-20,CLI0126,7,publicadas las tarifas del próximo año
2024-12-22,CLI0126,6,
2025-04-15,CLI0126,8,operativa impecable
2025-08-18,CLI0126,10,cadena de frío perfecta
2024-05-11,CLI0127,9,la campaña de fresa ha ido genial
2024-09-13,CLI0127,8,la campaña de fresa ha ido genial
2024-12-23,CLI0127,9,rapidez en la descarga
2025-03-20,CLI0127,6,
2025-06-04,CLI0127,9,excelente coordinación con la terminal
2025-07-23,CLI0127,7,
2025-11-22,CLI0127,7,jornada técnica sobre digitalización portuaria
2024-01-06,CLI0128,6,visita institucional a la terminal
2025-06-07,CLI0128,10,la campaña de fresa ha ido genial
2024-08-24,CLI0129,9,operativa impecable
2025-01-24,CLI0129,8,operativa impecable
2025-05-06,CLI0129,9,rapidez en la descarga
2024-03-26,CLI0130,8,puntualidad en el atraque
2024-06-05,CLI0130,8,excelente coordinación con la terminal
2024-09-26,CLI0130,7,publicadas las tarifas del próximo año
2025-03-12,CLI0130,9,la campaña de fresa ha ido genial
2025-08-23,CLI0130,6,jornada técnica sobre digitalización portuaria
2025-12-24,CLI0130,9,cadena de frío perfecta
2024-02-14,CLI0131,9,muy buena atención comercial
2024-06-24,CLI0131,10,operativa impecable
2024-09-28,CLI0131,9,rapidez en la descarga
2024-10-09,CLI0131,7,publicadas las tarifas del próximo año
2025-02-20,CLI0131,10,operativa impecable
2025-05-21,CLI0131,9,rapidez en la descarga
2025-09-18,CLI0131,7,jornada técnica sobre digitalización portuaria
2025-11-07,CLI0131,10,excelente coordinación con la terminal
2024-06-24,CLI0132,7,hoy atraca un nuevo portacontenedores
2024-07-12,CLI0132,7,nuevo servicio semanal con Canarias
2024-12-22,CLI0132,8,operativa impecable
2025-05-16,CLI0132,10,muy buena atención comercial
2024-02-18,CLI0133,10,operativa impecable
2024-08-09,CLI0133,7,jornada técnica sobre digitalización portuaria
2024-11-25,CLI0133,8,gran trabajo del equipo de estiba
2025-04-03,CLI0133,5,perdimos la conexión del reefer
2025-12-10,CLI0133,6,visita institucional a la terminal
2024-03-18,CLI0134,10,puntualidad en el atraque
2024-06-07,CLI0134,8,puntualidad en el atraque
2024-07-14,CLI0134,8,muy buena atención comercial
2025-06-22,CLI0134,10,gran trabajo del equipo de estiba
2025-08-15,CLI0134,8,excelente coordinación con la terminal
2025-12-01,CLI0134,8,rapidez en la descarga
2024-07-24,CLI0135,10,excelente coordinación con la terminal
2025-07-21,CLI0135,6,
2025-10-20,CLI0135,9,excelente coordinación con la terminal
2024-06-26,CLI0136,6,visita institucional a la terminal
2024-07-03,CLI0136,8,muy buena atención comercial
2024-10-22,CLI0136,8,gran trabajo del equipo de estiba
2025-03-19,CLI0136,7,hoy atraca un nuevo portacontenedores
2025-04-07,CLI0136,9,gran trabajo del equipo de estiba
2025-09-11,CLI0136,6,reunión sobre la ampliación del muelle sur
2025-11-18,CLI0136,3,la grúa vuelve a estar parada
2024-03-04,CLI0137,6,reunión sobre la ampliación del muelle sur
2024-09-06,CLI0137,8,rapidez en la descarga
2024-12-10,CLI0137,6,jornada técnica sobre digitalización portuaria
2025-05-01,CLI0137,7,visita institucional a la terminal
2025-07-10,CLI0137,5,perdimos la conexión del reefer
2024-02-19,CLI0138,9,operativa impecable
2024-09-11,CLI0138,10,la campaña de fresa ha ido genial
2024-10-28,CLI0138,8,rapidez en la descarga
2025-02-07,CLI0138,6,visita institucional a la terminal
2025-06-06,CLI0138,8,muy buena atención comercial
2025-12-21,CLI0138,7,nuevo servicio semanal con Canarias
2024-02-14,CLI0139,6,publicadas las tarifas del próximo año
2024-04-02,CLI0139,9,cadena de frío perfecta
2024-09-04,CLI0139,7,hoy atraca un nuevo portacontenedores
2024-11-04,CLI0139,9,operativa impecable
2025-01-12,CLI0139,7,hoy atraca un nuevo portacontenedores
2025-04-11,CLI0139,9,muy buena atención comercial
2025-07-14,CLI0139,4,mala comunicación con la terminal
2024-01-08,CLI0140,7,reunión sobre la ampliación del muelle sur
2024-07-06,CLI0140,8,gran trabajo del equipo de estiba
2024-11-24,CLI0140,5,otra vez sin fecha de atraque
2025-02-10,CLI0140,3,perdimos la conexión del reefer
2025-09-19,CLI0140,8,la campaña de fresa ha ido genial
2025-10-13,CLI0140,7,
2024-06-04,CLI0141,10,gran trabajo del equipo de estiba
2025-01-27,CLI0141,9,excelente coordinación con la terminal
2025-04-08,CLI0141,10,muy buena atención comercial
2025-11-11,CLI0141,9,operativa impecable
2024-01-27,CLI0142,9,cadena de frío perfecta
2024-05-18,CLI0142,9,operativa impecable
2024-09-01,CLI0142,10,muy buena atención comercial
2025-01-27,CLI0142,7,nuevo servicio semanal con Canarias
2025-12-14,CLI0142,10,cadena de frío perfecta
2024-02-02,CLI0143,5,colas de camiones en la puerta
2024-07-01,CLI0143,8,operativa impecable
2024-11-16,CLI0143,9,operativa impecable
2025-01-26,CLI0143,8,excelente coordinación con la terminal
2025-05-03,CLI0143,6,jornada técnica sobre digitalización portuaria
2025-10-11,CLI0143,10,operativa impecable
2024-07-10,CLI0144,5,otra vez sin fecha de atraque
2025-04-24,CLI0144,6,hoy atraca un nuevo portacontenedores
2025-07-08,CLI0144,5,perdimos la conexión del reefer
2025-10-25,CLI0144,6,publicadas las tarifas del próximo año
2024-03-04,CLI0145,8,puntualidad en el atraque
2024-09-26,CLI0145,9,gran trabajo del equipo de estiba
2024-02-05,CLI0146,8,puntualidad en el atraque
2024-06-16,CLI0146,9,rapidez en la descarga
2025-08-02,CLI0146,10,muy buena atención comercial
2025-11-24,CLI0146,9,operativa impecable
2024-03-08,CLI0147,10,la campaña de fresa ha ido genial
2024-05-01,CLI0147,8,cadena de frío perfecta
2024-07-09,CLI0147,10,puntualidad en el atraque
2024-11-02,CLI0147,7,reunión sobre la ampliación del muelle sur
2025-02-05,CLI0147,9,puntualidad en el atraque
2025-07-22,CLI0147,6,visita institucional a la terminal
2025-12-14,CLI0147,2,otra vez sin fecha de atraque
2024-04-16,CLI0148,10,cadena de frío perfecta
2024-09-22,CLI0148,5,otra vez sin fecha de atraque
2024-10-03,CLI0148,7,nuevo servicio semanal con Canarias
2025-01-24,CLI0148,7,reunión sobre la ampliación del muelle sur
2025-05-28,CLI0148,6,visita institucional a la terminal
2025-11-11,CLI0148,10,operativa impecable
2025-03-21,CLI0149,7,jornada técnica sobre digitalización portuaria
2025-05-05,CLI0149,8,la campaña de fresa ha ido genial
2025-09-26,CLI0149,8,excelente coordinación con la terminal
2025-12-25,CLI0149,6,hoy atraca un nuevo portacontenedores
2024-08-21,CLI0150,10,operativa impecable
2024-11-04,CLI0150,6,hoy atraca un nuevo portacontenedores
2025-02-01,CLI0150,8,muy buena atención comercial
2025-11-25,CLI0150,4,esperas interminables en fondeo
2024-02-13,CLI0151,9,muy buena atención comercial
2024-06-08,CLI0151,10,gran trabajo del equipo de estiba
2025-04-13,CLI0151,7,jornada técnica sobre digitalización portuaria
2025-09-24,CLI0151,9,puntualidad en el atraque
2025-11-23,CLI0151,9,la campaña de fresa ha ido genial
2024-02-14,CLI0152,10,excelente coordinación con la terminal
2024-06-09,CLI0152,10,operativa impecable
2024-07-12,CLI0152,8,puntualidad en el atraque
2025-06-14,CLI0152,8,puntualidad en el atraque
2025-08-24,CLI0152,5,retrasos en la descarga de contenedores
2025-11-11,CLI0152,5,perdimos la conexión del reefer
2024-03-06,CLI0153,10,operativa impecable
2025-01-14,CLI0153,10,puntualidad en el atraque
2025-05-21,CLI0153,8,cadena de frío perfecta
2025-11-15,CLI0153,8,excelente coordinación con la terminal
2024-01-24,CLI0154,7,reunión sobre la ampliación del muelle sur
2024-06-25,CLI0154,7,reunión sobre la ampliación del muelle sur
2024-09-01,CLI0154,9,operativa impecable
2024-12-08,CLI0154,9,operativa impecable
2025-08-27,CLI0154,10,muy buena atención comercial
2024-03-26,CLI0155,7,reunión sobre la ampliación del muelle sur
2025-03-23,CLI0155,8,operativa impecable
2025-04-07,CLI0155,10,gran trabajo del equipo de estiba
2025-08-14,CLI0155,6,jornada técnica sobre digitalización portuaria
2025-11-15,CLI0155,7,
2024-03-28,CLI0156,8,operativa impecable
2024-04-08,CLI0156,6,
2024-08-06,CLI0156,8,operativa impecable
2024-12-01,CLI0156,7,reunión sobre la ampliación del muelle sur
2025-05-06,CLI0156,7,reunión sobre la ampliación del muelle sur
2025-08-21,CLI0156,3,colas de camiones en la puerta
2025-12-21,CLI0156,6,jornada técnica sobre digitalización portuaria
2024-01-27,CLI0157,10,puntualidad en el atraque
2024-06-23,CLI0157,8,cadena de frío perfecta
2024-12-08,CLI0157,7,
2025-02-06,CLI0157,9,rapidez en la descarga
2025-04-02,CLI0157,9,la campaña de fresa ha ido genial
2025-10-12,CLI0157,8,cadena de frío perfecta
2024-07-02,CLI0158,7,nuevo servicio semanal con Canarias
2024-11-12,CLI0158,8,excelente coordinación con la terminal
2025-10-24,CLI0158,10,cadena de frío perfecta
2024-08-24,CLI0159,9,muy buena atención comercial
2025-05-04,CLI0159,7,hoy atraca un nuevo portacontenedores
2025-08-20,CLI0159,8,operativa impecable
2025-10-11,CLI0159,9,rapidez en la descarga
2024-02-14,CLI0160,8,cadena de frío perfecta
2024-04-14,CLI0160,7,publicadas las tarifas del próximo año
2024-07-19,CLI0160,8,la campaña de fresa ha ido genial
2025-01-25,CLI0160,5,esperas interminables en fondeo
2025-06-06,CLI0160,7,
2025-08-23,CLI0160,6,reunión sobre la ampliación del muelle sur
2025-10-24,CLI0160,9,gran trabajo del equipo de estiba
2024-03-07,CLI0161,6,visita institucional a la terminal
2024-04-18,CLI0161,8,excelente coordinación con la terminal
2024-10-05,CLI0161,10,la campaña de fresa ha ido genial
2025-06-25,CLI0161,9,rapidez en la descarga
2025-09-02,CLI0161,8,la campaña de fresa ha ido genial
2024-05-20,CLI0162,7,
2024-10-26,CLI0162,9,operativa impecable
2025-01-14,CLI0162,8,operativa impecable
2025-08-28,CLI0162,10,cadena de frío perfecta
2025-10-12,CLI0162,10,operativa impecable
2024-03-25,CLI0163,10,operativa impecable
2024-04-12,CLI0163,9,la campaña de fresa ha ido genial
2024-08-11,CLI0163,8,excelente coordinación con la terminal
2024-11-26,CLI0163,5,mala comunicación con la terminal
2025-03-01,CLI0163,9,operativa impecable
2025-05-03,CLI0163,8,gran trabajo del equipo de estiba
2025-07-24,CLI0163,7,visita institucional a la terminal
2024-01-24,CLI0164,8,excelente coordinación con la terminal
2025-02-05,CLI0164,9,excelente coordinación con la terminal
2025-10-02,CLI0164,6,publicadas las tarifas del próximo año
2024-04-02,CLI0165,7,jornada técnica sobre digitalización portuaria
2024-09-25,CLI0165,9,muy buena atención comercial
2024-12-15,CLI0165,8,gran trabajo del equipo de estiba
2025-06-19,CLI0165,10,la campaña de fresa ha ido genial
2025-07-24,CLI0165,10,muy buena atención comercial
2024-01-10,CLI0166,8,excelente coordinación con la terminal
2024-08-02,CLI0166,9,la campaña de fresa ha ido genial
2024-11-25,CLI0166,8,cadena de frío perfecta
2025-01-07,CLI0166,7,visita institucional a la terminal
2025-09-03,CLI0166,4,esperas interminables en fondeo
2025-10-26,CLI0166,7,reunión sobre la ampliación del muelle sur
2024-02-18,CLI0167,8,muy buena atención comercial
2024-08-05,CLI0167,8,la campaña de fresa ha ido genial
2025-02-16,CLI0167,8,puntualidad en el atraque
2025-06-25,CLI0167,8,gran trabajo del equipo de estiba
2025-12-16,CLI0167,9,puntualidad en el atraque
2024-01-16,CLI0168,8,gran trabajo del equipo de estiba
2024-04-05,CLI0168,8,gran trabajo del equipo de estiba
2025-02-03,CLI0168,7,jornada técnica sobre digitalización portuaria
2025-06-11,CLI0168,6,
2025-07-28,CLI0168,9,operativa impecable
2025-11-23,CLI0168,7,nuevo servicio semanal con Canarias
2024-01-11,CLI0169,10,rapidez en la descarga
2024-04-25,CLI0169,8,puntualidad en el atraque
2024-08-18,CLI0169,7,jornada técnica sobre digitalización portuaria
2024-10-01,CLI0169,8,muy buena atención comercial
2025-03-06,CLI0169,9,excelente coordinación con la terminal
2025-06-26,CLI0169,10,excelente coordinación con la terminal
2025-08-10,CLI0169,9,rapidez en la descarga
2025-11-04,CLI0169,8,gran trabajo del equipo de estiba
2024-12-28,CLI0170,10,gran trabajo del equipo de estiba
2025-01-24,CLI0170,6,reunión sobre la ampliación del muelle sur
2025-04-21,CLI0170,8,muy buena atención comercial
2025-08-17,CLI0170,8,excelente coordinación con la terminal
2024-01-07,CLI0171,8,rapidez en la descarga
2024-09-02,CLI0171,8,operativa impecable
2025-05-14,CLI0171,10,operativa impecable
2025-07-02,CLI0171,6,nuevo servicio semanal con Canarias
2024-03-28,CLI0172,10,puntualidad en el atraque
2024-04-22,CLI0172,9,cadena de frío perfecta
2024-09-22,CLI0172,10,cadena de frío perfecta
2024-11-06,CLI0172,8,puntualidad en el atraque
2025-01-07,CLI0172,8,gran trabajo del equipo de estiba
2025-12-07,CLI0172,7,
2024-05-03,CLI0173,7,reunión sobre la ampliación del muelle sur
2024-07-15,CLI0173,7,hoy atraca un nuevo portacontenedores
2025-01-20,CLI0173,9,cadena de frío perfecta
2024-02-09,CLI0174,10,rapidez en la descarga
2024-05-21,CLI0174,7,jornada técnica sobre digitalización portuaria
2024-08-08,CLI0174,8,muy buena atención comercial
2025-01-21,CLI0174,10,excelente coordinación con la terminal
2025-05-02,CLI0174,7,jornada técnica sobre digitalización portuaria
2025-11-23,CLI0174,9,operativa impecable
2024-08-10,CLI0175,6,visita institucional a la terminal
2024-11-05,CLI0175,10,rapidez en la descarga
2025-03-20,CLI0175,7,publicadas las tarifas del próximo año
2025-09-03,CLI0175,6,hoy atraca un nuevo portacontenedores
2025-10-03,CLI0175,8,muy buena atención comercial
2024-02-04,CLI0176,8,cadena de frío perfecta
2024-05-24,CLI0176,7,jornada técnica sobre digitalización portuaria
2024-12-25,CLI0176,8,excelente coordinación con la terminal
2025-09-22,CLI0176,10,la campaña de fresa ha ido genial
2025-10-07,CLI0176,7,reunión sobre la ampliación del muelle sur
2024-03-11,CLI0177,10,rapidez en la descarga
2024-04-14,CLI0177,8,la campaña de fresa ha ido genial
2024-09-05,CLI0177,10,la campaña de fresa ha ido genial
2024-12-26,CLI0177,9,la campaña de fresa ha ido genial
2025-05-16,CLI0177,10,gran trabajo del equipo de estiba
2025-08-14,CLI0177,8,operativa impecable
2024-02-21,CLI0178,8,rapidez en la descarga
2024-04-28,CLI0178,8,rapidez en la descarga
2024-11-16,CLI0178,9,excelente coordinación con la terminal
2025-04-09,CLI0178,7,hoy atraca un nuevo portacontenedores
2025-12-08,CLI0178,10,muy buena atención comercial
2024-03-23,CLI0179,8,muy buena atención comercial
2024-07-23,CLI0179,6,
2025-03-03,CLI0179,8,la campaña de fresa ha ido genial
2025-08-25,CLI0179,8,muy buena atención comercial
2024-08-19,CLI0180,9,gran trabajo del equipo de estiba
2024-11-05,CLI0180,7,
2025-02-13,CLI0180,10,excelente coordinación con la terminal
2025-04-08,CLI0180,5,otra vez sin fecha de atraque
2025-09-17,CLI0180,8,cadena de frío perfecta
2025-11-09,CLI0180,10,cadena de frío perfecta
2024-04-13,CLI0181,7,jornada técnica sobre digitalización portuaria
2024-12-27,CLI0181,9,cadena de frío perfecta
2025-03-25,CLI0181,8,la campaña de fresa ha ido genial
2025-06-24,CLI0181,6,nuevo servicio semanal con Canarias
2025-09-11,CLI0181,6,publicadas las tarifas del próximo año
2025-11-28,CLI0181,8,gran trabajo del equipo de estiba
2024-02-27,CLI0182,8,excelente coordinación con la terminal
2024-05-14,CLI0182,7,
2024-10-21,CLI0182,10,la campaña de fresa ha ido genial
2025-08-26,CLI0182,10,rapidez en la descarga
2024-01-14,CLI0183,7,publicadas las tarifas del próximo año
2024-04-28,CLI0183,8,muy buena atención comercial
2025-01-14,CLI0183,9,muy buena atención comercial
2025-04-24,CLI0183,9,muy buena atención comercial
2025-07-21,CLI0183,8,operativa impecable
2025-10-09,CLI0183,7,reunión sobre la ampliación del muelle sur
2024-02-22,CLI0184,6,hoy atraca un nuevo portacontenedores
2024-08-24,CLI0184,9,puntualidad en el atraque
2024-10-25,CLI0184,10,excelente coordinación con la terminal
2025-08-24,CLI0184,6,publicadas las tarifas del próximo año
2024-02-24,CLI0185,9,muy buena atención comercial
2024-08-01,CLI0185,10,puntualidad en el atraque
2024-11-02,CLI0185,7,visita institucional a la terminal
2025-05-19,CLI0185,9,puntualidad en el atraque
2025-09-10,CLI0185,7,publicadas las tarifas del próximo año
2024-03-15,CLI0186,10,excelente coordinación con la terminal
2024-08-25,CLI0186,10,la campaña de fresa ha ido genial
2025-02-02,CLI0186,6,jornada técnica sobre digitalización portuaria
2025-09-02,CLI0186,9,excelente coordinación con la terminal
2025-11-10,CLI0186,8,puntualidad en el atraque
2024-03-21,CLI0187,10,cadena de frío perfecta
2024-07-21,CLI0187,9,puntualidad en el atraque
2024-12-26,CLI0187,10,cadena de frío perfecta
2025-02-17,CLI0187,6,visita institucional a la terminal
2025-04-07,CLI0187,8,cadena de frío perfecta
2025-09-07,CLI0187,3,esperas interminables en fondeo
2025-11-05,CLI0187,4,esperas interminables en fondeo
2024-03-21,CLI0188,8,cadena de frío perfecta
2024-10-05,CLI0188,9,rapidez en la descarga
2025-02-15,CLI0188,6,jornada técnica sobre digitalización portuaria
2025-04-06,CLI0188,10,puntualidad en el atraque
2025-07-26,CLI0188,7,nuevo servicio semanal con Canarias
2024-04-24,CLI0189,9,puntualidad en el atraque
2024-09-26,CLI0189,9,la campaña de fresa ha ido genial
2025-02-25,CLI0189,10,rapidez en la descarga
2025-11-16,CLI0189,9,rapidez en la descarga
2024-02-27,CLI0190,6,
2024-06-13,CLI0190,9,excelente coordinación con la terminal
2024-11-04,CLI0190,10,la campaña de fresa ha ido genial
2025-01-18,CLI0190,8,excelente coordinación con la terminal
2025-04-06,CLI0190,6,jornada técnica sobre digitalización portuaria
2025-07-09,CLI0190,4,otra vez sin fecha de atraque
2024-03-24,CLI0191,10,puntualidad en el atraque
2024-05-11,CLI0191,8,gran trabajo del equipo de estiba
2024-08-13,CLI0191,7,jornada técnica sobre digitalización portuaria
2024-10-15,CLI0191,8,excelente coordinación con la terminal
2025-02-19,CLI0191,10,muy buena atención comercial
2025-05-18,CLI0191,9,puntualidad en el atraque
2025-08-21,CLI0191,6,
2024-01-19,CLI0192,9,cadena de frío perfecta
2024-06-21,CLI0192,8,cadena de frío perfecta
2024-11-26,CLI0192,10,gran trabajo del equipo de estiba
2025-03-26,CLI0192,8,gran trabajo del equipo de estiba
2025-06-19,CLI0192,6,publicadas las tarifas del próximo año
2025-07-24,CLI0192,10,la campaña de fresa ha ido genial
2025-11-06,CLI0192,6,nuevo servicio semanal con Canarias
2024-03-18,CLI0193,9,la campaña de fresa ha ido genial
2024-09-22,CLI0193,9,rapidez en la descarga
2024-11-20,CLI0193,7,visita institucional a la terminal
2025-06-18,CLI0193,9,operativa impecable
2025-08-02,CLI0193,9,operativa impecable
2025-12-15,CLI0193,9,muy buena atención comercial
2024-04-21,CLI0194,7,visita institucional a la terminal
2025-01-18,CLI0194,9,la campaña de fresa ha ido genial
2025-06-19,CLI0194,7,reunión sobre la ampliación del muelle sur
2025-08-18,CLI0194,4,la grúa vuelve a estar parada
2024-03-06,CLI0195,9,gran trabajo del equipo de estiba
2025-02-01,CLI0195,7,visita institucional a la terminal
2025-04-22,CLI0195,9,muy buena atención comercial
2025-12-21,CLI0195,5,retrasos en la descarga de contenedores
2024-03-19,CLI0196,7,nuevo servicio semanal con Canarias
2024-04-27,CLI0196,8,rapidez en la descarga
2024-08-22,CLI0196,8,puntualidad en el atraque
2024-10-01,CLI0196,8,cadena de frío perfecta
2025-03-16,CLI0196,8,gran trabajo del equipo de estiba
2025-04-07,CLI0196,7,nuevo servicio semanal con Canarias
2025-09-07,CLI0196,10,cadena de frío perfecta
2024-03-28,CLI0197,10,rapidez en la descarga
2024-04-12,CLI0197,7,
2025-09-03,CLI0197,10,la campaña de fresa ha ido genial
2024-01-01,CLI0198,8,la campaña de fresa ha ido genial
2024-04-27,CLI0198,8,gran trabajo del equipo de estiba
2024-07-05,CLI0198,10,puntualidad en el atraque
2024-10-01,CLI0198,10,operativa impecable
2025-02-05,CLI0198,10,puntualidad en el atraque
2025-08-25,CLI0198,6,hoy atraca un nuevo portacontenedores
2025-12-16,CLI0198,4,perdimos la conexión del reefer
2024-02-19,CLI0199,10,puntualidad en el atraque
2024-10-08,CLI0199,8,excelente coordinación con la terminal
2025-02-13,CLI0199,6,nuevo servicio semanal con Canarias
2024-07-04,CLI0200,10,operativa impecable
2024-10-25,CLI0200,9,rapidez en la descarga
2025-05-19,CLI0200,7,jornada técnica sobre digitalización portuaria
2025-11-04,CLI0200,7,visita institucional a la terminal
2024-03-04,CLI0201,8,la campaña de fresa ha ido genial
2024-11-21,CLI0201,8,gran trabajo del equipo de estiba
2025-03-15,CLI0201,8,rapidez en la descarga
2025-04-20,CLI0201,8,operativa impecable
2025-10-20,CLI0201,5,retrasos en la descarga de contenedores
2024-03-13,CLI0202,9,la campaña de fresa ha ido genial
2024-06-16,CLI0202,7,reunión sobre la ampliación del muelle sur
2024-07-06,CLI0202,10,muy buena atención comercial
2024-10-17,CLI0202,5,retrasos en la descarga de contenedores
2025-04-08,CLI0202,10,la campaña de fresa ha ido genial
2024-08-15,CLI0203,9,puntualidad en el atraque
2025-03-22,CLI0203,9,cadena de frío perfecta
2025-06-14,CLI0203,9,rapidez en la descarga
2025-08-28,CLI0203,8,puntualidad en el atraque
2024-03-25,CLI0204,9,la campaña de fresa ha ido genial
2024-12-19,CLI0204,9,cadena de frío perfecta
2025-03-20,CLI0204,7,nuevo servicio semanal con Canarias
2025-05-28,CLI0204,7,
2025-09-07,CLI0204,7,hoy atraca un nuevo portacontenedores
2025-10-07,CLI0204,10,operativa impecable
2024-10-02,CLI0205,7,nuevo servicio semanal con Canarias
2025-09-01,CLI0205,8,cadena de frío perfecta
2025-12-23,CLI0205,7,jornada técnica sobre digitalización portuaria
2024-05-12,CLI0206,5,la grúa vuelve a estar parada
2024-08-22,CLI0206,4,retrasos en la descarga de contenedores
2024-11-21,CLI0206,7,publicadas las tarifas del próximo año
2025-02-16,CLI0206,8,muy buena atención comercial
2025-04-28,CLI0206,6,hoy atraca un nuevo portacontenedores
2025-07-11,CLI0206,10,cadena de frío perfecta
2025-11-19,CLI0206,6,
2024-02-08,CLI0207,10,la campaña de fresa ha ido genial
2024-10-26,CLI0207,9,excelente coordinación con la terminal
2025-04-06,CLI0207,10,gran trabajo del equipo de estiba
2025-10-17,CLI0207,7,nuevo servicio semanal con Canarias
2024-01-23,CLI0208,8,puntualidad en el atraque
2024-04-25,CLI0208,10,operativa impecable
2024-08-15,CLI0208,8,la campaña de fresa ha ido genial
2024-10-17,CLI0208,8,muy buena atención comercial
2025-01-21,CLI0208,10,cadena de frío perfecta
2024-02-09,CLI0209,7,publicadas las tarifas del próximo año
2024-06-19,CLI0209,6,visita institucional a la terminal
2024-08-05,CLI0209,6,
2025-06-24,CLI0209,8,operativa impecable
2025-09-12,CLI0209,9,la campaña de fresa ha ido genial
2025-12-26,CLI0209,8,cadena de frío perfecta
2024-07-26,CLI0210,7,
2025-02-12,CLI0210,7,publicadas las tarifas del próximo año
2025-05-11,CLI0210,9,la campaña de fresa ha ido genial
2025-12-03,CLI0210,5,retrasos en la descarga de contenedores
2024-02-16,CLI0211,7,nuevo servicio semanal con Canarias
2024-05-25,CLI0211,9,cadena de frío perfecta
2024-07-01,CLI0211,9,operativa impecable
2024-12-16,CLI0211,8,la campaña de fresa ha ido genial
2025-02-22,CLI0211,6,publicadas las tarifas del próximo año
2025-04-26,CLI0211,9,gran trabajo del equipo de estiba
2024-04-12,CLI0212,8,puntualidad en el atraque
2024-09-07,CLI0212,7,hoy atraca un nuevo portacontenedores
2024-12-25,CLI0212,10,rapidez en la descarga
2025-06-09,CLI0212,8,operativa impecable
2025-08-18,CLI0212,10,rapidez en la descarga
2025-11-21,CLI0212,10,gran trabajo del equipo de estiba
2024-05-12,CLI0213,10,cadena de frío perfecta
2025-01-26,CLI0213,9,gran trabajo del equipo de estiba
2025-09-14,CLI0213,9,muy buena atención comercial
2025-10-01,CLI0213,10,gran trabajo del equipo de estiba
2024-06-15,CLI0214,8,cadena de frío perfecta
2024-07-11,CLI0214,7,
2025-04-22,CLI0214,7,nuevo servicio semanal con Canarias
2025-09-11,CLI0214,7,visita institucional a la terminal
2025-10-26,CLI0214,4,otra vez sin fecha de atraque
2025-03-21,CLI0215,6,
2025-11-02,CLI0215,6,hoy atraca un nuevo portacontenedores
2024-02-06,CLI0216,8,la campaña de fresa ha ido genial
2024-08-15,CLI0216,8,muy buena atención comercial
2024-12-11,CLI0216,6,reunión sobre la ampliación del muelle sur
2025-02-20,CLI0216,9,muy buena atención comercial
2025-05-02,CLI0216,6,hoy atraca un nuevo portacontenedores
2025-08-25,CLI0216,7,nuevo servicio semanal con Canarias
2025-11-04,CLI0216,8,rapidez en la descarga
2024-02-27,CLI0217,10,puntualidad en el atraque
2024-05-27,CLI0217,8,la campaña de fresa ha ido genial
2025-08-07,CLI0217,8,gran trabajo del equipo de estiba
2025-12-08,CLI0217,10,puntualidad en el atraque
2024-01-20,CLI0218,9,gran trabajo del equipo de estiba
2024-08-05,CLI0218,10,excelente coordinación con la terminal
2024-10-02,CLI0218,9,excelente coordinación con la terminal
2025-03-06,CLI0218,10,puntualidad en el atraque
2025-06-22,CLI0218,9,operativa impecable
2025-07-14,CLI0218,8,operativa impecable
2025-12-11,CLI0218,10,puntualidad en el atraque
2024-01-14,CLI0219,9,puntualidad en el atraque
2024-05-12,CLI0219,7,jornada técnica sobre digitalización portuaria
2024-07-07,CLI0219,7,nuevo servicio semanal con Canarias
2024-12-27,CLI0219,8,gran trabajo del equipo de estiba
2025-02-21,CLI0219,9,excelente coordinación con la terminal
2025-06-12,CLI0219,10,cadena de frío perfecta
2025-09-12,CLI0219,8,muy buena atención comercial
2025-12-10,CLI0219,7,visita institucional a la terminal
2024-03-19,CLI0220,7,hoy atraca un nuevo portacontenedores
2024-07-21,CLI0220,9,cadena de frío perfecta
2024-10-11,CLI0220,9,cadena de frío perfecta
2025-06-16,CLI0220,8,excelente coordinación con la terminal
2025-10-24,CLI0220,8,cadena de frío perfecta
2024-01-12,CLI0221,10,gran trabajo del equipo de estiba
2024-05-20,CLI0221,9,la campaña de fresa ha ido genial
2024-07-22,CLI0221,8,la campaña de fresa ha ido genial
2024-12-05,CLI0221,9,cadena de frío perfecta
2025-06-18,CLI0221,6,nuevo servicio semanal con Canarias
2025-07-03,CLI0221,9,operativa impecable
2025-10-06,CLI0221,10,operativa impecable
2024-06-04,CLI0222,7,hoy atraca un nuevo portacontenedores
2024-09-01,CLI0222,10,excelente coordinación con la terminal
2025-12-08,CLI0222,6,jornada técnica sobre digitalización portuaria
2024-03-28,CLI0223,10,la campaña de fresa ha ido genial
2024-10-11,CLI0223,7,
2025-05-03,CLI0223,7,nuevo servicio semanal con Canarias
2025-08-01,CLI0223,6,visita institucional a la terminal
2025-11-27,CLI0223,9,la campaña de fresa ha ido genial
2024-03-08,CLI0224,9,puntualidad en el atraque
2024-07-08,CLI0224,9,rapidez en la descarga
2024-11-03,CLI0224,7,
2025-03-27,CLI0224,9,cadena de frío perfecta
2025-12-05,CLI0224,6,publicadas las tarifas del próximo año
2024-07-13,CLI0225,7,
2024-11-07,CLI0225,7,
2025-01-21,CLI0225,9,operativa impecable
2025-06-12,CLI0225,9,operativa impecable
2025-09-26,CLI0225,10,muy buena atención comercial
2024-01-23,CLI0226,9,excelente coordinación con la terminal
2024-06-19,CLI0226,6,nuevo servicio semanal con Canarias
2024-08-04,CLI0226,10,rapidez en la descarga
2024-11-28,CLI0226,9,rapidez en la descarga
2025-04-12,CLI0226,7,jornada técnica sobre digitalización portuaria
2025-12-28,CLI0226,9,operativa impecable
2024-06-04,CLI0227,6,jornada técnica sobre digitalización portuaria
2024-11-15,CLI0227,8,puntualidad en el atraque
2025-11-15,CLI0227,7,nuevo servicio semanal con Canarias
2024-02-02,CLI0228,8,puntualidad en el atraque
2024-12-01,CLI0228,8,cadena de frío perfecta
2024-02-15,CLI0229,7,
2024-05-03,CLI0229,5,mala comunicación con la terminal
2024-09-28,CLI0229,7,reunión sobre la ampliación del muelle sur
2025-04-17,CLI0229,8,excelente coordinación con la terminal
2025-07-07,CLI0229,8,excelente coordinación con la terminal
2024-02-06,CLI0230,7,
2024-08-05,CLI0230,10,cadena de frío perfecta
2024-11-11,CLI0230,8,muy buena atención comercial
2025-02-07,CLI0230,7,reunión sobre la ampliación del muelle sur
2025-04-16,CLI0230,8,cadena de frío perfecta
2025-07-27,CLI0230,3,retrasos en la descarga de contenedores
2025-10-13,CLI0230,7,publicadas las tarifas del próximo año
2024-03-21,CLI0231,7,hoy atraca un nuevo portacontenedores
2024-08-09,CLI0231,9,cadena de frío perfecta
2025-02-20,CLI0231,9,excelente coordinación con la terminal
2025-08-01,CLI0231,7,publicadas las tarifas del próximo año
2025-11-01,CLI0231,8,excelente coordinación con la terminal
2024-09-05,CLI0232,7,hoy atraca un nuevo portacontenedores
2024-12-16,CLI0232,10,operativa impecable
2025-02-01,CLI0232,8,gran trabajo del equipo de estiba
2025-05-01,CLI0232,9,la campaña de fresa ha ido genial
2025-11-06,CLI0232,9,la campaña de fresa ha ido genial
2024-02-27,CLI0233,6,hoy atraca un nuevo portacontenedores
2024-04-04,CLI0233,10,rapidez en la descarga
2025-05-26,CLI0233,7,visita institucional a la terminal
2025-09-25,CLI0233,6,hoy atraca un nuevo portacontenedores
2025-12-01,CLI0233,3,esperas interminables en fondeo
2024-01-12,CLI0234,8,puntualidad en el atraque
2024-09-02,CLI0234,7,publicadas las tarifas del próximo año
2024-10-15,CLI0234,6,hoy atraca un nuevo portacontenedores
2025-03-08,CLI0234,7,jornada técnica sobre digitalización portuaria
2025-04-10,CLI0234,10,excelente coordinación con la terminal
2025-10-16,CLI0234,6,reunión sobre la ampliación del muelle sur
2024-03-28,CLI0235,9,excelente coordinación con la terminal
2024-09-04,CLI0235,6,jornada técnica sobre digitalización portuaria
2024-11-15,CLI0235,8,cadena de frío perfecta
2025-05-18,CLI0235,7,
2024-06-07,CLI0236,10,gran trabajo del equipo de estiba
2024-08-01,CLI0236,7,publicadas las tarifas del próximo año
2024-11-03,CLI0236,10,gran trabajo del equipo de estiba
2025-01-20,CLI0236,10,operativa impecable
2025-09-07,CLI0236,9,gran trabajo del equipo de estiba
2025-12-20,CLI0236,7,publicadas las tarifas del próximo año
2024-03-05,CLI0237,7,visita institucional a la terminal
2024-09-24,CLI0237,7,nuevo servicio semanal con Canarias
2024-11-15,CLI0237,9,la campaña de fresa ha ido genial
2025-08-05,CLI0237,9,gran trabajo del equipo de estiba
2024-03-13,CLI0238,9,la campaña de fresa ha ido genial
2024-09-11,CLI0238,8,excelente coordinación con la terminal
2024-12-18,CLI0238,10,muy buena atención comercial
2025-11-27,CLI0238,10,gran trabajo del equipo de estiba
2024-02-04,CLI0239,6,visita institucional a la terminal
2024-12-16,CLI0239,10,cadena de frío perfecta
2025-03-02,CLI0239,8,puntualidad en el atraque
2025-07-22,CLI0239,8,cadena de frío perfecta
2024-02-22,CLI0240,7,nuevo servicio semanal con Canarias
2024-04-01,CLI0240,8,excelente coordinación con la terminal
2024-08-09,CLI0240,8,operativa impecable
2024-12-22,CLI0240,9,excelente coordinación con la terminal
2025-03-25,CLI0240,9,puntualidad en el atraque
2025-10-23,CLI0240,9,muy buena atención comercial
2024-03-02,CLI0241,9,la campaña de fresa ha ido genial
2024-04-09,CLI0241,7,publicadas las tarifas del próximo año
2025-01-01,CLI0241,7,visita institucional a la terminal
2025-04-02,CLI0241,7,nuevo servicio semanal con Canarias
2025-08-01,CLI0241,10,cadena de frío perfecta
2024-01-17,CLI0242,9,rapidez en la descarga
2024-09-09,CLI0242,7,publicadas las tarifas del próximo año
2024-12-22,CLI0242,8,muy buena atención comercial
2025-05-04,CLI0242,9,gran trabajo del equipo de estiba
2025-12-07,CLI0242,9,muy buena atención comercial
2024-01-10,CLI0243,9,rapidez en la descarga
2024-04-05,CLI0243,10,muy buena atención comercial
2024-07-28,CLI0243,10,operativa impecable
2024-12-15,CLI0243,7,
2025-03-15,CLI0243,7,publicadas las tarifas del próximo año
2025-05-06,CLI0243,9,muy buena atención comercial
2025-07-05,CLI0243,6,publicadas las tarifas del próximo año
2024-08-28,CLI0244,8,gran trabajo del equipo de estiba
2024-12-18,CLI0244,8,rapidez en la descarga
2025-07-15,CLI0244,8,gran trabajo del equipo de estiba
2025-12-27,CLI0244,9,puntualidad en el atraque
2024-03-12,CLI0245,8,excelente coordinación con la terminal
2024-08-06,CLI0245,10,operativa impecable
2025-01-17,CLI0245,10,puntualidad en el atraque
2024-01-18,CLI0246,7,reunión sobre la ampliación del muelle sur
2024-08-11,CLI0246,7,reunión sobre la ampliación del muelle sur
2024-10-09,CLI0246,8,excelente coordinación con la terminal
2025-01-22,CLI0246,8,operativa impecable
2025-05-24,CLI0246,10,muy buena atención comercial
2025-12-17,CLI0246,9,operativa impecable
2024-03-25,CLI0247,9,puntualidad en el atraque
2024-04-04,CLI0247,7,visita institucional a la terminal
2024-10-08,CLI0247,6,
2025-03-27,CLI0247,10,excelente coordinación con la terminal
2025-05-27,CLI0247,7,
2025-11-04,CLI0247,6,nuevo servicio semanal con Canarias
2024-07-16,CLI0248,8,la campaña de fresa ha ido genial
2025-01-16,CLI0248,7,nuevo servicio semanal con Canarias
2025-08-09,CLI0248,10,cadena de frío perfecta
2024-01-24,CLI0249,10,operativa impecable
2024-05-24,CLI0249,10,rapidez en la descarga
2025-07-15,CLI0249,6,
2025-10-20,CLI0249,4,otra vez sin fecha de atraque
2024-02-15,CLI0250,9,gran trabajo del equipo de estiba
2024-05-16,CLI0250,9,muy buena atención comercial
2024-07-06,CLI0250,8,rapidez en la descarga
2025-02-23,CLI0250,7,visita institucional a la terminal
2025-04-17,CLI0250,8,rapidez en la descarga
2025-09-25,CLI0250,8,gran trabajo del equipo de estiba
2024-02-12,CLI0251,9,puntualidad en el atraque
2024-09-23,CLI0251,8,gran trabajo del equipo de estiba
2024-10-17,CLI0251,9,la campaña de fresa ha ido genial
2025-05-11,CLI0251,9,operativa impecable
2024-06-03,CLI0252,9,puntualidad en el atraque
2024-07-08,CLI0252,9,cadena de frío perfecta
2024-10-25,CLI0252,10,excelente coordinación con la terminal
2025-06-05,CLI0252,9,excelente coordinación con la terminal
2025-09-14,CLI0252,10,excelente coordinación con la terminal
2025-12-22,CLI0252,6,hoy atraca un nuevo portacontenedores
2024-03-20,CLI0253,6,reunión sobre la ampliación del muelle sur
2024-06-01,CLI0253,6,reunión sobre la ampliación del muelle sur
2024-09-16,CLI0253,8,la campaña de fresa ha ido genial
2024-11-17,CLI0253,8,cadena de frío perfecta
2025-01-10,CLI0253,6,nuevo servicio semanal con Canarias
2024-06-07,CLI0254,6,reunión sobre la ampliación del muelle sur
2024-09-22,CLI0254,7,
2024-10-22,CLI0254,8,operativa impecable
2025-01-27,CLI0254,9,gran trabajo del equipo de estiba
2025-09-15,CLI0254,9,operativa impecable
2025-10-19,CLI0254,10,rapidez en la descarga
2024-11-21,CLI0255,8,puntualidad en el atraque
2025-03-03,CLI0255,7,jornada técnica sobre digitalización portuaria
2025-06-23,CLI0255,7,publicadas las tarifas del próximo año
2025-08-28,CLI0255,7,hoy atraca un nuevo portacontenedores
2025-10-28,CLI0255,8,gran trabajo del equipo de estiba
2024-01-09,CLI0256,7,visita institucional a la terminal
2025-06-14,CLI0256,10,la campaña de fresa ha ido genial
2025-07-06,CLI0256,7,reunión sobre la ampliación del muelle sur
2024-03-27,CLI0257,9,operativa impecable
2024-08-18,CLI0257,9,muy buena atención comercial
2024-12-24,CLI0257,10,rapidez en la descarga
2025-04-16,CLI0257,9,la campaña de fresa ha ido genial
2025-07-24,CLI0257,6,
2025-11-23,CLI0257,8,muy buena atención comercial
2024-01-10,CLI0258,4,perdimos la conexión del reefer
2024-05-03,CLI0258,10,excelente coordinación con la terminal
2024-08-02,CLI0258,10,cadena de frío perfecta
2024-10-21,CLI0258,8,cadena de frío perfecta
2025-05-16,CLI0258,10,gran trabajo del equipo de estiba
2025-08-25,CLI0258,5,esperas interminables en fondeo
2025-11-15,CLI0258,10,muy buena atención comercial
2024-09-09,CLI0259,9,puntualidad en el atraque
2024-11-17,CLI0259,8,la campaña de fresa ha ido genial
2025-03-04,CLI0259,8,rapidez en la descarga
2025-05-13,CLI0259,9,muy buena atención comercial
2025-07-07,CLI0259,7,visita institucional a la terminal
2025-10-27,CLI0259,8,puntualidad en el atraque
2024-04-06,CLI0260,9,cadena de frío perfecta
2024-08-27,CLI0260,9,puntualidad en el atraque
2025-01-01,CLI0260,9,cadena de frío perfecta
2024-01-08,CLI0261,10,excelente coordinación con la terminal
2025-02-06,CLI0261,10,operativa impecable
2025-04-24,CLI0261,7,visita institucional a la terminal
2025-08-06,CLI0261,8,muy buena atención comercial
2025-10-12,CLI0261,8,operativa impecable
2024-02-13,CLI0262,9,rapidez en la descarga
2024-05-12,CLI0262,5,esperas interminables en fondeo
2024-11-15,CLI0262,6,
2025-02-10,CLI0262,8,puntualidad en el atraque
2025-04-16,CLI0262,7,hoy atraca un nuevo portacontenedores
2025-09-18,CLI0262,3,perdimos la conexión del reefer
2024-04-18,CLI0263,9,operativa impecable
2024-08-03,CLI0263,8,muy buena atención comercial
2024-12-25,CLI0263,8,gran trabajo del equipo de estiba
2025-02-24,CLI0263,10,la campaña de fresa ha ido genial
2025-12-22,CLI0263,5,retrasos en la descarga de contenedores
2024-01-03,CLI0264,9,cadena de frío perfecta
2024-06-20,CLI0264,8,operativa impecable
2024-11-11,CLI0264,9,gran trabajo del equipo de estiba
2025-03-02,CLI0264,9,puntualidad en el atraque
2025-06-06,CLI0264,9,rapidez en la descarga
2025-10-02,CLI0264,9,cadena de frío perfecta
2024-03-04,CLI0265,9,muy buena atención comercial
2024-06-05,CLI0265,9,la campaña de fresa ha ido genial
2024-11-23,CLI0265,6,jornada técnica sobre digitalización portuaria
2025-06-21,CLI0265,9,gran trabajo del equipo de estiba
2025-12-14,CLI0265,5,esperas interminables en fondeo
2024-01-23,CLI0266,9,operativa impecable
2024-10-20,CLI0266,9,la campaña de fresa ha ido genial
2025-06-18,CLI0266,9,rapidez en la descarga
2025-07-06,CLI0266,8,la campaña de fresa ha ido genial
2024-04-26,CLI0267,8,cadena de frío perfecta
2024-09-11,CLI0267,8,rapidez en la descarga
2025-06-16,CLI0267,6,publicadas las tarifas del próximo año
2025-07-25,CLI0267,9,excelente coordinación con la terminal
2024-06-03,CLI0268,10,gran trabajo del equipo de estiba
2025-02-04,CLI0268,8,puntualidad en el atraque
2025-04-26,CLI0268,5,la grúa vuelve a estar parada
2025-10-25,CLI0268,6,
2024-01-21,CLI0269,7,hoy atraca un nuevo portacontenedores
2024-12-28,CLI0269,9,la campaña de fresa ha ido genial
2025-02-15,CLI0269,7,hoy atraca un nuevo portacontenedores
2025-07-03,CLI0269,8,rapidez en la descarga
2024-01-08,CLI0270,8,muy buena atención comercial
2024-04-13,CLI0270,7,hoy atraca un nuevo portacontenedores
2024-08-17,CLI0270,8,puntualidad en el atraque
2025-07-01,CLI0270,8,la campaña de fresa ha ido genial
2025-11-22,CLI0270,10,puntualidad en el atraque
2024-02-23,CLI0271,10,cadena de frío perfecta
2024-12-20,CLI0271,10,la campaña de fresa ha ido genial
2025-04-20,CLI0271,7,visita institucional a la terminal
2025-07-15,CLI0271,7,visita institucional a la terminal
2024-03-17,CLI0272,9,cadena de frío perfecta
2025-03-09,CLI0272,10,gran trabajo del equipo de estiba
2025-04-14,CLI0272,8,operativa impecable
2024-02-23,CLI0273,8,gran trabajo del equipo de estiba
2024-04-02,CLI0273,10,la campaña de fresa ha ido genial
2024-08-08,CLI0273,9,operativa impecable
2024-10-18,CLI0273,10,operativa impecable
2025-03-16,CLI0273,8,operativa impecable
2025-04-09,CLI0273,7,
2025-07-01,CLI0273,9,operativa impecable
2025-10-24,CLI0273,9,gran trabajo del equipo de estiba
2024-02-10,CLI0274,8,puntualidad en el atraque
2024-06-27,CLI0274,10,gran trabajo del equipo de estiba
2024-09-20,CLI0274,3,retrasos en la descarga de contenedores
2024-11-24,CLI0274,8,gran trabajo del equipo de estiba
2025-03-27,CLI0274,6,publicadas las tarifas del próximo año
2025-06-21,CLI0274,8,operativa impecable
2024-05-28,CLI0275,8,gran trabajo del equipo de estiba
2025-01-27,CLI0275,8,rapidez en la descarga
2025-05-08,CLI0275,8,rapidez en la descarga
2025-12-06,CLI0275,10,gran trabajo del equipo de estiba
2024-04-23,CLI0276,7,reunión sobre la ampliación del muelle sur
2024-11-10,CLI0276,8,excelente coordinación con la terminal
2025-12-14,CLI0276,7,hoy atraca un nuevo portacontenedores
2024-02-18,CLI0277,9,la campaña de fresa ha ido genial
2024-05-22,CLI0277,9,rapidez en la descarga
2024-08-23,CLI0277,10,la campaña de fresa ha ido genial
2024-11-23,CLI0277,5,colas de camiones en la puerta
2025-10-01,CLI0277,5,colas de camiones en la puerta
2024-02-06,CLI0278,5,esperas interminables en fondeo
2024-06-16,CLI0278,10,la campaña de fresa ha ido genial
2024-12-16,CLI0278,9,muy buena atención comercial
2025-02-02,CLI0278,9,rapidez en la descarga
2024-02-17,CLI0279,8,puntualidad en el atraque
2024-06-15,CLI0279,10,la campaña de fresa ha ido genial
2025-02-15,CLI0279,10,rapidez en la descarga
2025-05-15,CLI0279,7,hoy atraca un nuevo portacontenedores
2025-11-14,CLI0279,8,excelente coordinación con la terminal
2024-08-24,CLI0280,8,cadena de frío perfecta
2024-11-28,CLI0280,6,jornada técnica sobre digitalización portuaria
2025-01-04,CLI0280,8,la campaña de fresa ha ido genial
2025-11-03,CLI0280,5,mala comunicación con la terminal
2024-08-25,CLI0281,9,puntualidad en el atraque
2024-11-18,CLI0281,7,publicadas las tarifas del próximo año
2025-07-06,CLI0281,7,jornada técnica sobre digitalización portuaria
2025-10-23,CLI0281,6,publicadas las tarifas del próximo año
2024-03-15,CLI0282,9,excelente coordinación con la terminal
2024-09-04,CLI0282,8,la campaña de fresa ha ido genial
2024-11-19,CLI0282,10,rapidez en la descarga
2025-01-14,CLI0282,8,rapidez en la descarga
2025-06-09,CLI0282,7,nuevo servicio semanal con Canarias
2025-08-01,CLI0282,6,publicadas las tarifas del próximo año
2025-10-03,CLI0282,7,jornada técnica sobre digitalización portuaria
2024-04-20,CLI0283,8,muy buena atención comercial
2024-07-19,CLI0283,6,jornada técnica sobre digitalización portuaria
2024-11-09,CLI0283,8,cadena de frío perfecta
2025-06-14,CLI0283,8,cadena de frío perfecta
2025-09-14,CLI0283,4,la grúa vuelve a estar parada
2025-11-04,CLI0283,7,hoy atraca un nuevo portacontenedores
2024-01-14,CLI0284,10,la campaña de fresa ha ido genial
2024-10-05,CLI0284,10,excelente coordinación con la terminal
2025-01-06,CLI0284,8,muy buena atención comercial
2025-09-12,CLI0284,6,jornada técnica sobre digitalización portuaria
2024-02-04,CLI0285,9,muy buena atención comercial
2025-02-27,CLI0285,10,puntualidad en el atraque
2025-07-02,CLI0285,9,muy buena atención comercial
2025-11-08,CLI0285,8,gran trabajo del equipo de estiba
2024-03-02,CLI0286,7,nuevo servicio semanal con Canarias
2024-05-26,CLI0286,6,visita institucional a la terminal
2024-09-25,CLI0286,7,publicadas las tarifas del próximo año
2025-05-02,CLI0286,7,publicadas las tarifas del próximo año
2025-07-26,CLI0286,5,otra vez sin fecha de atraque
2025-10-12,CLI0286,6,publicadas las tarifas del próximo año
2024-02-06,CLI0287,8,la campaña de fresa ha ido genial
2025-06-19,CLI0287,10,rapidez en la descarga
2025-07-22,CLI0287,8,cadena de frío perfecta
2024-02-02,CLI0288,6,nuevo servicio semanal con Canarias
2024-07-04,CLI0288,6,publicadas las tarifas del próximo año
2024-11-03,CLI0288,9,muy buena atención comercial
2025-02-08,CLI0288,8,operativa impecable
2025-05-06,CLI0288,4,esperas interminables en fondeo
2025-09-18,CLI0288,9,operativa impecable
2024-02-25,CLI0289,10,excelente coordinación con la terminal
2024-09-09,CLI0289,9,rapidez en la descarga
2025-01-11,CLI0289,10,operativa impecable
2025-04-14,CLI0289,7,nuevo servicio semanal con Canarias
2025-08-20,CLI0289,8,gran trabajo del equipo de estiba
2024-05-10,CLI0290,9,operativa impecable
2025-03-08,CLI0290,10,cadena de frío perfecta
2025-06-21,CLI0290,8,la campaña de fresa ha ido genial
2025-11-19,CLI0290,10,la campaña de fresa ha ido genial
2024-02-06,CLI0291,10,puntualidad en el atraque
2024-09-01,CLI0291,7,nuevo servicio semanal con Canarias
2024-12-24,CLI0291,9,gran trabajo del equipo de estiba
2025-02-06,CLI0291,8,puntualidad en el atraque
2025-05-11,CLI0291,8,operativa impecable
2025-08-04,CLI0291,8,puntualidad en el atraque
2025-10-16,CLI0291,9,gran trabajo del equipo de estiba
2024-01-28,CLI0292,10,cadena de frío perfecta
2024-04-15,CLI0292,8,gran trabajo del equipo de estiba
2024-09-11,CLI0292,10,muy buena atención comercial
2024-10-14,CLI0292,10,operativa impecable
2025-02-10,CLI0292,5,servicio lento y caro
2025-04-01,CLI0292,8,cadena de frío perfecta
2025-08-15,CLI0292,6,nuevo servicio semanal con Canarias
2025-12-03,CLI0292,8,puntualidad en el atraque
2024-03-25,CLI0293,9,puntualidad en el atraque
2024-05-14,CLI0293,8,cadena de frío perfecta
2024-08-15,CLI0293,10,gran trabajo del equipo de estiba
2024-11-05,CLI0293,8,excelente coordinación con la terminal
2025-05-27,CLI0293,9,la campaña de fresa ha ido genial
2025-11-02,CLI0293,9,operativa impecable
2024-09-04,CLI0294,8,gran trabajo del equipo de estiba
2025-03-27,CLI0294,9,rapidez en la descarga
2025-08-20,CLI0294,10,rapidez en la descarga
2024-04-22,CLI0295,9,cadena de frío perfecta
2024-08-06,CLI0295,7,jornada técnica sobre digitalización portuaria
2025-06-07,CLI0295,7,hoy atraca un nuevo portacontenedores
2025-11-16,CLI0295,8,puntualidad en el atraque
2024-07-04,CLI0296,8,operativa impecable
2024-12-11,CLI0296,10,puntualidad en el atraque
2025-02-27,CLI0296,8,muy buena atención comercial
2025-04-26,CLI0296,6,publicadas las tarifas del próximo año
2025-08-13,CLI0296,10,rapidez en la descarga
2024-03-02,CLI0297,10,operativa impecable
2024-04-07,CLI0297,8,excelente coordinación con la terminal
2024-12-27,CLI0297,6,
2025-07-04,CLI0297,9,excelente coordinación con la terminal
2024-01-25,CLI0298,9,gran trabajo del equipo de estiba
2024-04-03,CLI0298,8,muy buena atención comercial
2024-09-26,CLI0298,7,
2024-10-17,CLI0298,7,
2025-02-02,CLI0298,8,gran trabajo del equipo de estiba
2025-05-28,CLI0298,9,muy buena atención comercial
2025-07-09,CLI0298,6,visita institucional a la terminal
2025-10-06,CLI0298,7,hoy atraca un nuevo portacontenedores
2024-02-18,CLI0299,9,operativa impecable
2024-07-24,CLI0299,9,puntualidad en el atraque
2024-12-22,CLI0299,6,nuevo servicio semanal con Canarias
2025-01-17,CLI0299,8,gran trabajo del equipo de estiba
2025-04-04,CLI0299,8,gran trabajo del equipo de estiba
2025-09-14,CLI0299,7,nuevo servicio semanal con Canarias
2025-12-05,CLI0299,9,muy buena atención comercial
2024-02-12,CLI0300,9,muy buena atención comercial
2024-07-06,CLI0300,10,muy buena atención comercial
2024-11-03,CLI0300,10,la campaña de fresa ha ido genial
2025-03-11,CLI0300,7,
2025-06-21,CLI0300,9,excelente coordinación con la terminal
2025-12-25,CLI0300,9,la campaña de fresa ha ido genial
2024-06-05,CLI0301,7,jornada técnica sobre digitalización portuaria
2024-10-19,CLI0301,5,colas de camiones en la puerta
2025-03-17,CLI0301,9,la campaña de fresa ha ido genial
2025-04-10,CLI0301,9,puntualidad en el atraque
2025-09-07,CLI0301,8,la campaña de fresa ha ido genial
2025-12-03,CLI0301,8,cadena de frío perfecta
2024-01-17,CLI0302,7,
2025-01-24,CLI0302,10,puntualidad en el atraque
2025-06-28,CLI0302,7,jornada técnica sobre digitalización portuaria
2025-09-08,CLI0302,7,publicadas las tarifas del próximo año
2024-03-26,CLI0303,9,puntualidad en el atraque
2024-09-28,CLI0303,9,cadena de frío perfecta
2024-11-18,CLI0303,9,muy buena atención comercial
2024-03-18,CLI0304,8,gran trabajo del equipo de estiba
2024-06-05,CLI0304,9,cadena de frío perfecta
2024-11-26,CLI0304,7,jornada técnica sobre digitalización portuaria
2025-05-11,CLI0304,9,muy buena atención comercial
2025-07-08,CLI0304,10,muy buena atención comercial
2025-11-26,CLI0304,9,excelente coordinación con la terminal
2024-03-19,CLI0305,8,la campaña de fresa ha ido genial
2024-05-15,CLI0305,8,cadena de frío perfecta
2024-11-01,CLI0305,10,gran trabajo del equipo de estiba
2025-01-10,CLI0305,5,esperas interminables en fondeo
2025-12-20,CLI0305,8,cadena de frío perfecta
2024-01-08,CLI0306,8,gran trabajo del equipo de estiba
2024-05-19,CLI0306,8,rapidez en la descarga
2024-08-19,CLI0306,8,operativa impecable
2025-06-18,CLI0306,8,gran trabajo del equipo de estiba
2025-07-02,CLI0306,6,hoy atraca un nuevo portacontenedores
2025-11-13,CLI0306,7,reunión sobre la ampliación del muelle sur
2024-03-03,CLI0307,10,operativa impecable
2024-05-27,CLI0307,9,operativa impecable
2024-11-06,CLI0307,8,gran trabajo del equipo de estiba
2025-08-25,CLI0307,6,nuevo servicio semanal con Canarias
2025-10-15,CLI0307,8,operativa impecable
2024-02-04,CLI0308,9,muy buena atención comercial
2024-06-20,CLI0308,7,publicadas las tarifas del próximo año
2024-09-26,CLI0308,6,jornada técnica sobre digitalización portuaria
2024-10-13,CLI0308,8,la campaña de fresa ha ido genial
2025-03-14,CLI0308,9,puntualidad en el atraque
2025-04-02,CLI0308,10,muy buena atención comercial
2025-07-22,CLI0308,7,visita institucional a la terminal
2025-09-02,CLI0309,8,gran trabajo del equipo de estiba
2024-01-24,CLI0310,9,excelente coordinación con la terminal
2024-08-23,CLI0310,8,excelente coordinación con la terminal
2024-10-24,CLI0310,9,excelente coordinación con la terminal
2025-02-28,CLI0310,7,reunión sobre la ampliación del muelle sur
2025-11-06,CLI0310,10,gran trabajo del equipo de estiba
2024-02-13,CLI0311,9,excelente coordinación con la terminal
2024-04-14,CLI0311,7,reunión sobre la ampliación del muelle sur
2024-08-06,CLI0311,7,jornada técnica sobre digitalización portuaria
2024-12-02,CLI0311,8,rapidez en la descarga
2025-06-02,CLI0311,8,excelente coordinación con la terminal
2024-09-27,CLI0312,9,cadena de frío perfecta
2024-10-05,CLI0312,7,
2025-02-08,CLI0312,9,gran trabajo del equipo de estiba
2025-04-14,CLI0312,9,operativa impecable
2024-03-28,CLI0313,6,
2024-08-11,CLI0313,10,cadena de frío perfecta
2025-05-07,CLI0313,5,mala comunicación con la terminal
2025-08-28,CLI0313,9,operativa impecable
2025-10-12,CLI0313,7,nuevo servicio semanal con Canarias
2024-11-15,CLI0314,7,hoy atraca un nuevo portacontenedores
2025-11-06,CLI0314,6,
2024-01-02,CLI0315,9,rapidez en la descarga
2024-08-02,CLI0315,5,colas de camiones en la puerta
2025-01-16,CLI0315,9,muy buena atención comercial
2025-08-08,CLI0315,9,la campaña de fresa ha ido genial
2025-12-17,CLI0315,9,rapidez en la descarga
2024-01-28,CLI0316,8,muy buena atención comercial
2024-08-05,CLI0316,10,rapidez en la descarga
2024-11-10,CLI0316,6,hoy atraca un nuevo portacontenedores
2025-01-27,CLI0316,7,
2025-09-07,CLI0316,8,excelente coordinación con la terminal
2025-12-20,CLI0316,8,puntualidad en el atraque
2024-03-24,CLI0317,6,visita institucional a la terminal
2024-08-23,CLI0317,6,visita institucional a la terminal
2024-11-18,CLI0317,9,cadena de frío perfecta
2025-03-23,CLI0317,8,muy buena atención comercial
2024-02-11,CLI0318,6,hoy atraca un nuevo portacontenedores
2024-05-28,CLI0318,8,gran trabajo del equipo de estiba
2024-12-21,CLI0318,8,la campaña de fresa ha ido genial
2025-07-19,CLI0318,5,servicio lento y caro
2025-11-26,CLI0318,7,publicadas las tarifas del próximo año
2024-08-15,CLI0319,6,nuevo servicio semanal con Canarias
2025-05-17,CLI0319,9,muy buena atención comercial
2025-12-17,CLI0319,8,puntualidad en el atraque
2024-05-20,CLI0320,9,rapidez en la descarga
2024-09-24,CLI0320,7,publicadas las tarifas del próximo año
2024-12-12,CLI0320,9,la campaña de fresa ha ido genial
2025-01-24,CLI0320,6,visita institucional a la terminal
2025-05-02,CLI0320,4,servicio lento y caro
2025-08-10,CLI0320,10,gran trabajo del equipo de estiba
2024-03-12,CLI0321,8,rapidez en la descarga
2024-06-08,CLI0321,7,publicadas las tarifas del próximo año
2024-09-28,CLI0321,7,visita institucional a la terminal
2024-11-26,CLI0321,8,la campaña de fresa ha ido genial
2025-04-20,CLI0321,7,hoy atraca un nuevo portacontenedores
2025-09-02,CLI0321,7,reunión sobre la ampliación del muelle sur
2025-11-17,CLI0321,8,excelente coordinación con la terminal
2024-05-28,CLI0322,7,visita institucional a la terminal
2024-09-18,CLI0322,10,cadena de frío perfecta
2024-12-05,CLI0322,9,la campaña de fresa ha ido genial
2025-10-20,CLI0322,7,jornada técnica sobre digitalización portuaria
2024-01-19,CLI0323,7,
2024-07-13,CLI0323,7,reunión sobre la ampliación del muelle sur
2025-03-18,CLI0323,7,hoy atraca un nuevo portacontenedores
2025-04-27,CLI0323,9,muy buena atención comercial
2025-11-18,CLI0323,10,puntualidad en el atraque
2024-05-23,CLI0324,7,reunión sobre la ampliación del muelle sur
2024-09-10,CLI0324,5,retrasos en la descarga de contenedores
2024-10-28,CLI0324,5,retrasos en la descarga de contenedores
2025-03-20,CLI0324,8,rapidez en la descarga
2025-09-04,CLI0324,8,gran trabajo del equipo de estiba
2024-03-21,CLI0325,9,muy buena atención comercial
2024-05-27,CLI0325,9,cadena de frío perfecta
2024-08-03,CLI0325,6,nuevo servicio semanal con Canarias
2024-11-03,CLI0325,8,cadena de frío perfecta
2025-01-12,CLI0325,10,rapidez en la descarga
2025-05-05,CLI0325,9,cadena de frío perfecta
2025-10-18,CLI0325,5,otra vez sin fecha de atraque
2024-03-11,CLI0326,9,puntualidad en el atraque
2024-05-27,CLI0326,7,publicadas las tarifas del próximo año
2024-10-07,CLI0326,9,gran trabajo del equipo de estiba
2025-06-23,CLI0326,9,la campaña de fresa ha ido genial
2025-09-22,CLI0326,8,la campaña de fresa ha ido genial
2025-11-16,CLI0326,10,excelente coordinación con la terminal
2024-01-02,CLI0327,10,rapidez en la descarga
2024-04-01,CLI0327,8,cadena de frío perfecta
2024-10-10,CLI0327,8,puntualidad en el atraque
2025-02-13,CLI0327,9,excelente coordinación con la terminal
2025-06-28,CLI0327,7,reunión sobre la ampliación del muelle sur
2024-01-01,CLI0328,9,cadena de frío perfecta
2024-05-06,CLI0328,8,puntualidad en el atraque
2024-07-09,CLI0328,7,nuevo servicio semanal con Canarias
2025-03-10,CLI0328,9,muy buena atención comercial
2025-06-20,CLI0328,9,muy buena atención comercial
2025-11-13,CLI0328,5,la grúa vuelve a estar parada
2024-12-07,CLI0329,9,operativa impecable
2025-11-06,CLI0329,6,nuevo servicio semanal con Canarias
2024-02-04,CLI0330,8,la campaña de fresa ha ido genial
2024-04-08,CLI0330,7,visita institucional a la terminal
2025-01-12,CLI0330,6,nuevo servicio semanal con Canarias
2025-05-21,CLI0330,8,rapidez en la descarga
2025-12-07,CLI0330,8,muy buena atención comercial
2024-10-23,CLI0331,8,operativa impecable
2025-01-16,CLI0331,7,publicadas las tarifas del próximo año
2025-04-14,CLI0331,10,puntualidad en el atraque
2024-01-24,CLI0332,8,muy buena atención comercial
2024-05-21,CLI0332,10,cadena de frío perfecta
2024-10-07,CLI0332,8,la campaña de fresa ha ido genial
2025-08-24,CLI0332,9,muy buena atención comercial
2024-02-05,CLI0333,10,muy buena atención comercial
2024-07-20,CLI0333,8,operativa impecable
2024-12-18,CLI0333,8,rapidez en la descarga
2025-06-15,CLI0333,9,la campaña de fresa ha ido genial
2025-09-07,CLI0333,6,visita institucional a la terminal
2025-10-18,CLI0333,6,visita institucional a la terminal
2024-02-15,CLI0334,9,operativa impecable
2024-04-02,CLI0334,8,operativa impecable
2024-07-26,CLI0334,9,rapidez en la descarga
2024-11-22,CLI0334,9,puntualidad en el atraque
2025-05-19,CLI0334,6,publicadas las tarifas del próximo año
2024-06-14,CLI0335,10,excelente coordinación con la terminal
2024-07-26,CLI0335,8,excelente coordinación con la terminal
2024-10-22,CLI0335,7,hoy atraca un nuevo portacontenedores
2025-02-08,CLI0335,9,operativa impecable
2025-04-23,CLI0335,8,cadena de frío perfecta
2025-10-03,CLI0335,5,mala comunicación con la terminal
2024-03-15,CLI0336,6,reunión sobre la ampliación del muelle sur
2024-07-25,CLI0336,6,hoy atraca un nuevo portacontenedores
2025-06-19,CLI0336,9,excelente coordinación con la terminal
2025-09-21,CLI0336,8,operativa impecable
2024-01-15,CLI0337,10,gran trabajo del equipo de estiba
2024-04-03,CLI0337,9,la campaña de fresa ha ido genial
2025-03-18,CLI0337,6,
2025-04-01,CLI0337,7,
2024-03-24,CLI0338,8,muy buena atención comercial
2024-06-10,CLI0338,8,la campaña de fresa ha ido genial
2024-07-19,CLI0338,8,operativa impecable
2024-12-17,CLI0338,9,operativa impecable
2025-07-18,CLI0338,8,excelente coordinación con la terminal
2024-01-23,CLI0339,8,la campaña de fresa ha ido genial
2024-06-16,CLI0339,10,cadena de frío perfecta
2024-07-06,CLI0339,5,perdimos la conexión del reefer
2025-01-09,CLI0339,8,la campaña de fresa ha ido genial
2025-04-18,CLI0339,9,muy buena atención comercial
2025-12-19,CLI0339,8,rapidez en la descarga
2025-03-17,CLI0340,5,esperas interminables en fondeo
2025-05-26,CLI0340,7,nuevo servicio semanal con Canarias
2025-12-21,CLI0340,8,cadena de frío perfecta
2024-01-12,CLI0341,10,operativa impecable
2024-08-14,CLI0341,7,
2025-02-25,CLI0341,8,gran trabajo del equipo de estiba
2025-04-22,CLI0341,8,puntualidad en el atraque
2025-09-16,CLI0341,9,cadena de frío perfecta
2025-12-09,CLI0341,7,publicadas las tarifas del próximo año
2024-05-18,CLI0342,9,rapidez en la descarga
2025-05-25,CLI0342,6,jornada técnica sobre digitalización portuaria
2025-07-06,CLI0342,8,puntualidad en el atraque
2025-10-10,CLI0342,8,excelente coordinación con la terminal
2024-05-14,CLI0343,8,gran trabajo del equipo de estiba
2024-10-20,CLI0343,9,gran trabajo del equipo de estiba
2025-05-27,CLI0343,8,gran trabajo del equipo de estiba
2025-09-25,CLI0343,10,gran trabajo del equipo de estiba
2024-03-10,CLI0344,7,reunión sobre la ampliación del muelle sur
2024-07-23,CLI0344,5,retrasos en la descarga de contenedores
2024-10-14,CLI0344,6,publicadas las tarifas del próximo año
2025-03-13,CLI0344,8,excelente coordinación con la terminal
2025-04-12,CLI0344,10,la campaña de fresa ha ido genial
2025-07-09,CLI0344,6,jornada técnica sobre digitalización portuaria
2024-09-12,CLI0345,9,operativa impecable
2024-12-01,CLI0345,9,cadena de frío perfecta
2025-03-09,CLI0345,10,la campaña de fresa ha ido genial
2025-04-20,CLI0345,10,puntualidad en el atraque
2025-07-28,CLI0345,8,operativa impecable
2025-12-02,CLI0345,8,muy buena atención comercial
2024-01-02,CLI0346,9,la campaña de fresa ha ido genial
2024-11-07,CLI0346,7,visita institucional a la terminal
2025-04-21,CLI0346,7,hoy atraca un nuevo portacontenedores
2025-11-13,CLI0346,10,muy buena atención comercial
2024-06-04,CLI0347,10,gran trabajo del equipo de estiba
2025-12-07,CLI0347,10,rapidez en la descarga
2024-05-13,CLI0348,9,cadena de frío perfecta
2024-07-12,CLI0348,8,operativa impecable
2024-10-14,CLI0348,9,la campaña de fresa ha ido genial
2025-01-11,CLI0348,10,puntualidad en el atraque
2024-01-03,CLI0349,9,la campaña de fresa ha ido genial
2024-09-06,CLI0349,9,muy buena atención comercial
2025-03-19,CLI0349,8,excelente coordinación con la terminal
2025-08-24,CLI0349,10,gran trabajo del equipo de estiba
2025-10-02,CLI0349,6,
2024-05-19,CLI0350,10,excelente coordinación con la terminal
2024-09-02,CLI0350,8,la campaña de fresa ha ido genial
2025-03-09,CLI0350,7,jornada técnica sobre digitalización portuaria
2025-04-27,CLI0350,8,rapidez en la descarga
2025-12-13,CLI0350,10,cadena de frío perfecta
2024-02-11,CLI0351,10,puntualidad en el atraque
2024-06-11,CLI0351,10,operativa impecable
2024-08-17,CLI0351,7,nuevo servicio semanal con Canarias
2024-10-06,CLI0351,10,gran trabajo del equipo de estiba
2025-03-02,CLI0351,10,puntualidad en el atraque
2024-03-03,CLI0352,9,puntualidad en el atraque
2024-04-26,CLI0352,8,excelente coordinación con la terminal
2024-09-20,CLI0352,7,
2025-01-28,CLI0352,9,cadena de frío perfecta
2025-06-17,CLI0352,9,excelente coordinación con la terminal
2025-12-16,CLI0352,7,hoy atraca un nuevo portacontenedores
2024-06-07,CLI0353,5,retrasos en la descarga de contenedores
2024-07-10,CLI0353,10,operativa impecable
2024-11-18,CLI0353,9,puntualidad en el atraque
2025-02-02,CLI0353,10,operativa impecable
2025-05-02,CLI0353,4,servicio lento y caro
2025-11-04,CLI0353,10,cadena de frío perfecta
2024-03-24,CLI0354,8,puntualidad en el atraque
2024-09-03,CLI0354,9,excelente coordinación con la terminal
2025-02-03,CLI0354,6,hoy atraca un nuevo portacontenedores
2025-04-07,CLI0354,7,hoy atraca un nuevo portacontenedores
2025-11-15,CLI0354,6,
2024-03-04,CLI0355,8,operativa impecable
2024-04-22,CLI0355,7,visita institucional a la terminal
2024-07-04,CLI0355,8,excelente coordinación con la terminal
2025-03-26,CLI0355,9,la campaña de fresa ha ido genial
2025-06-26,CLI0355,9,muy buena atención comercial
2025-11-15,CLI0355,7,nuevo servicio semanal con Canarias
2024-03-16,CLI0356,10,cadena de frío perfecta
2024-06-04,CLI0356,8,muy buena atención comercial
2024-07-10,CLI0356,6,nuevo servicio semanal con Canarias
2024-11-05,CLI0356,8,cadena de frío perfecta
2025-06-24,CLI0356,9,muy buena atención comercial
2024-04-15,CLI0357,7,visita institucional a la terminal
2024-08-08,CLI0357,7,publicadas las tarifas del próximo año
2025-03-15,CLI0357,10,operativa impecable
2025-06-23,CLI0357,10,operativa impecable
2025-12-01,CLI0357,8,muy buena atención comercial
2024-02-03,CLI0358,7,
2024-04-24,CLI0358,8,operativa impecable
2024-08-23,CLI0358,10,rapidez en la descarga
2024-10-09,CLI0358,8,operativa impecable
2025-04-05,CLI0358,8,rapidez en la descarga
2025-10-06,CLI0358,8,excelente coordinación con la terminal
2024-04-16,CLI0359,8,rapidez en la descarga
2024-07-17,CLI0359,10,muy buena atención comercial
2025-02-22,CLI0359,6,nuevo servicio semanal con Canarias
2025-06-20,CLI0359,7,jornada técnica sobre digitalización portuaria
2025-07-05,CLI0359,9,puntualidad en el atraque
2025-12-04,CLI0359,6,
2024-03-21,CLI0360,6,nuevo servicio semanal con Canarias
2024-04-21,CLI0360,8,la campaña de fresa ha ido genial
2024-08-28,CLI0360,7,nuevo servicio semanal con Canarias
2024-12-18,CLI0360,7,visita institucional a la terminal
2025-09-15,CLI0360,9,rapidez en la descarga
2024-06-07,CLI0361,6,nuevo servicio semanal con Canarias
2024-11-25,CLI0361,10,puntualidad en el atraque
2025-03-20,CLI0361,7,jornada técnica sobre digitalización portuaria
2025-05-04,CLI0361,7,
2025-09-04,CLI0361,8,operativa impecable
2025-11-20,CLI0361,7,reunión sobre la ampliación del muelle sur
2024-02-01,CLI0362,7,jornada técnica sobre digitalización portuaria
2024-06-13,CLI0362,7,jornada técnica sobre digitalización portuaria
2024-09-05,CLI0362,6,visita institucional a la terminal
2024-11-08,CLI0362,8,gran trabajo del equipo de estiba
2025-03-11,CLI0362,7,
2025-10-14,CLI0362,4,retrasos en la descarga de contenedores
2024-03-08,CLI0363,9,operativa impecable
2024-06-05,CLI0363,8,cadena de frío perfecta
2024-08-11,CLI0363,6,publicadas las tarifas del próximo año
2024-10-21,CLI0363,7,jornada técnica sobre digitalización portuaria
2025-03-17,CLI0363,8,operativa impecable
2025-04-14,CLI0363,7,visita institucional a la terminal
2025-09-15,CLI0363,10,operativa impecable
2024-02-10,CLI0364,8,operativa impecable
2024-05-14,CLI0364,10,la campaña de fresa ha ido genial
2025-01-14,CLI0364,8,gran trabajo del equipo de estiba
2025-05-17,CLI0364,7,nuevo servicio semanal con Canarias
2024-01-07,CLI0365,7,reunión sobre la ampliación del muelle sur
2024-05-11,CLI0365,6,publicadas las tarifas del próximo año
2025-02-26,CLI0365,8,operativa impecable
2025-07-09,CLI0365,8,operativa impecable
2025-12-10,CLI0365,10,gran trabajo del equipo de estiba
2024-01-13,CLI0366,5,colas de camiones en la puerta
2024-07-05,CLI0366,7,
2025-07-11,CLI0366,10,rapidez en la descarga
2025-10-17,CLI0366,10,operativa impecable
2024-02-02,CLI0367,9,operativa impecable
2024-05-15,CLI0367,8,cadena de frío perfecta
2024-07-13,CLI0367,9,operativa impecable
2024-10-19,CLI0367,7,
2025-05-02,CLI0367,9,operativa impecable
2025-07-26,CLI0367,8,la campaña de fresa ha ido genial
2025-12-08,CLI0367,8,puntualidad en el atraque
2024-03-14,CLI0368,9,excelente coordinación con la terminal
2024-05-05,CLI0368,9,cadena de frío perfecta
2024-07-01,CLI0368,9,cadena de frío perfecta
2025-03-16,CLI0368,7,publicadas las tarifas del próximo año
2025-05-19,CLI0368,7,hoy atraca un nuevo portacontenedores
2025-09-04,CLI0368,10,rapidez en la descarga
2025-10-25,CLI0368,8,cadena de frío perfecta
2024-02-12,CLI0369,8,operativa impecable
2024-04-18,CLI0369,9,la campaña de fresa ha ido genial
2024-08-13,CLI0369,10,gran trabajo del equipo de estiba
2024-12-08,CLI0369,10,excelente coordinación con la terminal
2025-02-01,CLI0369,7,reunión sobre la ampliación del muelle sur
2025-12-13,CLI0369,8,excelente coordinación con la terminal
2024-04-09,CLI0370,10,cadena de frío perfecta
2024-07-24,CLI0370,8,muy buena atención comercial
2024-10-21,CLI0370,9,la campaña de fresa ha ido genial
2025-02-11,CLI0370,9,operativa impecable
2025-09-06,CLI0370,7,hoy atraca un nuevo portacontenedores
2025-12-07,CLI0370,7,visita institucional a la terminal
2024-03-17,CLI0371,6,visita institucional a la terminal
2024-11-23,CLI0371,8,muy buena atención comercial
2025-02-20,CLI0371,8,muy buena atención comercial
2025-08-17,CLI0371,10,rapidez en la descarga
2025-12-13,CLI0371,9,muy buena atención comercial
2024-06-24,CLI0372,10,excelente coordinación con la terminal
2024-12-12,CLI0372,9,excelente coordinación con la terminal
2025-06-10,CLI0372,10,operativa impecable
2025-08-20,CLI0372,7,nuevo servicio semanal con Canarias
2025-10-23,CLI0372,9,puntualidad en el atraque
2024-03-01,CLI0373,9,muy buena atención comercial
2024-05-02,CLI0373,7,nuevo servicio semanal con Canarias
2024-09-06,CLI0373,8,la campaña de fresa ha ido genial
2024-12-15,CLI0373,7,reunión sobre la ampliación del muelle sur
2025-09-24,CLI0373,7,publicadas las tarifas del próximo año
2025-11-19,CLI0373,7,visita institucional a la terminal
2024-06-11,CLI0374,9,operativa impecable
2024-10-12,CLI0374,6,visita institucional a la terminal
2025-08-17,CLI0374,7,nuevo servicio semanal con Canarias
2024-03-11,CLI0375,6,visita institucional a la terminal
2024-08-20,CLI0375,7,reunión sobre la ampliación del muelle sur
2024-12-03,CLI0375,6,publicadas las tarifas del próximo año
2025-04-07,CLI0375,7,visita institucional a la terminal
2025-08-04,CLI0375,5,mala comunicación con la terminal
2025-10-21,CLI0375,6,visita institucional a la terminal
2024-02-02,CLI0376,6,nuevo servicio semanal con Canarias
2024-06-05,CLI0376,10,rapidez en la descarga
2024-10-07,CLI0376,10,operativa impecable
2025-03-08,CLI0376,7,nuevo servicio semanal con Canarias
2025-04-14,CLI0376,10,rapidez en la descarga
2025-07-22,CLI0376,7,publicadas las tarifas del próximo año
2024-04-18,CLI0377,9,rapidez en la descarga
2024-08-15,CLI0377,9,la campaña de fresa ha ido genial
2024-10-22,CLI0377,9,cadena de frío perfecta
2025-07-01,CLI0377,6,publicadas las tarifas del próximo año
2024-02-05,CLI0378,7,hoy atraca un nuevo portacontenedores
2024-06-04,CLI0378,8,cadena de frío perfecta
2024-07-10,CLI0378,8,gran trabajo del equipo de estiba
2024-11-25,CLI0378,9,la campaña de fresa ha ido genial
2025-03-26,CLI0378,10,gran trabajo del equipo de estiba
2025-11-04,CLI0378,8,la campaña de fresa ha ido genial
2024-07-27,CLI0379,7,nuevo servicio semanal con Canarias
2024-11-03,CLI0379,10,muy buena atención comercial
2025-03-16,CLI0379,10,gran trabajo del equipo de estiba
2024-02-21,CLI0380,9,puntualidad en el atraque
2024-05-18,CLI0380,10,la campaña de fresa ha ido genial
2024-07-02,CLI0380,10,la campaña de fresa ha ido genial
2024-12-24,CLI0380,7,visita institucional a la terminal
2025-03-04,CLI0380,10,operativa impecable
2024-06-07,CLI0381,9,rapidez en la descarga
2024-12-23,CLI0381,7,jornada técnica sobre digitalización portuaria
2025-05-06,CLI0381,10,rapidez en la descarga
2024-03-22,CLI0382,9,operativa impecable
2024-11-10,CLI0382,9,gran trabajo del equipo de estiba
2025-03-02,CLI0382,9,excelente coordinación con la terminal
2025-08-12,CLI0382,9,muy buena atención comercial
2024-04-07,CLI0383,10,muy buena atención comercial
2024-09-17,CLI0383,7,nuevo servicio semanal con Canarias
2025-01-27,CLI0383,9,cadena de frío perfecta
2025-05-22,CLI0383,8,la campaña de fresa ha ido genial
2025-09-23,CLI0383,6,publicadas las tarifas del próximo año
2025-12-16,CLI0383,8,rapidez en la descarga
2024-01-19,CLI0384,8,operativa impecable
2024-07-20,CLI0384,8,operativa impecable
2025-12-24,CLI0384,7,publicadas las tarifas del próximo año
2024-01-20,CLI0385,8,muy buena atención comercial
2024-09-01,CLI0385,7,jornada técnica sobre digitalización portuaria
2024-10-19,CLI0385,10,cadena de frío perfecta
2025-02-17,CLI0385,7,jornada técnica sobre digitalización portuaria
2024-02-17,CLI0386,10,puntualidad en el atraque
2024-10-19,CLI0386,9,muy buena atención comercial
2025-03-05,CLI0386,10,gran trabajo del equipo de estiba
2025-04-05,CLI0386,10,gran trabajo del equipo de estiba
2024-04-20,CLI0387,8,puntualidad en el atraque
2025-04-11,CLI0387,7,jornada técnica sobre digitalización portuaria
2025-12-11,CLI0387,9,muy buena atención comercial
2024-03-07,CLI0388,8,operativa impecable
2025-02-12,CLI0388,10,puntualidad en el atraque
2025-07-07,CLI0388,6,publicadas las tarifas del próximo año
2025-11-01,CLI0388,8,puntualidad en el atraque
2024-02-18,CLI0389,6,publicadas las tarifas del próximo año
2024-08-20,CLI0389,9,rapidez en la descarga
2024-12-10,CLI0389,9,excelente coordinación con la terminal
2025-01-21,CLI0389,10,la campaña de fresa ha ido genial
2025-06-03,CLI0389,8,muy buena atención comercial
2025-09-21,CLI0389,10,cadena de frío perfecta
2025-12-15,CLI0389,6,publicadas las tarifas del próximo año
2024-02-22,CLI0390,6,reunión sobre la ampliación del muelle sur
2024-06-22,CLI0390,10,rapidez en la descarga
2024-09-17,CLI0390,9,cadena de frío perfecta
2024-10-09,CLI0390,9,la campaña de fresa ha ido genial
2025-06-16,CLI0390,8,rapidez en la descarga
2025-08-02,CLI0390,8,puntualidad en el atraque
2025-12-20,CLI0390,8,muy buena atención comercial
2024-03-22,CLI0391,7,reunión sobre la ampliación del muelle sur
2024-09-19,CLI0391,8,cadena de frío perfecta
2024-10-26,CLI0391,6,
2025-03-08,CLI0391,9,la campaña de fresa ha ido genial
2025-11-21,CLI0391,9,rapidez en la descarga
2024-01-12,CLI0392,9,operativa impecable
2024-06-17,CLI0392,8,gran trabajo del equipo de estiba
2024-08-15,CLI0392,7,
2025-07-27,CLI0392,10,muy buena atención comercial
2025-10-18,CLI0392,7,hoy atraca un nuevo portacontenedores
2024-02-25,CLI0393,7,hoy atraca un nuevo portacontenedores
2024-09-24,CLI0393,9,cadena de frío perfecta
2024-12-01,CLI0393,7,publicadas las tarifas del próximo año
2025-06-25,CLI0393,9,operativa impecable
2025-09-12,CLI0393,7,hoy atraca un nuevo portacontenedores
2024-02-22,CLI0394,6,jornada técnica sobre digitalización portuaria
2024-04-21,CLI0394,8,muy buena atención comercial
2025-01-02,CLI0394,10,operativa impecable
2025-06-07,CLI0394,8,gran trabajo del equipo de estiba
2025-08-25,CLI0394,7,publicadas las tarifas del próximo año
2025-12-12,CLI0394,6,jornada técnica sobre digitalización portuaria
2024-02-09,CLI0395,6,jornada técnica sobre digitalización portuaria
2024-05-23,CLI0395,8,excelente coordinación con la terminal
2024-12-03,CLI0395,6,reunión sobre la ampliación del muelle sur
2025-03-07,CLI0395,7,reunión sobre la ampliación del muelle sur
2025-05-03,CLI0395,9,gran trabajo del equipo de estiba
2025-08-14,CLI0395,4,retrasos en la descarga de contenedores
2025-11-05,CLI0395,5,colas de camiones en la puerta
2024-10-09,CLI0396,10,operativa impecable
2025-05-27,CLI0396,9,la campaña de fresa ha ido genial
2025-07-15,CLI0396,7,reunión sobre la ampliación del muelle sur
2025-12-16,CLI0396,6,reunión sobre la ampliación del muelle sur
2024-01-03,CLI0397,7,nuevo servicio semanal con Canarias
2024-07-20,CLI0397,9,excelente coordinación con la terminal
2024-11-26,CLI0397,10,operativa impecable
2025-05-18,CLI0397,8,rapidez en la descarga
2025-09-15,CLI0397,8,gran trabajo del equipo de estiba
2025-11-08,CLI0397,10,cadena de frío perfecta
2024-01-06,CLI0398,8,rapidez en la descarga
2024-04-09,CLI0398,10,operativa impecable
2024-12-26,CLI0398,6,hoy atraca un nuevo portacontenedores
2025-06-05,CLI0398,10,muy buena atención comercial
2024-02-08,CLI0399,9,puntualidad en el atraque
2024-06-24,CLI0399,9,excelente coordinación con la terminal
2024-07-27,CLI0399,8,cadena de frío perfecta
2024-11-22,CLI0399,8,la campaña de fresa ha ido genial
2025-01-02,CLI0399,6,hoy atraca un nuevo portacontenedores
2025-06-27,CLI0399,9,rapidez en la descarga
2025-07-26,CLI0399,8,rapidez en la descarga
2025-11-04,CLI0399,8,puntualidad en el atraque
2024-03-24,CLI0400,9,puntualidad en el atraque
2024-06-09,CLI0400,6,publicadas las tarifas del próximo año
2024-09-06,CLI0400,10,rapidez en la descarga
2025-04-24,CLI0400,6,reunión sobre la ampliación del muelle sur
2025-07-02,CLI0400,7,publicadas las tarifas del próximo año
2025-10-10,CLI0400,8,cadena de frío perfecta
