num_factura;linea;fecha;id_cliente;cod_servicio;cantidad;precio_unitario;descuento_pct;importe;divisa;comercial
F2024-000001;1;08/03/2024;CLI0356;S10;418,70;8,08;0;3383,10;EUR;C01-Marta
F2024-000001;2;08/03/2024;CLI0356;S10;183,57;8,31;0;1525,47;EUR;C01-Marta
F2024-000001;3;08/03/2024;CLI0356;S10;440,72;8,42;15;3154,23;EUR;C05-Rocío
F2024-000001;4;08/03/2024;CLI0356;S10;118,25;8,76;0;1035,87;EUR;C02-Javier
F2024-000002;1;17/04/2024;CLI0247;S10;5989,93;8,72;5;49620,58;EUR;C01-Marta
F2024-000002;2;17/04/2024;CLI0247;S10;103,74;8,20;0;850,67;EUR;C01-Marta
F2024-000002;3;17/04/2024;CLI0247;S10;526,38;8,35;15;3735,98;EUR;C01-Marta
F2024-000003;1;05/11/2024;CLI0325;S15;4,00;82,81;5;314,68;EUR;C04-Andrés
F2024-000003;2;05/11/2024;CLI0325;S13;1,00;673,18;0;673,18;EUR;C02-Javier
F2024-000003;3;05/11/2024;CLI0325;S02;471,76;6,57;5;2944,49;EUR;C02-Javier
F2024-000004;1;26/08/2024;CLI0393;S11;19,22;25,53;5;466,15;EUR;C01-Marta
F2024-000004;2;26/08/2024;CLI0393;S11;42,95;24,16;0;1037,67;EUR;C01-Marta
F2024-000005;1;17/02/2024;CLI0078;S10;600,32;8,66;0;5198,77;EUR;C01-Marta
F2024-000005;2;17/02/2024;CLI0078;S10;274,34;8,42;0;2309,94;EUR;C01-Marta
F2024-000005;3;17/02/2024;CLI0078;S10;159,47;8,46;0;1349,12;EUR;C02-Javier
F2024-000005;4;17/02/2024;CLI0078;S10;563,67;8,08;0;4554,45;EUR;C03-Lucía
F2024-000006;1;11/10/2024;CLI0095;S15;1,00;86,71;0;86,71;EUR;C05-Rocío
F2024-000006;2;11/10/2024;CLI0095;S09;83,84;40,36;10;3045,40;EUR;C05-Rocío
F2024-000006;3;11/10/2024;CLI0095;S09;38,37;43,84;15;1429,82;EUR;C01-Marta
F2024-000007;1;15/12/2024;CLI0008;S15;3,00;86,76;0;260,28;EUR;C04-Andrés
F2024-000008;1;12/11/2024;CLI0237;S09;274,90;41,11;0;11301,14;EUR;C03-Lucía
F2024-000008;2;12/11/2024;CLI0237;S09;110,23;43,92;5;4599,24;EUR;C02-Javier
F2024-000008;3;12/11/2024;CLI0237;S09;145,49;41,94;15;5186,57;EUR;C03-Lucía
F2024-000008;4;12/11/2024;CLI0237;S15;4,00;81,48;0;325,92;EUR;C01-Marta
F2024-000009;1;01/03/2024;CLI0274;S15;2,00;85,30;0;170,60;EUR;C04-Andrés
F2024-000009;2;01/03/2024;CLI0274;S08;1190,78;2,40;10;2572,08;EUR;C05-Rocío
F2024-000009;3;01/03/2024;CLI0274;S14;16,00;216,00;0;3456,00;EUR;C02-Javier
F2024-000009;4;01/03/2024;CLI0274;S13;1,00;677,23;10;609,51;EUR;C05-Rocío
F2024-000010;1;19/05/2024;CLI0054;S07;190,64;1,57;0;299,30;EUR;C01-Marta
F2024-000011;1;16/11/2024;CLI0114;S13;1,00;680,37;5;646,35;EUR;C03-Lucía
F2024-000012;1;17/12/2024;CLI0363;S05;242,42;3,11;5;716,23;EUR;C05-Rocío
F2024-000012;2;17/12/2024;CLI0363;S05;55,31;3,27;0;180,86;EUR;C01-Marta
F2024-000012;3;17/12/2024;CLI0363;S05;830,96;3,19;0;2650,76;EUR;C05-Rocío
F2024-000012;4;17/12/2024;CLI0363;S05;214,85;3,30;5;673,55;EUR;C04-Andrés
F2024-000013;1;07/06/2024;CLI0201;S01;475,46;91,70;15;37059,73;EUR;C01-Marta
F2024-000013;2;07/06/2024;CLI0201;S11;78,03;23,99;5;1778,34;EUR;C01-Marta
F2024-000013;3;07/06/2024;CLI0201;S15;2,00;86,11;15;146,39;EUR;C01-Marta
F2024-000014;1;26/11/2024;CLI0279;S14;14,00;209,54;0;2933,56;EUR;C02-Javier
F2024-000014;2;26/11/2024;CLI0279;S13;1,00;637,44;5;605,57;EUR;C03-Lucía
F2024-000014;3;26/11/2024;CLI0279;S06;1659,26;1,07;0;1775,41;EUR;C03-Lucía
F2024-000015;1;01/10/2024;CLI0341;S05;214,71;3,22;0;691,37;EUR;C05-Rocío
F2024-000015;2;01/10/2024;cli0341;S05;1071,63;3,25;5;3308,66;EUR;C05-Rocío
F2024-000016;1;23/08/2024;CLI0299;S08;1071,81;2,40;0;2572,34;EUR;C04-Andrés
F2024-000017;1;20/10/2024;CLI0222;S11;11,83;25,21;5;283,32;EUR;C05-Rocío
F2024-000017;2;20/10/2024;CLI0222;S11;15,24;25,17;0;383,59;EUR;C01-Marta
F2024-000017;3;20/10/2024;CLI0222;S13;1,00;633,50;0;633,50;EUR;C05-Rocío
F2024-000018;1;08/02/2024;cli0239;S10;549,30;8,62;0;4734,97;EUR;C02-Javier
F2024-000018;2;08/02/2024;CLI0239;S14;8,00;209,34;0;1674,72;EUR;C05-Rocío
F2024-000019;1;28/10/2024;CLI0072;S06;1361,92;1,11;0;1511,73;EUR;C01-Marta
F2024-000020;1;16/05/2024;CLI0291;S14;6,00;210,09;0;1260,54;EUR;C04-Andrés
F2024-000020;2;16/05/2024;CLI0291;S10;1423,54;8,77;15;10611,78;EUR;C04-Andrés
F2024-000020;3;16/05/2024;CLI0291;S10;251,44;8,64;0;2172,44;EUR;C02-Javier
F2024-000021;1;11/10/2024;CLI0078;S10;854,04;8,17;0;6977,51;EUR;C02-Javier
F2024-000021;2;11/10/2024;CLI0078;S15;4,00;87,69;5;333,22;EUR;C04-Andrés
F2024-000021;3;11/10/2024;CLI0078;S10;52,84;8,32;0;439,63;EUR;C02-Javier
F2024-000021;4;11/10/2024;CLI0078;S10;99,78;8,31;0;829,17;EUR;C03-Lucía
F2024-000022;1;2024-06-03;CLI0323;S13;1,00;656,41;0;656,41;EUR;C04-Andrés
F2024-000022;2;03/06/2024;CLI0323;S13;1,00;631,41;0;631,41;EUR;C01-Marta
F2024-000023;1;11/06/2024;CLI0089;S06;531,99;1,11;10;531,46;EUR;C01-Marta
F2024-000024;1;17/08/2024;CLI0095;S09;186,97;42,71;10;7186,94;EUR;C04-Andrés
F2024-000024;2;17/08/2024;CLI0095;S09;125,42;40,54;5;4830,30;EUR;C03-Lucía
F2024-000024;3;17/08/2024;CLI0095;S09;132,65;42,51;10;5075,06;EUR;C05-Rocío
F2024-000025;1;21/04/2024;CLI0051;S06;872,46;1,06;15;786,09;EUR;C05-Rocío
F2024-000025;2;21/04/2024;CLI0051;S05;102,36;3,26;0;333,69;EUR;C05-Rocío
F2024-000025;3;21/04/2024;CLI0051;S05;1293,44;3,07;10;3573,77;EUR;C03-Lucía
F2024-000026;1;02/07/2024;CLI0158;S09;149,42;41,83;5;5937,73;EUR;C03-Lucía
F2024-000026;2;02/07/2024;CLI0158;S09;100,35;42,98;15;3666,09;EUR;C02-Javier
F2024-000026;3;02/07/2024;CLI0158;S09;107,27;43,79;0;4697,35;EUR;C04-Andrés
F2024-000027;1;20/12/2024;CLI0291;S10;942,87;8,83;10;7492,99;EUR;C05-Rocío
F2024-000027;2;20/12/2024;CLI0291;S10;1582,25;8,17;15;10987,94;EUR;C03-Lucía
F2024-000027;3;20/12/2024;CLI0291;S14;9,00;218,96;5;1872,11;EUR;C01-Marta
F2024-000027;4;20/12/2024;CLI0291;S10;302,77;8,88;0;2688,60;EUR;C04-Andrés
F2024-000028;1;14/08/2024;CLI0371;S10;346,31;8,59;0;2974,80;EUR;C03-Lucía
F2024-000028;2;14/08/2024;CLI0371;S10;360,23;8,89;0;3202,44;EUR;C03-Lucía
F2024-000028;3;14/08/2024;CLI0371;S10;1121,44;8,74;0;9801,39;EUR;C05-Rocío
F2024-000029;1;06/05/2024;CLI0056;S10;542,33;8,47;0;4593,54;EUR;C05-Rocío
F2024-000029;2;06/05/2024;CLI0056;S10;1068,61;8,86;0;9467,88;EUR;C05-Rocío
F2024-000029;3;06/05/2024;CLI0056;S10;157,41;8,81;0;1386,78;EUR;C05-Rocío
F2024-000029;4;06/05/2024;CLI0056;S10;193,49;8,79;0;1700,78;EUR;C01-Marta
F2024-000030;1;21/12/2024;CLI0044;S15;2,00;88,92;0;177,84;EUR;C04-Andrés
F2024-000030;2;21/12/2024;CLI0044;S07;204,30;1,66;0;339,14;EUR;C05-Rocío
F2024-000030;3;21/12/2024;CLI0044;S08;4985,79;2,33;0;11616,89;EUR;C01-Marta
F2024-000030;4;21/12/2024;CLI0044;S08;2828,95;2,43;0;6874,35;EUR;C05-Rocío
F2024-000031;1;14/05/2024;CLI0310;S04;98,46;14,38;0;1415,85;EUR;C01-Marta
F2024-000032;1;03/06/2024;CLI0272;S09;354,71;42,49;0;15071,63;EUR;C03-Lucía
F2024-000032;2;03/06/2024;CLI0272;S09;122,90;41,60;0;5112,64;EUR;C05-Rocío
F2024-000033;1;27/05/2024;CLI0158;S09;277,10;43,71;10;10900,84;EUR;C01-Marta
F2024-000033;2;27/05/2024;CLI0158;S15;4,00;81,65;0;326,60;EUR;C01-Marta
F2024-000034;1;23/08/2024;CLI0396;S05;1197,56;3,14;5;3572,32;EUR;C03-Lucía
F2024-000034;2;23/08/2024;CLI0396;S13;1,00;667,61;0;667,61;EUR;C02-Javier
F2024-000035;1;09/08/2024;CLI0174;S08;2596,85;2,45;0;6362,28;EUR;C04-Andrés
F2024-000035;2;09/08/2024;CLI0174;S07;397,09;1,60;0;635,34;EUR;C03-Lucía
F2024-000035;3;09/08/2024;CLI0174;S08;2680,40;2,31;0;6191,72;EUR;C04-Andrés
F2024-000035;4;09/08/2024;CLI0174;S07;398,74;1,68;0;669,88;EUR;C01-Marta
F2024-000036;1;08/07/2024;CLI0207;S15;1,00;86,54;0;86,54;EUR;C04-Andrés
F2024-000037;1;14/05/2024;CLI0158;S09;588,35;40,71;0;23951,73;EUR;C01-Marta
F2024-000037;2;14/05/2024;cli0158;S13;1,00;630,45;10;567,41;EUR;C03-Lucía
F2024-000037;3;14/05/2024;CLI0158;S09;108,70;42,30;5;4368,11;EUR;C03-Lucía
F2024-000038;1;04/03/2024;CLI0207;S15;2,00;84,97;5;161,44;EUR;C05-Rocío
F2024-000039;1;22/01/2024;CLI0126;S14;8,00;212,02;0;1696,16;EUR;C05-Rocío
F2024-000040;1;12/03/2024;CLI0356;S10;290,13;8,25;15;2034,54;EUR;C02-Javier
F2024-000040;1;12/03/2024;CLI0356;S10;290,13;8,25;15;2034,54;EUR;C02-Javier
F2024-000040;2;12/03/2024;CLI0356;S15;2,00;86,14;0;172,28;EUR;C03-Lucía
F2024-000040;3;12/03/2024;CLI0356;S10;2119,75;8,88;0;18823,38;EUR;C02-Javier
F2024-000040;4;12/03/2024;CLI0356;S10;473,65;8,65;0;4097,07;EUR;C03-Lucía
F2024-000041;1;13/10/2024;CLI0068;S06;964,27;1,05;0;1012,48;EUR;C02-Javier
F2024-000041;2;13/10/2024;CLI0068;S15;3,00;83,11;0;249,33;EUR;C02-Javier
F2024-000041;3;13/10/2024;CLI0068;S05;1004,51;3,30;0;3314,88;EUR;C04-Andrés
F2024-000042;1;08/05/2024;CLI0356;S15;1,00;87,62;15;74,48;EUR;C02-Javier
F2024-000043;1;09/02/2024;CLI0370;S15;3,00;88,66;0;265,98;EUR;C02-Javier
F2024-000043;2;09/02/2024;CLI0370;S05;562,29;3,32;0;1866,80;EUR;C03-Lucía
F2024-000044;1;09/08/2024;cli0341;S06;2100,06;1,09;0;2289,07;EUR;C05-Rocío
F2024-000044;2;09/08/2024;CLI0341;S05;55,82;3,36;0;187,56;EUR;C03-Lucía
F2024-000045;1;23/09/2024;CLI0051;S06;678,06;1,07;0;725,52;EUR;C05-Rocío
F2024-000045;2;23/09/2024;CLI0051;S06;4350,07;1,05;0;4567,57;EUR;C03-Lucía
F2024-000046;1;27/02/2024;CLI0395;S02;257,69;6,40;0;1649,22;EUR;C01-Marta
F2024-000046;2;27/02/2024;CLI0395;S11;29,34;24,75;0;726,16;EUR;C03-Lucía
F2024-000046;2;27/02/2024;CLI0395;S11;29,34;24,75;0;726,16;EUR;C03-Lucía
F2024-000046;3;27/02/2024;CLI0395;S14;3,00;208,34;15;531,27;EUR;C02-Javier
F2024-000047;1;18/06/2024;CLI0172;S10;483,17;8,89;0;4295,38;EUR;C04-Andrés
F2024-000048;1;12/07/2024;CLI0045;S13;1,00;665,64;0;665,64;EUR;C01-Marta
F2024-000048;2;12/07/2024;CLI0045;S05;721,71;3,14;0;2266,17;EUR;C02-Javier
F2024-000048;3;12/07/2024;CLI0045;S06;753,50;1,15;0;866,52;EUR;C03-Lucía
F2024-000049;1;20/01/2024;CLI0386;S15;1,00;83,71;0;83,71;EUR;C01-Marta
F2024-000049;2;20/01/2024;CLI0386;S02;171,29;6,18;5;1005,64;EUR;C02-Javier
F2024-000049;3;20/01/2024;CLI0386;S13;1,00;617,68;5;586,80;EUR;C01-Marta
F2024-000050;1;13/05/2024;CLI0303;S06;1950,98;1,07;0;2087,55;EUR;C05-Rocío
F2024-000051;1;20/11/2024;CLI0348;S15;2,00;85,87;0;171,74;EUR;C01-Marta
F2024-000051;2;20/11/2024;CLI0348;S14;4,00;204,17;5;775,85;EUR;C01-Marta
F2024-000051;3;20/11/2024;CLI0348;S10;446,87;8,22;0;;EUR;C04-Andrés
F2024-000051;4;20/11/2024;CLI0348;S10;308,28;8,57;0;2641,96;EUR;C01-Marta
F2024-000052;1;13/11/2024;CLI0051;S05;546,91;3,21;0;1755,58;EUR;C02-Javier
F2024-000052;2;13/11/2024;CLI0051;S05;766,94;3,23;10;2229,49;EUR;C01-Marta
F2024-000053;1;26/02/2024;CLI0370;S15;4,00;88,52;10;318,67;EUR;C01-Marta
F2024-000054;1;26/09/2024;CLI0363;S05;605,42;3,20;0;1937,34;EUR;C03-Lucía
F2024-000054;2;26/09/2024;CLI0363;S15;2,00;82,58;0;165,16;EUR;C03-Lucía
F2024-000055;1;15/04/2024;CLI0020;S13;1,00;661,13;0;661,13;EUR;C03-Lucía
F2024-000055;2;15/04/2024;CLI0020;S14;12,00;203,17;0;2438,04;EUR;C04-Andrés
F2024-000055;3;15/04/2024;CLI0020;S14;5,00;217,86;0;1089,30;EUR;C02-Javier
F2024-000056;1;04/08/2024;CLI0087;S10;201,98;9,84;5;1888,39;USD;C04-Andrés
F2024-000056;2;04/08/2024;CLI0087;S15;3,00;96,80;0;290,39;USD;C05-Rocío
F2024-000057;1;02/09/2024;CLI0247;S10;574,38;8,27;0;4750,12;EUR;C04-Andrés
F2024-000057;2;02/09/2024;CLI0247;S10;598,27;8,20;10;4415,23;EUR;C02-Javier
F2024-000058;1;03/08/2024;CLI0179;S05;275,10;3,12;5;815,40;EUR;C01-Marta
F2024-000058;2;03/08/2024;CLI0179;S06;1054,89;1,05;0;1107,63;EUR;C04-Andrés
F2024-000058;3;03/08/2024;CLI0179;S06;5664,88;1,08;5;5812,17;EUR;C03-Lucía
F2024-000058;4;03/08/2024;CLI0179;S05;316,19;3,35;0;1059,24;EUR;C05-Rocío
F2024-000059;1;28/04/2024;CLI0307;S14;11,00;210,13;0;2311,43;EUR;C01-Marta
F2024-000059;2;28/04/2024;CLI0307;S09;158,02;40,98;0;6475,66;EUR;C02-Javier
F2024-000059;3;28/04/2024;CLI0307;S09;82,28;42,95;0;3533,93;EUR;C03-Lucía
F2024-000060;1;14/03/2024;CLI0207;S14;7,00;204,64;0;1432,48;EUR;C03-Lucía
F2024-000061;1;14/11/2024;CLI0009;S15;1,00;82,23;5;78,12;EUR;C01-Marta
F2024-000061;2;14/11/2024;CLI0009;S09;118,20;49,47;5;5555,38;USD;C03-Lucía
F2024-000061;3;14/11/2024;CLI0009;S13;1,00;749,72;5;712,24;USD;C02-Javier
F2024-000062;1;23/03/2024;CLI0342;S10;187,38;8,08;0;1514,03;EUR;C03-Lucía
F2024-000062;2;23/03/2024;CLI0342;S10;363,09;8,85;5;3052,68;EUR;C04-Andrés
F2024-000062;3;23/03/2024;CLI0342;S10;2718,56;8,43;0;22917,46;EUR;C05-Rocío
F2024-000062;4;23/03/2024;CLI0342;S14;8,00;205,54;5;1562,10;EUR;C04-Andrés
F2024-000063;1;02/05/2024;CLI0225;S05;115,03;3,16;0;363,49;EUR;C03-Lucía
F2024-000063;2;02/05/2024;CLI0225;S14;10,00;205,15;0;2051,50;EUR;C03-Lucía
F2024-000064;1;03/04/2024;CLI0303;S05;582,21;3,17;0;1845,61;EUR;C05-Rocío
F2024-000064;2;03/04/2024;CLI0303;S06;1496,73;1,11;0;1661,37;EUR;C03-Lucía
F2024-000064;3;03/04/2024;CLI0303;S14;3,00;219,96;0;659,88;EUR;C04-Andrés
F2024-000064;4;03/04/2024;CLI0303;S14;15,00;219,62;0;3294,30;EUR;C04-Andrés
F2024-000065;1;09/10/2024;CLI0027;S06;2930,82;1,05;5;2923,49;EUR;C04-Andrés
F2024-000065;2;09/10/2024;CLI0027;S05;867,17;3,32;5;2735,05;EUR;C02-Javier
F2024-000065;3;09/10/2024;CLI0027;S05;231,97;3,29;0;763,18;EUR;C02-Javier
F2024-000065;4;09/10/2024;CLI0027;S15;1,00;82,12;0;82,12;EUR;C01-Marta
F2024-000066;1;05/08/2024;CLI0095;S09;198,76;42,69;0;8485,06;EUR;C05-Rocío
F2024-000066;2;05/08/2024;CLI0095;S09;184,26;43,99;5;7700,32;EUR;C03-Lucía
F2024-000066;3;05/08/2024;CLI0095;S09;157,39;43,24;0;6805,54;EUR;C02-Javier
F2024-000066;4;05/08/2024;CLI0095;S09;82,65;40,37;0;3336,58;EUR;C03-Lucía
F2024-000067;1;15/09/2024;CLI0066;S14;11,00;209,70;0;2306,70;EUR;C02-Javier
F2024-000067;2;15/09/2024;CLI0066;S09;66,79;40,40;0;2698,32;EUR;C05-Rocío
F2024-000067;3;15/09/2024;CLI0066;S15;1,00;86,91;0;86,91;EUR;C01-Marta
F2024-000067;4;15/09/2024;CLI0066;S15;1,00;83,82;0;83,82;EUR;C05-Rocío
F2024-000068;1;15/12/2024;CLI0094;S07;76,43;1,58;5;114,72;EUR;C01-Marta
F2024-000069;1;22/01/2024;CLI0207;S10;69,68;8,38;0;583,92;EUR;C04-Andrés
F2024-000069;2;22/01/2024;CLI0207;S14;14,00;210,18;0;2942,52;EUR;C03-Lucía
F2024-000070;1;18/03/2024;CLI0371;S10;164,08;8,69;0;1425,86;EUR;C04-Andrés
F2024-000070;2;18/03/2024;CLI0371;S14;8,00;213,12;0;1704,96;EUR;C04-Andrés
F2024-000070;3;18/03/2024;CLI0371;S10;609,30;8,85;0;5392,30;EUR;C04-Andrés
F2024-000070;4;18/03/2024;CLI0371;S10;50,88;8,53;5;412,31;EUR;C03-Lucía
F2024-000071;1;21/08/2024;CLI0024;S06;914,70;1,09;5;947,17;EUR;C03-Lucía
F2024-000072;1;23/12/2024;CLI0330;S08;1180,97;2,29;0;2704,42;EUR;C01-Marta
F2024-000073;1;28/01/2024;CLI0205;S06;481,47;1,11;0;534,43;EUR;C01-Marta
F2024-000073;2;28/01/2024;CLI0205;S05;318,08;3,65;0;1159,69;USD;C01-Marta
F2024-000073;3;28/01/2024;CLI0205;S06;2560,06;1,19;0;3046,03;USD;C01-Marta
F2024-000073;4;28/01/2024;CLI0205;S06;975,27;1,19;0;1160,40;USD;C02-Javier
F2024-000074;1;11/09/2024;CLI0095;S15;2,00;81,36;10;146,45;EUR;C02-Javier
F2024-000075;1;16/05/2024;CLI0010;S02;1046,75;6,28;0;6573,59;EUR;C02-Javier
F2024-000075;2;16/05/2024;CLI0010;S02;498,62;6,29;0;3136,32;EUR;C01-Marta
F2024-000076;1;14/05/2024;CLI0212;S13;1,00;658,81;5;625,87;EUR;C03-Lucía
F2024-000076;2;14/05/2024;CLI0212;S12;3,00;124,41;0;373,23;EUR;C04-Andrés
F2024-000076;3;14/05/2024;CLI0212;S04;195,91;14,07;0;2756,45;EUR;C03-Lucía
F2024-000076;4;14/05/2024;CLI0212;S14;3,00;216,40;0;649,20;EUR;C01-Marta
F2024-000077;1;19/10/2024;CLI0080;S14;2,00;211,67;0;423,34;EUR;C05-Rocío
F2024-000078;1;15/02/2024;CLI0162;S04;131,13;14,47;0;1897,45;EUR;C03-Lucía
F2024-000078;2;15/02/2024;CLI0162;S04;246,21;14,39;0;3542,96;EUR;C05-Rocío
F2024-000078;3;15/02/2024;CLI0162;S04;507,50;14,11;15;6086,70;EUR;C05-Rocío
F2024-000079;1;16/06/2024;CLI0306;S02;456,08;6,40;10;2627,02;EUR;C03-Lucía
F2024-000079;2;16/06/2024;CLI0306;S01;81,36;93,80;0;7631,57;EUR;C01-Marta
F2024-000080;1;23/07/2024;CLI0207;S10;630,29;8,43;5;5047,68;EUR;C05-Rocío
F2024-000080;2;23/07/2024;CLI0207;S10;221,33;8,86;0;1960,98;EUR;C04-Andrés
F2024-000080;3;23/07/2024;CLI0207;S10;536,18;8,73;5;4446,81;EUR;C05-Rocío
F2024-000080;4;23/07/2024;CLI0207;S15;1,00;86,86;0;86,86;EUR;C03-Lucía
F2024-000081;1;18/04/2024;CLI0264;S08;539,85;2,36;0;1274,05;EUR;C04-Andrés
F2024-000081;2;18/04/2024;CLI0264;S07;391,68;1,57;0;614,94;EUR;C01-Marta
F2024-000081;3;18/04/2024;cli0264;S15;4,00;82,98;0;331,92;EUR;C04-Andrés
F2024-000082;1;20/11/2024;CLI0149;S08;442,84;2,41;10;960,52;EUR;C04-Andrés
F2024-000082;2;20/11/2024;CLI0149;S08;4537,57;2,35;5;10130,13;EUR;C03-Lucía
F2024-000083;1;17/02/2024;CLI0158;S14;5,00;204,00;0;1020,00;EUR;C03-Lucía
F2024-000083;2;17/02/2024;CLI0158;S15;1,00;82,47;0;82,47;EUR;C01-Marta
F2024-000083;3;17/02/2024;CLI0158;S09;87,56;41,03;15;3053,70;EUR;C04-Andrés
F2024-000084;1;22/05/2024;CLI0212;S04;2358,14;14,23;0;33556,33;EUR;C02-Javier
F2024-000084;2;22/05/2024;CLI0212;S12;3,00;114,00;0;342,00;EUR;C01-Marta
F2024-000084;3;22/05/2024;CLI0212;S14;10,00;219,64;0;2196,40;EUR;C03-Lucía
F2024-000085;1;10/05/2024;CLI0272;S09;113,39;42,83;5;4613,67;EUR;C03-Lucía
F2024-000085;2;10/05/2024;CLI0272;S09;149,32;43,57;5;6180,58;EUR;C04-Andrés
F2024-000085;3;10/05/2024;CLI0272;S09;85,91;44,08;0;3786,91;EUR;C05-Rocío
F2024-000085;4;10/05/2024;CLI0272;S09;204,15;42,34;5;8211,53;EUR;C01-Marta
F2024-000086;1;25/01/2024;CLI0282;S13;1,00;710,48;0;710,48;USD;C05-Rocío
F2024-000086;2;25/01/2024;CLI0282;S13;1,00;621,28;0;621,28;EUR;C05-Rocío
F2024-000086;3;25/01/2024;CLI0282;S14;9,00;217,24;0;1955,16;EUR;C04-Andrés
F2024-000086;4;25/01/2024;CLI0282;S08;2250,84;2,37;5;5067,77;EUR;C05-Rocío
F2024-000087;1;22/01/2024;CLI0283;S02;294,82;6,29;0;1854,42;EUR;C05-Rocío
F2024-000087;2;22/01/2024;CLI0283;S01;158,60;93,11;0;14767,25;EUR;C04-Andrés
F2024-000088;1;28/05/2024;CLI0130;S06;728,75;1,12;0;816,20;EUR;C02-Javier
F2024-000088;2;28/05/2024;CLI0130;S06;868,35;1,07;0;929,13;EUR;C01-Marta
F2024-000088;3;28/05/2024;CLI0130;S05;749,34;3,24;5;2306,47;EUR;C05-Rocío
F2024-000089;1;09/01/2024;CLI0094;S14;4,00;212,94;0;851,76;EUR;C03-Lucía
F2024-000090;1;12/08/2024;CLI0136;S11;17,41;25,99;0;452,49;EUR;C05-Rocío
F2024-000090;2;12/08/2024;CLI0136;S01;53,97;98,78;0;5331,16;EUR;C01-Marta
F2024-000091;1;19/07/2024;cli0366;S05;2247,67;3,20;15;6113,66;EUR;C05-Rocío
F2024-000091;2;19/07/2024;CLI0366;S06;1161,27;1,15;10;1201,91;EUR;C03-Lucía
F2024-000091;3;19/07/2024;CLI0366;S06;1069,32;1,10;15;999,81;EUR;C04-Andrés
F2024-000091;4;19/07/2024;CLI0366;S06;207,80;1,09;15;192,53;EUR;C01-Marta
F2024-000092;1;22/03/2024;CLI0146;S09;162,10;41,03;5;6318,41;EUR;C03-Lucía
F2024-000092;2;22/03/2024;CLI0146;S09;85,98;40,94;0;3520,02;EUR;C01-Marta
F2024-000092;3;22/03/2024;CLI0146;S14;4,00;205,47;0;821,88;EUR;C01-Marta
F2024-000092;4;22/03/2024;CLI0146;S09;113,65;43,16;0;4905,13;EUR;C01-Marta
F2024-000093;1;20/07/2024;CLI0008;S11;19,05;24,55;0;467,68;EUR;C01-Marta
F2024-000093;2;20/07/2024;CLI0008;S01;198,20;90,52;5;17044,01;EUR;C01-Marta
F2024-000094;1;02/09/2024;CLI0291;S15;3,00;83,60;10;225,72;EUR;C01-Marta
F2024-000094;2;02/09/2024;CLI0291;S10;477,54;8,18;0;3906,28;EUR;C03-Lucía
F2024-000094;3;02/09/2024;CLI0291;S10;146,34;8,78;0;1284,87;EUR;C05-Rocío
F2024-000094;4;02/09/2024;CLI0291;S10;432,36;8,34;5;;EUR;C01-Marta
F2024-000095;1;15/02/2024;CLI0209;S13;1,00;630,86;5;599,32;EUR;C05-Rocío
F2024-000095;2;15/02/2024;CLI0209;S05;2954,60;3,12;0;9218,35;EUR;C03-Lucía
F2024-000095;3;15/02/2024;CLI0209;S06;294,20;1,13;5;315,82;EUR;C04-Andrés
F2024-000095;4;15/02/2024;CLI0209;S06;3703,10;1,05;0;3888,26;EUR;C04-Andrés
F2024-000096;1;20/10/2024;CLI0346;S15;2,00;88,01;0;176,02;EUR;C04-Andrés
F2024-000097;1;02/02/2024;CLI0237;S09;115,45;40,18;5;4406,84;EUR;C01-Marta
F2024-000097;2;02/02/2024;CLI0237;S15;3,00;80,96;10;218,59;EUR;C03-Lucía
F2024-000097;3;02/02/2024;CLI0237;S09;159,03;41,78;10;5979,85;EUR;C03-Lucía
F2024-000098;1;15/11/2024;CLI0329;S11;28,64;25,47;0;729,46;EUR;C01-Marta
F2024-000099;1;10/02/2024;CLI0034;S13;1,00;632,34;0;632,34;EUR;C03-Lucía
F2024-000100;1;26/04/2024;CLI0175;S14;14,00;203,80;0;2853,20;EUR;C05-Rocío
F2024-000100;2;26/04/2024;CLI0175;S10;62,10;8,29;5;489,07;EUR;C04-Andrés
F2024-000100;3;26/04/2024;CLI0175;S10;573,23;8,28;0;4746,34;EUR;C05-Rocío
F2024-000101;1;15/03/2024;CLI0274;S08;3688,67;2,52;0;9295,45;EUR;C04-Andrés
F2024-000101;1;15/03/2024;CLI0274;S08;3688,67;2,52;0;9295,45;EUR;C04-Andrés
F2024-000101;2;15/03/2024;CLI0274;S07;16,78;1,67;0;28,02;EUR;C01-Marta
F2024-000101;3;15/03/2024;CLI0274;S08;439,77;2,42;15;904,61;EUR;C03-Lucía
F2024-000101;4;15/03/2024;CLI0274;S07;86,89;1,56;15;115,22;EUR;C05-Rocío
F2024-000102;1;27/08/2024;CLI0054;S07;88,01;1,66;0;146,10;EUR;C04-Andrés
F2024-000103;1;09/10/2024;CLI0291;S10;488,17;8,30;10;3646,63;EUR;C05-Rocío
F2024-000104;1;24/06/2024;CLI0356;S15;3,00;81,99;5;233,67;EUR;C01-Marta
F2024-000105;1;23/09/2024;CLI0228;S05;223,52;3,35;0;748,79;EUR;C05-Rocío
F2024-000106;1;15/09/2024;CLI0319;S14;13,00;220,09;0;2861,17;EUR;C03-Lucía
F2024-000106;2;15/09/2024;CLI0319;S09;258,27;43,84;0;11322,56;EUR;C03-Lucía
F2024-000106;3;15/09/2024;CLI0319;S09;176,95;41,47;0;7338,12;EUR;C05-Rocío
F2024-000106;4;15/09/2024;CLI0319;S09;113,52;43,36;0;4922,23;EUR;C05-Rocío
F2024-000107;1;23/11/2024;CLI0271;S15;1,00;80,93;0;80,93;EUR;C03-Lucía
F2024-000107;2;23/11/2024;CLI0271;S05;41,19;3,13;5;122,48;EUR;C04-Andrés
F2024-000107;3;23/11/2024;CLI0271;S13;1,00;619,09;5;588,14;EUR;C05-Rocío
F2024-000107;4;23/11/2024;CLI0271;S06;1545,29;1,13;5;1658,87;EUR;C02-Javier
F2024-000108;1;12/09/2024;CLI0350;S14;2,00;201,56;10;362,81;EUR;C02-Javier
F2024-000108;2;12/09/2024;CLI0350;S06;1628,20;1,11;5;1716,94;EUR;C05-Rocío
F2024-000108;3;12/09/2024;CLI0350;S14;13,00;206,10;5;2545,33;EUR;C05-Rocío
F2024-000109;1;20/10/2024;CLI0045;S14;12,00;201,09;0;2413,08;EUR;C04-Andrés
F2024-000109;2;20/10/2024;CLI0045;S06;1592,27;1,14;0;1815,19;EUR;C05-Rocío
F2024-000110;1;02/01/2024;CLI0375;S02;647,52;6,21;5;3820,04;EUR;C01-Marta
F2024-000110;2;02/01/2024;CLI0375;S01;83,61;95,20;0;7959,67;EUR;C02-Javier
F2024-000110;3;02/01/2024;CLI0375;S01;74,90;95,26;0;7134,97;EUR;C04-Andrés
F2024-000110;4;02/01/2024;CLI0375;S11;14,76;25,69;0;379,18;EUR;C03-Lucía
F2024-000111;1;22/10/2024;CLI0379;S07;138,63;1,57;0;217,65;EUR;C05-Rocío
F2024-000111;2;22/10/2024;CLI0379;S08;732,02;2,45;0;1793,45;EUR;C02-Javier
F2024-000111;3;22/10/2024;CLI0379;S08;2187,69;2,38;5;4946,37;EUR;C02-Javier
F2024-000111;4;22/10/2024;CLI0379;S07;77,68;1,65;0;128,17;EUR;C02-Javier
F2024-000112;1;04/06/2024;CLI0225;S05;100,65;3,30;5;315,54;EUR;C05-Rocío
F2024-000112;2;04/06/2024;CLI0225;S13;1,00;677,85;0;677,85;EUR;C02-Javier
F2024-000112;3;04/06/2024;CLI0225;S05;932,58;3,22;15;2552,47;EUR;C04-Andrés
F2024-000112;4;04/06/2024;CLI0225;S14;11,00;210,05;5;2195,02;EUR;C05-Rocío
F2024-000113;1;04/05/2024;CLI0101;S10;494,42;9,90;0;4894,09;USD;C04-Andrés
F2024-000113;2;04/05/2024;CLI0101;S15;3,00;82,87;10;223,75;EUR;C01-Marta
F2024-000114;1;03/06/2024;CLI0114;S13;1,00;643,45;0;643,45;EUR;C04-Andrés
F2024-000114;2;03/06/2024;CLI0114;S09;79,29;42,36;0;3358,72;EUR;C01-Marta
F2024-000115;1;11/11/2024;CLI0017;S05;104,42;3,11;10;292,27;EUR;C05-Rocío
F2024-000115;2;11/11/2024;CLI0017;S05;990,41;3,32;0;3288,16;EUR;C01-Marta
F2024-000116;1;21/09/2024;CLI0177;S06;1303,32;1,12;0;1459,72;EUR;C01-Marta
F2024-000117;1;10/07/2024;CLI0094;S07;56,68;1,52;0;86,15;EUR;C05-Rocío
F2024-000117;2;10/07/2024;CLI0094;S08;4897,17;2,47;5;11491,21;EUR;C04-Andrés
F2024-000117;3;10/07/2024;CLI0094;S08;1032,00;2,37;0;2445,84;EUR;C03-Lucía
F2024-000117;4;10/07/2024;CLI0094;S08;678,16;2,43;0;1647,93;EUR;C01-Marta
F2024-000118;1;17/08/2024;CLI0049;S07;580,50;1,53;5;843,76;EUR;C04-Andrés
F2024-000118;2;17/08/2024;CLI0049;S07;110,40;1,55;0;171,12;EUR;C03-Lucía
F2024-000118;3;17/08/2024;CLI0049;S15;4,00;87,74;5;333,41;EUR;C01-Marta
F2024-000119;1;21/12/2024;CLI0078;S10;516,00;8,42;0;4344,72;EUR;C01-Marta
F2024-000119;2;21/12/2024;CLI0078;S10;499,04;8,68;0;4331,67;EUR;C04-Andrés
F2024-000120;1;11/03/2024;CLI0153;S03;126,99;38,90;0;4939,91;EUR;C01-Marta
F2024-000120;2;11/03/2024;CLI0153;S03;91,72;39,40;0;3613,77;EUR;C02-Javier
F2024-000120;3;11/03/2024;CLI0153;S15;2,00;81,40;0;162,80;EUR;C02-Javier
F2024-000120;4;11/03/2024;CLI0153;S03;8,27;38,91;0;321,79;EUR;C04-Andrés
F2024-000121;1;04/10/2024;CLI0159;S03;48,58;36,20;10;1582,74;EUR;C01-Marta
F2024-000121;2;04/10/2024;CLI0159;S15;4,00;86,69;5;329,42;EUR;C02-Javier
F2024-000122;1;27/10/2024;CLI0071;S13;1,00;632,72;0;632,72;EUR;C04-Andrés
F2024-000122;2;27/10/2024;CLI0071;S11;14,84;24,30;0;360,61;EUR;C03-Lucía
F2024-000123;1;26/06/2024;CLI0051;S06;1619,28;1,07;0;1732,63;EUR;C04-Andrés
F2024-000123;2;26/06/2024;CLI0051;S05;341,48;3,28;0;1120,05;EUR;C02-Javier
F2024-000123;3;26/06/2024;CLI0051;S14;13,00;217,99;10;2550,48;EUR;C05-Rocío
F2024-000124;1;09/01/2024;CLI0145;S10;497,35;8,40;5;3968,85;EUR;C05-Rocío
F2024-000124;2;09/01/2024;CLI0145;S10;137,69;8,32;0;1145,58;EUR;C02-Javier
F2024-000124;3;09/01/2024;CLI0145;S15;4,00;84,85;0;339,40;EUR;C03-Lucía
F2024-000124;4;09/01/2024;CLI0145;S10;1814,93;8,60;0;15608,40;EUR;C03-Lucía
F2024-000125;1;13/12/2024;CLI0086;S10;85,86;8,63;0;740,97;EUR;C04-Andrés
F2024-000125;2;13/12/2024;CLI0086;S10;1674,77;8,27;0;13850,35;EUR;C01-Marta
F2024-000125;3;13/12/2024;CLI0086;S10;160,08;8,49;0;1359,08;EUR;C02-Javier
F2024-000126;1;27/07/2024;CLI0158;S09;74,13;43,91;0;3255,05;EUR;C05-Rocío
F2024-000126;2;27/07/2024;CLI0158;S09;325,16;42,95;15;11870,78;EUR;C05-Rocío
F2024-000126;3;27/07/2024;CLI0158;S09;224,30;42,74;0;9586,58;EUR;C05-Rocío
F2024-000127;1;03/10/2024;CLI0095;S09;236,06;41,39;0;9770,52;EUR;C01-Marta
F2024-000127;2;03/10/2024;CLI0095;S09;135,01;40,82;15;4684,44;EUR;C01-Marta
F2024-000127;3;03/10/2024;CLI0095;S09;49,66;41,75;0;2073,30;EUR;C04-Andrés
F2024-000127;4;03/10/2024;CLI0095;S09;143,43;41,71;0;5982,47;EUR;C02-Javier
F2024-000128;1;10/03/2024;CLI0004;S09;112,41;42,99;5;4590,88;EUR;C03-Lucía
F2024-000129;1;26/06/2024;CLI0115;S02;269,61;6,55;0;1765,95;EUR;C04-Andrés
F2024-000129;2;26/06/2024;CLI0115;S13;1,00;670,53;15;569,95;EUR;C04-Andrés
F2024-000130;1;06/08/2024;CLI0212;S03;23,29;38,30;0;892,01;EUR;C02-Javier
F2024-000130;2;06/08/2024;CLI0212;S12;3,00;123,91;0;371,73;EUR;C03-Lucía
F2024-000131;1;13/12/2024;CLI0171;S09;57,83;41,26;0;2386,07;EUR;C01-Marta
F2024-000131;2;13/12/2024;CLI0171;S09;115,69;43,56;0;5039,46;EUR;C03-Lucía
F2024-000132;1;12/08/2024;CLI0159;S12;3,00;123,58;0;370,74;EUR;C03-Lucía
F2024-000132;2;12/08/2024;CLI0159;S04;1031,94;13,48;5;13215,02;EUR;C05-Rocío
F2024-000132;3;12/08/2024;CLI0159;S04;269,30;14,24;10;3451,35;EUR;C03-Lucía
F2024-000132;4;12/08/2024;CLI0159;S12;2,00;125,61;10;226,10;EUR;C03-Lucía
F2024-000133;1;17/05/2024;CLI0084;S02;1292,45;6,39;0;8258,76;EUR;C03-Lucía
F2024-000133;2;17/05/2024;CLI0084;S01;125,06;93,44;5;11101,33;EUR;C03-Lucía
F2024-000133;3;17/05/2024;CLI0084;S02;817,71;6,34;5;4925,07;EUR;C05-Rocío
F2024-000133;4;17/05/2024;CLI0084;S01;176,27;94,23;5;15779,43;EUR;C02-Javier
F2024-000134;1;09/02/2024;CLI0207;S10;544,27;8,09;0;4403,14;EUR;C04-Andrés
F2024-000135;1;10/11/2024;CLI0211;S13;1,00;670,94;0;670,94;EUR;C01-Marta
F2024-000135;2;10/11/2024;CLI0211;S05;676,20;3,16;0;2136,79;EUR;C03-Lucía
F2024-000135;3;10/11/2024;CLI0211;S05;236,01;3,33;5;746,62;EUR;C05-Rocío
F2024-000135;4;10/11/2024;CLI0211;S06;2433,60;1,06;5;2450,64;EUR;C05-Rocío
F2024-000136;1;16/07/2024;CLI0370;S15;1,00;87,69;10;78,92;EUR;C01-Marta
F2024-000136;2;16/07/2024;CLI0370;S13;1,00;655,46;10;589,91;EUR;C05-Rocío
F2024-000136;3;16/07/2024;CLI0370;S05;2087,21;3,35;5;6642,55;EUR;C01-Marta
F2024-000137;1;06/01/2024;CLI0141;S10;1033,44;8,55;5;8394,12;EUR;C04-Andrés
F2024-000138;1;17/06/2024;CLI0398;S10;175,97;8,17;5;1365,79;EUR;C01-Marta
F2024-000138;2;17/06/2024;CLI0398;S13;1,00;649,91;5;617,41;EUR;C05-Rocío
F2024-000138;3;17/06/2024;CLI0398;S13;1,00;667,17;0;667,17;EUR;C01-Marta
F2024-000138;4;17/06/2024;CLI0398;S14;9,00;202,44;0;1821,96;EUR;C02-Javier
F2024-000139;1;07/07/2024;CLI0207;S10;1356,72;8,34;5;10749,29;EUR;C02-Javier
F2024-000139;2;07/07/2024;CLI0207;S10;266,11;8,40;0;2235,32;EUR;C02-Javier
F2024-000140;1;07/03/2024;CLI0016;S01;232,66;90,95;0;21160,43;EUR;C01-Marta
F2024-000141;1;23/02/2024;CLI0095;S09;60,26;43,42;10;2354,84;EUR;C01-Marta
F2024-000141;2;23/02/2024;CLI0095;S09;296,36;40,43;15;10184,56;EUR;C01-Marta
F2024-000142;1;22/01/2024;CLI0111;S15;1,00;87,33;5;82,96;EUR;C05-Rocío
F2024-000142;2;22/01/2024;CLI0111;S01;140,76;96,93;0;13643,87;EUR;C05-Rocío
F2024-000142;3;22/01/2024;CLI0111;S02;42,93;6,49;0;278,62;EUR;C04-Andrés
F2024-000143;1;15/09/2024;CLI0158;S13;1,00;622,47;0;622,47;EUR;C02-Javier
F2024-000144;1;21/07/2024;CLI0024;S14;7,00;215,95;5;1436,07;EUR;C02-Javier
F2024-000144;2;21/07/2024;CLI0024;S14;12,00;219,96;0;2639,52;EUR;C03-Lucía
F2024-000144;3;21/07/2024;CLI0024;S06;304,83;1,09;5;315,65;EUR;C05-Rocío
F2024-000145;1;20/05/2024;CLI0166;S05;496,96;3,49;5;1648,14;USD;C03-Lucía
F2024-000145;2;20/05/2024;CLI0166;S06;736,01;1,07;0;787,53;EUR;C05-Rocío
F2024-000145;3;20/05/2024;CLI0166;S06;927,24;1,07;0;992,15;EUR;C01-Marta
F2024-000146;1;25/09/2024;CLI0078;S10;153,88;8,71;0;1340,29;EUR;C04-Andrés
F2024-000146;2;25/09/2024;CLI0078;S10;118,30;8,15;0;964,14;EUR;C04-Andrés
F2024-000146;3;25/09/2024;CLI0078;S10;216,26;8,40;0;1816,58;EUR;C05-Rocío
F2024-000146;4;25/09/2024;CLI0078;S15;4,00;82,66;0;330,64;EUR;C02-Javier
F2024-000147;1;10/03/2024;CLI0219;S06;583,45;1,14;0;665,13;EUR;C04-Andrés
F2024-000147;2;10/03/2024;CLI0219;S05;761,04;3,29;0;2503,82;EUR;C04-Andrés
F2024-000147;3;10/03/2024;CLI0219;S05;260,61;3,10;0;807,89;EUR;C05-Rocío
F2024-000148;1;25/01/2024;CLI0119;S09;119,51;42,49;5;4824,08;EUR;C02-Javier
F2024-000148;2;25/01/2024;CLI0119;S09;49,01;41,00;0;2009,41;EUR;C01-Marta
F2024-000148;3;25/01/2024;CLI0119;S09;132,61;40,17;5;5060,60;EUR;C01-Marta
F2024-000149;1;08/09/2024;CLI0170;S05;287,57;3,10;0;891,47;EUR;C04-Andrés
F2024-000150;1;09/04/2024;CLI0098;S06;344,62;1,09;5;356,85;EUR;C03-Lucía
F2024-000150;2;09/04/2024;CLI0098;S05;187,53;3,24;0;607,60;EUR;C02-Javier
F2024-000150;3;09/04/2024;CLI0098;S05;357,02;3,27;5;1109,08;EUR;C02-Javier
F2024-000150;4;09/04/2024;CLI0098;S05;214,84;3,31;0;711,12;EUR;C04-Andrés
F2024-000151;1;20/07/2024;CLI0322;S06;1608,30;1,09;0;1753,05;EUR;C03-Lucía
F2024-000152;1;11/02/2024;CLI0159;S15;2,00;87,41;5;166,08;EUR;C03-Lucía
F2024-000153;1;02/08/2024;CLI0235;S10;154,97;8,57;0;1328,09;EUR;C03-Lucía
F2024-000153;2;02/08/2024;CLI0235;S10;799,20;8,30;0;6633,36;EUR;C02-Javier
F2024-000153;3;02/08/2024;CLI0235;S10;351,63;8,09;5;2702,45;EUR;C01-Marta
F2024-000153;4;02/08/2024;CLI0235;S10;513,12;8,53;0;4376,91;EUR;C05-Rocío
F2024-000154;1;05/05/2024;CLI0162;S04;632,63;13,55;0;8572,14;EUR;C03-Lucía
F2024-000155;1;06/01/2024;CLI0387;S07;124,06;1,67;0;207,18;EUR;C01-Marta
F2024-000155;2;06/01/2024;CLI0387;S08;1268,92;2,38;5;2869,03;EUR;C05-Rocío
F2024-000155;3;06/01/2024;cli0387;S13;1,00;657,54;0;657,54;EUR;C01-Marta
F2024-000156;1;25/01/2024;CLI0331;S01;22,49;107,79;0;2424,29;USD;C02-Javier
F2024-000156;2;25/01/2024;CLI0331;S02;328,51;7,13;0;2341,63;USD;C04-Andrés
F2024-000156;3;25/01/2024;CLI0331;S11;44,93;25,34;5;1081,60;EUR;C04-Andrés
F2024-000156;4;25/01/2024;CLI0331;S11;17,26;24,36;0;420,45;EUR;C04-Andrés
F2024-000157;1;07/12/2024;CLI0034;S14;12,00;215,94;0;2591,28;EUR;C02-Javier
F2024-000157;2;07/12/2024;CLI0034;S15;1,00;80,91;0;80,91;EUR;C05-Rocío
F2024-000157;3;07/12/2024;CLI0034;S15;4,00;82,56;0;330,24;EUR;C05-Rocío
F2024-000157;4;07/12/2024;CLI0034;S09;23,31;43,19;0;1006,76;EUR;C02-Javier
F2024-000158;1;19/07/2024;CLI0089;S06;822,07;1,12;15;782,61;EUR;C04-Andrés
F2024-000159;1;03/12/2024;CLI0377;S01;96,08;92,32;15;7539,59;EUR;C05-Rocío
F2024-000159;2;03/12/2024;CLI0377;S15;4,00;96,72;0;386,89;USD;C02-Javier
F2024-000160;1;03/09/2024;CLI0341;S14;3,00;208,02;5;592,86;EUR;C03-Lucía
F2024-000160;2;03/09/2024;CLI0341;S06;3821,15;1,14;0;4356,11;EUR;C04-Andrés
F2024-000160;3;03/09/2024;CLI0341;S06;1357,06;1,06;5;1366,56;EUR;C02-Javier
F2024-000160;4;03/09/2024;CLI0341;S05;808,72;3,09;0;2498,94;EUR;C04-Andrés
F2024-000161;1;09/03/2024;CLI0095;S09;99,57;40,75;0;4057,48;EUR;C05-Rocío
F2024-000161;2;09/03/2024;CLI0095;S09;136,90;43,38;0;5938,72;EUR;C02-Javier
F2024-000161;3;09/03/2024;CLI0095;S14;15,00;211,12;10;2850,12;EUR;C04-Andrés
F2024-000161;4;09/03/2024;CLI0095;S09;129,79;40,60;5;5006,00;EUR;C04-Andrés
F2024-000162;1;24/02/2024;CLI0114;S15;1,00;87,04;0;87,04;EUR;C01-Marta
F2024-000162;2;24/02/2024;CLI0114;S09;84,20;43,57;0;3668,59;EUR;C03-Lucía
F2024-000163;1;27/03/2024;CLI0044;S08;769,55;2,37;0;1823,83;EUR;C05-Rocío
F2024-000164;1;03/06/2024;CLI0194;S13;1,00;627,49;10;564,74;EUR;C02-Javier
F2024-000164;2;03/06/2024;CLI0194;S01;31,55;108,70;15;2915,03;USD;C01-Marta
F2024-000164;3;03/06/2024;CLI0194;S11;25,39;24,54;5;591,92;EUR;C04-Andrés
F2024-000164;4;03/06/2024;CLI0194;S02;334,13;7,58;15;2153,60;USD;C01-Marta
F2024-000165;1;14/01/2024;CLI0068;S06;931,19;1,12;0;1042,93;EUR;C03-Lucía
F2024-000165;2;14/01/2024;CLI0068;S06;1493,18;1,10;0;1642,50;EUR;C01-Marta
F2024-000166;1;13/03/2024;CLI0029;S08;1882,05;2,30;0;4328,71;EUR;C05-Rocío
F2024-000166;2;13/03/2024;CLI0029;S07;58,48;1,64;0;95,91;EUR;C01-Marta
F2024-000166;3;13/03/2024;CLI0029;S07;29,88;1,63;0;48,70;EUR;C02-Javier
F2024-000167;1;21/04/2024;CLI0103;S14;6,00;205,87;0;1235,22;EUR;C01-Marta
F2024-000167;2;21/04/2024;CLI0103;S08;1459,18;2,29;0;3341,52;EUR;C02-Javier
F2024-000167;3;21/04/2024;CLI0103;S07;672,48;1,61;0;1082,69;EUR;C01-Marta
F2024-000168;1;19/05/2024;CLI0094;S07;314,93;1,59;0;500,74;EUR;C05-Rocío
F2024-000168;2;19/05/2024;CLI0094;S07;561,56;1,66;0;932,19;EUR;C01-Marta
F2024-000168;3;19/05/2024;CLI0094;S13;1,00;659,52;0;659,52;EUR;C01-Marta
F2024-000168;4;19/05/2024;CLI0094;S14;3,00;199,59;0;598,77;EUR;C05-Rocío
F2024-000169;1;19/07/2024;CLI0205;S15;2,00;95,26;0;190,53;USD;C04-Andrés
F2024-000169;2;19/07/2024;CLI0205;S06;7847,68;1,11;0;8710,92;EUR;C02-Javier
F2024-000170;1;24/11/2024;CLI0061;S01;69,36;95,23;0;6605,15;EUR;C04-Andrés
F2024-000170;2;24/11/2024;CLI0061;S02;938,84;6,19;0;5811,42;EUR;C05-Rocío
F2024-000171;1;27/11/2024;CLI0207;S10;510,40;8,39;0;4282,26;EUR;C02-Javier
F2024-000171;2;27/11/2024;CLI0207;S10;2790,48;8,44;0;23551,65;EUR;C04-Andrés
F2024-000171;3;27/11/2024;CLI0207;S10;169,07;8,30;0;1403,28;EUR;C01-Marta
F2024-000171;4;27/11/2024;CLI0207;S10;46,81;8,81;0;412,40;EUR;C04-Andrés
F2024-000172;1;14/03/2024;CLI0212;S15;4,00;82,87;0;331,48;EUR;C01-Marta
F2024-000172;2;14/03/2024;CLI0212;S15;2,00;83,56;0;167,12;EUR;C05-Rocío
F2024-000172;3;14/03/2024;CLI0212;S12;4,00;120,19;0;480,76;EUR;C02-Javier
F2024-000173;1;03/02/2024;CLI0236;S06;1420,41;1,11;0;1576,66;EUR;C03-Lucía
F2024-000173;2;03/02/2024;CLI0236;S15;3,00;86,40;0;259,20;EUR;C05-Rocío
F2024-000173;3;03/02/2024;CLI0236;S05;259,50;3,31;5;816,00;EUR;C05-Rocío
F2024-000174;1;17/05/2024;CLI0302;S13;1,00;627,62;0;627,62;EUR;C02-Javier
F2024-000174;2;17/05/2024;CLI0302;S10;311,59;8,12;0;2530,11;EUR;C04-Andrés
F2024-000174;3;17/05/2024;CLI0302;S10;183,42;8,15;5;1420,13;EUR;C04-Andrés
F2024-000175;1;09/11/2024;CLI0058;S08;1829,70;2,51;0;4592,55;EUR;C02-Javier
F2024-000175;2;09/11/2024;CLI0058;S08;1195,03;2,41;0;2880,02;EUR;C02-Javier
F2024-000175;3;09/11/2024;CLI0058;S07;201,49;1,67;0;336,49;EUR;C03-Lucía
F2024-000175;4;09/11/2024;CLI0058;S13;1,00;641,17;0;641,17;EUR;C03-Lucía
F2024-000176;1;05/08/2024;CLI0101;S10;2818,12;9,66;0;27223,74;USD;C04-Andrés
F2024-000177;1;07/11/2024;CLI0179;S06;1068,31;1,10;0;1175,14;EUR;C04-Andrés
F2024-000177;2;07/11/2024;CLI0179;S05;329,29;3,11;5;972,89;EUR;C01-Marta
F2024-000178;1;14/03/2024;CLI0157;S14;13,00;213,86;0;2780,18;EUR;C02-Javier
F2024-000178;2;14/03/2024;CLI0157;S04;301,80;15,55;5;4457,95;USD;C03-Lucía
F2024-000179;1;23/11/2024;CLI0024;S05;538,54;3,21;5;1642,28;EUR;C01-Marta
F2024-000179;2;23/11/2024;CLI0024;S13;1,00;664,13;5;630,92;EUR;C02-Javier
F2024-000179;3;23/11/2024;CLI0024;S05;32,57;3,21;0;104,55;EUR;C02-Javier
F2024-000179;4;23/11/2024;CLI0024;S13;1,00;674,60;0;674,60;EUR;C04-Andrés
F2024-000180;1;15/10/2024;CLI0160;S13;1,00;677,24;0;677,24;EUR;C05-Rocío
F2024-000180;2;15/10/2024;CLI0160;S15;2,00;87,05;5;165,39;EUR;C02-Javier
F2024-000181;1;18/10/2024;CLI0217;S10;794,41;8,62;0;6847,81;EUR;C04-Andrés
F2024-000181;2;18/10/2024;CLI0217;S15;3,00;87,01;0;261,03;EUR;C02-Javier
F2024-000181;3;18/10/2024;CLI0217;S10;1317,35;8,89;0;11711,24;EUR;C03-Lucía
F2024-000181;4;18/10/2024;CLI0217;S10;115,94;8,08;0;936,80;EUR;C04-Andrés
F2024-000182;1;23/08/2024;CLI0078;S10;143,10;8,18;0;1170,56;EUR;C03-Lucía
F2024-000183;1;13/08/2024;CLI0051;S05;129,49;3,28;5;403,49;EUR;C05-Rocío
F2024-000183;2;13/08/2024;CLI0051;S05;159,58;3,17;0;505,87;EUR;C01-Marta
F2024-000183;3;13/08/2024;CLI0051;S06;786,06;1,09;10;771,12;EUR;C05-Rocío
F2024-000183;4;13/08/2024;CLI0051;S15;4,00;84,54;0;338,16;EUR;C05-Rocío
F2024-000184;1;14/11/2024;CLI0121;S09;190,43;40,48;0;7708,61;EUR;C05-Rocío
F2024-000184;2;14/11/2024;CLI0121;S09;41,68;40,77;5;1614,33;EUR;C05-Rocío
F2024-000185;1;26/11/2024;CLI0143;S10;1135,98;8,42;0;9564,95;EUR;C01-Marta
F2024-000185;2;26/11/2024;CLI0143;S10;209,63;8,38;0;1756,70;EUR;C03-Lucía
F2024-000185;3;26/11/2024;CLI0143;S15;2,00;85,11;5;161,71;EUR;C01-Marta
F2024-000186;1;07/09/2024;CLI0095;S09;244,10;43,78;15;9083,69;EUR;C04-Andrés
F2024-000187;1;20/11/2024;CLI0159;S03;86,79;38,57;0;3347,49;EUR;C04-Andrés
F2024-000188;1;26/09/2024;CLI0158;S09;68,95;43,39;0;2991,74;EUR;C04-Andrés
F2024-000189;1;08/07/2024;CLI0114;S09;87,40;40,31;0;3523,09;EUR;C03-Lucía
F2024-000189;2;08/07/2024;CLI0114;S09;47,38;41,47;5;1866,61;EUR;C05-Rocío
F2024-000189;3;08/07/2024;CLI0114;S09;96,70;40,81;0;3946,33;EUR;C04-Andrés
F2024-000189;4;08/07/2024;CLI0114;S14;3,00;201,31;0;603,93;EUR;C01-Marta
F2024-000190;1;20/10/2024;CLI0265;S14;4,00;214,79;0;859,16;EUR;C05-Rocío
F2024-000191;1;23/04/2024;CLI0159;S13;1,00;674,35;15;573,20;EUR;C03-Lucía
F2024-000191;2;23/04/2024;CLI0159;S04;312,32;14,12;10;3968,96;EUR;C05-Rocío
F2024-000191;3;23/04/2024;CLI0159;S14;2,00;203,89;0;407,78;EUR;C01-Marta
F2024-000192;1;23/02/2024;CLI0001;S05;317,06;3,24;5;975,91;EUR;C05-Rocío
F2024-000192;2;23/02/2024;CLI0001;S05;308,38;3,33;0;1026,91;EUR;C04-Andrés
F2024-000192;3;23/02/2024;CLI0001;S14;11,00;208,98;0;2298,78;EUR;C04-Andrés
F2024-000193;1;27/10/2024;CLI0052;S08;1519,28;2,31;0;3509,54;EUR;C02-Javier
F2024-000194;1;28/10/2024;CLI0353;S06;1523,94;1,08;0;1645,86;EUR;C03-Lucía
F2024-000194;2;28/10/2024;CLI0353;S13;1,00;651,16;0;651,16;EUR;C05-Rocío
F2024-000195;1;09/05/2024;CLI0383;S09;38,39;41,82;0;1605,47;EUR;C01-Marta
F2024-000195;2;09/05/2024;CLI0383;S14;14,00;200,60;0;2808,40;EUR;C01-Marta
F2024-000195;3;09/05/2024;CLI0383;S09;106,12;44,03;0;4672,46;EUR;C01-Marta
F2024-000196;1;22/04/2024;CLI0011;S14;12,00;210,09;0;2521,08;EUR;C03-Lucía
F2024-000196;2;22/04/2024;CLI0011;S15;1,00;85,16;0;85,16;EUR;C04-Andrés
F2024-000196;3;22/04/2024;CLI0011;S07;192,91;1,62;0;312,51;EUR;C02-Javier
F2024-000196;3;22/04/2024;CLI0011;S07;192,91;1,62;0;312,51;EUR;C02-Javier
F2024-000197;1;09/01/2024;CLI0094;S07;1724,50;1,68;0;2897,16;EUR;C01-Marta
F2024-000197;2;09/01/2024;CLI0094;S08;1859,48;2,47;0;4592,92;EUR;C04-Andrés
F2024-000198;1;24/02/2024;CLI0078;S14;15,00;199,72;5;2846,01;EUR;C05-Rocío
F2024-000198;2;24/02/2024;CLI0078;S10;376,94;8,71;0;3283,15;EUR;C05-Rocío
F2024-000199;1;12/03/2024;CLI0051;S13;1,00;659,33;0;659,33;EUR;C05-Rocío
F2024-000199;2;12/03/2024;CLI0051;S06;3364,52;1,11;0;3734,62;EUR;C04-Andrés
F2024-000200;1;16/06/2024;CLI0380;S06;1246,60;1,12;5;1326,38;EUR;C01-Marta
F2024-000200;2;16/06/2024;CLI0380;S06;907,15;1,10;0;997,87;EUR;C04-Andrés
F2024-000200;3;16/06/2024;CLI0380;S05;470,03;3,05;5;1361,91;EUR;C04-Andrés
F2024-000201;1;14/06/2024;CLI0291;S10;202,24;8,16;15;1402,74;EUR;C03-Lucía
F2024-000201;2;14/06/2024;CLI0291;S10;177,85;8,40;5;1419,24;EUR;C02-Javier
F2024-000202;1;24/04/2024;CLI0095;S09;232,35;44,09;10;9219,88;EUR;C04-Andrés
F2024-000202;2;24/04/2024;CLI0095;S09;102,03;40,74;0;4156,70;EUR;C03-Lucía
F2024-000202;3;24/04/2024;CLI0095;S09;79,27;43,44;10;3099,14;EUR;C02-Javier
F2024-000203;1;18/01/2024;CLI0095;S09;57,93;43,26;15;2130,14;EUR;C02-Javier
F2024-000204;1;28/05/2024;CLI0027;S05;166,49;3,35;0;557,74;EUR;C04-Andrés
F2024-000204;2;28/05/2024;CLI0027;S05;278,20;3,13;0;870,77;EUR;C01-Marta
F2024-000204;3;28/05/2024;CLI0027;S05;671,32;3,19;0;2141,51;EUR;C02-Javier
F2024-000204;4;28/05/2024;CLI0027;S06;1452,41;1,15;0;1670,27;EUR;C03-Lucía
F2024-000205;1;12/10/2024;CLI0247;S10;367,69;8,58;5;2997,04;EUR;C01-Marta
F2024-000205;2;12/10/2024;CLI0247;S13;1,00;636,86;5;605,02;EUR;C01-Marta
F2024-000205;3;12/10/2024;CLI0247;S10;139,98;8,77;0;1227,62;EUR;C05-Rocío
F2024-000205;4;12/10/2024;CLI0247;S14;5,00;216,25;0;1081,25;EUR;C05-Rocío
F2024-000206;1;18/06/2024;CLI0053;S07;105,37;1,63;0;171,75;EUR;C02-Javier
F2024-000206;2;18/06/2024;CLI0053;S07;191,77;1,62;0;310,67;EUR;C05-Rocío
F2024-000206;3;18/06/2024;CLI0053;S07;525,30;1,53;0;803,71;EUR;C04-Andrés
F2024-000206;4;18/06/2024;CLI0053;S07;344,22;1,54;0;530,10;EUR;C05-Rocío
F2024-000207;1;11/12/2024;CLI0095;S15;4,00;88,20;10;317,52;EUR;C03-Lucía
F2024-000208;1;02/07/2024;CLI0096;S15;3,00;86,06;0;258,18;EUR;C04-Andrés
F2024-000209;1;14/02/2024;CLI0207;S10;2017,31;8,44;0;17026,10;EUR;C05-Rocío
F2024-000209;2;14/02/2024;CLI0207;S10;953,37;8,77;0;8361,05;EUR;C03-Lucía
F2024-000210;1;14/07/2024;CLI0045;S05;742,82;3,13;0;2325,03;EUR;C03-Lucía
F2024-000210;2;14/07/2024;CLI0045;S15;1,00;85,97;0;85,97;EUR;C04-Andrés
F2024-000211;1;05/12/2024;CLI0052;S13;1,00;648,81;15;551,49;EUR;C03-Lucía
F2024-000212;1;08/12/2024;CLI0112;S13;1,00;734,55;0;734,55;USD;C03-Lucía
F2024-000212;2;08/12/2024;CLI0112;S01;26,65;92,19;0;2456,86;EUR;C03-Lucía
F2024-000213;1;16/04/2024;CLI0175;S13;1,00;651,38;0;651,38;EUR;C01-Marta
F2024-000213;2;16/04/2024;CLI0175;S10;212,61;8,43;5;1702,69;EUR;C04-Andrés
F2024-000214;1;13/03/2024;CLI0241;S12;2,00;115,16;0;230,32;EUR;C04-Andrés
F2024-000214;2;13/03/2024;CLI0241;S12;1,00;120,41;5;114,39;EUR;C04-Andrés
F2024-000215;1;16/06/2024;CLI0242;S04;524,49;14,37;0;7536,92;EUR;C02-Javier
F2024-000215;2;16/06/2024;CLI0242;S04;603,46;13,60;0;8207,06;EUR;C04-Andrés
F2024-000215;3;16/06/2024;CLI0242;S12;3,00;119,97;0;359,91;EUR;C02-Javier
F2024-000215;4;16/06/2024;CLI0242;S04;715,99;13,80;5;9386,63;EUR;C02-Javier
F2024-000216;1;17/05/2024;CLI0342;S10;1583,95;8,78;5;13211,73;EUR;C05-Rocío
F2024-000216;2;17/05/2024;CLI0342;S10;107,27;8,45;0;906,43;EUR;C04-Andrés
F2024-000216;3;17/05/2024;CLI0342;S15;3,00;82,38;0;247,14;EUR;C03-Lucía
F2024-000217;1;05/10/2024;CLI0101;S10;493,50;8,58;15;3599,10;EUR;C05-Rocío
F2024-000217;2;05/10/2024;CLI0101;S10;665,92;8,42;10;;EUR;C02-Javier
F2024-000217;3;05/10/2024;CLI0101;S10;455,04;9,91;5;4283,44;USD;C01-Marta
F2024-000217;4;05/10/2024;CLI0101;S10;384,83;9,74;0;3747,38;USD;C05-Rocío
F2024-000218;1;04/03/2024;CLI0101;S15;4,00;80,98;0;323,92;EUR;C04-Andrés
F2024-000218;2;04/03/2024;CLI0101;S10;202,32;8,31;5;1597,22;EUR;C03-Lucía
F2024-000219;1;03/03/2024;CLI0062;S05;626,18;3,11;0;1947,42;EUR;C01-Marta
F2024-000219;2;03/03/2024;CLI0062;S06;456,07;1,05;0;478,87;EUR;C05-Rocío
F2024-000219;3;03/03/2024;CLI0062;S05;461,89;3,17;0;1464,19;EUR;C01-Marta
F2024-000220;1;20/12/2024;CLI0070;S14;4,00;213,55;5;811,49;EUR;C01-Marta
F2024-000220;2;20/12/2024;CLI0070;S09;129,32;41,27;0;5337,04;EUR;C05-Rocío
F2024-000221;1;26/12/2024;CLI0078;S10;166,89;8,91;0;1486,99;EUR;C01-Marta
F2024-000221;2;26/12/2024;CLI0078;S10;2270,35;8,21;0;18639,57;EUR;C04-Andrés
F2024-000221;3;26/12/2024;CLI0078;S13;1,00;629,39;0;629,39;EUR;C04-Andrés
F2024-000222;1;26/02/2024;CLI0265;S11;60,16;24,54;0;1476,33;EUR;C05-Rocío
F2024-000223;1;14/02/2024;CLI0051;S06;328,93;1,13;0;371,69;EUR;C01-Marta
F2024-000223;2;14/02/2024;CLI0051;S15;4,00;83,59;5;317,64;EUR;C05-Rocío
F2024-000224;1;13/07/2024;CLI0386;S14;16,00;216,10;0;3457,60;EUR;C04-Andrés
F2024-000224;2;13/07/2024;CLI0386;S02;869,85;6,65;0;5784,50;EUR;C05-Rocío
F2024-000224;3;13/07/2024;CLI0386;S11;9,26;23,99;0;222,15;EUR;C03-Lucía
F2024-000225;1;11/01/2024;CLI0349;S07;2111,40;1,54;0;3251,56;EUR;C05-Rocío
F2024-000225;2;11/01/2024;CLI0349;S08;1299,60;2,46;5;3037,17;EUR;C05-Rocío
F2024-000226;1;11/01/2024;CLI0060;S11;61,90;25,61;0;1585,26;EUR;C03-Lucía
F2024-000227;1;16/03/2024;CLI0191;S01;209,97;92,26;0;19371,83;EUR;C04-Andrés
F2024-000227;2;16/03/2024;CLI0191;S11;26,60;24,57;0;653,56;EUR;C04-Andrés
F2024-000227;3;16/03/2024;CLI0191;S15;2,00;85,16;0;170,32;EUR;C05-Rocío
F2024-000227;4;16/03/2024;CLI0191;S13;1,00;619,39;0;619,39;EUR;C01-Marta
F2024-000228;1;04/01/2024;CLI0089;S06;2392,01;1,11;0;2655,13;EUR;C03-Lucía
F2024-000228;2;04/01/2024;CLI0089;S13;1,00;646,27;0;646,27;EUR;C01-Marta
F2024-000228;3;04/01/2024;CLI0089;S06;9589,52;1,14;0;10932,05;EUR;C03-Lucía
F2024-000229;1;09/03/2024;CLI0159;S03;145,01;38,32;0;5556,78;EUR;C05-Rocío
F2024-000229;2;09/03/2024;CLI0159;S14;15,00;217,74;0;3266,10;EUR;C03-Lucía
F2024-000229;3;09/03/2024;CLI0159;S14;12,00;200,40;10;2164,32;EUR;C01-Marta
F2024-000230;1;07/02/2024;CLI0252;S07;176,91;1,64;0;290,13;EUR;C05-Rocío
F2024-000230;2;07/02/2024;CLI0252;S07;99,44;1,65;0;164,08;EUR;C03-Lucía
F2024-000230;3;07/02/2024;cli0252;S15;1,00;82,27;0;82,27;EUR;C01-Marta
F2024-000231;1;05/05/2024;CLI0063;S06;413,24;1,14;0;471,09;EUR;C01-Marta
F2024-000231;2;05/05/2024;CLI0063;S05;837,71;3,15;0;2638,79;EUR;C01-Marta
F2024-000231;3;05/05/2024;CLI0063;S06;2043,93;1,12;0;2289,20;EUR;C01-Marta
F2024-000231;4;05/05/2024;CLI0063;S06;1610,41;1,05;0;1690,93;EUR;C02-Javier
F2024-000232;1;06/04/2024;CLI0154;S10;252,81;8,75;0;2212,09;EUR;C02-Javier
F2024-000232;2;06/04/2024;CLI0154;S10;267,35;8,32;0;2224,35;EUR;C04-Andrés
F2024-000233;1;17/01/2024;CLI0031;S01;24,69;96,96;0;2393,94;EUR;C05-Rocío
F2024-000234;1;03/08/2024;CLI0243;S06;5333,77;1,11;0;5920,48;EUR;C05-Rocío
F2024-000234;2;03/08/2024;CLI0243;S06;977,87;1,07;5;994,00;EUR;C02-Javier
F2024-000234;3;03/08/2024;CLI0243;S06;2246,04;1,09;0;2448,18;EUR;C05-Rocío
F2024-000235;1;22/01/2024;CLI0249;S02;378,41;6,21;0;2349,93;EUR;C05-Rocío
F2024-000236;1;13/02/2024;CLI0286;S14;7,00;200,91;0;1406,37;EUR;C03-Lucía
F2024-000237;1;12/02/2024;CLI0172;S10;171,27;8,35;0;1430,10;EUR;C03-Lucía
F2024-000237;2;12/02/2024;CLI0172;S10;427,39;8,85;0;3782,40;EUR;C03-Lucía
F2024-000238;1;01/11/2024;CLI0199;S02;213,82;6,56;0;1402,66;EUR;C03-Lucía
F2024-000239;1;05/05/2024;CLI0375;S01;67,27;96,65;0;6501,65;EUR;C01-Marta
F2024-000239;2;05/05/2024;CLI0375;S02;447,08;6,58;5;2794,70;EUR;C05-Rocío
F2024-000240;1;14/12/2024;CLI0158;S09;237,91;43,00;15;8695,61;EUR;C03-Lucía
F2024-000240;2;14/12/2024;CLI0158;S09;105,88;43,99;5;4424,78;EUR;C01-Marta
F2024-000240;3;14/12/2024;CLI0158;S09;47,80;42,76;10;1839,54;EUR;C04-Andrés
F2024-000241;1;13/09/2024;CLI0051;S15;4,00;88,77;10;319,57;EUR;C03-Lucía
F2024-000241;2;13/09/2024;CLI0051;S05;1370,79;3,32;0;4551,02;EUR;C05-Rocío
F2024-000241;3;13/09/2024;CLI0051;S06;1676,21;1,15;0;1927,64;EUR;C03-Lucía
F2024-000241;4;13/09/2024;CLI0051;S06;748,03;1,10;0;822,83;EUR;C01-Marta
F2024-000242;1;17/03/2024;CLI0212;S04;336,50;13,41;5;4286,84;EUR;C05-Rocío
F2024-000242;2;17/03/2024;CLI0212;S14;16,00;206,15;0;3298,40;EUR;C03-Lucía
F2024-000242;3;17/03/2024;CLI0212;S14;11,00;205,89;0;2264,79;EUR;C04-Andrés
F2024-000242;4;17/03/2024;CLI0212;S04;274,14;14,29;0;3917,46;EUR;C01-Marta
F2024-000243;1;13/09/2024;CLI0356;S10;99,49;8,11;0;806,86;EUR;C05-Rocío
F2024-000243;2;13/09/2024;CLI0356;S10;629,72;8,23;15;4405,21;EUR;C01-Marta
F2024-000244;1;27/04/2024;CLI0244;S13;1,00;624,78;0;624,78;EUR;C01-Marta
F2024-000245;1;16/12/2024;CLI0274;S08;1426,32;2,43;0;3465,96;EUR;C04-Andrés
F2024-000245;2;16/12/2024;CLI0274;S15;2,00;86,80;5;164,92;EUR;C05-Rocío
F2024-000245;3;16/12/2024;CLI0274;S08;1744,73;2,32;0;4047,77;EUR;C05-Rocío
F2024-000246;1;01/06/2024;CLI0296;S05;234,81;3,09;15;616,73;EUR;C02-Javier
F2024-000246;1;01/06/2024;CLI0296;S05;234,81;3,09;15;616,73;EUR;C02-Javier
F2024-000246;2;01/06/2024;CLI0296;S06;1032,75;1,06;5;1039,98;EUR;C01-Marta
F2024-000247;1;09/05/2024;CLI0111;S11;143,70;25,85;0;3714,64;EUR;C01-Marta
F2024-000247;2;09/05/2024;CLI0111;S11;35,08;24,47;0;858,41;EUR;C03-Lucía
F2024-000248;1;27/11/2024;CLI0212;S04;158,24;14,33;0;2267,58;EUR;C02-Javier
F2024-000248;2;2024-11-27;CLI0212;S13;1,00;620,02;0;620,02;EUR;C05-Rocío
F2024-000248;3;27/11/2024;CLI0212;S03;78,91;39,55;0;3120,89;EUR;C03-Lucía
F2024-000248;4;27/11/2024;CLI0212;S12;2,00;121,35;0;242,70;EUR;C05-Rocío
F2024-000249;1;24/03/2024;CLI0101;S10;71,89;8,21;0;590,22;EUR;C01-Marta
F2024-000249;1;24/03/2024;CLI0101;S10;71,89;8,21;0;590,22;EUR;C01-Marta
F2024-000249;2;24/03/2024;CLI0101;S14;5,00;238,39;0;1191,97;USD;C01-Marta
F2024-000249;3;24/03/2024;CLI0101;S10;492,21;8,58;10;3800,85;EUR;C02-Javier
F2024-000249;4;24/03/2024;CLI0101;S10;313,19;9,42;0;2949,63;USD;C02-Javier
F2024-000250;1;22/07/2024;CLI0158;S09;210,84;41,37;0;8722,45;EUR;C02-Javier
F2024-000250;2;22/07/2024;CLI0158;S09;44,76;42,78;5;1819,09;EUR;C05-Rocío
F2024-000251;1;09/04/2024;CLI0078;S10;104,19;8,37;0;872,07;EUR;C01-Marta
F2024-000252;1;16/05/2024;CLI0095;S09;118,26;43,98;0;5201,07;EUR;C02-Javier
F2024-000253;1;07/09/2024;CLI0265;S14;10,00;208,74;5;1983,03;EUR;C02-Javier
F2024-000253;2;07/09/2024;CLI0265;S11;19,91;24,56;0;488,99;EUR;C04-Andrés
F2024-000253;3;07/09/2024;CLI0265;S13;1,00;669,12;5;635,66;EUR;C03-Lucía
F2024-000253;4;07/09/2024;CLI0265;S11;30,62;24,55;5;714,13;EUR;C04-Andrés
F2024-000254;1;18/08/2024;CLI0033;S10;514,89;8,74;0;4500,14;EUR;C02-Javier
F2024-000254;2;18/08/2024;CLI0033;S10;1465,26;8,44;0;12366,79;EUR;C02-Javier
F2024-000255;1;11/12/2024;CLI0257;S05;340,62;3,14;5;1016,07;EUR;C01-Marta
F2024-000256;1;25/03/2024;CLI0325;S11;10,49;24,29;0;254,80;EUR;C04-Andrés
F2024-000256;2;25/03/2024;CLI0325;S02;537,14;6,42;0;3448,44;EUR;C02-Javier
F2024-000256;3;25/03/2024;CLI0325;S11;23,45;24,26;0;568,90;EUR;C01-Marta
F2024-000256;4;25/03/2024;cli0325;S13;1,00;678,71;0;678,71;EUR;C01-Marta
F2024-000257;1;20/09/2024;CLI0207;S10;132,28;8,83;0;1168,03;EUR;C02-Javier
F2024-000257;2;20/09/2024;CLI0207;S10;227,98;8,09;0;1844,36;EUR;C04-Andrés
F2024-000258;1;08/06/2024;CLI0299;S08;1568,42;2,33;0;3654,42;EUR;C03-Lucía
F2024-000258;2;08/06/2024;CLI0299;S07;198,09;1,55;0;307,04;EUR;C02-Javier
F2024-000258;3;08/06/2024;CLI0299;S08;1577,14;2,29;5;3431,07;EUR;C03-Lucía
F2024-000258;4;08/06/2024;CLI0299;S08;1410,92;2,36;5;3163,28;EUR;C01-Marta
F2024-000259;1;21/03/2024;CLI0257;S14;6,00;211,95;0;1271,70;EUR;C02-Javier
F2024-000259;2;21/03/2024;CLI0257;S06;655,12;1,06;0;694,43;EUR;C04-Andrés
F2024-000260;1;03/06/2024;CLI0269;S06;773,23;1,11;5;815,37;EUR;C01-Marta
F2024-000260;2;03/06/2024;CLI0269;S06;3767,37;1,07;0;4031,09;EUR;C05-Rocío
F2024-000261;1;19/12/2024;CLI0370;S14;14,00;219,88;0;3078,32;EUR;C01-Marta
F2024-000262;1;14/10/2024;CLI0046;S06;922,17;1,05;5;919,86;EUR;C02-Javier
F2024-000262;2;14/10/2024;CLI0046;S06;788,84;1,07;0;844,06;EUR;C05-Rocío
F2024-000262;3;14/10/2024;CLI0046;S06;1479,47;1,07;0;1583,03;EUR;C01-Marta
F2024-000263;1;12/01/2024;CLI0214;S11;40,86;23,89;0;976,15;EUR;C01-Marta
F2024-000263;2;12/01/2024;CLI0214;S15;2,00;88,57;0;177,14;EUR;C04-Andrés
F2024-000263;3;12/01/2024;CLI0214;S01;92,93;95,35;0;8860,88;EUR;C03-Lucía
F2024-000263;4;12/01/2024;CLI0214;S13;1,00;622,24;5;591,13;EUR;C02-Javier
F2024-000264;1;10/04/2024;CLI0026;S10;1226,43;8,78;0;10768,06;EUR;C03-Lucía
F2024-000264;2;10/04/2024;CLI0026;S10;1092,51;8,60;0;9395,59;EUR;C05-Rocío
F2024-000265;1;17/05/2024;CLI0094;S08;1201,48;2,48;0;2979,67;EUR;C02-Javier
F2024-000265;2;17/05/2024;CLI0094;S08;3531,34;2,45;0;8651,78;EUR;C02-Javier
F2024-000265;3;17/05/2024;CLI0094;S07;221,01;1,62;5;340,13;EUR;C05-Rocío
F2024-000266;1;16/10/2024;CLI0197;S10;2724,76;8,57;0;23351,19;EUR;C04-Andrés
F2024-000266;2;16/10/2024;CLI0197;S10;68,35;8,67;0;592,59;EUR;C01-Marta
F2024-000266;3;16/10/2024;CLI0197;S10;238,91;8,82;0;2107,19;EUR;C05-Rocío
F2024-000266;4;16/10/2024;CLI0197;S10;256,79;8,63;0;2216,10;EUR;C03-Lucía
F2024-000267;1;06/04/2024;CLI0095;S13;1,00;676,40;0;676,40;EUR;C01-Marta
F2024-000267;2;06/04/2024;CLI0095;S09;72,07;41,97;0;3024,78;EUR;C03-Lucía
F2024-000267;3;06/04/2024;CLI0095;S09;83,64;44,03;0;3682,67;EUR;C03-Lucía
F2024-000268;1;03/11/2024;CLI0025;S07;178,07;1,52;5;257,13;EUR;C01-Marta
F2024-000269;1;21/12/2024;CLI0207;S10;649,47;8,20;0;5325,65;EUR;C02-Javier
F2024-000269;2;21/12/2024;CLI0207;S14;2,00;206,67;0;413,34;EUR;C03-Lucía
F2024-000269;3;21/12/2024;CLI0207;S10;125,44;8,49;0;1064,99;EUR;C04-Andrés
F2024-000269;4;21/12/2024;CLI0207;S10;603,06;8,33;0;5023,49;EUR;C02-Javier
F2024-000270;1;14/02/2024;CLI0096;S07;13,16;1,61;0;21,19;EUR;C02-Javier
F2024-000270;2;14/02/2024;CLI0096;S07;569,17;1,59;0;904,98;EUR;C04-Andrés
F2024-000270;3;14/02/2024;CLI0096;S08;2269,63;2,49;0;5651,38;EUR;C03-Lucía
F2024-000270;4;14/02/2024;CLI0096;S07;275,36;1,59;0;437,82;EUR;C02-Javier
F2024-000271;1;03/12/2024;CLI0274;S07;234,18;1,63;5;362,63;EUR;C04-Andrés
F2024-000271;2;03/12/2024;CLI0274;S14;12,00;206,70;0;2480,40;EUR;C03-Lucía
F2024-000271;3;03/12/2024;CLI0274;S07;216,74;1,62;0;351,12;EUR;C03-Lucía
F2024-000272;1;07/09/2024;CLI0095;S09;89,18;41,38;15;3136,73;EUR;C04-Andrés
F2024-000273;1;01/04/2024;CLI0131;S10;8467,21;8,22;0;69600,47;EUR;C01-Marta
F2024-000274;1;18/04/2024;CLI0238;S04;357,22;14,23;0;5083,24;EUR;C04-Andrés
F2024-000274;2;18/04/2024;CLI0238;S03;42,30;39,31;0;1662,81;EUR;C02-Javier
F2024-000275;1;07/12/2024;CLI0051;S06;4701,31;1,15;0;5406,51;EUR;C03-Lucía
F2024-000275;2;07/12/2024;CLI0051;S05;1383,18;3,10;5;4073,47;EUR;C02-Javier
F2024-000275;3;07/12/2024;CLI0051;S14;8,00;205,31;0;1642,48;EUR;C04-Andrés
F2024-000276;1;20/04/2024;CLI0225;S06;2468,65;1,11;0;2740,20;EUR;C01-Marta
F2024-000276;2;20/04/2024;CLI0225;S06;1113,86;1,12;15;1060,39;EUR;C05-Rocío
F2024-000276;3;20/04/2024;CLI0225;S06;8586,24;1,11;0;9530,73;EUR;C01-Marta
F2024-000276;4;20/04/2024;CLI0225;S05;304,68;3,33;0;1014,58;EUR;C02-Javier
F2024-000277;1;17/12/2024;CLI0291;S13;1,00;627,57;0;627,57;EUR;C04-Andrés
F2024-000277;2;17/12/2024;CLI0291;S10;514,02;8,09;5;3950,50;EUR;C04-Andrés
F2024-000277;3;17/12/2024;CLI0291;S10;558,05;8,84;0;4933,16;EUR;C04-Andrés
F2024-000277;4;17/12/2024;CLI0291;S10;20,90;8,31;0;173,68;EUR;C02-Javier
F2024-000278;1;26/11/2024;CLI0051;S05;72,03;3,13;5;214,18;EUR;C02-Javier
F2024-000278;2;26/11/2024;CLI0051;S05;386,09;3,25;0;1254,79;EUR;C03-Lucía
F2024-000278;3;26/11/2024;CLI0051;S06;1406,42;1,15;15;1374,78;EUR;C04-Andrés
F2024-000279;1;16/10/2024;CLI0024;S15;4,00;83,17;5;316,05;EUR;C02-Javier
F2024-000280;1;05/12/2024;CLI0370;S05;59,24;3,28;0;194,31;EUR;C02-Javier
F2024-000280;2;05/12/2024;CLI0370;S05;744,97;3,07;15;1944,00;EUR;C05-Rocío
F2024-000280;3;05/12/2024;CLI0370;S06;808,84;1,07;15;735,64;EUR;C02-Javier
F2024-000280;4;05/12/2024;CLI0370;S06;1219,76;1,12;15;1161,21;EUR;C01-Marta
F2024-000281;1;15/09/2024;CLI0095;S15;2,00;85,09;0;170,18;EUR;C05-Rocío
F2024-000282;1;12/03/2024;CLI0051;S14;13,00;216,75;0;2817,75;EUR;C03-Lucía
F2024-000282;2;12/03/2024;CLI0051;S15;3,00;84,21;15;214,74;EUR;C03-Lucía
F2024-000282;3;12/03/2024;CLI0051;S13;1,00;641,90;0;641,90;EUR;C01-Marta
F2024-000283;1;25/04/2024;CLI0291;S14;4,00;219,90;15;747,66;EUR;C02-Javier
F2024-000283;2;25/04/2024;CLI0291;S10;310,99;8,47;0;2634,09;EUR;C02-Javier
F2024-000283;3;25/04/2024;CLI0291;S15;4,00;88,87;5;337,71;EUR;C05-Rocío
F2024-000283;4;25/04/2024;CLI0291;S15;2,00;85,97;15;146,15;EUR;C05-Rocío
F2024-000284;1;28/09/2024;CLI0114;S09;87,39;43,47;5;3608,90;EUR;C05-Rocío
F2024-000284;2;28/09/2024;CLI0114;S09;69,78;42,29;0;2951,00;EUR;C03-Lucía
F2024-000284;3;28/09/2024;CLI0114;S09;68,70;43,82;0;3010,43;EUR;C03-Lucía
F2024-000284;4;28/09/2024;CLI0114;S09;106,99;40,70;0;4354,49;EUR;C04-Andrés
F2024-000285;1;06/05/2024;CLI0378;S12;3,00;121,18;0;363,54;EUR;C03-Lucía
F2024-000285;2;06/05/2024;CLI0378;S03;29,09;38,74;0;1126,95;EUR;C04-Andrés
F2024-000286;1;13/06/2024;CLI0368;S10;274,52;8,39;0;2303,22;EUR;C01-Marta
F2024-000286;2;13/06/2024;CLI0368;S10;974,27;8,74;0;8515,12;EUR;C01-Marta
F2024-000286;3;13/06/2024;CLI0368;S14;11,00;203,54;5;2126,99;EUR;C01-Marta
F2024-000286;4;13/06/2024;CLI0368;S10;2378,56;8,79;5;19862,17;EUR;C04-Andrés
F2024-000287;1;09/05/2024;CLI0219;S14;4,00;203,56;5;773,53;EUR;C02-Javier
F2024-000287;2;09/05/2024;CLI0219;S06;2151,40;1,05;0;2258,97;EUR;C05-Rocío
F2024-000287;3;09/05/2024;CLI0219;S13;1,00;672,55;0;672,55;EUR;C01-Marta
F2024-000288;1;15/11/2024;CLI0295;S15;4,00;82,67;5;314,15;EUR;C01-Marta
F2024-000288;2;15/11/2024;CLI0295;S06;9463,28;1,09;0;10314,98;EUR;C04-Andrés
F2024-000289;1;05/09/2024;CLI0114;S09;98,30;40,26;5;3759,68;EUR;C02-Javier
F2024-000289;2;05/09/2024;CLI0114;S09;201,04;42,93;0;8630,65;EUR;C01-Marta
F2024-000289;3;05/09/2024;CLI0114;S09;212,21;40,75;0;8647,56;EUR;C03-Lucía
F2024-000289;4;05/09/2024;CLI0114;S09;121,10;42,78;0;5180,66;EUR;C03-Lucía
F2024-000290;1;23/10/2024;CLI0270;S13;1,00;676,81;5;642,97;EUR;C04-Andrés
F2024-000290;2;23/10/2024;CLI0270;S09;21,87;40,07;0;876,33;EUR;C03-Lucía
F2024-000291;1;25/05/2024;CLI0267;S09;226,98;42,02;5;9060,81;EUR;C04-Andrés
F2024-000291;2;25/05/2024;CLI0267;S13;1,00;664,76;0;664,76;EUR;C02-Javier
F2024-000291;3;25/05/2024;CLI0267;S09;49,09;40,35;5;1881,74;EUR;C02-Javier
F2024-000291;4;25/05/2024;CLI0267;S09;57,34;43,00;5;2342,34;EUR;C04-Andrés
F2024-000292;1;21/02/2024;CLI0290;S10;492,64;8,91;15;3731,01;EUR;C02-Javier
F2024-000292;2;21/02/2024;CLI0290;S10;2142,45;8,74;10;16852,51;EUR;C02-Javier
F2024-000292;3;21/02/2024;CLI0290;S10;496,03;8,77;5;4132,67;EUR;C05-Rocío
F2024-000293;1;2024-09-24;CLI0047;S10;261,93;8,39;0;2197,59;EUR;C01-Marta
F2024-000293;2;24/09/2024;CLI0047;S10;255,79;8,45;0;2161,43;EUR;C03-Lucía
F2024-000293;3;24/09/2024;CLI0047;S10;1578,14;8,10;0;12782,93;EUR;C04-Andrés
F2024-000294;1;21/04/2024;CLI0241;S14;12,00;201,75;0;2421,00;EUR;C05-Rocío
F2024-000294;2;21/04/2024;CLI0241;S15;1,00;81,55;0;81,55;EUR;C05-Rocío
F2024-000295;1;13/06/2024;CLI0263;S11;13,41;24,28;10;293,04;EUR;C02-Javier
F2024-000295;2;13/06/2024;CLI0263;S02;423,44;6,32;10;2408,53;EUR;C02-Javier
F2024-000295;3;13/06/2024;CLI0263;S01;284,61;91,93;10;23547,78;EUR;C04-Andrés
F2024-000295;4;13/06/2024;CLI0263;S13;1,00;663,27;5;630,11;EUR;C02-Javier
F2024-000296;1;14/09/2024;CLI0183;S03;47,87;36,46;0;1745,34;EUR;C03-Lucía
F2024-000296;2;14/09/2024;CLI0183;S12;2,00;119,22;5;226,52;EUR;C01-Marta
F2024-000296;3;14/09/2024;CLI0183;S13;1,00;650,62;5;618,09;EUR;C01-Marta
F2024-000296;4;14/09/2024;CLI0183;S15;3,00;86,94;0;260,82;EUR;C01-Marta
F2024-000297;1;07/02/2024;CLI0051;S05;872,52;3,27;0;2853,14;EUR;C04-Andrés
F2024-000297;2;07/02/2024;CLI0051;S05;69,84;3,30;5;218,95;EUR;C01-Marta
F2024-000297;3;07/02/2024;CLI0051;S06;905,67;1,09;0;987,18;EUR;C01-Marta
F2024-000297;4;07/02/2024;CLI0051;S06;1936,82;1,06;0;2053,03;EUR;C03-Lucía
F2024-000298;1;07/11/2024;CLI0356;S10;449,39;8,87;5;3786,78;EUR;C04-Andrés
F2024-000298;2;07/11/2024;CLI0356;S14;14,00;203,80;10;2567,88;EUR;C02-Javier
F2024-000298;3;07/11/2024;CLI0356;S10;362,18;8,51;15;2619,83;EUR;C04-Andrés
F2024-000299;1;13/11/2024;CLI0158;S09;44,78;43,14;0;1931,81;EUR;C03-Lucía
F2024-000299;2;13/11/2024;CLI0158;S14;4,00;215,57;0;862,28;EUR;C02-Javier
F2024-000299;3;13/11/2024;CLI0158;S09;137,35;40,77;0;5599,76;EUR;C03-Lucía
F2024-000299;4;13/11/2024;CLI0158;S09;113,51;41,45;15;3999,24;EUR;C02-Javier
F2024-000300;1;17/11/2024;CLI0159;S04;1669,13;13,92;5;22072,58;EUR;C05-Rocío
F2024-000300;2;2024-11-17;CLI0159;S12;2,00;119,59;0;239,18;EUR;C01-Marta
F2024-000301;1;05/10/2024;CLI0207;S10;382,82;8,44;0;3231,00;EUR;C04-Andrés
F2024-000301;2;05/10/2024;CLI0207;S10;62,33;8,65;5;512,20;EUR;C03-Lucía
F2024-000301;3;05/10/2024;CLI0207;S13;1,00;664,59;0;664,59;EUR;C01-Marta
F2024-000302;1;27/05/2024;CLI0241;S15;1,00;89,12;0;89,12;EUR;C02-Javier
F2024-000302;2;27/05/2024;CLI0241;S04;206,77;13,42;5;2636,11;EUR;C04-Andrés
F2024-000302;3;27/05/2024;CLI0241;S12;1,00;115,37;5;109,60;EUR;C03-Lucía
F2024-000302;4;27/05/2024;cli0241;S14;15,00;216,37;0;3245,55;EUR;C02-Javier
F2024-000303;1;28/11/2024;CLI0306;S11;32,98;25,63;0;845,28;EUR;C03-Lucía
F2024-000303;2;28/11/2024;CLI0306;S14;15,00;202,01;0;3030,15;EUR;C04-Andrés
F2024-000304;1;22/11/2024;CLI0350;S06;1645,17;1,13;10;1673,14;EUR;C03-Lucía
F2024-000305;1;05/09/2024;CLI0051;S05;37,97;3,28;5;118,31;EUR;C03-Lucía
F2024-000305;2;05/09/2024;CLI0051;S15;1,00;82,04;15;69,73;EUR;C05-Rocío
F2024-000305;3;05/09/2024;CLI0051;S05;320,41;3,35;0;1073,37;EUR;C03-Lucía
F2024-000305;4;05/09/2024;CLI0051;S05;459,60;3,28;0;1507,49;EUR;C03-Lucía
F2024-000306;1;12/08/2024;CLI0202;S06;2321,85;1,14;5;2514,56;EUR;C01-Marta
F2024-000306;2;12/08/2024;CLI0202;S14;9,00;220,17;0;1981,53;EUR;C04-Andrés
F2024-000306;3;12/08/2024;CLI0202;S05;123,68;3,30;0;408,14;EUR;C01-Marta
F2024-000306;4;12/08/2024;CLI0202;S05;191,22;3,30;0;631,03;EUR;C05-Rocío
F2024-000307;1;07/04/2024;CLI0208;S14;10,00;204,49;0;2044,90;EUR;C05-Rocío
F2024-000307;2;07/04/2024;CLI0208;S13;1,00;662,70;5;629,57;EUR;C04-Andrés
F2024-000308;1;02/11/2024;CLI0301;S08;9611,42;2,31;0;22202,38;EUR;C02-Javier
F2024-000308;2;02/11/2024;CLI0301;S08;2345,99;2,42;5;5393,43;EUR;C01-Marta
F2024-000308;3;02/11/2024;CLI0301;S08;1738,58;2,52;0;4381,22;EUR;C04-Andrés
F2024-000309;1;19/09/2024;CLI0208;S04;281,85;14,70;0;4143,19;EUR;C05-Rocío
F2024-000309;2;19/09/2024;CLI0208;S03;61,66;37,76;0;2328,28;EUR;C03-Lucía
F2024-000310;1;14/03/2024;CLI0371;S13;1,00;622,02;0;622,02;EUR;C05-Rocío
F2024-000311;1;24/05/2024;CLI0089;S06;198,02;1,13;15;190,20;EUR;C04-Andrés
F2024-000311;2;24/05/2024;CLI0089;S06;1331,44;1,11;0;1477,90;EUR;C01-Marta
F2024-000312;1;28/02/2024;CLI0097;S09;301,63;40,93;0;12345,72;EUR;C03-Lucía
F2024-000312;2;28/02/2024;CLI0097;S09;163,14;42,92;10;6301,77;EUR;C04-Andrés
F2024-000313;1;04/12/2024;CLI0051;S05;64,58;3,28;0;211,82;EUR;C03-Lucía
F2024-000313;2;04/12/2024;CLI0051;S05;1098,89;3,21;0;3527,44;EUR;C03-Lucía
F2024-000313;3;04/12/2024;CLI0051;S06;2380,42;1,12;0;2666,07;EUR;C02-Javier
F2024-000313;4;04/12/2024;CLI0051;S06;794,85;1,14;15;770,21;EUR;C04-Andrés
F2024-000314;1;01/03/2024;CLI0094;S08;774,37;2,39;0;1850,74;EUR;C05-Rocío
F2024-000315;1;18/04/2024;CLI0023;S10;527,01;8,09;5;4050,34;EUR;C02-Javier
F2024-000316;1;14/03/2024;CLI0318;S06;8210,77;1,12;0;9196,06;EUR;C03-Lucía
F2024-000316;2;14/03/2024;CLI0318;S05;380,75;3,05;0;1161,29;EUR;C04-Andrés
F2024-000316;3;14/03/2024;CLI0318;S06;2581,14;1,06;0;2736,01;EUR;C02-Javier
F2024-000316;4;14/03/2024;CLI0318;S05;1302,56;3,26;0;;EUR;C02-Javier
F2024-000317;1;16/08/2024;CLI0225;S05;178,19;3,10;15;469,53;EUR;C01-Marta
F2024-000317;2;16/08/2024;CLI0225;S15;3,00;84,40;5;240,54;EUR;C05-Rocío
F2024-000318;1;11/10/2024;CLI0247;S10;581,40;8,78;0;5104,69;EUR;C01-Marta
F2024-000318;2;11/10/2024;CLI0247;S10;1465,04;8,68;0;12716,55;EUR;C03-Lucía
F2024-000318;3;11/10/2024;CLI0247;S10;992,12;8,50;0;8433,02;EUR;C04-Andrés
F2024-000318;4;11/10/2024;CLI0247;S13;1,00;657,23;0;657,23;EUR;C04-Andrés
F2024-000319;1;20/05/2024;CLI0301;S07;42,43;1,59;5;64,09;EUR;C01-Marta
F2024-000319;2;20/05/2024;CLI0301;S07;1013,54;1,62;5;1559,84;EUR;C03-Lucía
F2024-000320;1;06/02/2024;CLI0370;S05;1416,56;3,06;5;4117,94;EUR;C04-Andrés
F2024-000320;2;06/02/2024;CLI0370;S06;789,13;1,06;0;836,48;EUR;C04-Andrés
F2024-000320;3;06/02/2024;CLI0370;S05;191,53;3,07;0;588,00;EUR;C03-Lucía
F2024-000321;1;01/01/2024;CLI0245;S06;1845,69;1,08;5;1893,68;EUR;C03-Lucía
F2024-000321;2;01/01/2024;CLI0245;S15;3,00;88,06;0;264,18;EUR;C05-Rocío
F2024-000322;1;20/08/2024;CLI0206;S08;1215,52;2,47;0;3002,33;EUR;C03-Lucía
F2024-000323;1;17/05/2024;CLI0100;S08;519,12;2,33;0;1209,55;EUR;C02-Javier
F2024-000324;1;02/02/2024;CLI0341;S06;2766,43;1,12;0;3098,40;EUR;C03-Lucía
F2024-000324;2;02/02/2024;CLI0341;S05;2207,83;3,35;0;7396,23;EUR;C04-Andrés
F2024-000324;3;02/02/2024;CLI0341;S06;1725,86;1,15;0;1984,74;EUR;C04-Andrés
F2024-000325;1;17/12/2024;CLI0317;S14;2,00;218,07;15;370,72;EUR;C04-Andrés
F2024-000326;1;01/12/2024;CLI0317;S10;334,43;8,70;0;2909,54;EUR;C01-Marta
F2024-000326;2;01/12/2024;CLI0317;S10;271,02;8,65;10;2109,89;EUR;C02-Javier
F2024-000327;1;12/06/2024;CLI0087;S10;219,86;9,63;0;2117,75;USD;C05-Rocío
F2024-000327;2;12/06/2024;CLI0087;S10;893,61;8,64;5;7334,75;EUR;C04-Andrés
F2024-000327;3;12/06/2024;CLI0087;S10;124,60;9,81;0;1222,87;USD;C01-Marta
F2024-000327;4;12/06/2024;CLI0087;S10;87,56;9,37;0;820,47;USD;C04-Andrés
F2024-000328;1;08/08/2024;CLI0198;S02;171,12;6,76;5;1098,93;EUR;C03-Lucía
F2024-000329;1;03/02/2024;CLI0291;S14;7,00;204,28;0;1429,96;EUR;C03-Lucía
F2024-000329;2;03/02/2024;CLI0291;S10;110,95;8,65;15;815,76;EUR;C02-Javier
F2024-000330;1;05/11/2024;CLI0236;S05;956,45;3,06;0;2926,74;EUR;C03-Lucía
F2024-000330;2;05/11/2024;CLI0236;S06;1329,97;1,13;0;1502,87;EUR;C02-Javier
F2024-000330;3;05/11/2024;CLI0236;S06;989,83;1,06;0;1049,22;EUR;C05-Rocío
F2024-000331;1;13/02/2024;CLI0094;S08;1499,35;2,43;0;3643,42;EUR;C05-Rocío
F2024-000331;2;13/02/2024;CLI0094;S07;452,36;1,63;0;737,35;EUR;C02-Javier
F2024-000331;3;13/02/2024;CLI0094;S07;3093,90;1,56;5;4585,16;EUR;C04-Andrés
F2024-000332;1;02/02/2024;CLI0237;S09;224,85;43,22;0;9718,02;EUR;C05-Rocío
F2024-000332;2;02/02/2024;CLI0237;S09;157,29;44,00;0;6920,76;EUR;C02-Javier
F2024-000332;3;02/02/2024;CLI0237;S13;1,00;640,24;5;608,23;EUR;C05-Rocío
F2024-000332;4;02/02/2024;CLI0237;S15;2,00;87,61;0;;EUR;C02-Javier
F2024-000333;1;14/04/2024;CLI0382;S10;217,41;8,74;0;1900,16;EUR;C03-Lucía
F2024-000333;2;14/04/2024;CLI0382;S10;138,42;8,81;0;1219,48;EUR;C02-Javier
F2024-000333;3;14/04/2024;CLI0382;S13;1,00;654,59;5;;EUR;C03-Lucía
F2024-000334;1;28/04/2024;CLI0282;S08;1623,30;2,49;5;3839,92;EUR;C03-Lucía
F2024-000335;1;14/08/2024;CLI0243;S05;259,92;3,35;5;827,20;EUR;C03-Lucía
F2024-000335;2;14/08/2024;CLI0243;S15;3,00;81,88;5;233,36;EUR;C01-Marta
F2024-000335;3;14/08/2024;CLI0243;S06;2616,82;1,12;0;2930,84;EUR;C04-Andrés
F2024-000335;4;14/08/2024;CLI0243;S05;620,21;3,19;5;1879,55;EUR;C05-Rocío
F2024-000336;1;03/04/2024;CLI0158;S09;94,29;42,27;0;3985,64;EUR;C03-Lucía
F2024-000336;2;03/04/2024;CLI0158;S09;243,37;41,91;15;8669,69;EUR;C01-Marta
F2024-000336;3;03/04/2024;CLI0158;S09;113,54;39,96;0;4537,06;EUR;C03-Lucía
F2024-000336;4;03/04/2024;CLI0158;S14;16,00;209,12;0;3345,92;EUR;C01-Marta
F2024-000337;1;12/12/2024;CLI0046;S06;5666,37;1,13;0;6403,00;EUR;C02-Javier
F2024-000337;2;12/12/2024;CLI0046;S06;5575,16;1,06;0;5909,67;EUR;C04-Andrés
F2024-000337;3;12/12/2024;CLI0046;S06;1017,17;1,13;0;1149,40;EUR;C03-Lucía
F2024-000337;4;12/12/2024;CLI0046;S05;92,28;3,22;0;297,14;EUR;C01-Marta
F2024-000338;1;12/11/2024;CLI0051;S05;1374,93;3,25;0;4468,52;EUR;C02-Javier
F2024-000338;2;12/11/2024;CLI0051;S05;1389,64;3,18;0;4419,06;EUR;C03-Lucía
F2024-000339;1;08/02/2024;CLI0013;S09;72,31;43,51;0;3146,21;EUR;C01-Marta
F2024-000339;2;08/02/2024;CLI0013;S15;2,00;85,59;0;171,18;EUR;C02-Javier
F2024-000339;3;08/02/2024;CLI0013;S15;3,00;86,84;5;247,49;EUR;C04-Andrés
F2024-000340;1;28/04/2024;CLI0268;S07;123,46;1,53;0;188,89;EUR;C03-Lucía
F2024-000340;2;28/04/2024;CLI0268;S08;9208,71;2,52;5;22045,65;EUR;C01-Marta
F2024-000340;3;28/04/2024;CLI0268;S07;228,71;1,58;0;361,36;EUR;C03-Lucía
F2024-000341;1;26/04/2024;CLI0051;S06;2676,18;1,13;10;2721,68;EUR;C02-Javier
F2024-000341;2;26/04/2024;CLI0051;S06;2765,69;1,14;0;3152,89;EUR;C02-Javier
F2024-000341;3;26/04/2024;CLI0051;S15;3,00;86,17;10;232,66;EUR;C05-Rocío
F2024-000341;4;26/04/2024;CLI0051;S05;434,68;3,21;0;1395,32;EUR;C04-Andrés
F2024-000342;1;04/11/2024;CLI0054;S07;156,04;1,57;0;244,98;EUR;C03-Lucía
F2024-000342;2;04/11/2024;CLI0054;S07;944,46;1,54;0;1454,47;EUR;C04-Andrés
F2024-000343;1;28/04/2024;CLI0207;S10;843,52;8,76;0;7389,24;EUR;C01-Marta
F2024-000343;2;28/04/2024;CLI0207;S10;106,28;8,58;0;911,88;EUR;C01-Marta
F2024-000343;3;28/04/2024;CLI0207;S13;1,00;670,87;0;670,87;EUR;C03-Lucía
F2024-000343;4;28/04/2024;CLI0207;S10;90,54;8,13;5;699,29;EUR;C03-Lucía
F2024-000344;1;02/07/2024;CLI0367;S05;114,04;3,19;0;363,79;EUR;C05-Rocío
F2024-000344;2;02/07/2024;CLI0367;S05;146,95;3,05;0;448,20;EUR;C03-Lucía
F2024-000344;3;02/07/2024;CLI0367;S06;3106,82;1,13;5;3335,17;EUR;C01-Marta
F2024-000344;4;02/07/2024;CLI0367;S15;2,00;86,31;0;172,62;EUR;C01-Marta
F2024-000345;1;03/05/2024;CLI0290;S14;8,00;211,79;0;1694,32;EUR;C04-Andrés
F2024-000345;2;03/05/2024;CLI0290;S14;3,00;213,55;15;544,55;EUR;C03-Lucía
F2024-000346;1;02/04/2024;CLI0231;S09;298,61;40,78;0;12177,32;EUR;C02-Javier
F2024-000346;2;02/04/2024;CLI0231;S09;92,64;42,89;0;3973,33;EUR;C01-Marta
F2024-000346;3;02/04/2024;CLI0231;S09;186,41;43,84;0;8172,21;EUR;C04-Andrés
F2024-000346;4;02/04/2024;CLI0231;S09;293,96;39,92;0;11734,88;EUR;C02-Javier
F2024-000347;1;01/05/2024;CLI0309;S12;3,00;122,43;5;348,93;EUR;C04-Andrés
F2024-000347;2;01/05/2024;CLI0309;S04;78,71;13,62;0;1072,03;EUR;C05-Rocío
F2024-000347;3;01/05/2024;CLI0309;S03;75,29;36,21;5;2589,94;EUR;C04-Andrés
F2024-000348;1;28/09/2024;CLI0023;S10;676,66;8,60;5;5528,31;EUR;C03-Lucía
F2024-000348;2;28/09/2024;CLI0023;S10;235,74;8,16;0;1923,64;EUR;C01-Marta
F2024-000349;1;04/05/2024;CLI0189;S13;1,00;674,05;0;674,05;EUR;C05-Rocío
F2024-000349;2;04/05/2024;CLI0189;S04;247,29;14,57;0;3603,02;EUR;C03-Lucía
F2024-000349;3;04/05/2024;CLI0189;S12;4,00;115,82;0;463,28;EUR;C04-Andrés
F2024-000349;4;04/05/2024;CLI0189;S13;1,00;659,55;5;626,57;EUR;C04-Andrés
F2024-000350;1;06/05/2024;CLI0094;S08;812,86;2,42;5;1868,77;EUR;C03-Lucía
F2024-000350;2;06/05/2024;CLI0094;S15;4,00;87,04;0;348,16;EUR;C03-Lucía
F2024-000350;3;06/05/2024;CLI0094;S07;290,97;1,59;0;462,64;EUR;C04-Andrés
F2024-000350;4;06/05/2024;CLI0094;S13;1,00;677,34;0;677,34;EUR;C03-Lucía
F2024-000351;1;18/01/2024;CLI0043;S14;5,00;215,47;0;1077,35;EUR;C03-Lucía
F2024-000351;2;18/01/2024;CLI0043;S13;1,00;649,20;0;649,20;EUR;C05-Rocío
F2024-000351;3;18/01/2024;CLI0043;S05;332,20;3,29;0;1092,94;EUR;C05-Rocío
F2024-000352;1;21/07/2024;CLI0024;S05;485,01;3,28;0;1590,83;EUR;C02-Javier
F2024-000352;2;21/07/2024;CLI0024;S05;484,12;3,32;0;1607,28;EUR;C03-Lucía
F2024-000352;3;21/07/2024;CLI0024;S05;62,89;3,33;5;198,95;EUR;C02-Javier
F2024-000353;1;24/12/2024;CLI0207;S10;109,90;8,83;0;970,42;EUR;C02-Javier
F2024-000353;2;24/12/2024;CLI0207;S10;2256,81;8,80;0;19859,93;EUR;C01-Marta
F2024-000353;3;24/12/2024;CLI0207;S10;501,60;8,82;0;4424,11;EUR;C01-Marta
F2024-000354;1;09/04/2024;CLI0146;S13;1,00;618,79;0;618,79;EUR;C02-Javier
F2024-000354;2;09/04/2024;CLI0146;S09;103,84;41,84;5;4127,43;EUR;C05-Rocío
F2024-000355;1;24/05/2024;CLI0388;S10;1478,59;8,71;0;12878,52;EUR;C05-Rocío
F2024-000355;2;24/05/2024;CLI0388;S10;282,23;8,10;0;2286,06;EUR;C01-Marta
F2024-000355;3;24/05/2024;CLI0388;S15;4,00;83,33;0;333,32;EUR;C02-Javier
F2024-000355;4;24/05/2024;CLI0388;S10;437,44;8,11;0;3547,64;EUR;C01-Marta
F2024-000356;1;25/02/2024;CLI0325;S14;10,00;219,15;0;2191,50;EUR;C01-Marta
F2024-000357;1;14/02/2024;CLI0384;S10;552,14;8,33;0;4599,33;EUR;C03-Lucía
F2024-000357;2;14/02/2024;CLI0384;S15;2,00;83,67;0;167,34;EUR;C01-Marta
F2024-000357;3;14/02/2024;CLI0384;S15;2,00;87,91;0;175,82;EUR;C02-Javier
F2024-000358;1;05/03/2024;CLI0021;S07;1984,87;1,55;0;3076,55;EUR;C04-Andrés
F2024-000358;2;05/03/2024;CLI0021;S08;2285,66;2,29;0;5234,16;EUR;C02-Javier
F2024-000358;3;05/03/2024;CLI0021;S07;682,88;1,63;0;1113,09;EUR;C01-Marta
F2024-000359;1;27/03/2024;CLI0299;S15;3,00;87,69;0;263,07;EUR;C01-Marta
F2024-000359;2;27/03/2024;CLI0299;S14;5,00;205,10;5;974,22;EUR;C01-Marta
F2024-000359;3;27/03/2024;CLI0299;S08;1487,77;2,45;5;3462,78;EUR;C01-Marta
F2024-000359;4;27/03/2024;CLI0299;S14;8,00;216,72;0;1733,76;EUR;C01-Marta
F2024-000360;1;26/11/2024;CLI0371;S10;100,59;8,57;0;862,06;EUR;C03-Lucía
F2024-000360;2;26/11/2024;CLI0371;S10;322,92;8,88;0;2867,53;EUR;C02-Javier
F2024-000360;3;26/11/2024;CLI0371;S10;919,15;8,92;0;8198,82;EUR;C02-Javier
F2024-000360;4;26/11/2024;CLI0371;S15;1,00;83,62;0;83,62;EUR;C04-Andrés
F2024-000361;1;17/08/2024;CLI0017;S06;3571,73;1,08;5;3664,59;EUR;C01-Marta
F2024-000362;1;18/03/2024;CLI0158;S09;92,47;40,48;0;3743,19;EUR;C02-Javier
F2024-000362;2;18/03/2024;CLI0158;S09;145,98;39,92;10;5244,77;EUR;C02-Javier
F2024-000362;3;18/03/2024;CLI0158;S09;378,55;40,95;0;15501,62;EUR;C03-Lucía
F2024-000363;1;26/09/2024;CLI0044;S07;693,62;1,52;0;1054,30;EUR;C03-Lucía
F2024-000363;2;26/09/2024;CLI0044;S13;1,00;642,62;5;610,49;EUR;C01-Marta
F2024-000363;3;26/09/2024;CLI0044;S08;154,21;2,31;5;338,41;EUR;C04-Andrés
F2024-000363;4;26/09/2024;CLI0044;S08;383,67;2,38;0;913,13;EUR;C01-Marta
F2024-000364;1;19/12/2024;CLI0188;S11;65,13;23,81;5;1473,21;EUR;C03-Lucía
F2024-000364;2;19/12/2024;CLI0188;S11;67,70;25,43;0;1721,61;EUR;C03-Lucía
F2024-000365;1;13/03/2024;CLI0094;S07;341,89;1,57;0;536,77;EUR;C02-Javier
F2024-000365;2;13/03/2024;CLI0094;S08;1238,24;2,40;0;2971,78;EUR;C05-Rocío
F2024-000365;3;13/03/2024;CLI0094;S08;3876,23;2,42;0;9380,48;EUR;C02-Javier
F2024-000366;1;19/05/2024;CLI0207;S10;608,33;8,41;0;5116,06;EUR;C03-Lucía
F2024-000366;2;19/05/2024;CLI0207;S14;4,00;209,60;0;838,40;EUR;C04-Andrés
F2024-000366;3;19/05/2024;CLI0207;S15;2,00;88,88;5;168,87;EUR;C02-Javier
F2024-000366;4;19/05/2024;CLI0207;S15;3,00;84,53;0;253,59;EUR;C04-Andrés
F2024-000367;1;04/05/2024;CLI0162;S03;9,99;37,94;0;379,02;EUR;C01-Marta
F2024-000367;2;04/05/2024;CLI0162;S14;3,00;203,02;0;609,06;EUR;C03-Lucía
F2024-000367;3;04/05/2024;CLI0162;S14;11,00;216,45;0;2380,95;EUR;C01-Marta
F2024-000368;1;22/04/2024;CLI0054;S14;6,00;220,39;0;1322,34;EUR;C02-Javier
F2024-000368;2;22/04/2024;CLI0054;S07;274,31;1,59;0;436,15;EUR;C02-Javier
F2024-000368;3;22/04/2024;CLI0054;S08;4219,10;2,49;0;10505,56;EUR;C02-Javier
F2024-000369;1;26/06/2024;CLI0370;S06;1269,51;1,11;10;1268,24;EUR;C01-Marta
F2024-000369;2;26/06/2024;CLI0370;S14;11,00;212,56;5;2221,25;EUR;C02-Javier
F2024-000369;3;26/06/2024;CLI0370;S14;6,00;206,40;15;1052,64;EUR;C05-Rocío
F2024-000369;4;26/06/2024;CLI0370;S06;401,05;1,12;15;381,80;EUR;C05-Rocío
F2024-000370;1;02/01/2024;CLI0008;S01;42,20;91,38;10;3470,61;EUR;C02-Javier
F2024-000371;1;20/08/2024;CLI0329;S02;446,27;6,38;0;2847,20;EUR;C01-Marta
F2024-000371;2;20/08/2024;CLI0329;S15;1,00;84,41;5;80,19;EUR;C03-Lucía
F2024-000372;1;25/09/2024;CLI0333;S01;159,62;97,76;0;15604,45;EUR;C01-Marta
F2024-000372;2;25/09/2024;CLI0333;S14;11,00;216,96;0;2386,56;EUR;C02-Javier
F2024-000372;3;25/09/2024;CLI0333;S14;15,00;215,74;0;3236,10;EUR;C03-Lucía
F2024-000373;1;10/01/2024;CLI0377;S01;183,58;108,02;10;17847,80;USD;C04-Andrés
F2024-000373;2;10/01/2024;CLI0377;S01;51,08;100,84;0;5150,93;USD;C04-Andrés
F2024-000374;1;22/12/2024;CLI0227;S14;12,00;214,29;0;2571,48;EUR;C04-Andrés
F2024-000374;2;22/12/2024;CLI0227;S15;2,00;84,27;0;168,54;EUR;C02-Javier
F2024-000374;3;22/12/2024;CLI0227;S08;1380,40;2,32;0;3202,53;EUR;C02-Javier
F2024-000375;1;27/08/2024;CLI0095;S09;42,91;41,23;0;1769,18;EUR;C02-Javier
F2024-000376;1;01/12/2024;CLI0231;S09;346,35;42,30;0;14650,60;EUR;C01-Marta
F2024-000377;1;06/02/2024;CLI0126;S10;61,26;8,62;5;501,66;EUR;C05-Rocío
F2024-000377;2;2024-02-06;CLI0126;S13;1,00;646,22;0;646,22;EUR;C02-Javier
F2024-000377;3;06/02/2024;CLI0126;S10;390,86;8,23;0;3216,78;EUR;C01-Marta
F2024-000378;1;16/10/2024;CLI0107;S06;1447,40;1,06;0;1534,24;EUR;C04-Andrés
F2024-000378;2;16/10/2024;CLI0107;S15;4,00;87,59;0;350,36;EUR;C05-Rocío
F2024-000379;1;18/07/2024;CLI0315;S07;2939,05;1,59;0;4673,09;EUR;C04-Andrés
F2024-000379;2;18/07/2024;CLI0315;S08;1204,40;2,50;0;3011,00;EUR;C01-Marta
F2024-000379;3;18/07/2024;CLI0315;S13;1,00;629,19;5;597,73;EUR;C04-Andrés
F2024-000379;4;18/07/2024;CLI0315;S14;7,00;213,13;5;1417,31;EUR;C05-Rocío
F2024-000380;1;04/11/2024;CLI0071;S15;2,00;81,18;5;154,24;EUR;C05-Rocío
F2024-000380;2;04/11/2024;CLI0071;S15;1,00;87,37;0;87,37;EUR;C03-Lucía
F2024-000380;3;04/11/2024;CLI0071;S13;1,00;652,14;0;652,14;EUR;C03-Lucía
F2024-000381;1;12/04/2024;CLI0158;S15;4,00;88,18;0;352,72;EUR;C05-Rocío
F2024-000381;2;12/04/2024;CLI0158;S09;145,49;42,52;15;5258,30;EUR;C03-Lucía
F2024-000381;3;12/04/2024;CLI0158;S14;8,00;208,49;10;1501,13;EUR;C05-Rocío
F2024-000381;4;12/04/2024;CLI0158;S09;276,43;40,40;0;11167,77;EUR;C05-Rocío
F2024-000382;1;28/01/2024;CLI0205;S06;839,26;1,14;0;956,76;EUR;C05-Rocío
F2024-000383;1;20/11/2024;CLI0008;S01;51,34;93,01;0;4775,13;EUR;C03-Lucía
F2024-000384;1;19/06/2024;CLI0274;S08;1076,29;2,39;5;2443,72;EUR;C01-Marta
F2024-000384;2;19/06/2024;CLI0274;S08;1139,83;2,35;0;2678,60;EUR;C03-Lucía
F2024-000384;3;19/06/2024;CLI0274;S08;1527,94;2,49;0;3804,57;EUR;C01-Marta
F2024-000384;4;19/06/2024;CLI0274;S08;2462,21;2,32;0;5712,33;EUR;C05-Rocío
F2024-000385;1;12/01/2024;CLI0154;S10;98,30;8,55;0;840,47;EUR;C04-Andrés
F2024-000385;2;12/01/2024;CLI0154;S10;759,05;8,59;5;6194,23;EUR;C04-Andrés
F2024-000385;3;12/01/2024;CLI0154;S10;253,94;8,63;0;2191,50;EUR;C02-Javier
F2024-000385;4;12/01/2024;CLI0154;S10;486,15;8,42;5;3888,71;EUR;C05-Rocío
F2024-000386;1;21/02/2024;CLI0136;S15;1,00;82,71;0;82,71;EUR;C05-Rocío
F2024-000386;2;21/02/2024;CLI0136;S11;7,84;24,71;5;184,04;EUR;C01-Marta
F2024-000387;1;07/01/2024;CLI0352;S14;12,00;201,06;0;2412,72;EUR;C01-Marta
F2024-000387;2;07/01/2024;CLI0352;S10;215,06;8,61;0;1851,67;EUR;C01-Marta
F2024-000387;3;07/01/2024;CLI0352;S15;4,00;86,38;0;345,52;EUR;C01-Marta
F2024-000388;1;01/12/2024;CLI0051;S05;138,65;3,35;5;441,25;EUR;C02-Javier
F2024-000388;2;01/12/2024;CLI0051;S05;167,59;3,22;0;539,64;EUR;C01-Marta
F2024-000388;3;01/12/2024;CLI0051;S06;192,22;1,14;0;219,13;EUR;C01-Marta
F2024-000388;4;01/12/2024;CLI0051;S06;2569,83;1,08;0;2775,42;EUR;C04-Andrés
F2024-000389;1;15/05/2024;CLI0056;S15;4,00;87,96;5;334,25;EUR;C05-Rocío
F2024-000389;2;15/05/2024;CLI0056;S10;387,24;8,42;0;3260,56;EUR;C04-Andrés
F2024-000389;3;15/05/2024;CLI0056;S10;366,88;8,58;0;3147,83;EUR;C04-Andrés
F2024-000390;1;24/07/2024;CLI0341;S05;361,18;3,30;0;1191,89;EUR;C05-Rocío
F2024-000390;2;24/07/2024;CLI0341;S06;1508,35;1,13;0;1704,44;EUR;C05-Rocío
F2024-000390;3;24/07/2024;CLI0341;S06;726,44;1,11;0;806,35;EUR;C04-Andrés
F2024-000390;4;24/07/2024;CLI0341;S06;1931,74;1,08;0;2086,28;EUR;C05-Rocío
F2024-000391;1;23/01/2024;CLI0350;S05;185,66;3,29;5;580,28;EUR;C03-Lucía
F2024-000391;2;23/01/2024;CLI0350;S15;1,00;84,87;0;84,87;EUR;C02-Javier
F2024-000391;3;23/01/2024;CLI0350;S13;1,00;626,44;15;532,47;EUR;C05-Rocío
F2024-000391;4;23/01/2024;CLI0350;S06;1390,99;1,12;0;1557,91;EUR;C02-Javier
F2024-000392;1;20/09/2024;CLI0095;S15;3,00;84,89;15;216,47;EUR;C03-Lucía
F2024-000393;1;09/07/2024;CLI0151;S10;402,91;8,39;0;3380,41;EUR;C01-Marta
F2024-000393;2;09/07/2024;CLI0151;S13;1,00;651,76;0;651,76;EUR;C02-Javier
F2024-000393;3;09/07/2024;CLI0151;S10;222,40;8,12;5;1715,59;EUR;C01-Marta
F2024-000394;1;27/09/2024;CLI0356;S10;76,98;8,76;0;674,34;EUR;C02-Javier
F2024-000394;2;27/09/2024;CLI0356;S10;1791,06;8,24;0;14758,33;EUR;C01-Marta
F2024-000394;3;27/09/2024;CLI0356;S10;3062,05;8,41;0;25751,84;EUR;C03-Lucía
F2024-000394;4;27/09/2024;CLI0356;S10;836,70;8,66;0;7245,82;EUR;C01-Marta
F2024-000395;1;08/12/2024;CLI0066;S09;252,05;43,43;0;10946,53;EUR;C05-Rocío
F2024-000396;1;13/05/2024;CLI0212;S13;1,00;618,05;0;618,05;EUR;C04-Andrés
F2024-000397;1;10/08/2024;CLI0072;S13;1,00;635,38;0;635,38;EUR;C03-Lucía
F2024-000397;2;10/08/2024;CLI0072;S05;426,83;3,04;0;1297,56;EUR;C02-Javier
F2024-000397;3;10/08/2024;CLI0072;S05;436,85;3,35;0;1463,45;EUR;C01-Marta
F2024-000397;4;10/08/2024;CLI0072;S14;11,00;207,69;0;2284,59;EUR;C04-Andrés
F2024-000398;1;21/08/2024;CLI0384;S14;3,00;205,07;0;615,21;EUR;C03-Lucía
F2024-000399;1;24/01/2024;CLI0207;S14;15,00;214,26;0;3213,90;EUR;C01-Marta
F2024-000399;2;24/01/2024;CLI0207;S10;218,93;8,87;5;1844,81;EUR;C01-Marta
F2024-000399;3;24/01/2024;CLI0207;S10;1025,80;8,72;5;8497,73;EUR;C05-Rocío
F2024-000399;4;24/01/2024;CLI0207;S10;264,70;8,70;0;2302,89;EUR;C03-Lucía
F2024-000400;1;28/05/2024;CLI0342;S13;1,00;668,00;0;668,00;EUR;C03-Lucía
F2024-000401;1;08/03/2024;CLI0211;S05;846,74;3,26;0;2760,37;EUR;C05-Rocío
F2024-000402;1;26/09/2024;CLI0095;S09;190,73;40,47;0;7718,84;EUR;C03-Lucía
F2024-000402;2;26/09/2024;CLI0095;S14;16,00;204,47;15;2780,79;EUR;C01-Marta
F2024-000402;3;26/09/2024;CLI0095;S09;99,43;41,78;0;4154,19;EUR;C04-Andrés
F2024-000403;1;23/01/2024;CLI0296;S05;462,78;3,10;15;1219,43;EUR;C01-Marta
F2024-000403;2;23/01/2024;CLI0296;S13;1,00;680,72;0;680,72;EUR;C02-Javier
F2024-000403;3;23/01/2024;CLI0296;S15;1,00;85,18;0;85,18;EUR;C04-Andrés
F2024-000403;4;23/01/2024;CLI0296;S13;1,00;650,41;10;585,37;EUR;C04-Andrés
F2024-000404;1;25/01/2024;CLI0196;S07;140,15;1,57;0;220,04;EUR;C05-Rocío
F2024-000404;2;25/01/2024;CLI0196;S15;2,00;86,94;0;173,88;EUR;C02-Javier
F2024-000404;3;25/01/2024;CLI0196;S07;238,61;1,68;0;400,86;EUR;C04-Andrés
F2024-000404;4;25/01/2024;CLI0196;S08;1259,54;2,28;0;2871,75;EUR;C04-Andrés
F2024-000405;1;17/09/2024;CLI0017;S15;3,00;81,14;5;231,25;EUR;C05-Rocío
F2024-000405;2;17/09/2024;CLI0017;S15;3,00;80,77;15;205,96;EUR;C02-Javier
F2024-000405;3;17/09/2024;CLI0017;S13;1,00;672,99;15;572,04;EUR;C02-Javier
F2024-000405;4;17/09/2024;CLI0017;S15;3,00;85,98;0;257,94;EUR;C03-Lucía
F2024-000406;1;07/08/2024;CLI0095;S14;6,00;214,89;10;1160,41;EUR;C01-Marta
F2024-000406;2;07/08/2024;CLI0095;S09;225,23;40,43;10;8195,44;EUR;C01-Marta
F2024-000406;3;07/08/2024;CLI0095;S09;75,72;40,90;0;3096,95;EUR;C01-Marta
F2024-000406;4;07/08/2024;cli0095;S09;233,30;43,22;10;9074,90;EUR;C02-Javier
F2024-000407;1;26/06/2024;CLI0158;S09;227,37;41,50;5;8964,06;EUR;C01-Marta
F2024-000408;1;17/06/2024;CLI0302;S10;468,32;8,75;5;3892,91;EUR;C03-Lucía
F2024-000408;2;17/06/2024;CLI0302;S10;37,29;8,57;0;319,58;EUR;C05-Rocío
F2024-000408;3;17/06/2024;CLI0302;S10;337,26;8,91;5;2854,74;EUR;C04-Andrés
F2024-000408;4;17/06/2024;CLI0302;S10;453,46;8,40;0;3809,06;EUR;C01-Marta
F2024-000409;1;23/01/2024;CLI0341;S05;1291,50;3,16;0;4081,14;EUR;C02-Javier
F2024-000409;2;23/01/2024;CLI0341;S14;10,00;201,64;0;2016,40;EUR;C02-Javier
F2024-000410;1;22/04/2024;CLI0004;S15;3,00;81,14;0;243,42;EUR;C02-Javier
F2024-000410;2;22/04/2024;CLI0004;S14;13,00;204,23;0;2654,99;EUR;C05-Rocío
F2024-000410;3;22/04/2024;CLI0004;S09;16,82;40,62;5;649,07;EUR;C05-Rocío
F2024-000410;4;22/04/2024;CLI0004;S09;228,98;43,43;0;9944,60;EUR;C02-Javier
F2024-000411;1;28/07/2024;CLI0341;S06;679,11;1,10;0;747,02;EUR;C01-Marta
F2024-000411;2;28/07/2024;CLI0341;S05;437,35;3,13;5;1300,46;EUR;C04-Andrés
F2024-000412;1;13/09/2024;CLI0338;S09;203,84;43,45;0;8856,85;EUR;C05-Rocío
F2024-000412;2;13/09/2024;CLI0338;S09;52,67;40,39;0;2127,34;EUR;C05-Rocío
F2024-000412;3;13/09/2024;CLI0338;S09;109,99;41,85;0;4603,08;EUR;C04-Andrés
F2024-000413;1;05/07/2024;CLI0243;S05;86,81;3,35;0;290,81;EUR;C02-Javier
F2024-000413;2;05/07/2024;CLI0243;S05;518,38;3,17;5;1561,10;EUR;C03-Lucía
F2024-000413;3;05/07/2024;CLI0243;S06;359,15;1,11;0;398,66;EUR;C05-Rocío
F2024-000413;4;05/07/2024;CLI0243;S06;972,40;1,09;0;1059,92;EUR;C05-Rocío
F2024-000414;1;14/07/2024;CLI0274;S08;748,74;2,43;10;1637,49;EUR;C01-Marta
F2024-000415;1;27/04/2024;CLI0010;S01;262,94;92,78;5;23175,79;EUR;C01-Marta
F2024-000415;2;27/04/2024;CLI0010;S01;276,11;91,75;0;25333,09;EUR;C02-Javier
F2024-000415;3;27/04/2024;CLI0010;S14;9,00;204,67;0;1842,03;EUR;C04-Andrés
F2024-000415;4;27/04/2024;CLI0010;S02;272,21;6,45;0;1755,75;EUR;C05-Rocío
F2024-000416;1;03/11/2024;CLI0232;S10;566,63;8,13;0;4606,70;EUR;C02-Javier
F2024-000416;2;03/11/2024;CLI0232;S10;1588,26;8,38;0;13309,62;EUR;C03-Lucía
F2024-000416;3;03/11/2024;CLI0232;S14;5,00;207,83;5;987,19;EUR;C03-Lucía
F2024-000417;1;06/08/2024;CLI0194;S11;34,24;28,31;0;969,42;USD;C01-Marta
F2024-000417;2;06/08/2024;CLI0194;S11;9,35;25,18;0;235,43;EUR;C04-Andrés
F2024-000417;3;06/08/2024;CLI0194;S01;54,55;106,51;10;5229,20;USD;C02-Javier
F2024-000418;1;19/07/2024;CLI0264;S08;1491,75;2,39;5;3387,02;EUR;C03-Lucía
F2024-000418;2;19/07/2024;CLI0264;S08;1114,97;2,29;0;2553,28;EUR;C01-Marta
F2024-000419;1;27/07/2024;CLI0380;S13;1,00;628,39;0;628,39;EUR;C04-Andrés
F2024-000419;2;27/07/2024;CLI0380;S14;14,00;209,65;0;2935,10;EUR;C01-Marta
F2024-000420;1;22/02/2024;CLI0230;S11;20,54;27,63;5;539,21;USD;C01-Marta
F2024-000420;2;22/02/2024;CLI0230;S11;38,22;25,80;0;986,08;EUR;C01-Marta
F2024-000420;3;22/02/2024;CLI0230;S01;174,42;98,42;15;14591,45;EUR;C04-Andrés
F2024-000421;1;23/12/2024;CLI0110;S07;393,81;1,62;5;606,07;EUR;C04-Andrés
F2024-000421;2;23/12/2024;CLI0110;S13;1,00;628,66;5;597,23;EUR;C02-Javier
F2024-000422;1;24/09/2024;CLI0180;S07;303,66;1,54;0;467,64;EUR;C04-Andrés
F2024-000422;2;24/09/2024;CLI0180;S15;1,00;82,16;0;82,16;EUR;C03-Lucía
F2024-000423;1;02/03/2024;CLI0366;S06;1113,85;1,15;0;1280,93;EUR;C02-Javier
F2024-000424;1;13/04/2024;CLI0400;S06;1045,30;1,05;0;1097,57;EUR;C03-Lucía
F2024-000424;2;13/04/2024;CLI0400;S13;1,00;659,34;15;560,44;EUR;C03-Lucía
F2024-000424;3;13/04/2024;CLI0400;S15;3,00;84,48;0;253,44;EUR;C01-Marta
F2024-000425;1;20/06/2024;CLI0148;S07;261,45;1,66;0;434,01;EUR;C05-Rocío
F2024-000425;2;20/06/2024;CLI0148;S07;81,77;1,68;5;130,50;EUR;C02-Javier
F2024-000426;1;26/10/2024;CLI0078;S14;13,00;211,80;0;2753,40;EUR;C02-Javier
F2024-000426;2;26/10/2024;CLI0078;S10;1606,67;8,82;0;14170,83;EUR;C05-Rocío
F2024-000427;1;11/11/2024;CLI0301;S07;1823,25;1,65;0;3008,36;EUR;C03-Lucía
F2024-000427;2;11/11/2024;CLI0301;S07;566,96;1,68;5;904,87;EUR;C05-Rocío
F2024-000428;1;09/11/2024;CLI0272;S09;111,92;42,21;0;4724,14;EUR;C02-Javier
F2024-000429;1;20/06/2024;CLI0366;S06;1768,79;1,15;10;1830,70;EUR;C01-Marta
F2024-000429;2;20/06/2024;CLI0366;S06;222,51;1,09;0;242,54;EUR;C01-Marta
F2024-000429;3;20/06/2024;CLI0366;S05;883,58;3,19;0;2818,62;EUR;C03-Lucía
F2024-000429;4;20/06/2024;CLI0366;S05;326,82;3,34;0;1091,58;EUR;C03-Lucía
F2024-000430;1;03/01/2024;CLI0095;S14;11,00;205,03;0;2255,33;EUR;C03-Lucía
F2024-000430;2;03/01/2024;CLI0095;S09;86,78;40,43;10;3157,66;EUR;C02-Javier
F2024-000430;3;03/01/2024;CLI0095;S15;4,00;81,35;0;325,40;EUR;C01-Marta
F2024-000430;4;03/01/2024;CLI0095;S15;1,00;85,39;0;85,39;EUR;C04-Andrés
F2024-000431;1;03/02/2024;CLI0289;S03;16,12;38,32;0;617,72;EUR;C02-Javier
F2024-000431;2;03/02/2024;CLI0289;S12;3,00;129,22;0;387,65;USD;C03-Lucía
F2024-000431;3;03/02/2024;CLI0289;S12;4,00;125,57;0;502,28;EUR;C02-Javier
F2024-000432;1;19/11/2024;CLI0089;S13;1,00;617,62;0;617,62;EUR;C02-Javier
F2024-000432;2;19/11/2024;CLI0089;S06;1958,47;1,09;15;1814,52;EUR;C03-Lucía
F2024-000433;1;05/05/2024;CLI0101;S10;220,69;9,56;10;1898,98;USD;C02-Javier
F2024-000434;1;17/07/2024;CLI0138;S14;15,00;201,78;0;3026,70;EUR;C05-Rocío
F2024-000435;1;05/10/2024;CLI0247;S15;1,00;82,24;0;82,24;EUR;C02-Javier
F2024-000435;2;05/10/2024;CLI0247;S10;397,12;8,74;10;3123,75;EUR;C03-Lucía
F2024-000435;3;05/10/2024;CLI0247;S10;141,01;8,45;5;1131,96;EUR;C05-Rocío
F2024-000435;4;05/10/2024;CLI0247;S10;233,62;8,85;0;2067,54;EUR;C05-Rocío
F2024-000436;1;17/06/2024;CLI0276;S11;59,36;25,34;0;1504,18;EUR;C03-Lucía
F2024-000436;2;17/06/2024;CLI0276;S02;381,31;6,25;0;2383,19;EUR;C02-Javier
F2024-000437;1;02/12/2024;CLI0302;S10;105,93;8,27;5;832,24;EUR;C05-Rocío
F2024-000437;2;02/12/2024;CLI0302;S13;1,00;666,58;0;666,58;EUR;C03-Lucía
F2024-000437;3;02/12/2024;CLI0302;S10;2169,89;8,21;5;16924,06;EUR;C05-Rocío
F2024-000437;4;02/12/2024;CLI0302;S10;1070,86;8,16;0;8738,22;EUR;C04-Andrés
F2024-000438;1;02/04/2024;CLI0144;S11;167,29;24,05;0;4023,32;EUR;C04-Andrés
F2024-000438;2;02/04/2024;CLI0144;S02;1049,81;6,76;0;7096,72;EUR;C01-Marta
F2024-000438;3;02/04/2024;CLI0144;S01;40,76;97,14;5;3761,46;EUR;C02-Javier
F2024-000438;4;02/04/2024;CLI0144;S11;45,83;25,47;0;1167,29;EUR;C05-Rocío
F2024-000439;1;21/04/2024;CLI0366;S06;2994,80;1,11;10;2991,81;EUR;C04-Andrés
F2024-000439;2;21/04/2024;CLI0366;S06;1730,80;1,10;0;1903,88;EUR;C05-Rocío
F2024-000439;3;21/04/2024;CLI0366;S06;4694,20;1,06;0;4975,85;EUR;C04-Andrés
F2024-000439;4;21/04/2024;CLI0366;S06;1634,88;1,10;0;1798,37;EUR;C01-Marta
F2024-000440;1;02/02/2024;CLI0212;S12;2,00;118,93;0;237,86;EUR;C05-Rocío
F2024-000440;2;02/02/2024;CLI0212;S03;23,61;38,17;0;901,19;EUR;C03-Lucía
F2024-000440;3;02/02/2024;CLI0212;S04;310,81;13,90;5;4104,25;EUR;C04-Andrés
F2024-000440;4;02/02/2024;CLI0212;S04;457,35;14,38;0;6576,69;EUR;C03-Lucía
F2024-000441;1;14/09/2024;CLI0174;S07;283,55;1,65;0;467,86;EUR;C03-Lucía
F2024-000442;1;20/10/2024;CLI0095;S09;146,37;40,16;0;5878,22;EUR;C05-Rocío
F2024-000442;2;20/10/2024;CLI0095;S15;3,00;82,18;10;221,89;EUR;C01-Marta
F2024-000442;3;20/10/2024;CLI0095;S09;52,39;43,48;5;2164,02;EUR;C01-Marta
F2024-000443;1;13/10/2024;CLI0207;S10;603,81;8,71;0;5259,19;EUR;C02-Javier
F2024-000443;2;13/10/2024;CLI0207;S10;968,56;8,78;0;8503,96;EUR;C04-Andrés
F2024-000444;1;19/02/2024;CLI0114;S13;1,00;622,65;0;622,65;EUR;C05-Rocío
F2024-000444;2;19/02/2024;CLI0114;S09;80,41;42,01;0;3378,02;EUR;C04-Andrés
F2024-000444;3;19/02/2024;CLI0114;S09;45,78;40,04;0;1833,03;EUR;C02-Javier
F2024-000445;1;01/10/2024;CLI0046;S05;741,08;3,18;0;2356,63;EUR;C02-Javier
F2024-000445;2;01/10/2024;CLI0046;S05;90,18;3,25;0;293,09;EUR;C03-Lucía
F2024-000446;1;05/01/2024;CLI0052;S14;5,00;213,11;0;1065,55;EUR;C05-Rocío
F2024-000447;1;09/11/2024;CLI0313;S15;4,00;84,13;0;336,52;EUR;C03-Lucía
F2024-000447;2;09/11/2024;CLI0313;S10;184,73;8,60;0;1588,68;EUR;C02-Javier
F2024-000447;3;09/11/2024;CLI0313;S10;259,33;8,43;5;2076,84;EUR;C02-Javier
F2024-000448;1;01/07/2024;CLI0056;S10;487,73;8,11;0;3955,49;EUR;C04-Andrés
F2024-000448;2;01/07/2024;CLI0056;S10;135,41;8,76;0;1186,19;EUR;C04-Andrés
F2024-000449;1;08/11/2024;CLI0154;S14;11,00;203,83;0;2242,13;EUR;C05-Rocío
F2024-000449;2;08/11/2024;CLI0154;S13;1,00;673,32;0;673,32;EUR;C04-Andrés
F2024-000449;2;08/11/2024;CLI0154;S13;1,00;673,32;0;673,32;EUR;C04-Andrés
F2024-000449;3;08/11/2024;CLI0154;S10;801,78;8,17;0;6550,54;EUR;C04-Andrés
F2024-000450;1;10/01/2024;CLI0051;S15;2,00;81,42;0;162,84;EUR;C02-Javier
F2024-000450;2;10/01/2024;CLI0051;S06;3651,73;1,06;0;3870,83;EUR;C04-Andrés
F2024-000450;3;10/01/2024;CLI0051;S13;1,00;669,23;5;635,77;EUR;C02-Javier
F2024-000451;1;10/07/2024;CLI0058;S08;6453,21;2,29;0;14777,85;EUR;C01-Marta
F2024-000451;2;10/07/2024;CLI0058;S08;1467,14;2,45;0;3594,49;EUR;C01-Marta
F2024-000451;3;10/07/2024;CLI0058;S07;1845,89;1,60;0;2953,42;EUR;C03-Lucía
F2024-000452;1;01/11/2024;CLI0054;S07;333,77;1,59;0;530,69;EUR;C04-Andrés
F2024-000453;1;20/06/2024;CLI0053;S08;1553,45;2,30;5;3394,29;EUR;C02-Javier
F2024-000453;2;20/06/2024;CLI0053;S07;744,41;1,52;0;1131,50;EUR;C03-Lucía
F2024-000453;3;20/06/2024;CLI0053;S08;976,02;2,39;15;1982,78;EUR;C04-Andrés
F2024-000454;1;21/04/2024;CLI0201;S11;34,04;25,51;0;868,36;EUR;C04-Andrés
F2024-000454;2;2024-04-21;CLI0201;S02;503,99;6,80;15;2913,06;EUR;C03-Lucía
F2024-000454;3;21/04/2024;CLI0201;S02;1881,26;6,72;0;12642,07;EUR;C04-Andrés
F2024-000455;1;15/02/2024;CLI0383;S09;359,58;40,52;0;14570,18;EUR;C05-Rocío
F2024-000455;2;15/02/2024;CLI0383;S09;207,95;40,85;0;8494,76;EUR;C04-Andrés
F2024-000455;3;15/02/2024;CLI0383;S14;14,00;213,42;0;2987,88;EUR;C03-Lucía
F2024-000455;4;15/02/2024;CLI0383;S09;71,74;40,18;0;2882,51;EUR;C05-Rocío
F2024-000456;1;15/11/2024;CLI0312;S08;4724,69;2,49;0;11764,48;EUR;C04-Andrés
F2024-000457;1;21/05/2024;CLI0138;S09;250,99;42,28;0;10611,86;EUR;C02-Javier
F2024-000457;2;21/05/2024;CLI0138;S15;2,00;82,74;0;165,48;EUR;C05-Rocío
F2024-000457;3;21/05/2024;CLI0138;S09;194,64;42,78;0;8326,70;EUR;C05-Rocío
F2024-000457;4;21/05/2024;CLI0138;S09;351,92;40,42;0;14224,61;EUR;C03-Lucía
F2024-000458;1;25/03/2024;CLI0114;S09;127,68;40,67;0;5192,75;EUR;C05-Rocío
F2024-000458;2;25/03/2024;CLI0114;S09;98,94;40,10;0;3967,49;EUR;C03-Lucía
F2024-000458;3;25/03/2024;CLI0114;S09;82,05;41,77;0;;EUR;C04-Andrés
F2024-000458;4;25/03/2024;CLI0114;S09;344,43;41,00;0;14121,63;EUR;C04-Andrés
F2024-000459;1;19/10/2024;CLI0399;S10;66,47;8,12;5;512,75;EUR;C05-Rocío
F2024-000459;2;19/10/2024;CLI0399;S15;1,00;84,06;0;84,06;EUR;C03-Lucía
F2024-000459;3;19/10/2024;CLI0399;S10;183,66;8,73;0;1603,35;EUR;C03-Lucía
F2024-000459;4;19/10/2024;CLI0399;S10;17,84;8,24;0;147,00;EUR;C05-Rocío
F2024-000460;1;02/07/2024;CLI0138;S13;1,00;645,94;0;645,94;EUR;C01-Marta
F2024-000460;2;02/07/2024;CLI0138;S09;120,00;43,33;0;5199,60;EUR;C05-Rocío
F2024-000460;3;02/07/2024;CLI0138;S09;86,64;42,12;0;3649,28;EUR;C03-Lucía
F2024-000461;1;28/04/2024;CLI0078;S10;758,18;8,10;5;5834,20;EUR;C04-Andrés
F2024-000461;2;28/04/2024;CLI0078;S10;115,06;8,39;5;917,09;EUR;C02-Javier
F2024-000462;1;16/03/2024;CLI0325;S13;1,00;659,31;0;659,31;EUR;C02-Javier
F2024-000462;2;16/03/2024;CLI0325;S02;301,20;6,73;5;1925,72;EUR;C04-Andrés
F2024-000463;1;11/11/2024;CLI0370;S05;70,24;3,08;5;205,52;EUR;C01-Marta
F2024-000463;2;11/11/2024;CLI0370;S05;394,06;3,09;0;1217,65;EUR;C01-Marta
F2024-000464;1;01/02/2024;CLI0101;S10;403,18;9,17;0;3697,34;USD;C04-Andrés
F2024-000464;2;01/02/2024;CLI0101;S10;154,76;8,88;5;1305,56;EUR;C05-Rocío
F2024-000464;3;01/02/2024;CLI0101;S10;149,65;8,37;0;1252,57;EUR;C01-Marta
F2024-000465;1;28/03/2024;CLI0183;S04;14,53;14,50;0;210,69;EUR;C04-Andrés
F2024-000465;2;28/03/2024;CLI0183;S15;3,00;85,84;0;257,52;EUR;C05-Rocío
F2024-000466;1;01/05/2024;CLI0201;S11;24,00;24,00;0;576,00;EUR;C01-Marta
F2024-000466;2;01/05/2024;CLI0201;S01;40,13;95,79;0;3844,05;EUR;C03-Lucía
F2024-000467;1;10/11/2024;CLI0191;S11;20,74;25,28;0;524,31;EUR;C03-Lucía
F2024-000468;1;08/05/2024;CLI0276;S13;1,00;644,30;0;644,30;EUR;C01-Marta
F2024-000468;2;08/05/2024;CLI0276;S02;779,64;6,33;0;4935,12;EUR;C02-Javier
F2024-000468;3;08/05/2024;CLI0276;S02;375,54;6,37;0;2392,19;EUR;C03-Lucía
F2024-000469;1;07/02/2024;CLI0077;S07;456,89;1,71;0;779,28;USD;C01-Marta
F2024-000469;2;07/02/2024;CLI0077;S08;482,24;2,72;5;1248,19;USD;C04-Andrés
F2024-000469;3;07/02/2024;CLI0077;S08;3288,67;2,75;5;8581,36;USD;C01-Marta
F2024-000470;1;27/08/2024;CLI0194;S01;50,65;105,11;5;5057,52;USD;C02-Javier
F2024-000471;1;04/04/2024;CLI0212;S12;4,00;119,36;0;477,44;EUR;C03-Lucía
F2024-000471;2;04/04/2024;CLI0212;S03;17,77;37,43;0;665,13;EUR;C03-Lucía
F2024-000472;1;12/10/2024;CLI0339;S08;3833,24;2,37;5;8630,54;EUR;C02-Javier
F2024-000472;2;12/10/2024;CLI0339;S07;1099,00;1,60;5;1670,48;EUR;C02-Javier
F2024-000472;3;12/10/2024;CLI0339;S08;880,53;2,31;0;2034,02;EUR;C01-Marta
F2024-000472;4;12/10/2024;CLI0339;S15;1,00;81,82;0;81,82;EUR;C02-Javier
F2024-000473;1;18/09/2024;CLI0370;S06;1123,55;1,07;0;1202,20;EUR;C04-Andrés
F2024-000473;2;18/09/2024;CLI0370;S06;2492,94;1,10;0;2742,23;EUR;C05-Rocío
F2024-000474;1;03/06/2024;CLI0056;S10;479,78;8,81;0;4226,86;EUR;C01-Marta
F2024-000474;2;03/06/2024;CLI0056;S10;1534,73;8,65;5;12611,64;EUR;C05-Rocío
F2024-000474;3;03/06/2024;CLI0056;S10;546,89;8,36;5;4343,40;EUR;C02-Javier
F2024-000475;1;21/01/2024;CLI0286;S14;14,00;214,07;5;2847,13;EUR;C04-Andrés
F2024-000475;2;21/01/2024;CLI0286;S13;1,00;643,86;15;547,28;EUR;C02-Javier
F2024-000476;1;01/03/2024;CLI0297;S10;117,60;8,28;0;973,73;EUR;C03-Lucía
F2024-000476;2;01/03/2024;CLI0297;S15;3,00;82,89;0;248,67;EUR;C03-Lucía
F2024-000476;3;01/03/2024;CLI0297;S10;646,99;8,38;0;5421,78;EUR;C05-Rocío
F2024-000477;1;22/12/2024;CLI0094;S08;414,94;2,43;0;1008,30;EUR;C02-Javier
F2024-000477;2;22/12/2024;CLI0094;S14;5,00;204,58;0;1022,90;EUR;C04-Andrés
F2024-000477;3;22/12/2024;CLI0094;S15;3,00;86,94;0;260,82;EUR;C01-Marta
F2024-000477;4;22/12/2024;CLI0094;S07;898,40;1,61;0;1446,42;EUR;C03-Lucía
F2024-000478;1;17/04/2024;CLI0225;S13;1,00;625,74;5;594,45;EUR;C02-Javier
F2024-000478;2;17/04/2024;CLI0225;S05;762,91;3,24;0;2471,83;EUR;C02-Javier
F2024-000479;1;27/11/2024;CLI0044;S07;689,67;1,67;0;1151,75;EUR;C02-Javier
F2024-000479;2;27/11/2024;CLI0044;S15;2,00;85,35;0;170,70;EUR;C02-Javier
F2024-000480;1;19/05/2024;CLI0212;S03;48,62;39,08;0;1900,07;EUR;C02-Javier
F2024-000480;2;19/05/2024;CLI0212;S04;190,06;14,05;0;2670,34;EUR;C01-Marta
F2024-000481;1;26/07/2024;CLI0136;S14;2,00;206,39;5;392,14;EUR;C02-Javier
F2024-000481;2;26/07/2024;CLI0136;S01;48,46;90,92;0;4405,98;EUR;C03-Lucía
F2024-000481;3;26/07/2024;CLI0136;S01;240,06;98,26;0;23588,30;EUR;C03-Lucía
F2024-000482;1;11/02/2024;CLI0371;S10;1272,98;8,23;0;10476,63;EUR;C03-Lucía
F2024-000482;2;11/02/2024;CLI0371;S14;15,00;210,39;0;3155,85;EUR;C03-Lucía
F2024-000482;3;11/02/2024;CLI0371;S10;522,92;8,79;0;4596,47;EUR;C04-Andrés
F2024-000483;1;17/12/2024;CLI0051;S15;3,00;87,73;0;263,19;EUR;C01-Marta
F2024-000483;2;17/12/2024;CLI0051;S14;16,00;199,78;0;3196,48;EUR;C03-Lucía
F2024-000484;1;18/12/2024;CLI0142;S06;2538,63;1,06;15;2287,31;EUR;C02-Javier
F2024-000485;1;10/03/2024;CLI0096;S07;263,77;1,55;5;388,40;EUR;C03-Lucía
F2024-000485;2;10/03/2024;CLI0096;S08;504,41;2,39;0;1205,54;EUR;C04-Andrés
F2024-000485;3;10/03/2024;CLI0096;S07;62,69;1,67;0;104,69;EUR;C02-Javier
F2024-000485;4;10/03/2024;CLI0096;S08;2334,40;2,35;5;5211,55;EUR;C01-Marta
F2024-000486;1;10/03/2024;CLI0250;S07;181,92;1,59;0;289,25;EUR;C05-Rocío
F2024-000486;2;10/03/2024;CLI0250;S08;439,62;2,73;0;1201,10;USD;C02-Javier
F2024-000486;3;10/03/2024;CLI0250;S07;338,15;1,83;0;619,67;USD;C04-Andrés
F2024-000487;1;11/07/2024;CLI0095;S14;5,00;207,00;0;1035,00;EUR;C05-Rocío
F2024-000487;2;11/07/2024;CLI0095;S09;68,16;43,51;5;2817,36;EUR;C03-Lucía
F2024-000487;3;11/07/2024;CLI0095;S13;1,00;644,16;10;579,74;EUR;C03-Lucía
F2024-000487;4;11/07/2024;CLI0095;S13;1,00;665,07;0;665,07;EUR;C03-Lucía
F2024-000488;1;07/12/2024;CLI0207;S10;776,32;8,35;0;6482,27;EUR;C01-Marta
F2024-000489;1;04/01/2024;CLI0114;S09;68,55;40,90;0;2803,69;EUR;C03-Lucía
F2024-000490;1;23/01/2024;CLI0158;S15;1,00;86,52;0;86,52;EUR;C01-Marta
F2024-000490;2;23/01/2024;CLI0158;S09;120,29;40,51;5;4629,30;EUR;C04-Andrés
F2024-000490;3;23/01/2024;CLI0158;S13;1,00;668,10;0;668,10;EUR;C03-Lucía
F2024-000490;4;23/01/2024;CLI0158;S09;133,27;39,93;10;4789,32;EUR;C01-Marta
F2024-000491;1;10/06/2024;CLI0030;S01;96,90;95,14;5;8758,11;EUR;C01-Marta
F2024-000492;1;22/11/2024;CLI0287;S10;926,93;8,36;0;7749,13;EUR;C05-Rocío
F2024-000492;2;22/11/2024;CLI0287;S10;142,55;8,18;5;1107,76;EUR;C02-Javier
F2024-000492;3;22/11/2024;CLI0287;S15;1,00;83,26;0;83,26;EUR;C01-Marta
F2024-000492;4;22/11/2024;CLI0287;S15;3,00;81,46;0;244,38;EUR;C03-Lucía
F2024-000493;1;06/09/2024;CLI0300;S09;67,56;40,17;0;2713,89;EUR;C01-Marta
F2024-000493;2;06/09/2024;CLI0300;S09;115,49;43,46;5;4768,24;EUR;C05-Rocío
F2024-000493;3;06/09/2024;CLI0300;S09;76,79;43,76;0;3360,33;EUR;C03-Lucía
F2024-000494;1;25/08/2024;CLI0176;S06;1514,47;1,11;5;1597,01;EUR;C01-Marta
F2024-000494;2;25/08/2024;CLI0176;S05;913,25;3,20;0;2922,40;EUR;C03-Lucía
F2024-000494;3;25/08/2024;CLI0176;S06;509,21;1,11;0;;EUR;C02-Javier
F2024-000494;4;25/08/2024;CLI0176;S06;1951,24;1,09;0;2126,85;EUR;C04-Andrés
F2024-000495;1;02/08/2024;CLI0225;S06;2194,83;1,11;10;2192,64;EUR;C04-Andrés
F2024-000495;2;02/08/2024;CLI0225;S06;979,35;1,07;15;890,72;EUR;C04-Andrés
F2024-000496;1;01/11/2024;CLI0301;S07;280,41;1,66;0;465,48;EUR;C01-Marta
F2024-000496;2;01/11/2024;CLI0301;S08;821,65;2,50;0;2054,12;EUR;C03-Lucía
F2024-000496;3;01/11/2024;CLI0301;S08;1107,80;2,40;0;2658,72;EUR;C05-Rocío
F2024-000496;4;01/11/2024;CLI0301;S15;1,00;87,90;0;87,90;EUR;C05-Rocío
F2024-000497;1;27/05/2024;CLI0257;S14;16,00;200,05;5;3040,76;EUR;C05-Rocío
F2024-000498;1;08/12/2024;CLI0193;S08;882,46;2,47;5;2070,69;EUR;C04-Andrés
F2024-000498;2;08/12/2024;CLI0193;S07;427,74;1,56;5;633,91;EUR;C03-Lucía
F2024-000499;1;03/03/2024;CLI0113;S09;164,76;40,96;0;6748,57;EUR;C01-Marta
F2024-000499;2;03/03/2024;CLI0113;S09;86,37;41,22;5;3382,16;EUR;C03-Lucía
F2024-000499;3;03/03/2024;CLI0113;S14;8,00;216,93;0;1735,44;EUR;C02-Javier
F2024-000499;4;03/03/2024;CLI0113;S14;2,00;219,33;0;438,66;EUR;C05-Rocío
F2024-000500;1;24/10/2024;CLI0325;S01;72,86;94,24;0;6866,33;EUR;C01-Marta
F2024-000501;1;09/10/2024;CLI0095;S09;175,73;40,67;0;7146,94;EUR;C04-Andrés
F2024-000501;2;09/10/2024;CLI0095;S09;134,55;43,73;15;5001,29;EUR;C03-Lucía
F2024-000501;3;09/10/2024;CLI0095;S09;122,43;40,36;5;4694,21;EUR;C03-Lucía
F2024-000502;1;14/07/2024;CLI0356;S10;236,70;8,14;10;1734,06;EUR;C05-Rocío
F2024-000502;2;14/07/2024;CLI0356;S10;491,27;8,84;10;3908,54;EUR;C04-Andrés
F2024-000503;1;08/07/2024;CLI0037;S09;55,15;44,08;0;2431,01;EUR;C04-Andrés
F2024-000503;2;08/07/2024;CLI0037;S09;54,24;40,16;5;2069,36;EUR;C02-Javier
F2024-000503;3;08/07/2024;CLI0037;S15;4,00;85,04;0;340,16;EUR;C01-Marta
F2024-000503;4;08/07/2024;CLI0037;S09;144,61;43,88;0;6345,49;EUR;C03-Lucía
F2024-000504;1;22/12/2024;CLI0230;S13;1,00;774,97;0;774,97;USD;C04-Andrés
F2024-000505;1;15/03/2024;CLI0400;S06;1520,17;1,14;0;1732,99;EUR;C03-Lucía
F2024-000505;2;15/03/2024;CLI0400;S14;3,00;218,36;0;655,08;EUR;C01-Marta
F2024-000505;3;15/03/2024;CLI0400;S06;1488,66;1,09;0;1622,64;EUR;C02-Javier
F2024-000506;1;11/01/2024;CLI0174;S07;252,27;1,64;0;413,72;EUR;C04-Andrés
F2024-000506;2;11/01/2024;CLI0174;S07;39,16;1,56;0;61,09;EUR;C01-Marta
F2024-000506;3;11/01/2024;CLI0174;S08;2560,72;2,30;0;5889,66;EUR;C01-Marta
F2024-000507;1;12/04/2024;CLI0370;S14;8,00;218,64;10;1574,21;EUR;C02-Javier
F2024-000507;2;12/04/2024;CLI0370;S14;14,00;217,44;15;2587,54;EUR;C04-Andrés
F2024-000507;3;12/04/2024;CLI0370;S06;1557,45;1,11;0;1728,77;EUR;C04-Andrés
F2024-000508;1;20/07/2024;CLI0094;S08;1816,77;2,43;0;4414,75;EUR;C02-Javier
F2024-000508;2;20/07/2024;CLI0094;S07;393,75;1,66;0;653,62;EUR;C05-Rocío
F2024-000509;1;16/11/2024;CLI0368;S10;112,59;8,77;0;987,41;EUR;C01-Marta
F2024-000509;2;16/11/2024;CLI0368;S10;944,71;8,08;0;7633,26;EUR;C02-Javier
F2024-000510;1;14/09/2024;CLI0207;S10;713,62;8,72;0;6222,77;EUR;C01-Marta
F2024-000510;2;14/09/2024;CLI0207;S10;462,71;8,38;5;3683,63;EUR;C01-Marta
F2024-000510;3;14/09/2024;CLI0207;S13;1,00;672,38;0;672,38;EUR;C01-Marta
F2024-000511;1;09/05/2024;CLI0201;S02;431,59;6,39;0;2757,86;EUR;C02-Javier
F2024-000511;2;09/05/2024;CLI0201;S01;133,23;95,83;10;11490,69;EUR;C03-Lucía
F2024-000511;3;09/05/2024;CLI0201;S01;163,82;94,48;15;13156,06;EUR;C01-Marta
F2024-000511;4;09/05/2024;CLI0201;S13;1,00;618,16;0;618,16;EUR;C05-Rocío
F2024-000512;1;24/05/2024;CLI0024;S05;500,12;3,34;5;1586,88;EUR;C04-Andrés
F2024-000512;2;24/05/2024;CLI0024;S05;986,01;3,21;0;3165,09;EUR;C01-Marta
F2024-000512;3;24/05/2024;CLI0024;S05;592,72;3,22;0;1908,56;EUR;C05-Rocío
F2024-000512;4;24/05/2024;CLI0024;S15;4,00;88,89;0;355,56;EUR;C03-Lucía
F2024-000513;1;17/01/2024;CLI0265;S11;78,55;24,28;0;1907,19;EUR;C01-Marta
F2024-000513;2;17/01/2024;CLI0265;S02;1098,15;6,19;0;6797,55;EUR;C04-Andrés
F2024-000514;1;08/08/2024;CLI0239;S15;4,00;88,39;0;353,56;EUR;C03-Lucía
F2024-000514;2;08/08/2024;CLI0239;S10;161,47;8,83;0;1425,78;EUR;C02-Javier
F2024-000514;3;08/08/2024;CLI0239;S10;278,51;8,58;0;2389,62;EUR;C04-Andrés
F2024-000514;4;08/08/2024;CLI0239;S10;118,51;8,77;5;987,37;EUR;C03-Lucía
F2024-000515;1;10/10/2024;CLI0065;S13;1,00;656,49;0;656,49;EUR;C05-Rocío
F2024-000515;2;10/10/2024;CLI0065;S05;459,70;3,17;5;1384,39;EUR;C04-Andrés
F2024-000516;1;05/10/2024;CLI0207;S13;1,00;659,14;5;626,18;EUR;C05-Rocío
F2024-000516;2;05/10/2024;CLI0207;S10;541,23;8,20;0;4438,09;EUR;C01-Marta
F2024-000516;3;05/10/2024;CLI0207;S10;2396,11;8,56;0;20510,70;EUR;C01-Marta
F2024-000517;1;09/03/2024;CLI0371;S10;485,62;8,27;5;3815,27;EUR;C05-Rocío
F2024-000517;2;09/03/2024;CLI0371;S10;47,96;8,84;5;402,77;EUR;C01-Marta
F2024-000517;3;09/03/2024;CLI0371;S13;1,00;654,55;0;654,55;EUR;C05-Rocío
F2024-000517;4;09/03/2024;CLI0371;S10;71,07;8,81;0;626,13;EUR;C04-Andrés
F2024-000518;1;14/06/2024;CLI0196;S07;609,42;1,54;0;938,51;EUR;C03-Lucía
F2024-000519;1;03/02/2024;CLI0337;S15;4,00;85,82;0;343,28;EUR;C05-Rocío
F2024-000519;2;03/02/2024;CLI0337;S07;251,73;1,58;5;377,85;EUR;C03-Lucía
F2024-000520;1;20/09/2024;CLI0095;S09;279,96;43,97;0;12309,84;EUR;C02-Javier
F2024-000520;2;20/09/2024;CLI0095;S09;97,11;41,84;5;3859,93;EUR;C02-Javier
F2024-000520;3;20/09/2024;CLI0095;S09;171,25;40,92;15;5956,42;EUR;C03-Lucía
F2024-000520;4;20/09/2024;CLI0095;S09;276,23;42,44;0;11723,20;EUR;C04-Andrés
F2024-000521;1;27/08/2024;CLI0373;S01;14,67;97,92;0;1436,49;EUR;C05-Rocío
F2024-000522;1;08/12/2024;CLI0089;S05;488,38;3,19;15;1324,24;EUR;C02-Javier
F2024-000522;2;08/12/2024;CLI0089;S05;447,85;3,16;0;1415,21;EUR;C04-Andrés
F2024-000523;1;04/03/2024;cli0158;S09;130,53;43,18;10;5072,66;EUR;C05-Rocío
F2024-000523;2;04/03/2024;CLI0158;S09;292,77;42,27;5;11756,62;EUR;C05-Rocío
F2024-000523;3;04/03/2024;CLI0158;S09;166,37;43,73;0;7275,36;EUR;C04-Andrés
F2024-000524;1;08/10/2024;CLI0017;S05;547,73;3,10;0;1697,96;EUR;C02-Javier
F2024-000524;2;08/10/2024;CLI0017;S05;1605,44;3,20;15;4366,80;EUR;C01-Marta
F2024-000524;3;08/10/2024;CLI0017;S05;831,14;3,33;0;2767,70;EUR;C01-Marta
F2024-000525;1;19/05/2024;CLI0103;S07;251,34;1,52;0;382,04;EUR;C03-Lucía
F2024-000525;2;19/05/2024;CLI0103;S07;136,32;1,55;0;211,30;EUR;C03-Lucía
F2024-000526;1;01/04/2024;CLI0394;S13;1,00;629,97;5;598,47;EUR;C04-Andrés
F2024-000526;2;01/04/2024;CLI0394;S06;1613,22;1,12;0;1806,81;EUR;C03-Lucía
F2024-000526;3;01/04/2024;CLI0394;S05;222,86;3,24;0;722,07;EUR;C02-Javier
F2024-000526;4;01/04/2024;CLI0394;S05;333,25;3,18;0;1059,74;EUR;C01-Marta
F2024-000527;1;08/07/2024;CLI0103;S07;235,23;1,52;0;357,55;EUR;C03-Lucía
F2024-000527;2;08/07/2024;CLI0103;S13;1,00;650,77;0;650,77;EUR;C01-Marta
F2024-000527;3;08/07/2024;CLI0103;S08;1708,74;2,39;0;4083,89;EUR;C01-Marta
F2024-000528;1;11/07/2024;CLI0290;S10;68,63;8,36;5;545,06;EUR;C03-Lucía
F2024-000528;2;11/07/2024;CLI0290;S10;277,84;8,66;5;2285,79;EUR;C02-Javier
F2024-000528;3;11/07/2024;CLI0290;S14;11,00;220,43;0;2424,73;EUR;C02-Javier
F2024-000529;1;22/10/2024;CLI0212;S12;4,00;119,07;5;452,47;EUR;C02-Javier
F2024-000530;1;08/01/2024;CLI0045;S05;159,93;3,13;0;500,58;EUR;C02-Javier
F2024-000530;2;08/01/2024;CLI0045;S05;250,33;3,22;0;806,06;EUR;C04-Andrés
F2024-000530;3;08/01/2024;CLI0045;S05;712,69;3,25;0;2316,24;EUR;C04-Andrés
F2024-000531;1;13/10/2024;CLI0158;S14;10,00;215,75;5;2049,62;EUR;C05-Rocío
F2024-000531;2;13/10/2024;CLI0158;S09;167,95;40,17;15;5734,57;EUR;C03-Lucía
F2024-000532;1;24/04/2024;CLI0370;S06;1579,20;1,11;0;1752,91;EUR;C01-Marta
F2024-000533;1;09/03/2024;CLI0247;S10;3686,11;8,08;0;29783,77;EUR;C05-Rocío
F2024-000534;1;24/05/2024;CLI0092;S06;618,10;1,14;0;704,63;EUR;C02-Javier
F2024-000534;2;24/05/2024;CLI0092;S15;4,00;83,02;0;332,08;EUR;C05-Rocío
F2024-000534;3;24/05/2024;CLI0092;S06;2160,79;1,11;0;2398,48;EUR;C05-Rocío
F2024-000534;4;24/05/2024;CLI0092;S05;76,55;3,28;0;251,08;EUR;C04-Andrés
F2024-000535;1;05/05/2024;CLI0005;S09;186,56;43,73;0;8158,27;EUR;C05-Rocío
F2024-000535;2;05/05/2024;CLI0005;S09;191,59;40,06;0;7675,10;EUR;C01-Marta
F2024-000536;1;15/01/2024;CLI0368;S10;406,74;8,58;0;3489,83;EUR;C04-Andrés
F2024-000536;2;15/01/2024;CLI0368;S10;799,24;8,58;0;6857,48;EUR;C01-Marta
F2024-000536;3;15/01/2024;CLI0368;S10;120,22;8,23;0;989,41;EUR;C03-Lucía
F2024-000536;4;15/01/2024;CLI0368;S10;310,18;8,65;0;2683,06;EUR;C03-Lucía
F2024-000537;1;04/01/2024;CLI0317;S10;739,09;8,26;0;6104,88;EUR;C05-Rocío
F2024-000537;2;04/01/2024;CLI0317;S10;300,38;8,92;0;2679,39;EUR;C05-Rocío
F2024-000538;1;11/11/2024;CLI0370;S13;1,00;620,75;5;589,71;EUR;C02-Javier
F2024-000538;2;11/11/2024;CLI0370;S06;759,18;1,15;5;829,40;EUR;C02-Javier
F2024-000538;3;11/11/2024;CLI0370;S06;1650,73;1,05;5;1646,60;EUR;C01-Marta
F2024-000538;4;11/11/2024;CLI0370;S05;814,79;3,25;15;2250,86;EUR;C01-Marta
F2024-000539;1;08/11/2024;CLI0094;S13;1,00;623,30;5;592,13;EUR;C02-Javier
F2024-000539;2;08/11/2024;CLI0094;S13;1,00;625,58;0;625,58;EUR;C03-Lucía
F2024-000540;1;28/01/2024;CLI0158;S13;1,00;660,72;0;660,72;EUR;C04-Andrés
F2024-000540;2;28/01/2024;CLI0158;S09;209,07;40,86;0;8542,60;EUR;C05-Rocío
F2024-000540;3;28/01/2024;CLI0158;S09;278,47;40,42;10;10130,18;EUR;C04-Andrés
F2024-000541;1;22/03/2024;CLI0078;S10;473,60;8,83;0;4181,89;EUR;C02-Javier
F2024-000541;2;22/03/2024;CLI0078;S10;148,01;8,51;0;1259,57;EUR;C03-Lucía
F2024-000541;3;22/03/2024;CLI0078;S10;862,78;8,52;0;7350,89;EUR;C03-Lucía
F2024-000541;4;22/03/2024;CLI0078;S15;4,00;81,93;0;327,72;EUR;C03-Lucía
F2024-000542;1;23/10/2024;CLI0095;S09;219,88;40,78;15;7621,70;EUR;C02-Javier
F2024-000542;2;23/10/2024;CLI0095;S09;141,21;40,80;0;5761,37;EUR;C05-Rocío
F2024-000542;3;23/10/2024;CLI0095;S09;168,67;43,64;0;7360,76;EUR;C05-Rocío
F2024-000543;1;23/12/2024;CLI0103;S14;13,00;218,24;5;2695,26;EUR;C05-Rocío
F2024-000544;1;09/10/2024;CLI0095;S09;75,38;40,42;15;2589,83;EUR;C04-Andrés
F2024-000544;2;09/10/2024;CLI0095;S09;122,70;41,86;0;5136,22;EUR;C04-Andrés
F2024-000544;3;09/10/2024;CLI0095;S09;57,53;42,25;0;2430,64;EUR;C01-Marta
F2024-000544;4;09/10/2024;CLI0095;S09;61,78;41,43;0;2559,55;EUR;C04-Andrés
F2024-000545;1;09/03/2024;CLI0029;S07;270,03;1,53;10;371,83;EUR;C03-Lucía
F2024-000545;2;09/03/2024;CLI0029;S07;875,62;1,56;5;1297,67;EUR;C02-Javier
F2024-000546;1;28/05/2024;CLI0034;S13;1,00;667,64;0;667,64;EUR;C05-Rocío
F2024-000546;2;28/05/2024;CLI0034;S09;36,81;42,71;0;1572,16;EUR;C02-Javier
F2024-000546;3;28/05/2024;CLI0034;S09;91,43;42,73;10;3516,12;EUR;C03-Lucía
F2024-000546;4;28/05/2024;CLI0034;S09;100,38;40,42;0;4057,36;EUR;C05-Rocío
F2024-000547;1;12/04/2024;CLI0070;S09;47,96;42,75;0;2050,29;EUR;C04-Andrés
F2024-000547;2;12/04/2024;CLI0070;S14;4,00;207,06;5;786,83;EUR;C04-Andrés
F2024-000547;3;12/04/2024;CLI0070;S09;68,97;42,41;0;2925,02;EUR;C02-Javier
F2024-000547;4;12/04/2024;CLI0070;S09;100,15;40,98;0;4104,15;EUR;C05-Rocío
F2024-000548;1;12/06/2024;CLI0078;S10;737,04;8,55;0;6301,69;EUR;C03-Lucía
F2024-000548;2;12/06/2024;CLI0078;S15;4,00;82,57;0;330,28;EUR;C03-Lucía
F2024-000548;3;12/06/2024;CLI0078;S10;1452,08;8,48;0;12313,64;EUR;C03-Lucía
F2024-000549;1;14/01/2024;CLI0273;S15;2,00;84,38;0;168,76;EUR;C05-Rocío
F2024-000549;2;14/01/2024;CLI0273;S14;11,00;204,61;0;2250,71;EUR;C03-Lucía
F2024-000550;1;17/11/2024;CLI0306;S02;355,76;6,56;15;1983,72;EUR;C04-Andrés
F2024-000551;1;13/07/2024;CLI0024;S14;7,00;217,99;0;1525,93;EUR;C01-Marta
F2024-000552;1;25/02/2024;CLI0082;S10;36,29;8,91;0;323,34;EUR;C01-Marta
F2024-000552;2;25/02/2024;CLI0082;S10;111,01;8,63;0;958,02;EUR;C04-Andrés
F2024-000552;3;25/02/2024;CLI0082;S10;308,24;8,71;0;2684,77;EUR;C04-Andrés
F2024-000552;4;25/02/2024;CLI0082;S10;386,58;8,27;5;3037,17;EUR;C03-Lucía
F2024-000553;1;16/01/2024;CLI0291;S10;160,03;8,90;10;1281,84;EUR;C05-Rocío
F2024-000554;1;06/02/2024;CLI0222;S11;72,41;24,02;0;1739,29;EUR;C05-Rocío
F2024-000554;2;06/02/2024;CLI0222;S14;14,00;213,32;0;2986,48;EUR;C02-Javier
F2024-000555;1;20/07/2024;CLI0010;S14;10,00;218,78;0;2187,80;EUR;C02-Javier
F2024-000555;2;20/07/2024;CLI0010;S11;15,81;24,68;0;390,19;EUR;C02-Javier
F2024-000555;3;20/07/2024;CLI0010;S01;83,07;92,33;5;7286,36;EUR;C03-Lucía
F2024-000556;1;14/04/2024;CLI0095;S09;125,52;43,14;0;5414,93;EUR;C03-Lucía
F2024-000556;2;14/04/2024;CLI0095;S09;76,63;42,37;0;3246,81;EUR;C02-Javier
F2024-000557;1;01/05/2024;CLI0094;S07;816,74;1,55;0;1265,95;EUR;C04-Andrés
F2024-000557;2;01/05/2024;CLI0094;S07;734,44;1,59;0;1167,76;EUR;C02-Javier
F2024-000557;3;01/05/2024;CLI0094;S07;17,69;1,60;0;28,30;EUR;C04-Andrés
F2024-000558;1;24/05/2024;CLI0298;S02;147,02;6,55;0;962,98;EUR;C03-Lucía
F2024-000559;1;20/10/2024;CLI0017;S05;169,75;3,15;5;507,98;EUR;C04-Andrés
F2024-000559;2;20/10/2024;CLI0017;S05;355,90;3,05;15;922,67;EUR;C04-Andrés
F2024-000560;1;25/10/2024;CLI0121;S09;78,52;43,58;0;3421,90;EUR;C03-Lucía
F2024-000560;2;25/10/2024;CLI0121;S09;167,96;40,23;0;6757,03;EUR;C01-Marta
F2024-000560;3;25/10/2024;CLI0121;S13;1,00;621,79;0;621,79;EUR;C01-Marta
F2024-000561;1;08/05/2024;CLI0054;S07;221,27;1,53;0;338,54;EUR;C05-Rocío
F2024-000561;2;08/05/2024;CLI0054;S07;120,58;1,54;5;176,41;EUR;C04-Andrés
F2024-000561;3;08/05/2024;CLI0054;S07;86,05;1,56;5;127,53;EUR;C02-Javier
F2024-000562;1;13/07/2024;CLI0221;S10;235,01;8,36;0;1964,68;EUR;C02-Javier
F2024-000562;2;13/07/2024;CLI0221;S15;4,00;87,32;0;349,28;EUR;C01-Marta
F2024-000562;3;13/07/2024;CLI0221;S10;179,59;8,92;0;1601,94;EUR;C01-Marta
F2024-000562;4;13/07/2024;CLI0221;S10;336,60;8,25;0;2776,95;EUR;C01-Marta
F2024-000563;1;05/12/2024;CLI0371;S10;196,67;8,74;0;1718,90;EUR;C05-Rocío
F2024-000564;1;27/07/2024;CLI0103;S15;3,00;89,03;5;253,74;EUR;C01-Marta
F2024-000564;2;27/07/2024;CLI0103;S07;160,41;1,59;0;255,05;EUR;C01-Marta
F2024-000564;3;27/07/2024;CLI0103;S08;587,94;2,31;0;1358,14;EUR;C04-Andrés
F2024-000564;4;27/07/2024;CLI0103;S07;117,96;1,66;0;195,81;EUR;C04-Andrés
F2024-000565;1;28/05/2024;CLI0078;S10;677,81;8,36;0;5666,49;EUR;C01-Marta
F2024-000566;1;17/12/2024;CLI0114;S09;322,28;42,28;5;12944,70;EUR;C01-Marta
F2024-000566;2;17/12/2024;CLI0114;S09;153,09;40,86;0;6255,26;EUR;C02-Javier
F2024-000566;3;17/12/2024;CLI0114;S09;60,20;43,54;0;2621,11;EUR;C02-Javier
F2024-000566;4;17/12/2024;CLI0114;S09;110,50;43,10;0;4762,55;EUR;C02-Javier
F2024-000567;1;16/01/2024;CLI0355;S02;231,03;7,11;0;1641,75;USD;C01-Marta
F2024-000567;2;16/01/2024;CLI0355;S01;77,02;103,66;0;7983,65;USD;C04-Andrés
F2024-000567;3;16/01/2024;CLI0355;S11;64,28;24,40;0;1568,43;EUR;C01-Marta
F2024-000567;4;16/01/2024;CLI0355;S01;453,31;98,92;0;44841,43;EUR;C03-Lucía
F2024-000568;1;06/07/2024;CLI0247;S10;111,80;8,20;5;870,92;EUR;C04-Andrés
F2024-000568;2;06/07/2024;CLI0247;S15;2,00;89,23;0;178,46;EUR;C05-Rocío
F2024-000569;1;22/11/2024;CLI0207;S10;109,30;8,28;0;905,00;EUR;C04-Andrés
F2024-000569;2;22/11/2024;CLI0207;S10;175,88;8,36;0;1470,36;EUR;C05-Rocío
F2024-000569;3;22/11/2024;CLI0207;S10;154,41;8,81;5;1292,33;EUR;C04-Andrés
F2024-000570;1;24/06/2024;CLI0034;S15;4,00;88,40;0;353,60;EUR;C03-Lucía
F2024-000570;2;24/06/2024;CLI0034;S13;1,00;618,34;0;618,34;EUR;C01-Marta
F2024-000571;1;04/11/2024;CLI0368;S10;192,90;8,36;0;1612,64;EUR;C01-Marta
F2024-000571;2;04/11/2024;CLI0368;S10;52,37;8,13;0;425,77;EUR;C04-Andrés
F2024-000571;3;04/11/2024;CLI0368;S15;1,00;85,19;0;85,19;EUR;C03-Lucía
F2024-000572;1;05/04/2024;CLI0125;S01;201,76;96,20;0;19409,31;EUR;C01-Marta
F2024-000572;2;05/04/2024;CLI0125;S15;2,00;85,46;0;170,92;EUR;C01-Marta
F2024-000573;1;04/10/2024;CLI0251;S06;2221,72;1,10;5;2321,70;EUR;C04-Andrés
F2024-000573;2;04/10/2024;CLI0251;S05;1304,11;3,16;0;4120,99;EUR;C04-Andrés
F2024-000573;3;04/10/2024;CLI0251;S05;64,60;3,25;5;199,45;EUR;C01-Marta
F2024-000573;4;04/10/2024;CLI0251;S06;3479,39;1,09;0;3792,54;EUR;C03-Lucía
F2024-000574;1;06/03/2024;cli0148;S08;3486,80;2,36;0;8228,85;EUR;C02-Javier
F2024-000574;2;06/03/2024;CLI0148;S15;4,00;88,93;0;355,72;EUR;C05-Rocío
F2024-000574;3;06/03/2024;CLI0148;S08;1494,88;2,43;0;3632,56;EUR;C01-Marta
F2024-000575;1;24/04/2024;CLI0095;S14;14,00;213,73;0;2992,22;EUR;C03-Lucía
F2024-000575;2;24/04/2024;CLI0095;S09;238,31;42,61;5;9646,67;EUR;C03-Lucía
F2024-000576;1;21/01/2024;CLI0114;S15;2,00;85,34;0;170,68;EUR;C05-Rocío
F2024-000576;2;21/01/2024;CLI0114;S09;115,15;40,00;0;4606,00;EUR;C02-Javier
F2024-000576;3;21/01/2024;CLI0114;S14;6,00;208,56;0;1251,36;EUR;C02-Javier
F2024-000577;1;05/10/2024;CLI0188;S15;1,00;81,63;0;81,63;EUR;C03-Lucía
F2024-000577;2;05/10/2024;CLI0188;S01;64,83;90,26;5;5558,98;EUR;C03-Lucía
F2024-000577;3;05/10/2024;CLI0188;S02;699,05;6,22;0;4348,09;EUR;C04-Andrés
F2024-000577;4;05/10/2024;CLI0188;S15;2,00;82,37;0;164,74;EUR;C01-Marta
F2024-000578;1;23/11/2024;CLI0336;S05;238,25;3,19;0;760,02;EUR;C02-Javier
F2024-000578;2;23/11/2024;CLI0336;S05;433,39;3,28;5;1350,44;EUR;C04-Andrés
F2024-000579;1;08/03/2024;CLI0162;S12;1,00;123,68;15;105,13;EUR;C03-Lucía
F2024-000580;1;16/11/2024;CLI0198;S15;1,00;82,98;5;78,83;EUR;C03-Lucía
F2024-000580;2;16/11/2024;CLI0198;S15;1,00;86,62;5;82,29;EUR;C04-Andrés
F2024-000581;1;12/09/2024;CLI0158;S09;159,40;40,05;15;5426,37;EUR;C05-Rocío
F2024-000581;1;12/09/2024;CLI0158;S09;159,40;40,05;15;5426,37;EUR;C05-Rocío
F2024-000582;1;13/04/2024;CLI0094;S15;4,00;81,40;0;325,60;EUR;C05-Rocío
F2024-000582;2;13/04/2024;CLI0094;S07;157,02;1,57;0;246,52;EUR;C03-Lucía
F2024-000582;3;13/04/2024;CLI0094;S14;12,00;204,15;5;2327,31;EUR;C05-Rocío
F2024-000583;1;25/09/2024;CLI0107;S05;43,50;3,25;0;141,38;EUR;C04-Andrés
F2024-000584;1;28/05/2024;CLI0072;S14;12,00;216,67;0;2600,04;EUR;C02-Javier
F2024-000584;2;28/05/2024;CLI0072;S06;856,10;1,10;0;941,71;EUR;C03-Lucía
F2024-000585;1;08/04/2024;CLI0101;S10;338,79;9,79;0;3315,72;USD;C03-Lucía
F2024-000586;1;11/06/2024;CLI0320;S07;509,20;1,53;10;701,17;EUR;C05-Rocío
F2024-000586;2;11/06/2024;CLI0320;S08;327,51;2,52;10;742,79;EUR;C04-Andrés
F2024-000586;3;11/06/2024;CLI0320;S07;1100,96;1,52;10;1506,11;EUR;C03-Lucía
F2024-000586;4;11/06/2024;CLI0320;S15;4,00;89,24;10;321,26;EUR;C05-Rocío
F2024-000587;1;01/12/2024;CLI0207;S13;1,00;673,11;0;673,11;EUR;C03-Lucía
F2024-000588;1;23/02/2024;CLI0095;S09;96,64;43,47;10;3780,85;EUR;C02-Javier
F2024-000588;2;23/02/2024;CLI0095;S09;76,54;41,65;15;2709,71;EUR;C01-Marta
F2024-000588;3;23/02/2024;CLI0095;S09;59,35;43,26;0;2567,48;EUR;C01-Marta
F2024-000588;4;23/02/2024;CLI0095;S15;3,00;86,98;0;260,94;EUR;C05-Rocío
F2024-000589;1;03/05/2024;CLI0324;S10;166,15;8,51;0;1413,94;EUR;C03-Lucía
F2024-000589;2;03/05/2024;CLI0324;S10;287,44;8,24;0;2368,51;EUR;C05-Rocío
F2024-000589;3;03/05/2024;CLI0324;S15;1,00;81,48;0;81,48;EUR;C02-Javier
F2024-000590;1;10/01/2024;CLI0291;S13;1,00;638,19;0;638,19;EUR;C04-Andrés
F2024-000590;2;10/01/2024;CLI0291;S10;765,13;8,33;5;6054,86;EUR;C04-Andrés
F2024-000591;1;06/11/2024;CLI0393;S11;23,00;24,28;0;558,44;EUR;C02-Javier
F2024-000592;1;22/02/2024;CLI0012;S08;133,91;2,52;0;337,45;EUR;C04-Andrés
F2024-000592;2;22/02/2024;CLI0012;S14;13,00;202,28;5;2498,16;EUR;C01-Marta
F2024-000592;3;22/02/2024;CLI0012;S14;11,00;220,04;0;2420,44;EUR;C01-Marta
F2024-000592;4;22/02/2024;CLI0012;S07;15,59;1,62;0;25,26;EUR;C03-Lucía
F2024-000593;1;25/07/2024;CLI0254;S10;1629,46;8,58;5;13281,73;EUR;C04-Andrés
F2024-000593;2;25/07/2024;CLI0254;S13;1,00;678,00;0;678,00;EUR;C01-Marta
F2024-000594;1;16/12/2024;CLI0212;S14;4,00;200,29;0;801,16;EUR;C04-Andrés
F2024-000594;2;16/12/2024;CLI0212;S03;19,49;38,43;0;749,00;EUR;C04-Andrés
F2024-000594;3;16/12/2024;CLI0212;S03;18,34;38,46;5;670,09;EUR;C03-Lucía
F2024-000594;4;16/12/2024;CLI0212;S14;2,00;207,88;5;394,97;EUR;C03-Lucía
F2024-000595;1;16/06/2024;CLI0095;S09;157,81;42,30;5;6341,59;EUR;C03-Lucía
F2024-000595;2;16/06/2024;CLI0095;S09;115,99;43,19;0;5009,61;EUR;C05-Rocío
F2024-000595;3;16/06/2024;CLI0095;S09;116,00;42,91;5;4728,68;EUR;C02-Javier
F2024-000595;4;16/06/2024;CLI0095;S09;157,27;41,61;15;5562,40;EUR;C03-Lucía
F2024-000596;1;09/06/2024;CLI0008;S15;4,00;82,83;5;314,75;EUR;C04-Andrés
F2024-000596;2;09/06/2024;CLI0008;S01;93,14;94,65;0;8815,70;EUR;C01-Marta
F2024-000597;1;21/05/2024;CLI0207;S10;98,07;8,09;0;793,39;EUR;C05-Rocío
F2024-000598;1;08/02/2024;CLI0266;S04;241,91;13,30;5;3056,53;EUR;C04-Andrés
F2024-000598;2;08/02/2024;CLI0266;S04;1322,45;14,69;0;19426,79;EUR;C04-Andrés
F2024-000598;3;08/02/2024;CLI0266;S04;1097,67;14,21;0;15597,89;EUR;C04-Andrés
F2024-000599;1;13/05/2024;CLI0207;S10;180,18;8,14;0;1466,67;EUR;C03-Lucía
F2024-000599;2;13/05/2024;CLI0207;S14;6,00;214,98;5;1225,39;EUR;C04-Andrés
F2024-000600;1;24/11/2024;CLI0279;S05;1983,52;3,17;0;6287,76;EUR;C05-Rocío
F2024-000601;1;02/08/2024;CLI0207;S10;627,39;8,90;0;5583,77;EUR;C01-Marta
F2024-000601;2;02/08/2024;CLI0207;S10;1160,63;8,37;5;9228,75;EUR;C03-Lucía
F2024-000601;3;02/08/2024;CLI0207;S10;104,46;8,60;5;853,44;EUR;C03-Lucía
F2024-000602;1;15/02/2024;CLI0309;S15;4,00;88,55;5;336,49;EUR;C03-Lucía
F2024-000602;2;15/02/2024;CLI0309;S04;598,89;13,47;5;7663,70;EUR;C03-Lucía
F2024-000603;1;22/01/2024;CLI0240;S14;10,00;209,93;5;1994,34;EUR;C04-Andrés
F2024-000604;1;28/04/2024;CLI0277;S13;1,00;720,78;0;720,78;USD;C02-Javier
F2024-000604;2;28/04/2024;CLI0277;S02;234,38;6,47;5;1440,62;EUR;C02-Javier
F2024-000605;1;03/08/2024;CLI0296;S05;94,66;3,36;10;286,25;EUR;C02-Javier
F2024-000605;2;03/08/2024;CLI0296;S06;1796,84;1,15;0;2066,37;EUR;C02-Javier
F2024-000605;3;03/08/2024;CLI0296;S06;282,83;1,09;0;308,28;EUR;C05-Rocío
F2024-000605;4;03/08/2024;CLI0296;S05;288,12;3,28;0;945,03;EUR;C02-Javier
F2024-000606;1;01/06/2024;CLI0338;S09;175,51;41,82;5;6972,84;EUR;C01-Marta
F2024-000606;2;01/06/2024;CLI0338;S09;189,30;40,55;0;7676,11;EUR;C01-Marta
F2024-000607;1;27/11/2024;CLI0158;S09;421,09;41,52;15;14861,11;EUR;C02-Javier
F2024-000607;2;27/11/2024;CLI0158;S09;120,55;40,75;5;4666,79;EUR;C02-Javier
F2024-000607;3;27/11/2024;CLI0158;S09;109,09;40,53;0;4421,42;EUR;C03-Lucía
F2024-000607;4;27/11/2024;CLI0158;S09;173,89;40,15;10;6283,52;EUR;C05-Rocío
F2024-000608;1;21/09/2024;CLI0207;S15;3,00;83,20;0;249,60;EUR;C05-Rocío
F2024-000608;2;21/09/2024;CLI0207;S10;154,40;8,26;0;1275,34;EUR;C02-Javier
F2024-000608;3;21/09/2024;CLI0207;S10;108,36;8,30;0;899,39;EUR;C05-Rocío
F2024-000608;4;21/09/2024;CLI0207;S10;851,71;8,32;5;6731,92;EUR;C01-Marta
F2024-000609;1;08/09/2024;CLI0115;S11;30,60;26,12;15;679,38;EUR;C01-Marta
F2024-000609;2;08/09/2024;CLI0115;S11;23,01;25,49;0;586,52;EUR;C05-Rocío
F2024-000609;3;08/09/2024;CLI0115;S11;71,69;23,94;15;1458,82;EUR;C03-Lucía
F2024-000609;4;08/09/2024;CLI0115;S02;227,19;6,28;0;1426,75;EUR;C05-Rocío
F2024-000610;1;08/05/2024;CLI0387;S08;437,85;2,32;5;965,02;EUR;C04-Andrés
F2024-000610;2;08/05/2024;CLI0387;S07;2374,37;1,65;0;3917,71;EUR;C03-Lucía
F2024-000610;3;08/05/2024;CLI0387;S07;803,22;1,53;0;1228,93;EUR;C02-Javier
F2024-000610;4;08/05/2024;CLI0387;S07;684,43;1,54;0;1054,02;EUR;C02-Javier
F2024-000611;1;16/05/2024;CLI0212;S12;4,00;115,90;5;440,42;EUR;C05-Rocío
F2024-000611;2;16/05/2024;CLI0212;S03;9,05;38,28;5;329,11;EUR;C01-Marta
F2024-000611;3;16/05/2024;CLI0212;S15;4,00;84,80;0;339,20;EUR;C03-Lucía
F2024-000612;1;15/12/2024;CLI0370;S05;12,09;3,16;15;32,47;EUR;C02-Javier
F2024-000612;2;15/12/2024;CLI0370;S05;161,23;3,09;0;498,20;EUR;C05-Rocío
F2024-000613;1;15/08/2024;CLI0399;S10;655,77;8,88;0;5823,24;EUR;C05-Rocío
F2024-000613;2;15/08/2024;CLI0399;S10;106,73;8,32;0;887,99;EUR;C04-Andrés
F2024-000613;3;15/08/2024;CLI0399;S10;329,31;8,32;0;2739,86;EUR;C02-Javier
F2024-000614;1;21/06/2024;CLI0215;S07;2122,47;1,57;0;3332,28;EUR;C03-Lucía
F2024-000614;2;21/06/2024;CLI0215;S08;784,76;2,35;5;1751,98;EUR;C01-Marta
F2024-000615;1;12/04/2024;CLI0238;S03;60,22;37,49;0;2257,65;EUR;C04-Andrés
F2024-000616;1;05/03/2024;CLI0238;S12;3,00;121,49;15;309,80;EUR;C02-Javier
F2024-000617;1;07/12/2024;CLI0144;S02;1636,53;6,59;5;10245,50;EUR;C05-Rocío
F2024-000617;2;07/12/2024;CLI0144;S11;11,46;25,93;0;297,16;EUR;C03-Lucía
F2024-000617;3;07/12/2024;CLI0144;S11;30,93;24,39;0;754,38;EUR;C01-Marta
F2024-000617;4;07/12/2024;CLI0144;S02;175,56;6,37;0;1118,32;EUR;C05-Rocío
F2024-000618;1;09/09/2024;CLI0113;S09;136,24;41,45;5;5364,79;EUR;C03-Lucía
F2024-000618;2;09/09/2024;CLI0113;S09;187,39;42,52;15;6772,65;EUR;C01-Marta
F2024-000618;3;09/09/2024;CLI0113;S09;83,38;41,21;10;3092,48;EUR;C03-Lucía
F2024-000619;1;24/07/2024;CLI0118;S10;1515,75;8,10;0;12277,57;EUR;C04-Andrés
F2024-000619;2;24/07/2024;CLI0118;S10;89,36;10,03;0;896,24;USD;C04-Andrés
F2024-000619;3;24/07/2024;CLI0118;S10;738,97;8,10;0;5985,66;EUR;C03-Lucía
F2024-000620;1;15/09/2024;CLI0219;S13;1,00;633,08;0;633,08;EUR;C01-Marta
F2024-000620;2;15/09/2024;CLI0219;S06;1760,53;1,05;10;1663,70;EUR;C01-Marta
F2024-000621;1;15/02/2024;CLI0051;S06;2022,08;1,07;5;2055,44;EUR;C04-Andrés
F2024-000621;2;15/02/2024;CLI0051;S06;1107,36;1,08;0;1195,95;EUR;C04-Andrés
F2024-000622;1;20/01/2024;CLI0158;S13;1,00;653,17;0;653,17;EUR;C03-Lucía
F2024-000623;1;17/05/2024;CLI0207;S10;133,33;8,20;5;1038,64;EUR;C05-Rocío
F2024-000624;1;23/02/2024;CLI0212;S03;60,03;36,92;5;2105,49;EUR;C03-Lucía
F2024-000624;2;23/02/2024;CLI0212;S14;5,00;210,38;5;999,31;EUR;C01-Marta
F2024-000625;1;15/01/2024;CLI0306;S11;59,96;25,43;15;1296,07;EUR;C02-Javier
F2024-000625;2;15/01/2024;CLI0306;S02;116,95;6,59;10;693,63;EUR;C01-Marta
F2024-000626;1;28/03/2024;CLI0207;S10;90,81;8,09;0;734,65;EUR;C01-Marta
F2024-000626;2;28/03/2024;CLI0207;S10;1487,75;8,56;0;12735,14;EUR;C04-Andrés
F2024-000626;3;28/03/2024;CLI0207;S10;67,86;8,14;0;552,38;EUR;C05-Rocío
F2024-000627;1;12/03/2024;CLI0212;S12;1,00;120,86;5;114,82;EUR;C05-Rocío
F2024-000628;1;13/01/2024;CLI0301;S07;639,69;1,53;0;978,73;EUR;C03-Lucía
F2024-000628;2;13/01/2024;CLI0301;S08;413,38;2,31;0;954,91;EUR;C04-Andrés
F2024-000628;3;13/01/2024;CLI0301;S15;2,00;86,94;0;173,88;EUR;C05-Rocío
F2024-000628;4;13/01/2024;CLI0301;S07;370,88;1,62;0;600,83;EUR;C01-Marta
F2024-000629;1;08/12/2024;CLI0022;S15;2,00;86,35;0;172,70;EUR;C03-Lucía
F2024-000629;2;08/12/2024;CLI0022;S08;608,75;2,30;5;1330,12;EUR;C02-Javier
F2024-000629;3;08/12/2024;CLI0022;S08;541,95;2,30;0;1246,48;EUR;C01-Marta
F2024-000629;4;2024-12-08;CLI0022;S14;6,00;206,08;5;1174,66;EUR;C01-Marta
F2024-000630;1;04/08/2024;CLI0115;S02;578,80;6,24;0;3611,71;EUR;C02-Javier
F2024-000630;2;04/08/2024;CLI0115;S01;144,64;97,87;5;13448,12;EUR;C05-Rocío
F2024-000631;1;08/05/2024;CLI0349;S07;145,64;1,56;5;215,84;EUR;C05-Rocío
F2024-000631;2;08/05/2024;CLI0349;S08;5050,62;2,52;0;12727,56;EUR;C05-Rocío
F2024-000631;3;08/05/2024;CLI0349;S07;753,81;1,59;5;1138,63;EUR;C03-Lucía
F2024-000632;1;22/09/2024;CLI0317;S10;391,63;8,38;0;3281,86;EUR;C01-Marta
F2024-000632;2;22/09/2024;CLI0317;S10;283,14;8,17;0;2313,25;EUR;C05-Rocío
F2024-000633;1;08/08/2024;CLI0263;S02;441,25;6,67;10;2648,82;EUR;C05-Rocío
F2024-000634;1;19/10/2024;CLI0144;S01;124,03;96,06;5;11318,61;EUR;C02-Javier
F2024-000634;2;19/10/2024;CLI0144;S01;101,88;95,47;0;9726,48;EUR;C05-Rocío
F2024-000634;3;19/10/2024;CLI0144;S01;227,51;94,77;0;21561,12;EUR;C03-Lucía
F2024-000634;4;19/10/2024;CLI0144;S02;296,42;6,71;0;1988,98;EUR;C01-Marta
F2024-000635;1;17/09/2024;cli0145;S10;871,32;8,08;5;6688,25;EUR;C03-Lucía
F2024-000635;2;17/09/2024;CLI0145;S10;343,55;8,24;0;2830,85;EUR;C02-Javier
F2024-000636;1;09/03/2024;CLI0012;S08;4245,99;2,29;0;9723,32;EUR;C02-Javier
F2024-000636;2;09/03/2024;CLI0012;S07;1135,85;1,59;0;1806,00;EUR;C05-Rocío
F2024-000636;3;09/03/2024;CLI0012;S15;4,00;81,33;0;325,32;EUR;C04-Andrés
F2024-000637;1;22/12/2024;CLI0207;S10;251,67;8,50;0;2139,19;EUR;C05-Rocío
F2024-000638;1;26/06/2024;CLI0295;S06;1180,67;1,12;5;1256,23;EUR;C03-Lucía
F2024-000638;2;26/06/2024;CLI0295;S05;350,07;3,05;0;1067,71;EUR;C03-Lucía
F2024-000638;3;26/06/2024;CLI0295;S05;540,35;3,11;0;1680,49;EUR;C01-Marta
F2024-000638;4;26/06/2024;CLI0295;S05;669,63;3,27;5;2080,21;EUR;C05-Rocío
F2024-000639;1;25/08/2024;CLI0159;S14;11,00;205,80;0;2263,80;EUR;C03-Lucía
F2024-000640;1;24/04/2024;CLI0212;S04;402,04;14,60;0;5869,78;EUR;C05-Rocío
F2024-000640;2;24/04/2024;CLI0212;S03;50,94;38,14;0;1942,85;EUR;C02-Javier
F2024-000641;1;07/12/2024;CLI0350;S06;3680,71;1,11;5;3881,31;EUR;C03-Lucía
F2024-000641;2;07/12/2024;CLI0350;S15;3,00;85,26;5;242,99;EUR;C03-Lucía
F2024-000642;1;11/09/2024;CLI0321;S10;270,93;8,74;5;2249,53;EUR;C04-Andrés
F2024-000642;2;11/09/2024;CLI0321;S10;215,23;8,65;5;1768,65;EUR;C02-Javier
F2024-000642;3;11/09/2024;CLI0321;S10;1380,57;8,30;5;10885,79;EUR;C02-Javier
F2024-000642;4;11/09/2024;CLI0321;S13;1,00;654,22;0;654,22;EUR;C05-Rocío
F2024-000643;1;25/05/2024;CLI0225;S06;911,40;1,10;0;1002,54;EUR;C02-Javier
F2024-000643;2;25/05/2024;CLI0225;S06;1539,65;1,06;0;1632,03;EUR;C05-Rocío
F2024-000644;1;09/05/2024;CLI0212;S14;8,00;207,41;5;1576,32;EUR;C02-Javier
F2024-000644;2;09/05/2024;CLI0212;S14;14,00;216,27;0;3027,78;EUR;C02-Javier
F2024-000644;3;09/05/2024;CLI0212;S03;37,94;37,23;0;1412,51;EUR;C05-Rocío
F2024-000645;1;19/12/2024;CLI0044;S15;2,00;89,25;0;178,50;EUR;C04-Andrés
F2024-000645;2;19/12/2024;CLI0044;S08;397,79;2,40;0;954,70;EUR;C05-Rocío
F2024-000646;1;05/04/2024;CLI0051;S05;10,46;3,19;0;33,37;EUR;C04-Andrés
F2024-000646;2;05/04/2024;CLI0051;S05;1821,81;3,10;15;4800,47;EUR;C04-Andrés
F2024-000646;2;05/04/2024;CLI0051;S05;1821,81;3,10;15;4800,47;EUR;C04-Andrés
F2024-000647;1;13/01/2024;CLI0219;S05;1255,64;3,36;15;3586,11;EUR;C01-Marta
F2024-000647;2;13/01/2024;CLI0219;S05;667,99;3,04;15;1726,09;EUR;C01-Marta
F2024-000648;1;16/10/2024;CLI0024;S15;2,00;85,21;0;170,42;EUR;C02-Javier
F2024-000649;1;18/01/2024;CLI0254;S10;359,98;8,08;5;2763,21;EUR;C02-Javier
F2024-000649;2;18/01/2024;CLI0254;S10;883,46;8,12;0;7173,70;EUR;C05-Rocío
F2024-000649;3;18/01/2024;CLI0254;S10;360,69;8,66;0;3123,58;EUR;C05-Rocío
F2024-000650;1;12/05/2024;CLI0370;S06;1087,49;1,05;0;1141,86;EUR;C04-Andrés
F2024-000650;2;12/05/2024;CLI0370;S05;115,09;3,17;0;364,84;EUR;C04-Andrés
F2024-000650;2;12/05/2024;CLI0370;S05;115,09;3,17;0;364,84;EUR;C04-Andrés
F2024-000651;1;04/04/2024;CLI0038;S10;642,06;8,27;0;5309,84;EUR;C04-Andrés
F2024-000651;2;04/04/2024;CLI0038;S10;276,96;8,80;0;2437,25;EUR;C05-Rocío
F2024-000652;1;04/12/2024;CLI0054;S08;859,57;2,45;0;2105,95;EUR;C01-Marta
F2024-000652;1;04/12/2024;CLI0054;S08;859,57;2,45;0;2105,95;EUR;C01-Marta
F2024-000652;2;04/12/2024;CLI0054;S07;220,99;1,54;0;340,32;EUR;C02-Javier
F2024-000652;2;04/12/2024;CLI0054;S07;220,99;1,54;0;340,32;EUR;C02-Javier
F2024-000652;3;04/12/2024;CLI0054;S07;2269,61;1,56;5;3363,56;EUR;C03-Lucía
F2024-000653;1;27/08/2024;CLI0089;S06;1429,59;1,11;15;1348,82;EUR;C05-Rocío
F2024-000653;2;27/08/2024;CLI0089;S05;499,47;3,24;0;1618,28;EUR;C04-Andrés
F2024-000654;1;24/01/2024;CLI0078;S10;366,05;8,57;0;3137,05;EUR;C02-Javier
F2024-000654;2;24/01/2024;CLI0078;S10;219,43;8,43;0;1849,79;EUR;C01-Marta
F2024-000654;3;24/01/2024;CLI0078;S10;2383,03;8,62;0;20541,72;EUR;C02-Javier
F2024-000654;4;24/01/2024;CLI0078;S10;99,06;8,25;5;776,38;EUR;C02-Javier
F2024-000655;1;24/09/2024;CLI0035;S07;272,98;1,64;0;447,69;EUR;C02-Javier
F2024-000655;2;24/09/2024;CLI0035;S13;1,00;656,28;0;656,28;EUR;C02-Javier
F2024-000655;3;24/09/2024;CLI0035;S13;1,00;624,69;0;624,69;EUR;C05-Rocío
F2024-000655;4;24/09/2024;CLI0035;S07;151,08;1,64;0;247,77;EUR;C01-Marta
F2024-000656;1;12/12/2024;CLI0322;S13;1,00;655,79;10;590,21;EUR;C02-Javier
F2024-000656;2;12/12/2024;CLI0322;S15;3,00;84,68;10;228,64;EUR;C03-Lucía
F2024-000656;3;12/12/2024;CLI0322;S06;2067,53;1,06;15;1862,84;EUR;C03-Lucía
F2024-000657;1;05/03/2024;CLI0025;S13;1,00;637,37;0;637,37;EUR;C04-Andrés
F2024-000658;1;10/04/2024;CLI0053;S08;970,21;2,39;0;2318,80;EUR;C01-Marta
F2024-000658;2;10/04/2024;CLI0053;S08;1465,99;2,51;0;3679,63;EUR;C03-Lucía
F2024-000659;1;23/03/2024;CLI0153;S03;41,59;36,78;0;1529,68;EUR;C04-Andrés
F2024-000659;2;23/03/2024;CLI0153;S04;891,20;14,29;0;12735,25;EUR;C04-Andrés
F2024-000659;3;23/03/2024;CLI0153;S04;128,98;13,89;0;1791,53;EUR;C02-Javier
F2024-000659;4;23/03/2024;CLI0153;S04;2826,57;14,40;0;40702,61;EUR;C03-Lucía
F2024-000660;1;08/11/2024;CLI0197;S10;140,72;8,68;5;1160,38;EUR;C04-Andrés
F2024-000660;2;08/11/2024;CLI0197;S10;363,34;8,75;0;3179,22;EUR;C03-Lucía
F2024-000660;3;08/11/2024;CLI0197;S10;434,61;8,64;0;3755,03;EUR;C02-Javier
F2024-000660;4;08/11/2024;CLI0197;S10;141,32;8,25;5;1107,60;EUR;C01-Marta
F2024-000661;1;26/09/2024;CLI0132;S02;353,25;6,60;0;2331,45;EUR;C01-Marta
F2024-000661;2;26/09/2024;CLI0132;S11;21,95;25,64;0;562,80;EUR;C02-Javier
F2024-000661;3;26/09/2024;CLI0132;S14;15,00;216,72;0;3250,80;EUR;C04-Andrés
F2024-000662;1;26/10/2024;CLI0306;S01;116,66;91,86;10;9644,75;EUR;C02-Javier
F2024-000662;2;26/10/2024;CLI0306;S11;31,61;25,25;0;798,15;EUR;C01-Marta
F2024-000662;3;26/10/2024;CLI0306;S11;16,43;25,17;5;392,87;EUR;C04-Andrés
F2024-000662;4;26/10/2024;CLI0306;S01;165,57;96,35;0;15952,67;EUR;C04-Andrés
F2024-000663;1;05/05/2024;CLI0094;S07;1762,46;1,63;0;2872,81;EUR;C02-Javier
F2024-000664;1;06/11/2024;CLI0136;S11;27,73;23,98;0;664,97;EUR;C03-Lucía
F2024-000664;1;06/11/2024;CLI0136;S11;27,73;23,98;0;664,97;EUR;C03-Lucía
F2024-000664;2;06/11/2024;CLI0136;S01;72,43;93,93;0;6803,35;EUR;C05-Rocío
F2024-000664;3;06/11/2024;cli0136;S11;61,54;23,92;0;1472,04;EUR;C01-Marta
F2024-000664;4;06/11/2024;CLI0136;S11;15,88;24,48;0;388,74;EUR;C02-Javier
F2024-000665;1;07/01/2024;CLI0231;S09;304,60;40,84;0;12439,86;EUR;C04-Andrés
F2024-000666;1;16/10/2024;CLI0104;S10;288,74;8,29;0;2393,65;EUR;C05-Rocío
F2024-000666;2;16/10/2024;CLI0104;S10;1265,77;8,32;0;10531,21;EUR;C03-Lucía
F2024-000666;3;16/10/2024;CLI0104;S10;1687,41;8,27;0;13954,88;EUR;C01-Marta
F2024-000666;4;16/10/2024;CLI0104;S10;906,77;8,12;5;6994,82;EUR;C01-Marta
F2024-000667;1;19/02/2024;CLI0076;S14;15,00;211,80;5;3018,15;EUR;C05-Rocío
F2024-000667;2;19/02/2024;CLI0076;S09;42,35;41,42;5;1666,43;EUR;C05-Rocío
F2024-000667;3;19/02/2024;CLI0076;S09;18,17;41,60;0;755,87;EUR;C04-Andrés
F2024-000667;4;19/02/2024;CLI0076;S09;135,43;40,58;0;5495,75;EUR;C04-Andrés
F2024-000668;1;18/09/2024;CLI0354;S13;1,00;667,84;0;667,84;EUR;C03-Lucía
F2024-000668;2;18/09/2024;CLI0354;S11;67,57;26,22;0;1771,69;EUR;C02-Javier
F2024-000668;3;18/09/2024;CLI0354;S02;693,65;6,77;0;4696,01;EUR;C04-Andrés
F2024-000669;1;14/10/2024;CLI0146;S13;1,00;680,51;0;680,51;EUR;C04-Andrés
F2024-000670;1;27/01/2024;CLI0207;S10;562,32;8,65;0;4864,07;EUR;C04-Andrés
F2024-000670;2;27/01/2024;CLI0207;S10;104,97;8,77;5;874,56;EUR;C02-Javier
F2024-000670;3;27/01/2024;CLI0207;S15;4,00;85,98;0;343,92;EUR;C05-Rocío
F2024-000670;4;27/01/2024;CLI0207;S14;5,00;206,53;0;1032,65;EUR;C01-Marta
F2024-000671;1;25/09/2024;CLI0267;S09;103,42;41,96;0;4339,50;EUR;C02-Javier
F2024-000672;1;05/07/2024;CLI0068;S05;630,18;3,19;0;2010,27;EUR;C02-Javier
F2024-000672;2;05/07/2024;CLI0068;S06;1580,21;1,07;0;1690,82;EUR;C05-Rocío
F2024-000673;1;14/03/2024;CLI0229;S15;4,00;84,19;0;336,76;EUR;C03-Lucía
F2024-000673;2;14/03/2024;cli0229;S07;746,03;1,64;5;1162,31;EUR;C01-Marta
F2024-000674;1;06/10/2024;CLI0300;S09;136,28;42,94;0;5851,86;EUR;C05-Rocío
F2024-000675;1;10/07/2024;CLI0271;S05;645,48;3,29;0;2123,63;EUR;C03-Lucía
F2024-000675;2;10/07/2024;CLI0271;S06;1892,78;1,10;0;2082,06;EUR;C03-Lucía
F2024-000675;3;10/07/2024;CLI0271;S05;218,77;3,21;5;667,14;EUR;C02-Javier
F2024-000675;4;10/07/2024;CLI0271;S05;2378,38;3,35;0;7967,57;EUR;C04-Andrés
F2024-000676;1;17/10/2024;CLI0087;S10;65,32;8,20;5;508,84;EUR;C04-Andrés
F2024-000677;1;25/06/2024;CLI0302;S15;2,00;83,36;0;166,72;EUR;C04-Andrés
F2024-000677;2;25/06/2024;CLI0302;S10;814,69;8,58;0;6990,04;EUR;C05-Rocío
F2024-000677;3;25/06/2024;CLI0302;S10;758,57;8,28;0;6280,96;EUR;C05-Rocío
F2024-000677;4;25/06/2024;CLI0302;S10;95,71;8,32;0;796,31;EUR;C01-Marta
F2024-000678;1;22/12/2024;CLI0213;S10;111,75;8,23;0;919,70;EUR;C03-Lucía
F2024-000678;2;22/12/2024;CLI0213;S10;183,88;8,65;0;1590,56;EUR;C04-Andrés
F2024-000678;3;22/12/2024;CLI0213;S10;381,35;8,13;0;3100,38;EUR;C03-Lucía
F2024-000678;4;22/12/2024;CLI0213;S10;175,15;8,61;0;1508,04;EUR;C03-Lucía
F2024-000679;1;16/12/2024;CLI0024;S13;1,00;625,24;5;593,98;EUR;C05-Rocío
F2024-000680;1;04/08/2024;CLI0158;S13;1,00;669,50;0;669,50;EUR;C04-Andrés
F2024-000681;1;08/12/2024;CLI0207;S10;49,78;8,17;0;406,70;EUR;C04-Andrés
F2024-000681;2;08/12/2024;CLI0207;S13;1,00;676,23;0;676,23;EUR;C03-Lucía
F2024-000681;3;2024-12-08;CLI0207;S10;336,31;8,80;0;2959,53;EUR;C02-Javier
F2024-000682;1;23/10/2024;CLI0342;S10;810,12;8,27;0;6699,69;EUR;C02-Javier
F2024-000682;2;23/10/2024;CLI0342;S10;360,85;8,15;5;2793,88;EUR;C04-Andrés
F2024-000683;1;27/06/2024;CLI0371;S10;1426,27;8,79;0;12536,91;EUR;C04-Andrés
F2024-000684;1;25/11/2024;CLI0370;S06;824,81;1,14;0;940,28;EUR;C01-Marta
F2024-000684;2;25/11/2024;CLI0370;S06;1529,79;1,08;0;1652,17;EUR;C03-Lucía
F2024-000685;1;21/01/2024;CLI0356;S10;304,21;8,24;0;2506,69;EUR;C04-Andrés
F2024-000685;2;21/01/2024;CLI0356;S10;591,45;8,69;5;4882,72;EUR;C05-Rocío
F2024-000685;3;21/01/2024;CLI0356;S10;252,39;8,44;0;2130,17;EUR;C03-Lucía
F2024-000685;4;21/01/2024;CLI0356;S13;1,00;678,72;15;576,91;EUR;C04-Andrés
F2024-000686;1;03/10/2024;CLI0129;S10;265,76;8,79;0;2336,03;EUR;C03-Lucía
F2024-000686;2;03/10/2024;CLI0129;S10;737,74;8,92;0;6580,64;EUR;C05-Rocío
F2024-000686;3;03/10/2024;CLI0129;S10;100,03;8,30;0;830,25;EUR;C02-Javier
F2024-000687;1;11/01/2024;CLI0358;S08;924,13;2,42;0;2236,39;EUR;C02-Javier
F2024-000687;2;11/01/2024;CLI0358;S07;1138,88;1,62;0;1844,99;EUR;C05-Rocío
F2024-000688;1;22/06/2024;CLI0095;S09;62,99;42,86;0;2699,75;EUR;C04-Andrés
F2024-000688;2;22/06/2024;CLI0095;S09;194,24;43,52;15;7185,33;EUR;C01-Marta
F2024-000688;3;22/06/2024;cli0095;S13;1,00;675,90;0;675,90;EUR;C04-Andrés
F2024-000688;4;22/06/2024;CLI0095;S09;62,00;41,69;10;2326,30;EUR;C03-Lucía
F2024-000689;1;25/10/2024;CLI0312;S07;1287,23;1,63;5;1993,28;EUR;C04-Andrés
F2024-000690;1;02/05/2024;CLI0241;S04;65,39;13,85;0;905,65;EUR;C05-Rocío
F2024-000690;2;02/05/2024;CLI0241;S15;4,00;85,88;0;343,52;EUR;C05-Rocío
F2024-000690;3;02/05/2024;CLI0241;S04;371,09;13,93;5;4910,82;EUR;C03-Lucía
F2024-000690;4;02/05/2024;CLI0241;S12;2,00;120,31;0;240,62;EUR;C03-Lucía
F2024-000691;1;28/06/2024;CLI0212;S03;47,97;38,42;0;1843,01;EUR;C01-Marta
F2024-000692;1;05/05/2024;CLI0194;S02;452,23;7,53;10;3066,31;USD;C01-Marta
F2024-000692;2;05/05/2024;CLI0194;S02;402,48;7,00;0;2819,18;USD;C02-Javier
F2024-000692;3;05/05/2024;CLI0194;S15;3,00;82,27;0;246,81;EUR;C03-Lucía
F2024-000693;1;22/03/2024;CLI0165;S10;322,81;8,56;0;2763,25;EUR;C03-Lucía
F2024-000693;2;22/03/2024;CLI0165;S10;261,23;8,17;0;2134,25;EUR;C05-Rocío
F2024-000693;3;22/03/2024;CLI0165;S10;346,60;8,65;0;2998,09;EUR;C01-Marta
F2024-000693;4;22/03/2024;cli0165;S10;556,41;8,79;5;4646,30;EUR;C02-Javier
F2024-000694;1;01/10/2024;CLI0212;S03;28,71;39,16;0;1124,28;EUR;C02-Javier
F2024-000694;2;01/10/2024;CLI0212;S03;74,72;38,79;0;2898,39;EUR;C02-Javier
F2024-000694;3;01/10/2024;CLI0212;S15;4,00;82,35;5;312,93;EUR;C01-Marta
F2024-000695;1;28/08/2024;CLI0261;S07;218,86;1,65;5;343,06;EUR;C03-Lucía
F2024-000695;2;28/08/2024;CLI0261;S08;3987,40;2,31;0;9210,89;EUR;C02-Javier
F2024-000695;3;28/08/2024;CLI0261;S08;828,41;2,29;0;1897,06;EUR;C05-Rocío
F2024-000695;4;28/08/2024;CLI0261;S15;3,00;84,67;5;241,31;EUR;C02-Javier
F2024-000696;1;02/06/2024;CLI0145;S10;253,29;8,88;5;2136,75;EUR;C05-Rocío
F2024-000696;2;02/06/2024;CLI0145;S14;13,00;204,63;0;2660,19;EUR;C05-Rocío
F2024-000696;3;02/06/2024;CLI0145;S15;4,00;85,56;5;325,13;EUR;C04-Andrés
F2024-000696;4;02/06/2024;CLI0145;S14;6,00;208,48;0;1250,88;EUR;C01-Marta
F2024-000697;1;20/07/2024;CLI0188;S02;486,18;6,62;0;3218,51;EUR;C02-Javier
F2024-000697;2;20/07/2024;CLI0188;S11;47,84;24,81;5;1127,56;EUR;C02-Javier
F2024-000697;3;20/07/2024;CLI0188;S13;1,00;658,83;0;658,83;EUR;C05-Rocío
F2024-000698;1;25/06/2024;CLI0032;S08;4020,11;2,44;5;9318,61;EUR;C04-Andrés
F2024-000698;2;25/06/2024;CLI0032;S07;698,24;1,59;0;1110,20;EUR;C02-Javier
F2024-000698;3;25/06/2024;CLI0032;S08;451,75;2,37;0;1070,65;EUR;C04-Andrés
F2024-000698;4;25/06/2024;CLI0032;S08;3299,12;2,30;5;7208,58;EUR;C03-Lucía
F2024-000699;1;23/06/2024;CLI0249;S14;16,00;220,12;5;3345,82;EUR;C04-Andrés
F2024-000699;2;23/06/2024;CLI0249;S11;59,81;25,67;0;1535,32;EUR;C03-Lucía
F2024-000700;1;03/09/2024;CLI0074;S10;79,55;9,24;0;734,78;USD;C01-Marta
F2024-000700;2;03/09/2024;CLI0074;S10;116,30;8,34;0;969,94;EUR;C05-Rocío
F2024-000701;1;14/09/2024;CLI0094;S08;514,57;2,33;0;1198,95;EUR;C02-Javier
F2024-000702;1;24/01/2024;CLI0371;S10;187,24;8,69;0;1627,12;EUR;C04-Andrés
F2024-000702;2;24/01/2024;CLI0371;S10;590,44;8,62;0;5089,59;EUR;C03-Lucía
F2024-000703;1;26/12/2024;CLI0051;S05;378,06;3,32;0;1255,16;EUR;C01-Marta
F2024-000703;2;26/12/2024;CLI0051;S06;1373,66;1,06;0;1456,08;EUR;C01-Marta
F2024-000704;1;13/12/2024;CLI0323;S05;199,49;3,27;0;652,33;EUR;C03-Lucía
F2024-000704;2;13/12/2024;CLI0323;S06;374,79;1,05;0;393,53;EUR;C02-Javier
F2024-000705;1;05/02/2024;CLI0255;S15;1,00;82,24;0;82,24;EUR;C02-Javier
F2024-000706;1;21/10/2024;CLI0027;S06;470,19;1,15;0;540,72;EUR;C01-Marta
F2024-000706;2;21/10/2024;CLI0027;S05;70,56;3,33;5;223,22;EUR;C01-Marta
F2024-000707;1;20/07/2024;CLI0140;S15;4,00;86,76;0;347,04;EUR;C01-Marta
F2024-000708;1;03/05/2024;CLI0094;S08;1185,20;2,45;0;2903,74;EUR;C03-Lucía
F2024-000708;2;03/05/2024;CLI0094;S15;3,00;87,82;0;263,46;EUR;C02-Javier
F2024-000709;1;15/02/2024;CLI0317;S10;111,82;8,85;0;989,61;EUR;C01-Marta
F2024-000709;2;15/02/2024;CLI0317;S10;219,75;8,61;5;1797,45;EUR;C02-Javier
F2024-000709;3;15/02/2024;CLI0317;S14;5,00;203,19;10;914,36;EUR;C03-Lucía
F2024-000709;4;15/02/2024;CLI0317;S10;68,06;8,69;0;591,44;EUR;C03-Lucía
F2024-000710;1;14/08/2024;CLI0149;S08;1652,94;2,38;0;3934,00;EUR;C03-Lucía
F2024-000710;2;14/08/2024;CLI0149;S08;730,92;2,51;15;1559,42;EUR;C02-Javier
F2024-000710;3;14/08/2024;CLI0149;S15;3,00;85,04;10;229,61;EUR;C03-Lucía
F2024-000711;1;15/11/2024;CLI0372;S09;48,01;40,74;0;1955,93;EUR;C01-Marta
F2024-000711;2;15/11/2024;CLI0372;S09;178,92;42,93;0;7681,04;EUR;C03-Lucía
F2024-000711;3;15/11/2024;CLI0372;S09;93,78;43,19;0;4050,36;EUR;C05-Rocío
F2024-000712;1;24/01/2024;CLI0225;S13;1,00;675,00;15;573,75;EUR;C05-Rocío
F2024-000712;2;24/01/2024;CLI0225;S06;1282,79;1,10;0;1411,07;EUR;C03-Lucía
F2024-000713;1;20/10/2024;CLI0201;S01;169,50;93,77;0;15894,01;EUR;C03-Lucía
F2024-000713;2;20/10/2024;CLI0201;S11;23,43;25,28;15;503,46;EUR;C03-Lucía
F2024-000714;1;01/05/2024;CLI0089;S05;593,05;3,32;10;1772,03;EUR;C05-Rocío
F2024-000714;2;01/05/2024;CLI0089;S06;2082,31;1,09;0;2269,72;EUR;C02-Javier
F2024-000714;3;01/05/2024;cli0089;S05;179,70;3,26;5;556,53;EUR;C02-Javier
F2024-000715;1;03/10/2024;CLI0196;S13;1,00;625,83;5;594,54;EUR;C01-Marta
F2024-000715;2;03/10/2024;CLI0196;S15;4,00;81,29;5;308,90;EUR;C04-Andrés
F2024-000716;1;23/10/2024;CLI0069;S15;3,00;89,12;0;267,36;EUR;C02-Javier
F2024-000716;1;23/10/2024;CLI0069;S15;3,00;89,12;0;267,36;EUR;C02-Javier
F2024-000716;2;23/10/2024;CLI0069;S09;70,23;41,05;0;2882,94;EUR;C01-Marta
F2024-000716;3;23/10/2024;CLI0069;S09;165,88;43,19;0;7164,36;EUR;C04-Andrés
F2024-000717;1;26/04/2024;CLI0309;S12;4,00;123,93;5;470,93;EUR;C03-Lucía
F2024-000717;2;26/04/2024;CLI0309;S13;1,00;649,93;0;649,93;EUR;C02-Javier
F2024-000717;3;26/04/2024;CLI0309;S03;14,16;42,11;0;596,27;USD;C04-Andrés
F2024-000718;1;12/01/2024;cli0341;S13;1,00;627,43;5;596,06;EUR;C04-Andrés
F2024-000718;2;12/01/2024;CLI0341;S06;2957,55;1,05;0;3105,43;EUR;C04-Andrés
F2024-000719;1;25/07/2024;CLI0119;S09;76,59;42,77;0;3275,75;EUR;C04-Andrés
F2024-000719;2;25/07/2024;CLI0119;S09;58,40;40,66;0;2374,54;EUR;C04-Andrés
F2024-000719;3;25/07/2024;CLI0119;S09;71,13;41,29;0;2936,96;EUR;C01-Marta
F2024-000720;1;01/08/2024;CLI0078;S10;530,43;8,84;5;4454,55;EUR;C05-Rocío
F2024-000720;2;01/08/2024;CLI0078;S10;446,64;8,48;0;3787,51;EUR;C04-Andrés
F2024-000720;3;01/08/2024;CLI0078;S10;512,10;8,37;0;4286,28;EUR;C05-Rocío
F2024-000720;4;01/08/2024;CLI0078;S15;1,00;88,79;0;88,79;EUR;C03-Lucía
F2024-000721;1;13/12/2024;CLI0114;S13;1,00;644,72;0;644,72;EUR;C03-Lucía
F2024-000721;2;13/12/2024;CLI0114;S15;1,00;87,95;0;87,95;EUR;C04-Andrés
F2024-000721;3;13/12/2024;CLI0114;S09;92,37;40,76;0;3765,00;EUR;C05-Rocío
F2024-000722;1;16/08/2024;CLI0276;S02;1475,52;6,63;0;9782,70;EUR;C01-Marta
F2024-000723;1;07/07/2024;CLI0301;S08;799,21;2,32;0;1854,17;EUR;C04-Andrés
F2024-000724;1;22/03/2024;CLI0360;S09;175,83;43,74;0;7690,80;EUR;C04-Andrés
F2024-000725;1;27/10/2024;CLI0207;S10;1067,70;8,56;0;9139,51;EUR;C02-Javier
F2024-000725;2;27/10/2024;CLI0207;S10;3373,00;8,25;0;27827,25;EUR;C02-Javier
F2024-000725;3;27/10/2024;CLI0207;S10;2543,36;8,49;0;21593,13;EUR;C02-Javier
F2024-000725;4;27/10/2024;CLI0207;S10;275,45;8,30;0;2286,24;EUR;C05-Rocío
F2024-000726;1;10/06/2024;CLI0051;S05;268,94;3,15;0;847,16;EUR;C04-Andrés
F2024-000726;2;10/06/2024;CLI0051;S05;110,86;3,27;5;344,39;EUR;C01-Marta
F2024-000726;3;10/06/2024;CLI0051;S05;480,14;3,18;0;1526,85;EUR;C02-Javier
F2024-000726;4;10/06/2024;CLI0051;S05;1044,01;3,25;10;3053,73;EUR;C01-Marta
F2024-000727;1;12/10/2024;CLI0207;S10;1711,65;8,69;0;14874,24;EUR;C02-Javier
F2024-000728;1;14/02/2024;CLI0164;S09;440,88;40,16;5;16820,45;EUR;C01-Marta
F2024-000728;2;14/02/2024;CLI0164;S09;68,88;44,78;0;3084,31;USD;C05-Rocío
F2024-000729;1;11/05/2024;CLI0329;S02;2767,80;6,53;0;18073,73;EUR;C05-Rocío
F2024-000729;2;11/05/2024;CLI0329;S02;712,96;6,22;5;4212,88;EUR;C02-Javier
F2024-000730;1;18/03/2024;CLI0391;S03;62,13;37,96;0;2358,45;EUR;C02-Javier
F2024-000730;2;18/03/2024;CLI0391;S14;13,00;206,24;5;2547,06;EUR;C05-Rocío
F2024-000731;1;07/03/2024;CLI0160;S14;6,00;207,40;0;1244,40;EUR;C05-Rocío
F2024-000731;2;07/03/2024;CLI0160;S08;1719,12;2,52;0;4332,18;EUR;C04-Andrés
F2024-000731;3;07/03/2024;CLI0160;S08;3482,08;2,49;0;8670,38;EUR;C03-Lucía
F2024-000732;1;11/06/2024;CLI0046;S05;261,66;3,12;5;775,56;EUR;C05-Rocío
F2024-000732;2;11/06/2024;CLI0046;S14;13,00;206,57;0;2685,41;EUR;C02-Javier
F2024-000732;3;11/06/2024;CLI0046;S15;2,00;83,22;0;166,44;EUR;C02-Javier
F2024-000733;1;20/12/2024;CLI0370;S05;33,85;3,28;10;99,93;EUR;C04-Andrés
F2024-000733;2;20/12/2024;CLI0370;S14;5,00;203,80;0;1019,00;EUR;C03-Lucía
F2024-000733;3;20/12/2024;CLI0370;S15;1,00;83,94;0;83,94;EUR;C04-Andrés
F2024-000733;4;20/12/2024;CLI0370;S15;4,00;86,14;0;344,56;EUR;C04-Andrés
F2024-000734;1;10/05/2024;CLI0103;S13;1,00;627,32;0;627,32;EUR;C05-Rocío
F2024-000734;2;10/05/2024;CLI0103;S07;1320,98;1,63;0;2153,20;EUR;C05-Rocío
F2024-000735;1;25/03/2024;CLI0144;S02;926,91;6,69;0;6201,03;EUR;C03-Lucía
F2024-000735;2;25/03/2024;CLI0144;S01;55,25;91,76;0;5069,74;EUR;C04-Andrés
F2024-000736;1;15/04/2024;CLI0054;S14;2,00;206,78;0;413,56;EUR;C03-Lucía
F2024-000736;2;15/04/2024;CLI0054;S07;675,77;1,57;0;1060,96;EUR;C05-Rocío
F2024-000736;3;15/04/2024;CLI0054;S08;1335,02;2,28;5;2891,65;EUR;C05-Rocío
F2024-000736;4;15/04/2024;CLI0054;S13;1,00;662,20;0;662,20;EUR;C03-Lucía
F2024-000737;1;23/08/2024;CLI0207;S10;189,79;8,30;5;1496,49;EUR;C05-Rocío
F2024-000738;1;05/07/2024;CLI0225;S05;901,31;3,22;5;2757,11;EUR;C04-Andrés
F2024-000738;2;05/07/2024;CLI0225;S14;8,00;220,14;5;1673,06;EUR;C02-Javier
F2024-000738;3;05/07/2024;CLI0225;S13;1,00;676,67;0;676,67;EUR;C02-Javier
F2024-000739;1;05/01/2024;CLI0213;S10;230,31;8,30;5;1815,99;EUR;C04-Andrés
F2024-000739;2;05/01/2024;CLI0213;S10;186,41;8,61;5;1524,74;EUR;C03-Lucía
F2024-000739;3;05/01/2024;CLI0213;S10;475,18;8,55;0;4062,79;EUR;C03-Lucía
F2024-000740;1;13/02/2024;CLI0372;S09;158,36;40,18;0;6362,90;EUR;C02-Javier
F2024-000740;2;13/02/2024;CLI0372;S09;363,72;42,89;0;15599,95;EUR;C05-Rocío
F2024-000740;3;13/02/2024;CLI0372;S13;1,00;621,71;0;621,71;EUR;C01-Marta
F2024-000741;1;25/02/2024;CLI0051;S06;2600,34;1,09;0;2834,37;EUR;C03-Lucía
F2024-000741;2;25/02/2024;CLI0051;S05;93,32;3,28;10;275,48;EUR;C01-Marta
F2024-000742;1;15/05/2024;CLI0316;S09;95,61;42,60;0;4072,99;EUR;C02-Javier
F2024-000742;2;15/05/2024;CLI0316;S09;126,43;42,71;0;5399,83;EUR;C02-Javier
F2024-000742;3;15/05/2024;CLI0316;S09;168,60;41,25;5;6607,01;EUR;C02-Javier
F2024-000743;1;02/04/2024;CLI0265;S02;695,22;6,82;5;4504,33;EUR;C05-Rocío
F2024-000744;1;05/03/2024;CLI0328;S05;1013,97;3,44;0;3491,02;USD;C02-Javier
F2024-000745;1;18/10/2024;CLI0294;S13;1,00;629,15;0;629,15;EUR;C03-Lucía
F2024-000745;2;18/10/2024;CLI0294;S13;1,00;635,80;5;604,01;EUR;C01-Marta
F2024-000745;3;18/10/2024;CLI0294;S05;1208,13;3,28;0;3962,67;EUR;C02-Javier
F2024-000746;1;14/03/2024;CLI0356;S10;398,51;8,45;0;3367,41;EUR;C04-Andrés
F2024-000746;2;14/03/2024;CLI0356;S14;7,00;219,01;10;1379,76;EUR;C04-Andrés
F2024-000746;3;14/03/2024;CLI0356;S15;2,00;85,22;15;144,87;EUR;C05-Rocío
F2024-000746;4;14/03/2024;CLI0356;S10;904,40;8,50;5;7303,03;EUR;C04-Andrés
F2024-000747;1;08/02/2024;CLI0284;S02;209,86;7,08;5;1410,96;USD;C01-Marta
F2024-000748;1;12/08/2024;CLI0337;S07;984,53;1,57;0;1545,71;EUR;C03-Lucía
F2024-000748;2;12/08/2024;CLI0337;S07;156,09;1,59;0;248,18;EUR;C01-Marta
F2024-000748;3;12/08/2024;CLI0337;S08;524,68;2,49;0;1306,45;EUR;C03-Lucía
F2024-000749;1;07/01/2024;CLI0094;S14;3,00;201,72;5;574,90;EUR;C02-Javier
F2024-000749;2;07/01/2024;CLI0094;S14;16,00;199,73;5;3035,90;EUR;C04-Andrés
F2024-000749;3;07/01/2024;CLI0094;S07;1033,23;1,67;0;1725,49;EUR;C04-Andrés
F2024-000749;4;07/01/2024;CLI0094;S07;504,42;1,66;0;837,34;EUR;C04-Andrés
F2024-000750;1;28/11/2024;CLI0126;S10;2396,68;8,15;0;19532,94;EUR;C04-Andrés
F2024-000751;1;10/09/2024;CLI0024;S05;260,55;3,06;0;797,28;EUR;C02-Javier
F2024-000752;1;05/01/2024;CLI0090;S01;23,53;97,09;0;2284,53;EUR;C01-Marta
F2024-000752;2;05/01/2024;CLI0090;S11;11,48;23,76;0;272,76;EUR;C03-Lucía
F2024-000753;1;17/01/2024;CLI0166;S06;2945,09;1,12;0;3298,50;EUR;C04-Andrés
F2024-000753;2;17/01/2024;CLI0166;S06;1074,14;1,19;0;1278,04;USD;C05-Rocío
F2024-000753;3;17/01/2024;CLI0166;S05;333,92;3,26;5;1034,15;EUR;C05-Rocío
F2024-000753;4;17/01/2024;CLI0166;S05;94,37;3,12;0;294,43;EUR;C05-Rocío
F2024-000754;1;14/06/2024;CLI0051;S05;329,99;3,07;5;962,42;EUR;C01-Marta
F2024-000754;2;14/06/2024;CLI0051;S06;1361,35;1,08;10;1323,23;EUR;C04-Andrés
F2024-000754;3;14/06/2024;CLI0051;S06;2916,98;1,06;0;3092,00;EUR;C01-Marta
F2024-000754;4;14/06/2024;CLI0051;S15;2,00;88,19;0;176,38;EUR;C01-Marta
F2024-000755;1;10/02/2024;CLI0236;S05;624,57;3,15;5;1869,03;EUR;C04-Andrés
F2024-000755;2;10/02/2024;CLI0236;S05;544,15;3,14;0;1708,63;EUR;C02-Javier
F2024-000755;3;10/02/2024;CLI0236;S15;4,00;87,29;0;349,16;EUR;C05-Rocío
F2024-000756;1;11/01/2024;CLI0372;S09;506,23;42,97;0;21752,70;EUR;C02-Javier
F2024-000756;2;11/01/2024;CLI0372;S09;323,41;40,42;5;12418,62;EUR;C05-Rocío
F2024-000756;3;11/01/2024;CLI0372;S15;1,00;88,03;5;83,63;EUR;C05-Rocío
F2024-000756;4;11/01/2024;CLI0372;S14;9,00;219,94;0;1979,46;EUR;C01-Marta
F2024-000757;1;28/04/2024;CLI0212;S15;2,00;83,89;5;159,39;EUR;C05-Rocío
F2024-000758;1;01/06/2024;CLI0371;S10;77,84;8,71;0;677,99;EUR;C05-Rocío
F2024-000758;2;01/06/2024;cli0371;S10;1550,18;8,46;0;13114,52;EUR;C05-Rocío
F2024-000758;3;01/06/2024;CLI0371;S10;191,53;8,88;0;1700,79;EUR;C02-Javier
F2024-000759;1;19/11/2024;CLI0263;S01;81,42;96,58;10;7077,19;EUR;C05-Rocío
F2024-000759;2;19/11/2024;CLI0263;S11;11,66;24,81;10;260,36;EUR;C01-Marta
F2024-000760;1;01/10/2024;CLI0226;S10;849,10;8,27;0;7022,06;EUR;C03-Lucía
F2024-000760;2;01/10/2024;CLI0226;S13;1,00;675,33;0;675,33;EUR;C05-Rocío
F2024-000761;1;19/11/2024;CLI0313;S10;337,70;8,72;0;2944,74;EUR;C02-Javier
F2024-000761;2;19/11/2024;CLI0313;S10;246,70;8,79;0;2168,49;EUR;C05-Rocío
F2024-000761;3;19/11/2024;CLI0313;S10;1841,02;8,38;0;15427,75;EUR;C02-Javier
F2024-000762;1;18/03/2024;CLI0257;S06;2509,46;1,10;5;2622,39;EUR;C03-Lucía
F2024-000762;2;18/03/2024;CLI0257;S05;563,89;3,11;0;1753,70;EUR;C01-Marta
F2024-000763;1;10/02/2024;CLI0051;S13;1,00;644,77;0;644,77;EUR;C05-Rocío
F2024-000763;2;10/02/2024;CLI0051;S05;1659,72;3,11;15;4387,47;EUR;C01-Marta
F2024-000763;3;10/02/2024;CLI0051;S06;1407,59;1,07;0;1506,12;EUR;C03-Lucía
F2024-000763;4;10/02/2024;CLI0051;S05;181,05;3,18;0;575,74;EUR;C03-Lucía
F2024-000764;1;27/06/2024;CLI0207;S10;49,17;8,63;0;424,34;EUR;C05-Rocío
F2024-000764;2;27/06/2024;CLI0207;S10;67,25;8,73;0;587,09;EUR;C04-Andrés
F2024-000764;3;27/06/2024;CLI0207;S13;1,00;635,12;5;603,36;EUR;C04-Andrés
F2024-000765;1;13/09/2024;CLI0101;S10;244,15;9,15;0;2233,54;USD;C02-Javier
F2024-000765;2;13/09/2024;CLI0101;S15;4,00;81,83;0;327,32;EUR;C02-Javier
F2024-000765;3;13/09/2024;CLI0101;S14;3,00;204,04;0;612,12;EUR;C03-Lucía
F2024-000766;1;13/07/2024;CLI0247;S15;3,00;80,89;10;218,40;EUR;C03-Lucía
F2024-000766;2;13/07/2024;CLI0247;S10;153,78;8,40;0;1291,75;EUR;C01-Marta
F2024-000766;3;13/07/2024;CLI0247;S10;1152,50;8,88;10;9210,78;EUR;C01-Marta
F2024-000767;1;21/09/2024;CLI0027;S05;324,69;3,16;5;974,72;EUR;C04-Andrés
F2024-000767;2;21/09/2024;CLI0027;S05;46,07;3,25;0;149,73;EUR;C03-Lucía
F2024-000768;1;15/02/2024;CLI0207;S15;2,00;87,49;5;166,23;EUR;C03-Lucía
F2024-000768;2;15/02/2024;CLI0207;S10;110,36;8,14;5;853,41;EUR;C01-Marta
F2024-000769;1;14/05/2024;CLI0008;S11;47,58;24,57;5;1110,59;EUR;C04-Andrés
F2024-000770;1;22/11/2024;CLI0087;S15;1,00;95,12;0;95,12;USD;C05-Rocío
F2024-000771;1;15/02/2024;CLI0299;S07;318,97;1,54;0;491,21;EUR;C05-Rocío
F2024-000772;1;01/11/2024;CLI0219;S05;484,95;3,22;5;1483,46;EUR;C01-Marta
F2024-000772;2;01/11/2024;CLI0219;S05;439,24;3,28;0;1440,71;EUR;C01-Marta
F2024-000773;1;03/03/2024;CLI0207;S10;324,31;8,50;0;2756,64;EUR;C05-Rocío
F2024-000773;2;03/03/2024;CLI0207;S10;660,75;8,18;5;5134,69;EUR;C05-Rocío
F2024-000773;3;03/03/2024;CLI0207;S10;163,32;8,54;0;1394,75;EUR;C02-Javier
F2024-000773;4;03/03/2024;CLI0207;S10;304,49;8,65;0;2633,84;EUR;C02-Javier
F2024-000774;1;20/04/2024;CLI0182;S06;3335,12;1,13;0;3768,69;EUR;C05-Rocío
F2024-000774;2;20/04/2024;CLI0182;S05;101,46;3,28;0;332,79;EUR;C03-Lucía
F2024-000775;1;01/08/2024;CLI0138;S09;189,55;40,43;0;7663,51;EUR;C02-Javier
F2024-000775;2;01/08/2024;CLI0138;S09;202,64;41,32;5;7954,43;EUR;C03-Lucía
F2024-000776;1;19/02/2024;CLI0153;S13;1,00;632,13;0;632,13;EUR;C01-Marta
F2024-000776;2;19/02/2024;CLI0153;S12;3,00;116,64;0;349,92;EUR;C03-Lucía
F2024-000776;3;19/02/2024;CLI0153;S03;43,22;38,66;5;1587,34;EUR;C01-Marta
F2024-000777;1;14/05/2024;CLI0267;S09;43,65;41,65;0;1818,02;EUR;C05-Rocío
F2024-000777;2;14/05/2024;CLI0267;S09;207,31;44,03;0;9127,86;EUR;C05-Rocío
F2024-000777;3;14/05/2024;cli0267;S15;4,00;82,49;5;313,46;EUR;C02-Javier
F2024-000778;1;02/05/2024;CLI0082;S15;4,00;85,66;0;342,64;EUR;C01-Marta
F2024-000778;2;02/05/2024;CLI0082;S10;5132,69;8,79;0;45116,35;EUR;C05-Rocío
F2024-000778;3;02/05/2024;CLI0082;S14;5,00;214,16;0;1070,80;EUR;C04-Andrés
F2024-000778;4;02/05/2024;CLI0082;S10;404,52;8,83;0;3571,91;EUR;C05-Rocío
F2024-000779;1;05/11/2024;CLI0291;S15;1,00;81,14;0;81,14;EUR;C05-Rocío
F2024-000779;2;05/11/2024;CLI0291;S10;3470,68;8,11;15;23925,13;EUR;C01-Marta
F2024-000780;1;15/03/2024;CLI0095;S14;3,00;211,45;0;634,35;EUR;C03-Lucía
F2024-000780;2;15/03/2024;CLI0095;S09;145,12;43,69;10;5706,26;EUR;C03-Lucía
F2024-000780;3;15/03/2024;CLI0095;S09;128,38;42,82;0;5497,23;EUR;C05-Rocío
F2024-000780;4;15/03/2024;CLI0095;S09;277,89;42,33;0;11763,08;EUR;C04-Andrés
F2024-000781;1;25/06/2024;CLI0094;S07;182,54;1,63;0;297,54;EUR;C01-Marta
F2024-000781;2;25/06/2024;CLI0094;S14;8,00;214,75;0;1718,00;EUR;C02-Javier
F2024-000781;3;25/06/2024;CLI0094;S07;433,68;1,54;0;667,87;EUR;C04-Andrés
F2024-000782;1;25/05/2024;CLI0372;S15;2,00;88,38;0;176,76;EUR;C02-Javier
F2024-000782;2;25/05/2024;CLI0372;S09;164,56;43,97;0;7235,70;EUR;C04-Andrés
F2024-000783;1;19/03/2024;CLI0112;S02;109,09;6,71;5;695,39;EUR;C02-Javier
F2024-000783;2;19/03/2024;CLI0112;S01;368,97;103,83;5;36395,22;USD;C03-Lucía
F2024-000783;3;19/03/2024;CLI0112;S11;16,50;27,31;5;428,09;USD;C04-Andrés
F2024-000783;4;19/03/2024;CLI0112;S02;142,91;6,54;0;934,63;EUR;C01-Marta
F2024-000784;1;17/02/2024;CLI0274;S14;10,00;214,40;0;2144,00;EUR;C03-Lucía
F2024-000784;2;17/02/2024;CLI0274;S07;560,64;1,66;10;837,60;EUR;C03-Lucía
F2024-000784;3;17/02/2024;CLI0274;S07;151,85;1,67;0;253,59;EUR;C04-Andrés
F2024-000785;1;09/04/2024;CLI0095;S09;160,45;42,78;0;6864,05;EUR;C05-Rocío
F2024-000785;2;09/04/2024;CLI0095;S15;4,00;84,78;15;288,25;EUR;C03-Lucía
F2024-000785;3;09/04/2024;CLI0095;S09;104,66;42,96;0;4496,19;EUR;C02-Javier
F2024-000785;4;09/04/2024;CLI0095;S09;349,87;42,65;0;14921,96;EUR;C04-Andrés
F2024-000786;1;12/01/2024;CLI0230;S11;32,38;28,49;15;784,14;USD;C04-Andrés
F2024-000786;2;12/01/2024;CLI0230;S15;1,00;87,59;15;74,45;EUR;C02-Javier
F2024-000786;3;12/01/2024;CLI0230;S01;214,42;96,13;0;20612,19;EUR;C02-Javier
F2024-000787;1;12/09/2024;CLI0377;S01;52,39;102,10;5;5081,66;USD;C05-Rocío
F2024-000787;2;12/09/2024;CLI0377;S01;121,37;90,34;0;10964,57;EUR;C01-Marta
F2024-000787;3;12/09/2024;CLI0377;S15;3,00;87,56;0;262,68;EUR;C04-Andrés
F2024-000787;4;12/09/2024;CLI0377;S14;14,00;221,52;0;3101,22;USD;C04-Andrés
F2024-000788;1;19/02/2024;CLI0344;S14;16,00;203,77;5;3097,30;EUR;C05-Rocío
F2024-000789;1;23/09/2024;CLI0048;S10;923,88;8,48;0;7834,50;EUR;C02-Javier
F2024-000789;2;23/09/2024;CLI0048;S15;3,00;81,72;5;232,90;EUR;C03-Lucía
F2024-000789;3;23/09/2024;CLI0048;S10;199,39;8,35;5;1581,66;EUR;C02-Javier
F2024-000789;4;23/09/2024;CLI0048;S14;9,00;204,27;5;1746,51;EUR;C02-Javier
F2024-000790;1;01/08/2024;CLI0207;S13;1,00;641,41;0;641,41;EUR;C04-Andrés
F2024-000790;2;01/08/2024;CLI0207;S10;125,34;8,22;0;1030,29;EUR;C04-Andrés
F2024-000790;3;01/08/2024;CLI0207;S10;582,38;8,89;0;5177,36;EUR;C01-Marta
F2024-000790;4;01/08/2024;CLI0207;S13;1,00;618,74;0;618,74;EUR;C04-Andrés
F2024-000791;1;15/04/2024;CLI0370;S05;138,97;3,13;0;434,98;EUR;C05-Rocío
F2024-000791;2;15/04/2024;CLI0370;S05;177,93;3,21;0;571,16;EUR;C01-Marta
F2024-000791;3;15/04/2024;CLI0370;S13;1,00;629,40;0;629,40;EUR;C01-Marta
F2024-000791;4;15/04/2024;CLI0370;S05;305,93;3,12;15;811,33;EUR;C04-Andrés
F2024-000792;1;27/12/2024;CLI0113;S09;524,40;41,64;0;21836,02;EUR;C02-Javier
F2024-000792;2;27/12/2024;CLI0113;S14;5,00;211,24;15;897,77;EUR;C03-Lucía
F2024-000792;3;27/12/2024;CLI0113;S09;95,69;42,92;0;4107,01;EUR;C03-Lucía
F2024-000792;4;27/12/2024;CLI0113;S15;3,00;84,64;0;253,92;EUR;C05-Rocío
F2024-000793;1;27/08/2024;CLI0277;S01;73,76;104,42;5;7316,69;USD;C01-Marta
F2024-000793;2;27/08/2024;CLI0277;S02;354,57;7,43;0;2634,18;USD;C04-Andrés
F2024-000794;1;25/06/2024;CLI0158;S09;79,52;41,21;5;3113,17;EUR;C03-Lucía
F2024-000794;2;25/06/2024;CLI0158;S09;78,76;42,82;0;3372,50;EUR;C04-Andrés
F2024-000794;3;25/06/2024;CLI0158;S09;138,16;43,27;0;5978,18;EUR;C01-Marta
F2024-000794;4;25/06/2024;cli0158;S09;56,15;41,79;15;1994,53;EUR;C01-Marta
F2024-000795;1;07/09/2024;CLI0061;S11;12,89;23,92;0;308,33;EUR;C03-Lucía
F2024-000795;2;07/09/2024;CLI0061;S11;83,74;24,84;0;2080,10;EUR;C02-Javier
F2024-000796;1;16/06/2024;CLI0099;S14;2,00;212,46;0;424,92;EUR;C04-Andrés
F2024-000796;2;16/06/2024;CLI0099;S10;105,21;8,70;0;915,33;EUR;C05-Rocío
F2024-000796;3;16/06/2024;cli0099;S10;278,65;8,31;0;2315,58;EUR;C01-Marta
F2024-000796;4;16/06/2024;CLI0099;S10;436,71;8,75;0;3821,21;EUR;C01-Marta
F2024-000797;1;04/08/2024;CLI0057;S07;118,43;1,80;0;213,25;USD;C04-Andrés
F2024-000798;1;28/11/2024;CLI0095;S09;65,91;41,72;0;2749,77;EUR;C05-Rocío
F2024-000798;2;28/11/2024;CLI0095;S09;156,53;40,76;0;6380,16;EUR;C04-Andrés
F2024-000798;3;28/11/2024;CLI0095;S15;3,00;83,58;15;213,13;EUR;C03-Lucía
F2024-000799;1;02/07/2024;CLI0388;S15;2,00;83,19;5;158,06;EUR;C02-Javier
F2024-000799;2;02/07/2024;CLI0388;S10;335,27;8,39;0;2812,92;EUR;C04-Andrés
F2024-000799;3;02/07/2024;CLI0388;S13;1,00;670,81;5;637,27;EUR;C05-Rocío
F2024-000799;4;02/07/2024;CLI0388;S13;1,00;663,33;0;663,33;EUR;C03-Lucía
F2024-000800;1;09/04/2024;CLI0212;S12;3,00;117,28;0;351,84;EUR;C02-Javier
F2024-000800;2;09/04/2024;CLI0212;S04;378,93;13,52;0;5123,13;EUR;C05-Rocío
F2024-000800;3;09/04/2024;CLI0212;S03;202,95;39,48;0;8012,47;EUR;C02-Javier
F2024-000800;4;09/04/2024;CLI0212;S04;261,12;13,47;0;3517,29;EUR;C02-Javier
F2024-000801;1;04/06/2024;CLI0243;S05;921,76;3,16;0;2912,76;EUR;C03-Lucía
F2024-000801;2;04/06/2024;CLI0243;S05;3511,23;3,27;0;11481,72;EUR;C01-Marta
F2024-000802;1;07/12/2024;CLI0095;S09;31,78;42,96;10;1228,74;EUR;C03-Lucía
F2024-000803;1;04/03/2024;CLI0058;S08;2465,93;2,49;0;6140,17;EUR;C04-Andrés
F2024-000803;2;04/03/2024;CLI0058;S14;15,00;212,00;5;3021,00;EUR;C05-Rocío
F2024-000804;1;20/01/2024;CLI0273;S10;512,29;8,29;5;4034,54;EUR;C03-Lucía
F2024-000804;2;20/01/2024;CLI0273;S13;1,00;621,72;0;621,72;EUR;C02-Javier
F2024-000805;1;15/12/2024;CLI0322;S06;306,43;1,12;0;343,20;EUR;C02-Javier
F2024-000805;2;15/12/2024;CLI0322;S06;1134,14;1,07;0;1213,53;EUR;C04-Andrés
F2024-000805;3;15/12/2024;cli0322;S05;111,65;3,32;10;333,61;EUR;C01-Marta
F2024-000805;4;15/12/2024;CLI0322;S06;855,66;1,07;5;869,78;EUR;C01-Marta
F2024-000806;1;01/03/2024;CLI0095;S13;1,00;622,81;5;591,67;EUR;C03-Lucía
F2024-000806;2;01/03/2024;CLI0095;S14;7,00;219,98;0;1539,86;EUR;C01-Marta
F2024-000806;3;01/03/2024;CLI0095;S09;92,38;43,87;10;3647,44;EUR;C04-Andrés
F2024-000806;4;01/03/2024;CLI0095;S13;1,00;622,73;0;622,73;EUR;C03-Lucía
F2024-000807;1;06/12/2024;CLI0149;S08;2728,97;2,32;0;6331,21;EUR;C05-Rocío
F2024-000807;2;06/12/2024;CLI0149;S07;236,34;1,67;0;394,69;EUR;C05-Rocío
F2024-000808;1;03/10/2024;CLI0370;S06;1368,67;1,14;10;1404,26;EUR;C03-Lucía
F2024-000808;2;03/10/2024;CLI0370;S05;238,37;3,09;15;626,08;EUR;C03-Lucía
F2024-000809;1;23/07/2024;CLI0399;S13;1,00;658,13;0;658,13;EUR;C01-Marta
F2024-000810;1;14/09/2024;CLI0058;S07;321,22;1,56;0;501,10;EUR;C01-Marta
F2024-000810;2;14/09/2024;CLI0058;S15;4,00;87,74;0;350,96;EUR;C03-Lucía
F2024-000811;1;28/06/2024;CLI0094;S07;274,79;1,55;0;425,92;EUR;C04-Andrés
F2024-000811;2;28/06/2024;CLI0094;S13;1,00;625,93;0;625,93;EUR;C03-Lucía
F2024-000812;1;12/05/2024;CLI0211;S05;495,75;3,20;5;1507,08;EUR;C02-Javier
F2024-000813;1;16/06/2024;CLI0046;S15;1,00;81,69;5;77,61;EUR;C05-Rocío
F2024-000813;2;16/06/2024;CLI0046;S13;1,00;634,22;0;634,22;EUR;C02-Javier
F2024-000813;3;16/06/2024;CLI0046;S06;1787,43;1,13;0;2019,80;EUR;C05-Rocío
F2024-000813;4;16/06/2024;CLI0046;S05;307,71;3,23;0;993,90;EUR;C03-Lucía
F2024-000814;1;03/02/2024;CLI0257;S05;1478,53;3,10;0;4583,44;EUR;C03-Lucía
F2024-000815;1;07/08/2024;CLI0046;S05;114,29;3,34;0;381,73;EUR;C04-Andrés
F2024-000815;2;07/08/2024;CLI0046;S13;1,00;668,65;0;668,65;EUR;C03-Lucía
F2024-000816;1;06/12/2024;CLI0113;S15;4,00;82,75;0;331,00;EUR;C04-Andrés
F2024-000817;1;13/11/2024;CLI0126;S13;1,00;667,37;0;667,37;EUR;C04-Andrés
F2024-000817;2;13/11/2024;CLI0126;S10;107,35;8,54;0;916,77;EUR;C04-Andrés
F2024-000818;1;06/02/2024;CLI0162;S14;11,00;199,65;15;1866,73;EUR;C05-Rocío
F2024-000818;2;06/02/2024;CLI0162;S03;66,84;37,55;0;2509,84;EUR;C01-Marta
F2024-000818;3;06/02/2024;cli0162;S04;307,61;14,30;0;4398,82;EUR;C02-Javier
F2024-000818;4;06/02/2024;CLI0162;S04;1740,33;14,21;10;22257,08;EUR;C03-Lucía
F2024-000819;1;04/06/2024;CLI0317;S10;1205,57;8,52;0;10271,46;EUR;C04-Andrés
F2024-000820;1;08/09/2024;CLI0051;S06;3229,16;1,14;10;3313,12;EUR;C04-Andrés
F2024-000821;1;14/11/2024;CLI0070;S09;73,57;43,67;5;3052,16;EUR;C05-Rocío
F2024-000821;2;14/11/2024;CLI0070;S13;1,00;660,86;0;660,86;EUR;C01-Marta
F2024-000822;1;14/12/2024;CLI0370;S06;6403,53;1,11;0;7107,92;EUR;C02-Javier
F2024-000822;2;14/12/2024;CLI0370;S05;439,51;3,23;5;1348,64;EUR;C03-Lucía
F2024-000823;1;27/11/2024;CLI0012;S07;647,47;1,62;0;1048,90;EUR;C04-Andrés
F2024-000823;1;27/11/2024;CLI0012;S07;647,47;1,62;0;1048,90;EUR;C04-Andrés
F2024-000824;1;27/02/2024;CLI0051;S06;2599,87;1,10;10;2573,87;EUR;C02-Javier
F2024-000824;2;27/02/2024;CLI0051;S15;4,00;82,56;0;330,24;EUR;C04-Andrés
F2024-000824;3;27/02/2024;CLI0051;S05;2658,35;3,04;15;6869,18;EUR;C03-Lucía
F2024-000824;4;27/02/2024;CLI0051;S06;2000,35;1,08;15;1836,32;EUR;C02-Javier
F2024-000825;1;25/10/2024;CLI0115;S11;25,99;25,83;10;604,19;EUR;C04-Andrés
F2024-000826;1;18/08/2024;CLI0101;S15;3,00;86,21;0;258,63;EUR;C01-Marta
F2024-000826;2;18/08/2024;CLI0101;S10;989,02;9,45;0;9341,37;USD;C04-Andrés
F2024-000827;1;06/01/2024;CLI0200;S15;4,00;86,38;0;345,52;EUR;C03-Lucía
F2024-000828;1;22/03/2024;CLI0113;S14;14,00;213,41;5;2838,35;EUR;C03-Lucía
F2024-000828;2;22/03/2024;cli0113;S09;572,01;42,95;10;22111,05;EUR;C05-Rocío
F2024-000828;3;22/03/2024;CLI0113;S09;77,75;41,84;0;3253,06;EUR;C03-Lucía
F2024-000828;4;22/03/2024;CLI0113;S14;2,00;214,24;15;364,21;EUR;C04-Andrés
F2024-000829;1;04/10/2024;CLI0247;S10;219,94;8,71;5;1819,89;EUR;C01-Marta
F2024-000829;2;04/10/2024;CLI0247;S13;1,00;626,21;0;626,21;EUR;C02-Javier
F2024-000829;3;04/10/2024;CLI0247;S10;378,47;8,72;0;3300,26;EUR;C03-Lucía
F2024-000830;1;27/09/2024;CLI0206;S08;523,28;2,48;0;1297,73;EUR;C02-Javier
F2024-000830;2;27/09/2024;CLI0206;S08;1915,48;2,39;5;4349,10;EUR;C03-Lucía
F2024-000830;3;27/09/2024;CLI0206;S15;2,00;83,84;0;167,68;EUR;C03-Lucía
F2024-000831;1;23/08/2024;CLI0307;S09;135,67;41,09;0;5574,68;EUR;C05-Rocío
F2024-000831;2;23/08/2024;CLI0307;S09;255,56;39,99;0;10219,84;EUR;C04-Andrés
F2024-000831;3;23/08/2024;CLI0307;S09;211,67;42,86;0;9072,18;EUR;C05-Rocío
F2024-000831;4;23/08/2024;CLI0307;S09;68,36;42,22;0;2886,16;EUR;C01-Marta
F2024-000832;1;02/02/2024;CLI0143;S14;13,00;200,83;0;2610,79;EUR;C04-Andrés
F2024-000832;2;02/02/2024;CLI0143;S10;1844,36;8,83;0;16285,70;EUR;C05-Rocío
F2024-000833;1;02/02/2024;CLI0159;S12;3,00;117,37;0;352,11;EUR;C05-Rocío
F2024-000833;2;02/02/2024;CLI0159;S04;141,73;13,36;0;1893,51;EUR;C03-Lucía
F2024-000833;3;02/02/2024;CLI0159;S03;47,12;37,95;15;1519,97;EUR;C05-Rocío
F2024-000833;4;02/02/2024;CLI0159;S12;2,00;114,49;0;228,98;EUR;C02-Javier
F2024-000834;1;22/03/2024;CLI0158;S09;75,25;42,40;0;3190,60;EUR;C01-Marta
F2024-000834;2;22/03/2024;CLI0158;S09;73,68;39,91;0;2940,57;EUR;C04-Andrés
F2024-000834;3;22/03/2024;CLI0158;S09;241,63;41,56;5;9540,04;EUR;C02-Javier
F2024-000834;4;22/03/2024;CLI0158;S09;140,92;41,24;0;5811,54;EUR;C03-Lucía
F2024-000835;1;11/10/2024;CLI0034;S09;120,04;43,60;15;4448,68;EUR;C02-Javier
F2024-000835;2;11/10/2024;CLI0034;S09;155,36;39,93;0;6203,52;EUR;C02-Javier
F2024-000836;1;28/02/2024;CLI0028;S07;342,82;1,56;0;534,80;EUR;C01-Marta
F2024-000836;2;28/02/2024;CLI0028;S15;3,00;88,20;0;264,60;EUR;C05-Rocío
F2024-000837;1;21/09/2024;CLI0122;S07;2018,92;1,64;5;3145,48;EUR;C01-Marta
F2024-000837;2;21/09/2024;CLI0122;S07;188,22;1,55;5;277,15;EUR;C01-Marta
F2024-000837;3;21/09/2024;CLI0122;S08;7104,29;2,29;5;15455,38;EUR;C04-Andrés
F2024-000837;4;21/09/2024;CLI0122;S08;1408,92;2,39;0;3367,32;EUR;C04-Andrés
F2024-000838;1;08/04/2024;CLI0207;S10;374,40;8,61;5;3062,40;EUR;C01-Marta
F2024-000839;1;2024-02-23;CLI0094;S08;919,97;2,45;5;2141,23;EUR;C02-Javier
F2024-000840;1;18/05/2024;CLI0095;S09;125,05;42,14;0;5269,61;EUR;C05-Rocío
F2024-000840;2;18/05/2024;CLI0095;S09;61,01;42,58;0;2597,81;EUR;C03-Lucía
F2024-000840;3;18/05/2024;CLI0095;S09;106,43;41,84;5;4230,38;EUR;C04-Andrés
F2024-000840;4;18/05/2024;CLI0095;S09;163,05;41,11;0;6702,99;EUR;C02-Javier
F2024-000841;1;14/11/2024;CLI0257;S06;634,35;1,09;0;691,44;EUR;C04-Andrés
F2024-000842;1;03/06/2024;CLI0207;S10;74,04;8,49;0;628,60;EUR;C04-Andrés
F2024-000843;1;13/06/2024;CLI0293;S10;174,75;8,79;5;1459,25;EUR;C05-Rocío
F2024-000843;2;13/06/2024;CLI0293;S10;350,57;8,40;0;2944,79;EUR;C03-Lucía
F2024-000843;3;13/06/2024;CLI0293;S10;268,22;8,19;0;2196,72;EUR;C01-Marta
F2024-000844;1;10/10/2024;CLI0089;S05;364,85;3,08;0;1123,74;EUR;C04-Andrés
F2024-000845;1;04/09/2024;CLI0273;S10;651,31;8,14;0;5301,66;EUR;C02-Javier
F2024-000845;2;04/09/2024;CLI0273;S10;45,92;8,77;5;382,58;EUR;C03-Lucía
F2024-000846;1;25/10/2024;CLI0136;S15;2,00;87,63;0;175,26;EUR;C02-Javier
F2024-000846;2;25/10/2024;CLI0136;S02;73,48;6,38;0;468,80;EUR;C04-Andrés
F2024-000847;1;02/08/2024;CLI0371;S10;1453,35;8,82;5;12177,62;EUR;C01-Marta
F2024-000848;1;16/01/2024;CLI0009;S09;72,91;47,69;0;3477,17;USD;C05-Rocío
F2024-000848;2;16/01/2024;CLI0009;S13;1,00;730,16;0;730,16;USD;C01-Marta
F2024-000848;3;16/01/2024;CLI0009;S09;103,23;47,67;5;4674,87;USD;C05-Rocío
F2024-000848;4;16/01/2024;CLI0009;S09;202,23;44,67;5;8581,48;USD;C01-Marta
F2024-000849;1;28/08/2024;CLI0095;S14;8,00;211,88;0;1695,04;EUR;C01-Marta
F2024-000849;2;28/08/2024;CLI0095;S09;379,09;40,93;0;15516,15;EUR;C01-Marta
F2024-000849;3;28/08/2024;CLI0095;S09;145,15;40,02;0;5808,90;EUR;C03-Lucía
F2024-000850;1;04/09/2024;CLI0213;S10;702,22;8,41;0;5905,67;EUR;C02-Javier
F2024-000851;1;20/11/2024;CLI0287;S10;1103,81;8,45;0;9327,19;EUR;C04-Andrés
F2024-000851;2;20/11/2024;CLI0287;S10;125,67;8,27;5;987,33;EUR;C05-Rocío
F2024-000852;1;09/09/2024;CLI0205;S15;2,00;96,65;5;183,63;USD;C03-Lucía
F2024-000852;2;09/09/2024;CLI0205;S06;2392,30;1,14;0;2727,22;EUR;C01-Marta
F2024-000853;1;24/01/2024;CLI0392;S10;158,99;8,35;0;1327,57;EUR;C05-Rocío
F2024-000853;2;24/01/2024;CLI0392;S13;1,00;657,39;5;624,52;EUR;C01-Marta
F2024-000853;3;24/01/2024;CLI0392;S10;252,91;8,81;0;2228,14;EUR;C04-Andrés
F2024-000853;4;24/01/2024;CLI0392;S10;538,72;8,16;0;4395,96;EUR;C03-Lucía
F2024-000854;1;23/01/2024;CLI0124;S06;130,56;1,15;0;150,14;EUR;C02-Javier
F2024-000854;2;23/01/2024;CLI0124;S06;2023,00;1,07;5;2056,38;EUR;C05-Rocío
F2024-000854;3;23/01/2024;CLI0124;S06;1929,38;1,12;0;2160,91;EUR;C02-Javier
F2024-000854;4;23/01/2024;CLI0124;S14;2,00;207,65;5;394,53;EUR;C01-Marta
F2024-000855;1;18/12/2024;CLI0051;S14;6,00;216,40;5;1233,48;EUR;C04-Andrés
F2024-000855;2;18/12/2024;CLI0051;S06;497,76;1,14;5;539,07;EUR;C02-Javier
F2024-000856;1;25/10/2024;CLI0094;S08;701,27;2,51;5;1672,18;EUR;C02-Javier
F2024-000856;2;25/10/2024;CLI0094;S14;6,00;211,13;0;1266,78;EUR;C03-Lucía
F2024-000856;3;25/10/2024;CLI0094;S07;411,96;1,64;0;675,61;EUR;C03-Lucía
F2024-000857;1;05/10/2024;CLI0095;S09;76,76;42,86;0;3289,93;EUR;C01-Marta
F2024-000857;2;05/10/2024;CLI0095;S15;4,00;82,16;0;328,64;EUR;C03-Lucía
F2024-000857;3;05/10/2024;CLI0095;S09;104,25;42,07;10;3947,22;EUR;C01-Marta
F2024-000858;1;07/11/2024;CLI0342;S10;378,18;8,63;0;3263,69;EUR;C03-Lucía
F2024-000859;1;18/10/2024;CLI0226;S10;359,16;8,11;0;2912,79;EUR;C05-Rocío
F2024-000859;2;18/10/2024;CLI0226;S10;1498,49;8,29;0;12422,48;EUR;C01-Marta
F2024-000859;3;18/10/2024;CLI0226;S10;367,68;8,89;5;3105,24;EUR;C03-Lucía
F2024-000860;1;27/07/2024;CLI0182;S05;108,84;3,14;0;341,76;EUR;C05-Rocío
F2024-000861;1;02/01/2024;CLI0076;S09;135,35;40,41;0;5469,49;EUR;C03-Lucía
F2024-000861;2;02/01/2024;CLI0076;S09;252,52;43,47;5;10428,19;EUR;C05-Rocío
F2024-000861;3;02/01/2024;CLI0076;S09;86,62;42,69;0;3697,81;EUR;C03-Lucía
F2024-000861;4;02/01/2024;CLI0076;S09;192,69;42,45;0;8179,69;EUR;C02-Javier
F2024-000862;1;23/03/2024;CLI0007;S05;391,17;3,36;5;1248,61;EUR;C03-Lucía
F2024-000862;2;23/03/2024;CLI0007;S14;8,00;203,42;0;1627,36;EUR;C02-Javier
F2024-000863;1;07/04/2024;CLI0046;S15;4,00;84,32;0;337,28;EUR;C01-Marta
F2024-000863;2;07/04/2024;CLI0046;S06;1656,06;1,12;0;1854,79;EUR;C02-Javier
F2024-000863;3;07/04/2024;CLI0046;S14;7,00;213,48;0;1494,36;EUR;C03-Lucía
F2024-000864;1;07/02/2024;CLI0398;S10;346,92;8,59;0;2980,04;EUR;C01-Marta
F2024-000865;1;09/01/2024;CLI0051;S06;397,04;1,10;0;436,74;EUR;C02-Javier
F2024-000865;2;09/01/2024;CLI0051;S05;148,91;3,32;0;494,38;EUR;C04-Andrés
F2024-000865;3;09/01/2024;CLI0051;S05;93,68;3,14;0;294,16;EUR;C02-Javier
F2024-000866;1;15/05/2024;CLI0238;S12;4,00;122,94;0;491,76;EUR;C04-Andrés
F2024-000866;2;15/05/2024;CLI0238;S13;1,00;667,25;5;633,89;EUR;C05-Rocío
F2024-000866;3;15/05/2024;CLI0238;S15;3,00;87,75;0;263,25;EUR;C04-Andrés
F2024-000866;4;15/05/2024;CLI0238;S04;662,91;13,70;5;8627,77;EUR;C04-Andrés
F2024-000867;1;05/05/2024;CLI0250;S15;2,00;87,63;5;166,50;EUR;C02-Javier
F2024-000867;2;05/05/2024;CLI0250;S14;15,00;205,37;5;2926,52;EUR;C01-Marta
F2024-000867;3;05/05/2024;CLI0250;S07;204,61;1,72;0;352,53;USD;C03-Lucía
F2024-000867;4;05/05/2024;CLI0250;S08;97,84;2,60;5;241,79;USD;C03-Lucía
F2024-000868;1;08/12/2024;CLI0197;S10;97,78;8,82;5;819,30;EUR;C01-Marta
F2024-000868;2;08/12/2024;CLI0197;S10;438,59;8,14;0;3570,12;EUR;C03-Lucía
F2024-000869;1;11/07/2024;CLI0225;S14;11,00;217,66;10;2154,83;EUR;C02-Javier
F2024-000869;2;11/07/2024;CLI0225;S05;164,04;3,24;10;478,34;EUR;C02-Javier
F2024-000869;3;11/07/2024;CLI0225;S05;790,88;3,11;5;2336,65;EUR;C05-Rocío
F2024-000869;4;11/07/2024;CLI0225;S05;118,66;3,34;15;336,88;EUR;C03-Lucía
F2024-000870;1;15/05/2024;CLI0386;S01;64,73;97,20;0;6291,76;EUR;C05-Rocío
F2024-000870;2;15/05/2024;CLI0386;S13;1,00;631,62;0;;EUR;C04-Andrés
F2024-000870;3;15/05/2024;CLI0386;S15;1,00;84,40;0;84,40;EUR;C02-Javier
F2024-000870;4;15/05/2024;CLI0386;S11;46,29;25,18;0;1165,58;EUR;C03-Lucía
F2024-000871;1;08/07/2024;CLI0230;S02;143,80;7,49;5;1022,56;USD;C02-Javier
F2024-000871;2;08/07/2024;CLI0230;S01;419,32;109,34;15;38969,99;USD;C03-Lucía
F2024-000871;3;08/07/2024;CLI0230;S11;16,67;27,49;0;458,21;USD;C04-Andrés
F2024-000872;1;21/07/2024;CLI0170;S15;2,00;83,37;15;141,73;EUR;C03-Lucía
F2024-000873;1;07/06/2024;CLI0370;S06;2587,53;1,11;0;2872,16;EUR;C01-Marta
F2024-000873;2;07/06/2024;CLI0370;S06;3235,85;1,11;10;3232,61;EUR;C05-Rocío
F2024-000873;3;07/06/2024;CLI0370;S13;1,00;635,66;0;635,66;EUR;C02-Javier
F2024-000874;1;08/12/2024;CLI0228;S05;762,37;3,33;0;2538,69;EUR;C03-Lucía
F2024-000874;2;08/12/2024;CLI0228;S15;2,00;81,23;15;138,09;EUR;C03-Lucía
F2024-000875;1;20/07/2024;CLI0291;S13;1,00;648,35;5;615,93;EUR;C04-Andrés
F2024-000875;2;20/07/2024;CLI0291;S10;133,97;8,56;0;1146,78;EUR;C02-Javier
F2024-000875;3;20/07/2024;CLI0291;S10;163,06;8,11;5;1256,30;EUR;C05-Rocío
F2024-000876;1;08/05/2024;CLI0158;S13;1,00;681,96;5;647,86;EUR;C02-Javier
F2024-000876;2;08/05/2024;CLI0158;S09;119,33;40,01;0;4774,39;EUR;C02-Javier
F2024-000876;3;08/05/2024;CLI0158;S09;34,27;40,49;0;1387,59;EUR;C01-Marta
F2024-000876;4;08/05/2024;CLI0158;S15;4,00;87,80;5;333,64;EUR;C01-Marta
F2024-000877;1;19/04/2024;CLI0120;S13;1,00;652,67;0;652,67;EUR;C01-Marta
F2024-000877;2;19/04/2024;CLI0120;S01;129,43;96,03;0;12429,16;EUR;C04-Andrés
F2024-000878;1;19/04/2024;CLI0076;S09;113,82;42,10;0;4791,82;EUR;C05-Rocío
F2024-000879;1;11/06/2024;CLI0207;S10;210,81;8,11;0;1709,67;EUR;C02-Javier
F2024-000879;2;11/06/2024;CLI0207;S13;1,00;669,01;5;635,56;EUR;C01-Marta
F2024-000879;3;11/06/2024;CLI0207;S10;562,11;8,67;5;4629,82;EUR;C04-Andrés
F2024-000879;4;11/06/2024;CLI0207;S10;796,47;8,78;0;6993,01;EUR;C01-Marta
F2024-000880;1;27/10/2024;CLI0089;S06;4912,05;1,10;0;5403,26;EUR;C01-Marta
F2024-000881;1;11/01/2024;CLI0133;S02;222,41;6,63;0;1474,58;EUR;C05-Rocío
F2024-000881;2;11/01/2024;CLI0133;S02;218,77;6,55;0;1432,94;EUR;C05-Rocío
F2024-000881;3;11/01/2024;CLI0133;S02;497,91;6,60;5;3121,90;EUR;C01-Marta
F2024-000882;1;02/12/2024;CLI0329;S01;62,63;97,70;0;6118,95;EUR;C04-Andrés
F2024-000882;2;02/12/2024;CLI0329;S02;298,85;6,48;0;1936,55;EUR;C02-Javier
F2024-000883;1;27/09/2024;CLI0024;S06;3676,97;1,07;0;3934,36;EUR;C02-Javier
F2024-000883;2;27/09/2024;CLI0024;S06;2759,86;1,08;0;2980,65;EUR;C04-Andrés
F2024-000883;3;27/09/2024;CLI0024;S13;1,00;640,57;5;608,54;EUR;C04-Andrés
F2024-000883;4;27/09/2024;cli0024;S14;13,00;212,93;0;2768,09;EUR;C02-Javier
F2024-000884;1;07/09/2024;CLI0120;S01;155,53;95,67;0;14879,56;EUR;C04-Andrés
F2024-000884;2;07/09/2024;CLI0120;S11;14,40;24,10;0;347,04;EUR;C02-Javier
F2024-000884;3;07/09/2024;CLI0120;S11;18,76;25,09;5;447,15;EUR;C02-Javier
F2024-000884;4;07/09/2024;CLI0120;S02;2166,63;6,64;0;14386,42;EUR;C01-Marta
F2024-000885;1;23/04/2024;CLI0291;S15;1,00;88,94;0;88,94;EUR;C03-Lucía
F2024-000886;1;13/03/2024;CLI0075;S15;1,00;86,66;0;86,66;EUR;C02-Javier
F2024-000887;1;17/07/2024;CLI0115;S11;4,44;24,33;0;108,03;EUR;C02-Javier
F2024-000888;1;01/12/2024;CLI0031;S02;342,30;6,68;0;2286,56;EUR;C01-Marta
F2024-000888;2;01/12/2024;CLI0031;S14;7,00;199,83;0;1398,81;EUR;C04-Andrés
F2024-000889;1;18/11/2024;CLI0078;S10;899,30;8,18;5;6988,46;EUR;C03-Lucía
F2024-000889;2;18/11/2024;CLI0078;S10;495,76;8,73;0;4327,98;EUR;C05-Rocío
F2024-000889;3;18/11/2024;CLI0078;S13;1,00;659,74;0;659,74;EUR;C04-Andrés
F2024-000889;4;18/11/2024;CLI0078;S10;400,65;8,82;0;3533,73;EUR;C03-Lucía
F2024-000890;1;02/03/2024;CLI0207;S15;2,00;86,80;0;173,60;EUR;C05-Rocío
F2024-000890;2;02/03/2024;CLI0207;S10;111,69;8,14;0;909,16;EUR;C04-Andrés
F2024-000891;1;10/09/2024;CLI0183;S14;15,00;219,18;5;3123,32;EUR;C03-Lucía
F2024-000891;2;10/09/2024;CLI0183;S04;107,33;14,57;0;1563,80;EUR;C01-Marta
F2024-000891;3;10/09/2024;CLI0183;S03;33,53;36,64;0;1228,54;EUR;C02-Javier
F2024-000892;1;03/09/2024;CLI0048;S10;281,84;8,49;0;2392,82;EUR;C04-Andrés
F2024-000893;1;07/06/2024;CLI0154;S10;350,55;8,53;0;2990,19;EUR;C05-Rocío
F2024-000894;1;19/04/2024;CLI0113;S09;159,19;41,92;10;6005,92;EUR;C02-Javier
F2024-000894;2;19/04/2024;CLI0113;S09;86,81;42,41;15;3129,37;EUR;C02-Javier
F2024-000895;1;06/10/2024;CLI0225;S14;8,00;203,52;15;1383,94;EUR;C01-Marta
F2024-000895;2;06/10/2024;CLI0225;S06;1123,24;1,07;5;1141,77;EUR;C01-Marta
F2024-000895;3;06/10/2024;CLI0225;S13;1,00;668,32;0;668,32;EUR;C01-Marta
F2024-000896;1;05/11/2024;CLI0279;S15;1,00;85,33;0;85,33;EUR;C05-Rocío
F2024-000896;2;05/11/2024;CLI0279;S15;2,00;82,47;0;164,94;EUR;C04-Andrés
F2024-000897;1;02/08/2024;CLI0096;S08;2943,53;2,42;0;7123,34;EUR;C01-Marta
F2024-000897;2;02/08/2024;CLI0096;S08;520,49;2,31;0;1202,33;EUR;C05-Rocío
F2024-000897;3;02/08/2024;CLI0096;S08;4033,28;2,29;0;9236,21;EUR;C02-Javier
F2024-000897;4;02/08/2024;CLI0096;S08;2094,72;2,47;0;5173,96;EUR;C04-Andrés
F2024-000898;1;04/03/2024;CLI0049;S13;1,00;633,99;0;633,99;EUR;C01-Marta
F2024-000898;2;04/03/2024;CLI0049;S08;1067,29;2,30;0;2454,77;EUR;C04-Andrés
F2024-000898;3;04/03/2024;CLI0049;S08;2032,03;2,31;5;4459,29;EUR;C02-Javier
F2024-000898;4;04/03/2024;CLI0049;S08;797,99;2,40;0;1915,18;EUR;C04-Andrés
F2024-000899;1;19/11/2024;CLI0341;S05;1329,69;3,10;0;4122,04;EUR;C04-Andrés
F2024-000899;2;19/11/2024;CLI0341;S14;3,00;204,44;0;613,32;EUR;C04-Andrés
F2024-000900;1;08/11/2024;CLI0247;S13;1,00;678,52;0;678,52;EUR;C01-Marta
F2024-000901;1;02/04/2024;CLI0051;S06;5853,74;1,13;15;5622,52;EUR;C04-Andrés
F2024-000901;2;02/04/2024;CLI0051;S06;421,13;1,09;10;413,13;EUR;C03-Lucía
F2024-000902;1;26/12/2024;CLI0158;S09;278,92;43,63;0;12169,28;EUR;C01-Marta
F2024-000902;2;26/12/2024;CLI0158;S13;1,00;681,96;0;681,96;EUR;C01-Marta
F2024-000903;1;28/10/2024;CLI0333;S11;38,82;23,84;0;925,47;EUR;C01-Marta
F2024-000903;2;28/10/2024;CLI0333;S13;1,00;636,31;0;636,31;EUR;C01-Marta
F2024-000904;1;24/09/2024;CLI0065;S06;1289,08;1,12;0;1443,77;EUR;C05-Rocío
F2024-000904;2;24/09/2024;CLI0065;S06;2624,66;1,13;0;2965,87;EUR;C04-Andrés
F2024-000904;3;24/09/2024;CLI0065;S14;11,00;218,60;0;2404,60;EUR;C05-Rocío
F2024-000904;4;24/09/2024;CLI0065;S13;1,00;679,22;5;645,26;EUR;C04-Andrés
F2024-000905;1;15/09/2024;CLI0350;S14;8,00;210,39;0;1683,12;EUR;C05-Rocío
F2024-000905;2;15/09/2024;CLI0350;S05;214,40;3,05;15;555,83;EUR;C03-Lucía
F2024-000905;3;15/09/2024;CLI0350;S06;552,75;1,10;0;608,03;EUR;C04-Andrés
F2024-000906;1;07/11/2024;CLI0286;S15;1,00;88,98;10;80,08;EUR;C03-Lucía
F2024-000906;2;07/11/2024;CLI0286;S02;597,67;6,48;0;3872,90;EUR;C02-Javier
F2024-000906;3;07/11/2024;CLI0286;S01;183,68;93,06;15;14529,27;EUR;C02-Javier
F2024-000906;4;07/11/2024;CLI0286;S02;514,21;6,31;5;3082,43;EUR;C05-Rocío
F2024-000907;1;26/11/2024;CLI0211;S06;2404,72;1,14;0;2741,38;EUR;C02-Javier
F2024-000908;1;07/12/2024;CLI0317;S14;10,00;209,23;15;1778,45;EUR;C05-Rocío
F2024-000909;1;04/09/2024;CLI0230;S15;2,00;89,11;0;178,22;EUR;C02-Javier
F2024-000909;2;04/09/2024;CLI0230;S02;3487,70;7,19;0;25077,49;USD;C03-Lucía
F2024-000909;3;04/09/2024;CLI0230;S02;174,11;7,31;0;1273,09;USD;C03-Lucía
F2024-000909;4;04/09/2024;CLI0230;S11;104,77;25,59;0;2681,06;EUR;C01-Marta
F2024-000910;1;11/01/2024;CLI0267;S09;118,42;40,00;0;4736,80;EUR;C03-Lucía
F2024-000910;2;11/01/2024;CLI0267;S09;94,98;42,75;0;4060,39;EUR;C01-Marta
F2024-000910;3;11/01/2024;CLI0267;S13;1,00;656,89;0;656,89;EUR;C02-Javier
F2024-000911;1;16/08/2024;CLI0158;S09;68,52;43,47;0;2978,56;EUR;C02-Javier
F2024-000911;2;16/08/2024;CLI0158;S13;1,00;653,22;10;587,90;EUR;C04-Andrés
F2024-000911;3;16/08/2024;CLI0158;S09;161,72;42,03;5;6457,24;EUR;C02-Javier
F2024-000911;4;16/08/2024;CLI0158;S14;8,00;211,56;0;1692,48;EUR;C02-Javier
F2024-000912;1;22/10/2024;CLI0118;S10;113,40;8,92;0;1011,53;EUR;C03-Lucía
F2024-000912;2;22/10/2024;CLI0118;S15;4,00;87,56;0;350,24;EUR;C02-Javier
F2024-000913;1;09/04/2024;cli0120;S01;83,63;95,62;0;7996,70;EUR;C03-Lucía
F2024-000913;2;09/04/2024;CLI0120;S11;30,04;24,96;15;637,33;EUR;C01-Marta
F2024-000914;1;07/10/2024;CLI0136;S02;188,21;6,42;5;1147,89;EUR;C04-Andrés
F2024-000914;2;07/10/2024;CLI0136;S01;199,39;97,75;0;19490,37;EUR;C03-Lucía
F2024-000914;3;07/10/2024;CLI0136;S11;76,42;24,76;0;1892,16;EUR;C05-Rocío
F2024-000915;1;19/07/2024;CLI0076;S09;76,60;40,16;5;2922,44;EUR;C03-Lucía
F2024-000915;2;19/07/2024;CLI0076;S09;90,82;42,62;0;3870,75;EUR;C01-Marta
F2024-000915;3;19/07/2024;CLI0076;S14;3,00;203,21;0;609,63;EUR;C03-Lucía
F2024-000915;4;19/07/2024;CLI0076;S13;1,00;623,94;0;623,94;EUR;C02-Javier
F2024-000916;1;10/06/2024;CLI0029;S07;198,44;1,60;0;317,50;EUR;C01-Marta
F2024-000916;2;10/06/2024;CLI0029;S07;118,80;1,59;0;188,89;EUR;C04-Andrés
F2024-000916;3;10/06/2024;CLI0029;S08;827,60;2,46;15;1730,51;EUR;C02-Javier
F2024-000916;4;10/06/2024;CLI0029;S15;2,00;82,81;5;157,34;EUR;C02-Javier
F2024-000917;1;09/07/2024;CLI0094;S07;449,87;1,54;0;692,80;EUR;C05-Rocío
F2024-000917;2;09/07/2024;CLI0094;S08;3382,89;2,46;0;8321,91;EUR;C04-Andrés
F2024-000918;1;17/04/2024;CLI0094;S07;276,15;1,67;5;438,11;EUR;C01-Marta
F2024-000919;1;14/08/2024;CLI0148;S07;225,15;1,57;5;335,81;EUR;C02-Javier
F2024-000919;2;14/08/2024;CLI0148;S14;16,00;201,06;0;3216,96;EUR;C02-Javier
F2024-000919;3;14/08/2024;CLI0148;S07;120,85;1,54;0;186,11;EUR;C03-Lucía
F2024-000920;1;21/01/2024;CLI0095;S14;5,00;213,90;0;1069,50;EUR;C02-Javier
F2024-000920;2;21/01/2024;CLI0095;S09;73,18;42,35;15;2634,30;EUR;C05-Rocío
F2024-000920;3;21/01/2024;CLI0095;S09;199,15;39,95;0;7956,04;EUR;C03-Lucía
F2024-000920;4;21/01/2024;CLI0095;S09;93,66;40,34;0;3778,24;EUR;C02-Javier
F2024-000921;1;24/04/2024;CLI0128;S08;4084,90;2,73;0;11169,83;USD;C02-Javier
F2024-000921;2;24/04/2024;CLI0128;S15;1,00;85,75;5;81,46;EUR;C03-Lucía
F2024-000921;3;24/04/2024;CLI0128;S08;1496,63;2,76;0;4126,51;USD;C01-Marta
F2024-000922;1;23/09/2024;CLI0158;S09;327,56;41,01;5;12761,57;EUR;C04-Andrés
F2024-000922;2;23/09/2024;CLI0158;S09;75,78;40,65;0;3080,46;EUR;C02-Javier
F2024-000922;3;23/09/2024;CLI0158;S09;64,16;40,82;10;2357,11;EUR;C02-Javier
F2024-000923;1;14/07/2024;CLI0159;S03;48,13;38,94;10;1686,76;EUR;C02-Javier
F2024-000923;2;14/07/2024;CLI0159;S04;399,26;13,42;5;5090,17;EUR;C03-Lucía
F2024-000923;3;14/07/2024;CLI0159;S12;4,00;125,98;0;503,92;EUR;C02-Javier
F2024-000924;1;22/02/2024;CLI0070;S14;3,00;202,44;0;607,32;EUR;C05-Rocío
F2024-000924;2;2024-02-22;CLI0070;S14;2,00;203,39;0;406,78;EUR;C04-Andrés
F2024-000924;3;22/02/2024;CLI0070;S09;49,98;41,38;0;2068,17;EUR;C05-Rocío
F2024-000924;4;22/02/2024;CLI0070;S09;126,80;41,52;0;5264,74;EUR;C03-Lucía
F2024-000925;1;20/09/2024;CLI0247;S13;1,00;642,98;0;642,98;EUR;C02-Javier
F2024-000925;2;20/09/2024;CLI0247;S10;170,56;8,81;10;1352,37;EUR;C05-Rocío
F2024-000925;3;20/09/2024;CLI0247;S10;920,21;8,85;5;7736,67;EUR;C05-Rocío
F2024-000925;4;20/09/2024;CLI0247;S10;1270,83;8,37;10;9573,16;EUR;C03-Lucía
F2024-000926;1;24/07/2024;CLI0051;S13;1,00;656,41;15;557,95;EUR;C03-Lucía
F2024-000926;2;24/07/2024;CLI0051;S06;940,72;1,13;0;1063,01;EUR;C02-Javier
F2024-000926;3;24/07/2024;cli0051;S05;655,90;3,23;0;2118,56;EUR;C04-Andrés
F2024-000927;1;08/12/2024;CLI0039;S10;638,14;8,44;0;5385,90;EUR;C04-Andrés
F2024-000927;2;08/12/2024;CLI0039;S14;13,00;201,75;5;2491,61;EUR;C01-Marta
F2024-000927;3;08/12/2024;CLI0039;S15;1,00;83,60;0;83,60;EUR;C02-Javier
F2024-000928;1;23/02/2024;CLI0094;S07;178,69;1,65;0;294,84;EUR;C01-Marta
F2024-000928;2;23/02/2024;CLI0094;S07;315,79;1,66;0;524,21;EUR;C01-Marta
F2024-000929;1;14/04/2024;CLI0303;S05;648,62;3,31;5;2039,59;EUR;C05-Rocío
F2024-000930;1;21/08/2024;CLI0170;S06;2573,53;1,09;0;2805,15;EUR;C01-Marta
F2024-000930;2;21/08/2024;CLI0170;S06;709,46;1,10;0;780,41;EUR;C02-Javier
F2024-000930;3;21/08/2024;CLI0170;S06;4253,51;1,14;10;;EUR;C02-Javier
F2024-000930;4;21/08/2024;CLI0170;S05;737,55;3,30;0;2433,91;EUR;C04-Andrés
F2024-000931;1;03/09/2024;CLI0095;S09;149,65;41,36;10;5570,57;EUR;C03-Lucía
F2024-000931;2;03/09/2024;CLI0095;S09;228,49;42,31;0;9667,41;EUR;C04-Andrés
F2024-000931;3;03/09/2024;CLI0095;S09;366,33;40,09;10;13217,55;EUR;C05-Rocío
F2024-000932;1;04/12/2024;CLI0207;S10;301,99;8,77;0;2648,45;EUR;C03-Lucía
F2024-000932;2;04/12/2024;CLI0207;S10;1822,97;8,75;5;15153,44;EUR;C04-Andrés
F2024-000932;3;04/12/2024;CLI0207;S10;79,50;8,32;0;661,44;EUR;C03-Lucía
F2024-000933;1;19/05/2024;CLI0380;S06;776,94;1,12;0;870,17;EUR;C03-Lucía
F2024-000933;2;19/05/2024;CLI0380;S05;280,91;3,22;0;904,53;EUR;C03-Lucía
F2024-000933;3;19/05/2024;CLI0380;S13;1,00;677,02;5;643,17;EUR;C04-Andrés
F2024-000933;4;19/05/2024;CLI0380;S05;1639,54;3,31;0;5426,88;EUR;C03-Lucía
F2024-000934;1;23/08/2024;CLI0368;S10;216,51;8,22;5;1690,73;EUR;C04-Andrés
F2024-000934;2;23/08/2024;CLI0368;S15;2,00;87,07;0;174,14;EUR;C05-Rocío
F2024-000934;3;23/08/2024;CLI0368;S10;137,85;8,26;0;1138,64;EUR;C02-Javier
F2024-000934;4;23/08/2024;cli0368;S13;1,00;676,31;0;676,31;EUR;C02-Javier
F2024-000935;1;09/03/2024;CLI0158;S14;4,00;209,14;15;711,08;EUR;C03-Lucía
F2024-000935;2;09/03/2024;CLI0158;S09;206,48;40,80;10;7581,95;EUR;C01-Marta
F2024-000935;3;09/03/2024;CLI0158;S09;132,04;40,50;0;5347,62;EUR;C03-Lucía
F2024-000936;1;27/11/2024;CLI0380;S06;1379,84;1,15;5;1507,48;EUR;C02-Javier
F2024-000936;2;27/11/2024;CLI0380;S05;277,91;3,34;0;928,22;EUR;C03-Lucía
F2024-000936;3;27/11/2024;CLI0380;S13;1,00;676,30;5;642,48;EUR;C05-Rocío
F2024-000937;1;19/12/2024;CLI0309;S03;35,36;41,99;0;1484,90;USD;C02-Javier
F2024-000937;2;19/12/2024;CLI0309;S04;241,01;13,68;0;3297,02;EUR;C02-Javier
F2024-000938;1;08/10/2024;CLI0078;S10;522,80;8,81;5;4375,57;EUR;C02-Javier
F2024-000938;2;08/10/2024;CLI0078;S10;151,13;8,48;5;1217,50;EUR;C05-Rocío
F2024-000938;3;08/10/2024;CLI0078;S10;47,36;8,41;5;378,38;EUR;C01-Marta
F2024-000939;1;28/02/2024;CLI0267;S09;196,67;42,75;0;8407,64;EUR;C05-Rocío
F2024-000940;1;12/10/2024;CLI0207;S10;120,73;8,51;0;1027,41;EUR;C01-Marta
F2024-000940;2;12/10/2024;CLI0207;S15;4,00;85,68;5;325,58;EUR;C04-Andrés
F2024-000940;3;12/10/2024;CLI0207;S10;353,91;8,68;5;2918,34;EUR;C02-Javier
F2024-000941;1;11/07/2024;CLI0178;S10;90,18;8,69;0;783,66;EUR;C02-Javier
F2024-000941;2;11/07/2024;CLI0178;S10;980,60;8,78;0;8609,67;EUR;C05-Rocío
F2024-000941;3;11/07/2024;CLI0178;S13;1,00;671,63;5;638,05;EUR;C02-Javier
F2024-000941;4;11/07/2024;CLI0178;S10;178,50;8,49;0;1515,47;EUR;C04-Andrés
F2024-000942;1;07/06/2024;CLI0300;S14;15,00;210,85;5;3004,61;EUR;C05-Rocío
F2024-000942;2;2024-06-07;CLI0300;S09;109,46;42,54;0;4656,43;EUR;C01-Marta
F2024-000942;3;07/06/2024;CLI0300;S09;51,37;40,73;0;2092,30;EUR;C02-Javier
F2024-000943;1;28/06/2024;CLI0089;S06;2043,98;1,05;10;1931,56;EUR;C02-Javier
F2024-000943;2;28/06/2024;CLI0089;S05;157,04;3,20;5;477,40;EUR;C05-Rocío
F2024-000943;3;28/06/2024;CLI0089;S05;81,54;3,22;0;262,56;EUR;C04-Andrés
F2024-000943;4;28/06/2024;CLI0089;S06;10705,03;1,12;0;11989,63;EUR;C04-Andrés
F2024-000944;1;05/09/2024;CLI0302;S10;90,39;8,58;0;775,55;EUR;C04-Andrés
F2024-000944;2;05/09/2024;CLI0302;S15;1,00;84,39;0;84,39;EUR;C01-Marta
F2024-000944;3;05/09/2024;CLI0302;S10;451,89;8,81;0;3981,15;EUR;C02-Javier
F2024-000944;4;05/09/2024;CLI0302;S10;393,89;8,45;5;3161,95;EUR;C01-Marta
F2024-000945;1;08/02/2024;CLI0174;S08;2854,78;2,38;0;6794,38;EUR;C03-Lucía
F2024-000946;1;02/11/2024;CLI0320;S07;841,26;1,56;0;1312,37;EUR;C04-Andrés
F2024-000946;2;02/11/2024;CLI0320;S08;2638,79;2,49;0;6570,59;EUR;C01-Marta
F2024-000947;1;23/03/2024;CLI0212;S04;689,66;13,57;0;9358,69;EUR;C01-Marta
F2024-000947;2;23/03/2024;CLI0212;S03;51,92;39,34;0;2042,53;EUR;C02-Javier
F2024-000947;3;23/03/2024;CLI0212;S04;61,46;14,18;0;871,50;EUR;C04-Andrés
F2024-000947;4;23/03/2024;CLI0212;S04;54,92;13,43;0;737,58;EUR;C03-Lucía
F2024-000948;1;25/03/2024;CLI0368;S10;118,82;8,55;0;1015,91;EUR;C05-Rocío
F2024-000948;2;25/03/2024;CLI0368;S13;1,00;662,78;0;662,78;EUR;C02-Javier
F2024-000948;3;25/03/2024;CLI0368;S10;423,10;8,44;0;3570,96;EUR;C04-Andrés
F2024-000948;4;25/03/2024;CLI0368;S14;16,00;209,33;0;3349,28;EUR;C04-Andrés
F2024-000949;1;26/04/2024;CLI0201;S02;447,64;6,54;10;2634,81;EUR;C03-Lucía
F2024-000949;2;26/04/2024;CLI0201;S11;109,27;25,35;0;2769,99;EUR;C02-Javier
F2024-000949;3;26/04/2024;CLI0201;S02;226,40;6,32;0;1430,85;EUR;C02-Javier
F2024-000949;4;26/04/2024;CLI0201;S02;1149,34;6,35;0;7298,31;EUR;C05-Rocío
F2024-000950;1;06/05/2024;CLI0244;S09;121,31;41,99;0;5093,81;EUR;C03-Lucía
F2024-000950;2;06/05/2024;CLI0244;S09;186,16;43,58;0;8112,85;EUR;C01-Marta
F2024-000950;3;06/05/2024;CLI0244;S09;85,07;43,21;5;3492,08;EUR;C05-Rocío
F2024-000951;1;09/07/2024;CLI0043;S06;2570,11;1,07;0;2750,02;EUR;C02-Javier
F2024-000952;1;03/05/2024;CLI0228;S06;1176,16;1,11;10;1174,98;EUR;C03-Lucía
F2024-000952;2;03/05/2024;CLI0228;S13;1,00;659,33;0;659,33;EUR;C04-Andrés
F2024-000953;1;10/12/2024;CLI0236;S14;16,00;206,72;5;3142,14;EUR;C02-Javier
F2024-000953;2;10/12/2024;CLI0236;S05;1678,82;3,11;0;5221,13;EUR;C05-Rocío
F2024-000953;3;10/12/2024;CLI0236;S06;1890,00;1,09;0;2060,10;EUR;C02-Javier
F2024-000953;4;10/12/2024;CLI0236;S14;6,00;217,44;0;1304,64;EUR;C04-Andrés
F2024-000954;1;27/09/2024;CLI0257;S05;294,10;3,29;0;967,59;EUR;C03-Lucía
F2024-000955;1;28/02/2024;CLI0230;S01;391,64;102,05;10;35969,81;USD;C04-Andrés
F2024-000955;2;28/02/2024;CLI0230;S02;664,78;6,59;0;4380,90;EUR;C01-Marta
F2024-000955;3;28/02/2024;CLI0230;S11;18,62;28,77;0;535,77;USD;C05-Rocío
F2024-000955;4;28/02/2024;CLI0230;S01;82,62;97,14;10;7223,14;EUR;C04-Andrés
F2024-000956;1;28/01/2024;CLI0207;S10;418,05;8,82;5;3502,84;EUR;C01-Marta
F2024-000956;2;28/01/2024;CLI0207;S10;662,93;8,90;0;5900,08;EUR;C04-Andrés
F2024-000957;1;03/04/2024;CLI0159;S13;1,00;632,96;15;538,02;EUR;C04-Andrés
F2024-000957;2;03/04/2024;CLI0159;S04;76,09;13,49;0;1026,45;EUR;C03-Lucía
F2024-000958;1;06/06/2024;CLI0106;S09;98,61;41,30;0;4072,59;EUR;C05-Rocío
F2024-000959;1;24/11/2024;CLI0051;S05;52,07;3,05;10;142,93;EUR;C04-Andrés
F2024-000959;2;24/11/2024;CLI0051;S15;3,00;85,37;15;217,69;EUR;C02-Javier
F2024-000959;3;24/11/2024;CLI0051;S06;4162,73;1,08;10;4046,17;EUR;C05-Rocío
F2024-000960;1;19/10/2024;CLI0045;S06;4331,00;1,06;0;4590,86;EUR;C02-Javier
F2024-000960;2;19/10/2024;CLI0045;S14;10,00;209,17;0;2091,70;EUR;C03-Lucía
F2024-000960;3;19/10/2024;CLI0045;S06;1231,98;1,09;0;1342,86;EUR;C05-Rocío
F2024-000961;1;25/02/2024;CLI0247;S10;186,79;8,15;0;1522,34;EUR;C01-Marta
F2024-000961;2;25/02/2024;CLI0247;S10;927,41;8,53;5;7515,27;EUR;C04-Andrés
F2024-000961;3;25/02/2024;CLI0247;S10;133,87;8,26;10;995,19;EUR;C01-Marta
F2024-000962;1;25/06/2024;CLI0386;S01;96,38;98,01;0;9446,20;EUR;C01-Marta
F2024-000962;2;25/06/2024;CLI0386;S15;3,00;81,01;0;243,03;EUR;C05-Rocío
F2024-000962;3;25/06/2024;CLI0386;S11;24,73;25,46;0;629,63;EUR;C02-Javier
F2024-000963;1;11/07/2024;CLI0356;S10;734,10;8,41;5;5865,09;EUR;C04-Andrés
F2024-000963;2;11/07/2024;CLI0356;S13;1,00;648,20;0;648,20;EUR;C05-Rocío
F2024-000963;3;11/07/2024;CLI0356;S10;85,90;8,87;5;723,84;EUR;C01-Marta
F2024-000964;1;05/05/2024;CLI0094;S07;371,45;1,58;0;586,89;EUR;C02-Javier
F2024-000964;2;05/05/2024;CLI0094;S07;592,49;1,60;5;900,58;EUR;C04-Andrés
F2024-000964;3;05/05/2024;cli0094;S15;4,00;85,99;0;343,96;EUR;C02-Javier
F2024-000965;1;17/05/2024;CLI0094;S14;3,00;216,13;0;648,39;EUR;C04-Andrés
F2024-000965;2;17/05/2024;CLI0094;S08;959,39;2,30;0;2206,60;EUR;C04-Andrés
F2024-000965;3;17/05/2024;CLI0094;S08;655,97;2,46;0;1613,69;EUR;C03-Lucía
F2024-000966;1;23/05/2024;CLI0346;S13;1,00;637,18;0;637,18;EUR;C03-Lucía
F2024-000966;2;23/05/2024;CLI0346;S05;228,79;3,16;0;722,98;EUR;C04-Andrés
F2024-000966;3;23/05/2024;CLI0346;S13;1,00;648,17;0;648,17;EUR;C03-Lucía
F2024-000966;4;23/05/2024;CLI0346;S05;278,36;3,17;0;882,40;EUR;C05-Rocío
F2024-000967;1;12/09/2024;CLI0051;S05;1402,65;3,18;0;4460,43;EUR;C04-Andrés
F2024-000967;2;12/09/2024;CLI0051;S15;3,00;85,36;15;217,67;EUR;C04-Andrés
F2024-000968;1;22/08/2024;CLI0095;S14;4,00;203,42;15;691,63;EUR;C02-Javier
F2024-000968;2;22/08/2024;CLI0095;S09;235,59;39,99;0;9421,24;EUR;C02-Javier
F2024-000968;3;22/08/2024;CLI0095;S14;8,00;206,65;5;1570,54;EUR;C05-Rocío
F2024-000968;4;22/08/2024;CLI0095;S09;81,74;42,27;0;3455,15;EUR;C03-Lucía
F2024-000969;1;07/05/2024;CLI0266;S14;12,00;206,47;0;2477,64;EUR;C02-Javier
F2024-000969;2;07/05/2024;CLI0266;S15;2,00;87,90;0;175,80;EUR;C05-Rocío
F2024-000969;3;07/05/2024;CLI0266;S12;4,00;114,07;0;456,28;EUR;C02-Javier
F2024-000969;4;07/05/2024;CLI0266;S15;4,00;82,49;0;329,96;EUR;C01-Marta
F2024-000970;1;15/06/2024;CLI0095;S09;54,17;41,98;5;2160,35;EUR;C05-Rocío
F2024-000971;1;10/07/2024;CLI0381;S02;276,31;6,31;0;1743,52;EUR;C04-Andrés
F2024-000971;2;10/07/2024;CLI0381;S11;19,01;24,67;0;468,98;EUR;C02-Javier
F2024-000971;3;10/07/2024;CLI0381;S01;67,45;91,86;0;6195,96;EUR;C05-Rocío
F2024-000971;4;10/07/2024;CLI0381;S01;85,12;93,49;0;7957,87;EUR;C05-Rocío
F2024-000972;1;20/03/2024;CLI0318;S06;1314,99;1,14;0;1499,09;EUR;C04-Andrés
F2024-000972;2;20/03/2024;CLI0318;S14;16,00;202,27;0;3236,32;EUR;C05-Rocío
F2024-000972;3;20/03/2024;CLI0318;S05;449,78;3,36;5;1435,70;EUR;C05-Rocío
F2024-000973;1;10/10/2024;CLI0293;S10;1137,63;8,72;0;9920,13;EUR;C01-Marta
F2024-000973;2;10/10/2024;CLI0293;S13;1,00;677,82;0;677,82;EUR;C05-Rocío
F2024-000973;3;10/10/2024;CLI0293;S15;3,00;86,18;0;258,54;EUR;C02-Javier
F2024-000974;1;27/08/2024;CLI0311;S08;954,05;2,48;5;2247,74;EUR;C02-Javier
F2024-000974;2;27/08/2024;CLI0311;S08;696,66;2,38;0;1658,05;EUR;C03-Lucía
F2024-000975;1;19/05/2024;CLI0143;S10;466,51;8,56;0;3993,33;EUR;C03-Lucía
F2024-000975;2;19/05/2024;CLI0143;S10;694,81;8,21;0;5704,39;EUR;C01-Marta
F2024-000975;3;19/05/2024;CLI0143;S13;1,00;629,62;0;629,62;EUR;C01-Marta
F2024-000976;1;09/01/2024;CLI0297;S10;1256,03;8,77;5;10464,61;EUR;C01-Marta
F2024-000976;2;09/01/2024;CLI0297;S10;226,13;8,60;0;1944,72;EUR;C03-Lucía
F2024-000976;3;09/01/2024;CLI0297;S10;453,22;8,53;0;3865,97;EUR;C02-Javier
F2024-000976;4;09/01/2024;CLI0297;S14;14,00;219,40;0;3071,60;EUR;C01-Marta
F2024-000977;1;26/03/2024;CLI0058;S08;2781,00;2,51;5;6631,29;EUR;C02-Javier
F2024-000977;2;26/03/2024;CLI0058;S13;1,00;659,44;0;659,44;EUR;C01-Marta
F2024-000977;3;26/03/2024;CLI0058;S08;2071,45;2,46;0;5095,77;EUR;C04-Andrés
F2024-000978;1;24/05/2024;CLI0175;S14;11,00;208,83;5;2182,27;EUR;C01-Marta
F2024-000978;2;24/05/2024;CLI0175;S13;1,00;672,43;0;672,43;EUR;C04-Andrés
F2024-000979;1;02/06/2024;CLI0146;S09;364,83;42,73;0;15589,19;EUR;C04-Andrés
F2024-000979;2;02/06/2024;CLI0146;S09;104,26;42,84;5;4243,17;EUR;C04-Andrés
F2024-000979;3;02/06/2024;CLI0146;S14;12,00;202,98;0;2435,76;EUR;C04-Andrés
F2024-000979;4;02/06/2024;CLI0146;S09;180,87;43,67;0;7898,59;EUR;C03-Lucía
F2024-000980;1;12/07/2024;CLI0371;S13;1,00;632,57;0;632,57;EUR;C03-Lucía
F2024-000980;2;12/07/2024;CLI0371;S10;2027,24;8,26;0;16745,00;EUR;C01-Marta
F2024-000980;3;12/07/2024;CLI0371;S10;98,34;8,47;5;791,29;EUR;C03-Lucía
F2024-000980;4;12/07/2024;CLI0371;S10;244,33;8,83;0;2157,43;EUR;C03-Lucía
F2024-000981;1;02/05/2024;CLI0180;S08;1068,47;2,34;0;2500,22;EUR;C04-Andrés
F2024-000981;2;02/05/2024;CLI0180;S07;855,61;1,59;0;1360,42;EUR;C03-Lucía
F2024-000981;3;02/05/2024;CLI0180;S07;601,10;1,67;0;1003,84;EUR;C02-Javier
F2024-000982;1;24/06/2024;CLI0076;S13;1,00;660,62;0;660,62;EUR;C01-Marta
F2024-000983;1;13/12/2024;CLI0307;S09;73,29;40,98;5;2853,25;EUR;C03-Lucía
F2024-000983;2;13/12/2024;CLI0307;S09;91,05;41,82;5;3617,33;EUR;C04-Andrés
F2024-000984;1;02/12/2024;CLI0284;S13;1,00;649,11;5;616,65;EUR;C02-Javier
F2024-000984;2;02/12/2024;CLI0284;S01;45,27;103,05;5;4431,82;USD;C05-Rocío
F2024-000985;1;26/12/2024;CLI0051;S05;303,89;3,28;10;897,08;EUR;C01-Marta
F2024-000985;2;26/12/2024;CLI0051;S06;1345,95;1,13;0;1520,92;EUR;C03-Lucía
F2024-000985;3;26/12/2024;CLI0051;S14;12,00;204,99;10;2213,89;EUR;C05-Rocío
F2024-000985;4;26/12/2024;CLI0051;S06;1702,16;1,11;0;1889,40;EUR;C02-Javier
F2024-000986;1;06/05/2024;CLI0386;S15;4,00;84,53;5;321,21;EUR;C02-Javier
F2024-000986;2;06/05/2024;CLI0386;S01;52,73;95,85;0;5054,17;EUR;C01-Marta
F2024-000987;1;14/03/2024;CLI0092;S05;329,63;3,28;0;1081,19;EUR;C05-Rocío
F2024-000987;2;14/03/2024;CLI0092;S05;379,04;3,08;15;992,33;EUR;C05-Rocío
F2024-000987;3;14/03/2024;CLI0092;S06;3700,23;1,15;15;3616,97;EUR;C04-Andrés
F2024-000988;1;2024-08-23;CLI0051;S06;1168,46;1,08;0;1261,94;EUR;C01-Marta
F2024-000988;2;23/08/2024;CLI0051;S06;639,68;1,11;0;710,04;EUR;C05-Rocío
F2024-000988;3;23/08/2024;CLI0051;S05;1179,44;3,14;0;3703,44;EUR;C02-Javier
F2024-000989;1;09/05/2024;CLI0082;S10;141,37;8,71;0;1231,33;EUR;C02-Javier
F2024-000989;2;09/05/2024;CLI0082;S10;332,07;8,50;0;2822,59;EUR;C05-Rocío
F2024-000989;3;09/05/2024;CLI0082;S10;253,80;8,28;0;2101,46;EUR;C05-Rocío
F2024-000990;1;27/12/2024;CLI0140;S08;2063,65;2,41;5;4724,73;EUR;C02-Javier
F2024-000990;2;27/12/2024;CLI0140;S08;1122,02;2,52;5;2686,12;EUR;C02-Javier
F2024-000991;1;14/02/2024;CLI0158;S09;43,54;40,76;0;1774,69;EUR;C03-Lucía
F2024-000991;2;14/02/2024;CLI0158;S09;52,45;41,24;5;2054,89;EUR;C04-Andrés
F2024-000991;3;14/02/2024;CLI0158;S09;153,00;42,15;15;5481,61;EUR;C03-Lucía
F2024-000991;4;14/02/2024;CLI0158;S09;344,82;42,69;0;14720,37;EUR;C04-Andrés
F2024-000992;1;04/11/2024;CLI0356;S14;12,00;215,11;0;2581,32;EUR;C01-Marta
F2024-000992;2;04/11/2024;CLI0356;S10;1031,00;8,67;15;7597,95;EUR;C04-Andrés
F2024-000993;1;16/02/2024;CLI0291;S10;297,23;8,38;15;2117,17;EUR;C05-Rocío
F2024-000993;2;16/02/2024;CLI0291;S10;135,59;8,48;15;977,33;EUR;C02-Javier
F2024-000994;1;23/07/2024;CLI0282;S07;3408,94;1,78;0;6079,10;USD;C05-Rocío
F2024-000994;2;23/07/2024;CLI0282;S15;4,00;81,34;0;;EUR;C05-Rocío
F2024-000994;3;23/07/2024;CLI0282;S07;106,58;1,75;0;186,43;USD;C04-Andrés
F2024-000994;4;23/07/2024;CLI0282;S08;2669,09;2,44;0;6512,58;EUR;C03-Lucía
F2024-000995;1;11/04/2024;cli0263;S11;22,49;25,99;0;584,52;EUR;C04-Andrés
F2024-000996;1;11/01/2024;CLI0207;S10;1521,79;8,73;5;12620,97;EUR;C03-Lucía
F2024-000996;1;11/01/2024;CLI0207;S10;1521,79;8,73;5;12620,97;EUR;C03-Lucía
F2024-000997;1;08/02/2024;CLI0005;S09;96,67;39,98;0;3864,87;EUR;C03-Lucía
F2024-000998;1;19/03/2024;CLI0391;S14;7,00;203,68;5;1354,47;EUR;C02-Javier
F2024-000998;2;19/03/2024;CLI0391;S12;1,00;125,37;0;125,37;EUR;C02-Javier
F2024-000999;1;13/01/2024;CLI0207;S10;469,06;8,60;0;4033,92;EUR;C04-Andrés
F2024-000999;2;13/01/2024;CLI0207;S10;1494,16;8,74;0;13058,96;EUR;C03-Lucía
F2024-001000;1;06/02/2024;CLI0215;S08;752,95;2,46;0;1852,26;EUR;C04-Andrés
F2024-001000;2;06/02/2024;CLI0215;S08;923,03;2,36;0;2178,35;EUR;C01-Marta
F2024-001001;1;10/09/2024;CLI0386;S11;23,29;24,67;0;574,56;EUR;C01-Marta
F2024-001001;2;10/09/2024;CLI0386;S14;12,00;217,94;5;2484,52;EUR;C05-Rocío
F2024-001001;2;10/09/2024;CLI0386;S14;12,00;217,94;5;2484,52;EUR;C05-Rocío
F2024-001001;3;10/09/2024;CLI0386;S14;8,00;217,26;5;1651,18;EUR;C05-Rocío
F2024-001002;1;10/10/2024;CLI0048;S10;299,99;8,71;0;2612,91;EUR;C03-Lucía
F2024-001003;1;16/10/2024;CLI0238;S12;3,00;123,71;0;371,13;EUR;C05-Rocío
F2024-001003;2;16/10/2024;CLI0238;S03;22,72;36,23;0;823,15;EUR;C03-Lucía
F2024-001003;3;16/10/2024;CLI0238;S03;27,84;38,98;10;976,68;EUR;C03-Lucía
F2024-001003;4;16/10/2024;CLI0238;S03;23,55;38,16;5;853,73;EUR;C01-Marta
F2024-001004;1;21/11/2024;CLI0108;S10;53,80;8,32;5;425,24;EUR;C03-Lucía
F2024-001004;2;21/11/2024;CLI0108;S10;337,22;8,49;0;2863,00;EUR;C01-Marta
F2024-001004;3;21/11/2024;CLI0108;S10;134,80;8,68;0;1170,06;EUR;C03-Lucía
F2024-001005;1;08/09/2024;CLI0322;S06;1738,49;1,10;0;1912,34;EUR;C05-Rocío
F2024-001005;2;08/09/2024;CLI0322;S06;2745,82;1,07;0;2938,03;EUR;C05-Rocío
F2024-001005;3;08/09/2024;CLI0322;S05;284,72;3,30;0;939,58;EUR;C03-Lucía
F2024-001005;4;08/09/2024;CLI0322;S05;920,91;3,07;0;2827,19;EUR;C02-Javier
F2024-001006;1;18/03/2024;CLI0008;S11;24,74;25,55;15;537,29;EUR;C05-Rocío
F2024-001006;2;18/03/2024;CLI0008;S11;20,36;24,01;15;415,52;EUR;C05-Rocío
F2024-001006;3;18/03/2024;CLI0008;S01;347,30;94,62;10;;EUR;C02-Javier
F2024-001006;4;18/03/2024;CLI0008;S01;93,12;96,43;0;8979,56;EUR;C03-Lucía
F2024-001007;1;03/06/2024;CLI0169;S09;45,39;42,18;0;1914,55;EUR;C01-Marta
F2024-001007;2;03/06/2024;CLI0169;S13;1,00;638,57;0;638,57;EUR;C04-Andrés
F2024-001007;3;03/06/2024;CLI0169;S09;392,46;41,66;0;16349,88;EUR;C03-Lucía
F2024-001007;4;03/06/2024;CLI0169;S13;1,00;619,89;0;619,89;EUR;C02-Javier
F2024-001008;1;25/11/2024;CLI0210;S09;58,51;40,80;0;2387,21;EUR;C03-Lucía
F2024-001008;2;25/11/2024;CLI0210;S09;125,45;43,38;0;5442,02;EUR;C05-Rocío
F2024-001009;1;07/05/2024;CLI0201;S11;6,23;25,07;5;148,38;EUR;C04-Andrés
F2024-001009;2;07/05/2024;CLI0201;S02;811,95;6,57;0;5334,51;EUR;C05-Rocío
F2024-001009;3;07/05/2024;CLI0201;S11;50,21;26,09;5;1244,48;EUR;C03-Lucía
F2024-001010;1;23/09/2024;CLI0219;S06;810,97;1,05;10;766,37;EUR;C03-Lucía
F2024-001010;2;23/09/2024;CLI0219;S06;1035,34;1,11;0;1149,23;EUR;C05-Rocío
F2024-001011;1;02/10/2024;CLI0371;S10;215,34;8,31;5;1700,00;EUR;C01-Marta
F2024-001011;2;02/10/2024;CLI0371;S10;442,41;8,81;0;3897,63;EUR;C04-Andrés
F2024-001012;1;15/10/2024;CLI0393;S15;2,00;88,28;5;167,73;EUR;C04-Andrés
F2024-001012;2;15/10/2024;CLI0393;S15;3,00;83,77;0;251,31;EUR;C02-Javier
F2024-001012;3;15/10/2024;CLI0393;S13;1,00;662,90;0;662,90;EUR;C03-Lucía
F2024-001013;1;11/11/2024;CLI0114;S09;377,98;41,68;0;15754,21;EUR;C01-Marta
F2024-001013;2;11/11/2024;CLI0114;S09;250,74;40,48;0;10149,96;EUR;C02-Javier
F2024-001014;1;21/01/2024;CLI0207;S13;1,00;657,34;0;657,34;EUR;C02-Javier
F2024-001014;2;21/01/2024;CLI0207;S10;563,01;8,36;0;4706,76;EUR;C04-Andrés
F2024-001014;3;21/01/2024;CLI0207;S10;540,84;8,91;0;4818,88;EUR;C04-Andrés
F2024-001014;4;21/01/2024;CLI0207;S14;13,00;213,32;5;2634,50;EUR;C03-Lucía
F2024-001015;1;20/05/2024;CLI0021;S14;14,00;206,91;0;2896,74;EUR;C04-Andrés
F2024-001015;2;20/05/2024;CLI0021;S08;3879,83;2,41;5;8882,87;EUR;C04-Andrés
F2024-001015;3;20/05/2024;CLI0021;S08;10932,28;2,35;0;25690,86;EUR;C03-Lucía
F2024-001016;1;25/08/2024;CLI0253;S08;4276,13;2,31;5;9383,97;EUR;C02-Javier
F2024-001017;1;24/01/2024;CLI0299;S08;5976,07;2,36;0;14103,53;EUR;C02-Javier
F2024-001017;2;24/01/2024;CLI0299;S15;4,00;87,22;5;331,44;EUR;C04-Andrés
F2024-001017;3;24/01/2024;CLI0299;S08;2985,61;2,43;0;7255,03;EUR;C02-Javier
F2024-001018;1;12/12/2024;CLI0207;S10;169,38;8,44;5;1358,09;EUR;C02-Javier
F2024-001019;1;22/10/2024;CLI0390;S09;122,48;43,11;0;5280,11;EUR;C01-Marta
F2024-001020;1;13/01/2024;CLI0051;S05;378,54;3,13;5;1125,59;EUR;C03-Lucía
F2024-001020;2;13/01/2024;CLI0051;S06;935,34;1,10;0;1028,87;EUR;C04-Andrés
F2024-001021;1;28/10/2024;CLI0341;S05;292,50;3,32;0;971,10;EUR;C02-Javier
F2024-001021;2;28/10/2024;CLI0341;S15;3,00;82,67;0;248,01;EUR;C04-Andrés
F2024-001021;3;28/10/2024;CLI0341;S06;814,51;1,08;0;879,67;EUR;C03-Lucía
F2024-001022;1;01/05/2024;CLI0292;S05;227,35;3,31;0;752,53;EUR;C03-Lucía
F2024-001023;1;11/02/2024;CLI0039;S10;223,61;8,60;5;1826,89;EUR;C04-Andrés
F2024-001023;2;11/02/2024;CLI0039;S10;230,10;8,37;0;1925,94;EUR;C02-Javier
F2024-001023;3;11/02/2024;CLI0039;S10;302,55;8,45;0;2556,55;EUR;C01-Marta
F2024-001023;4;11/02/2024;CLI0039;S14;4,00;203,43;0;813,72;EUR;C01-Marta
F2024-001024;1;26/11/2024;CLI0214;S11;56,59;24,47;0;1384,76;EUR;C04-Andrés
F2024-001024;2;26/11/2024;CLI0214;S02;365,76;6,78;0;2479,85;EUR;C02-Javier
F2024-001025;1;13/06/2024;CLI0095;S13;1,00;670,19;0;670,19;EUR;C05-Rocío
F2024-001025;2;13/06/2024;CLI0095;S09;141,45;41,26;0;5836,23;EUR;C02-Javier
F2024-001025;3;13/06/2024;CLI0095;S09;92,85;41,57;5;3666,79;EUR;C02-Javier
F2024-001026;1;06/06/2024;CLI0223;S05;1169,44;3,80;0;4447,15;USD;C05-Rocío
F2024-001026;2;06/06/2024;CLI0223;S05;125,24;3,78;0;473,41;USD;C04-Andrés
F2024-001026;3;06/06/2024;CLI0223;S06;10363,54;1,10;0;11399,89;EUR;C01-Marta
F2024-001027;1;13/02/2024;CLI0212;S04;864,65;13,73;5;11278,06;EUR;C02-Javier
F2024-001027;2;13/02/2024;CLI0212;S12;4,00;121,51;0;486,04;EUR;C01-Marta
F2024-001027;3;13/02/2024;CLI0212;S04;473,72;14,67;5;6602,00;EUR;C05-Rocío
F2024-001028;1;03/12/2024;CLI0350;S06;647,48;1,15;0;744,60;EUR;C04-Andrés
F2024-001028;2;03/12/2024;CLI0350;S06;2453,63;1,10;15;2294,14;EUR;C03-Lucía
F2024-001028;3;03/12/2024;CLI0350;S06;9937,53;1,08;5;10195,91;EUR;C03-Lucía
F2024-001029;1;22/03/2024;CLI0350;S05;326,09;3,18;0;1036,97;EUR;C05-Rocío
F2024-001029;2;22/03/2024;CLI0350;S13;1,00;647,93;10;583,14;EUR;C05-Rocío
F2024-001030;1;11/02/2024;CLI0322;S05;437,55;3,22;0;1408,91;EUR;C02-Javier
F2024-001030;2;11/02/2024;CLI0322;S06;407,04;1,13;0;459,96;EUR;C02-Javier
F2024-001031;1;28/08/2024;CLI0181;S10;230,15;8,88;0;2043,73;EUR;C04-Andrés
F2024-001031;2;28/08/2024;CLI0181;S10;227,34;8,10;0;1841,45;EUR;C05-Rocío
F2024-001032;1;07/12/2024;CLI0400;S06;3116,94;1,15;10;3226,03;EUR;C01-Marta
F2024-001033;1;23/05/2024;CLI0326;S05;91,03;3,21;0;292,21;EUR;C03-Lucía
F2024-001034;1;11/01/2024;CLI0039;S10;586,33;8,70;5;4846,02;EUR;C02-Javier
F2024-001034;2;11/01/2024;CLI0039;S10;137,32;8,90;0;1222,15;EUR;C02-Javier
F2024-001035;1;25/07/2024;CLI0311;S07;57,93;1,55;0;89,79;EUR;C03-Lucía
F2024-001035;2;25/07/2024;CLI0311;S08;1741,56;2,41;0;4197,16;EUR;C04-Andrés
F2024-001035;3;25/07/2024;CLI0311;S08;3339,10;2,31;5;7327,65;EUR;C01-Marta
F2024-001036;1;23/04/2024;CLI0129;S13;1,00;621,25;0;621,25;EUR;C03-Lucía
F2024-001036;2;23/04/2024;CLI0129;S10;149,03;8,77;0;1306,99;EUR;C02-Javier
F2024-001037;1;09/12/2024;CLI0207;S10;676,12;8,89;0;6010,71;EUR;C03-Lucía
F2024-001037;2;09/12/2024;CLI0207;S14;16,00;213,73;0;3419,68;EUR;C03-Lucía
F2024-001037;3;09/12/2024;CLI0207;S10;26,70;8,20;0;218,94;EUR;C03-Lucía
F2024-001037;4;09/12/2024;CLI0207;S10;1284,30;8,65;0;11109,19;EUR;C05-Rocío
F2024-001038;1;11/05/2024;CLI0323;S05;782,56;3,26;5;2423,59;EUR;C02-Javier
F2024-001039;1;01/05/2024;CLI0207;S10;480,46;8,28;0;3978,21;EUR;C04-Andrés
F2024-001040;1;23/05/2024;CLI0053;S08;891,30;2,37;0;2112,38;EUR;C04-Andrés
F2024-001040;2;23/05/2024;CLI0053;S08;607,83;2,37;0;1440,56;EUR;C05-Rocío
F2024-001040;3;23/05/2024;CLI0053;S15;2,00;82,45;10;148,41;EUR;C01-Marta
F2024-001040;4;23/05/2024;CLI0053;S14;11,00;207,68;15;1941,81;EUR;C01-Marta
F2024-001041;1;17/01/2024;CLI0045;S15;2,00;82,44;0;164,88;EUR;C01-Marta
F2024-001041;2;17/01/2024;CLI0045;S06;3164,50;1,06;0;3354,37;EUR;C03-Lucía
F2024-001041;3;17/01/2024;CLI0045;S06;3242,10;1,08;0;3501,47;EUR;C03-Lucía
F2024-001042;1;06/10/2024;CLI0313;S14;11,00;216,93;0;2386,23;EUR;C03-Lucía
F2024-001042;2;06/10/2024;CLI0313;S15;4,00;83,27;0;333,08;EUR;C05-Rocío
F2024-001042;3;06/10/2024;CLI0313;S10;1085,98;8,52;0;9252,55;EUR;C02-Javier
F2024-001042;4;06/10/2024;CLI0313;S10;991,35;8,49;5;7995,73;EUR;C05-Rocío
F2024-001043;1;18/05/2024;CLI0238;S13;1,00;623,13;0;623,13;EUR;C04-Andrés
F2024-001044;1;06/11/2024;CLI0058;S07;1345,26;1,52;0;2044,80;EUR;C02-Javier
F2024-001044;2;06/11/2024;CLI0058;S08;2812,37;2,40;0;6749,69;EUR;C03-Lucía
F2024-001044;3;06/11/2024;CLI0058;S07;1120,06;1,58;0;1769,69;EUR;C02-Javier
F2024-001045;1;19/07/2024;CLI0197;S10;303,30;8,85;0;2684,20;EUR;C05-Rocío
F2024-001045;2;19/07/2024;CLI0197;S10;311,27;8,55;5;2528,29;EUR;C04-Andrés
F2024-001045;3;19/07/2024;CLI0197;S10;292,16;8,20;0;2395,71;EUR;C02-Javier
F2024-001046;1;17/05/2024;CLI0197;S10;246,78;8,83;0;2179,07;EUR;C03-Lucía
F2024-001046;2;17/05/2024;CLI0197;S10;554,47;8,63;0;4785,08;EUR;C04-Andrés
F2024-001046;3;17/05/2024;CLI0197;S10;526,50;8,23;0;4333,10;EUR;C03-Lucía
F2024-001047;1;22/03/2024;CLI0078;S10;845,50;8,35;0;7059,92;EUR;C05-Rocío
F2024-001047;2;22/03/2024;CLI0078;S10;179,51;8,78;0;1576,10;EUR;C02-Javier
F2024-001047;2;22/03/2024;CLI0078;S10;179,51;8,78;0;1576,10;EUR;C02-Javier
F2024-001047;3;22/03/2024;CLI0078;S10;17,18;8,66;0;148,78;EUR;C01-Marta
F2024-001048;1;15/08/2024;CLI0207;S10;1197,17;8,91;5;10133,45;EUR;C04-Andrés
F2024-001048;2;15/08/2024;CLI0207;S10;129,08;8,92;0;1151,39;EUR;C01-Marta
F2024-001048;3;15/08/2024;CLI0207;S10;304,00;8,48;5;2449,02;EUR;C01-Marta
F2024-001048;4;15/08/2024;CLI0207;S14;16,00;214,06;0;3424,96;EUR;C02-Javier
F2024-001049;1;02/04/2024;CLI0114;S09;51,78;43,74;0;2264,86;EUR;C01-Marta
F2024-001049;2;02/04/2024;CLI0114;S09;166,00;43,38;0;7201,08;EUR;C02-Javier
F2024-001049;3;02/04/2024;CLI0114;S09;43,14;42,12;5;1726,20;EUR;C02-Javier
F2024-001050;1;06/12/2024;CLI0094;S08;1700,42;2,40;0;4081,01;EUR;C05-Rocío
F2024-001050;2;06/12/2024;CLI0094;S13;1,00;675,63;0;675,63;EUR;C05-Rocío
F2024-001050;3;06/12/2024;CLI0094;S08;994,68;2,35;0;2337,50;EUR;C03-Lucía
F2024-001050;4;06/12/2024;CLI0094;S07;693,22;1,61;5;1060,28;EUR;C04-Andrés
F2024-001051;1;12/02/2024;CLI0045;S05;93,88;3,22;0;302,29;EUR;C03-Lucía
F2024-001052;1;05/02/2024;CLI0006;S10;1715,72;8,50;5;13854,44;EUR;C03-Lucía
F2024-001052;2;05/02/2024;CLI0006;S10;1526,33;8,69;0;13263,81;EUR;C01-Marta
F2024-001052;3;05/02/2024;CLI0006;S10;402,82;8,35;5;3195,37;EUR;C01-Marta
F2024-001053;1;16/10/2024;CLI0056;S14;2,00;217,18;0;434,36;EUR;C01-Marta
F2024-001053;2;16/10/2024;CLI0056;S10;586,38;8,56;0;5019,41;EUR;C03-Lucía
F2024-001053;3;16/10/2024;CLI0056;S10;278,45;8,43;0;2347,33;EUR;C01-Marta
F2024-001053;4;16/10/2024;CLI0056;S10;429,16;8,18;0;3510,53;EUR;C05-Rocío
F2024-001054;1;27/03/2024;CLI0329;S02;616,85;6,56;5;3844,21;EUR;C01-Marta
F2024-001054;2;27/03/2024;CLI0329;S01;25,41;93,25;5;2251,01;EUR;C04-Andrés
F2024-001054;3;27/03/2024;CLI0329;S01;58,05;95,14;0;5522,88;EUR;C05-Rocío
F2024-001055;1;03/01/2024;CLI0356;S10;432,55;8,73;10;3398,55;EUR;C01-Marta
F2024-001055;2;2024-01-03;CLI0356;S10;540,39;8,39;0;4533,87;EUR;C02-Javier
F2024-001056;1;08/12/2024;CLI0126;S10;410,23;8,46;5;3297,02;EUR;C02-Javier
F2024-001056;2;08/12/2024;CLI0126;S15;1,00;82,06;0;82,06;EUR;C01-Marta
F2024-001056;3;08/12/2024;CLI0126;S10;326,42;8,89;0;2901,87;EUR;C05-Rocío
F2024-001057;1;18/09/2024;CLI0207;S15;4,00;88,16;5;335,01;EUR;C01-Marta
F2024-001057;2;18/09/2024;CLI0207;S13;1,00;646,95;0;646,95;EUR;C04-Andrés
F2024-001057;3;18/09/2024;CLI0207;S10;428,36;8,63;0;3696,75;EUR;C02-Javier
F2024-001057;4;18/09/2024;CLI0207;S10;609,24;8,75;0;5330,85;EUR;C02-Javier
F2024-001058;1;05/06/2024;CLI0095;S09;262,30;42,25;0;11082,18;EUR;C02-Javier
F2024-001058;2;05/06/2024;CLI0095;S09;148,26;43,24;0;6410,76;EUR;C04-Andrés
F2024-001059;1;06/03/2024;CLI0263;S01;46,70;99,47;0;4645,25;EUR;C01-Marta
F2024-001060;1;19/12/2024;CLI0023;S10;84,38;8,49;0;716,39;EUR;C05-Rocío
F2024-001060;2;19/12/2024;CLI0023;S10;231,59;8,86;0;2051,89;EUR;C03-Lucía
F2024-001060;3;19/12/2024;CLI0023;S10;599,72;8,11;5;4620,54;EUR;C03-Lucía
F2024-001060;4;19/12/2024;CLI0023;S10;342,77;8,67;5;2823,23;EUR;C04-Andrés
F2024-001061;1;18/07/2024;CLI0095;S09;136,68;41,96;0;5735,09;EUR;C04-Andrés
F2024-001061;2;18/07/2024;CLI0095;S09;279,99;41,10;0;11507,59;EUR;C03-Lucía
F2024-001061;3;18/07/2024;CLI0095;S09;228,85;42,87;0;9810,80;EUR;C02-Javier
F2024-001062;1;16/11/2024;CLI0377;S15;3,00;88,81;15;226,47;EUR;C01-Marta
F2024-001062;2;16/11/2024;CLI0377;S11;27,80;28,82;5;761,24;USD;C05-Rocío
F2024-001063;1;22/04/2024;CLI0212;S04;306,96;13,86;0;4254,47;EUR;C01-Marta
F2024-001063;2;22/04/2024;CLI0212;S12;1,00;117,02;0;117,02;EUR;C05-Rocío
F2024-001063;3;22/04/2024;CLI0212;S12;4,00;125,32;0;501,28;EUR;C01-Marta
F2024-001064;1;23/09/2024;CLI0207;S10;348,57;8,60;0;2997,70;EUR;C02-Javier
F2024-001065;1;15/05/2024;CLI0399;S10;57,62;8,32;0;479,40;EUR;C05-Rocío
F2024-001065;2;15/05/2024;CLI0399;S10;2426,83;8,74;0;21210,49;EUR;C03-Lucía
F2024-001066;1;13/04/2024;CLI0142;S05;585,76;3,24;0;1897,86;EUR;C02-Javier
F2024-001066;2;13/04/2024;CLI0142;S05;577,03;3,35;5;1836,40;EUR;C03-Lucía
F2024-001067;1;02/06/2024;CLI0366;S13;1,00;638,13;15;542,41;EUR;C01-Marta
F2024-001067;2;02/06/2024;CLI0366;S06;1646,02;1,09;0;1794,16;EUR;C05-Rocío
F2024-001067;3;02/06/2024;CLI0366;S06;2393,69;1,13;0;2704,87;EUR;C04-Andrés
F2024-001067;4;02/06/2024;CLI0366;S06;368,16;1,14;10;377,73;EUR;C04-Andrés
F2024-001068;1;17/12/2024;CLI0039;S10;448,10;8,26;0;3701,31;EUR;C02-Javier
F2024-001068;2;17/12/2024;CLI0039;S10;289,43;8,66;5;2381,14;EUR;C05-Rocío
F2024-001068;3;17/12/2024;CLI0039;S10;2392,22;8,10;0;19376,98;EUR;C01-Marta
F2024-001068;4;17/12/2024;CLI0039;S10;810,98;8,63;0;6998,76;EUR;C04-Andrés
F2024-001069;1;15/12/2024;CLI0082;S10;1264,85;8,80;5;10574,15;EUR;C04-Andrés
F2024-001069;2;15/12/2024;CLI0082;S10;107,46;8,89;5;907,55;EUR;C01-Marta
F2024-001069;3;15/12/2024;CLI0082;S10;501,44;8,62;5;4106,29;EUR;C03-Lucía
F2024-001070;1;19/07/2024;CLI0141;S10;174,50;8,83;0;1540,84;EUR;C05-Rocío
F2024-001071;1;22/07/2024;CLI0094;S08;1952,42;2,42;0;4724,86;EUR;C02-Javier
F2024-001071;2;22/07/2024;CLI0094;S07;805,01;1,54;0;1239,72;EUR;C04-Andrés
F2024-001071;3;22/07/2024;CLI0094;S08;2046,53;2,51;0;5136,79;EUR;C05-Rocío
F2024-001072;1;01/02/2024;CLI0158;S09;225,75;43,47;0;9813,35;EUR;C04-Andrés
F2024-001073;1;18/12/2024;CLI0319;S09;71,16;41,76;0;2971,64;EUR;C04-Andrés
F2024-001074;1;09/12/2024;CLI0325;S11;41,03;25,81;0;1058,98;EUR;C05-Rocío
F2024-001075;1;13/12/2024;CLI0387;S07;585,01;1,55;5;861,43;EUR;C04-Andrés
F2024-001075;2;13/12/2024;CLI0387;S08;1735,52;2,42;5;3989,96;EUR;C03-Lucía
F2024-001075;3;13/12/2024;CLI0387;S08;2872,31;2,36;5;6439,72;EUR;C02-Javier
F2024-001076;1;16/09/2024;CLI0092;S05;1962,62;3,09;0;6064,50;EUR;C03-Lucía
F2024-001076;2;16/09/2024;CLI0092;S05;199,41;3,12;0;622,16;EUR;C01-Marta
F2024-001076;3;16/09/2024;CLI0092;S05;276,99;3,07;0;850,36;EUR;C01-Marta
F2024-001077;1;14/02/2024;CLI0024;S06;1007,58;1,10;0;1108,34;EUR;C04-Andrés
F2024-001077;2;14/02/2024;CLI0024;S05;134,16;3,31;0;444,07;EUR;C03-Lucía
F2024-001077;3;14/02/2024;CLI0024;S05;72,80;3,13;5;216,47;EUR;C05-Rocío
F2024-001077;4;14/02/2024;CLI0024;S06;2905,73;1,06;0;3080,07;EUR;C05-Rocío
F2024-001078;1;16/01/2024;CLI0303;S15;1,00;84,34;0;84,34;EUR;C02-Javier
F2024-001079;1;04/07/2024;CLI0291;S10;405,28;8,29;0;3359,77;EUR;C05-Rocío
F2024-001080;1;04/12/2024;CLI0051;S06;5013,32;1,07;0;5364,25;EUR;C01-Marta
F2024-001080;2;04/12/2024;CLI0051;S06;528,31;1,14;10;542,05;EUR;C03-Lucía
F2024-001081;1;21/08/2024;CLI0051;S05;115,67;3,09;5;339,55;EUR;C01-Marta
F2024-001081;2;21/08/2024;CLI0051;S06;2021,23;1,06;0;2142,50;EUR;C03-Lucía
F2024-001082;1;11/09/2024;CLI0290;S10;389,35;8,28;0;3223,82;EUR;C05-Rocío
F2024-001082;2;11/09/2024;CLI0290;S10;145,96;8,72;5;1209,13;EUR;C05-Rocío
F2024-001083;1;11/05/2024;CLI0247;S10;181,79;8,33;15;1287,16;EUR;C02-Javier
F2024-001083;2;11/05/2024;CLI0247;S10;358,55;8,60;0;3083,53;EUR;C05-Rocío
F2024-001083;3;11/05/2024;CLI0247;S10;2003,87;8,89;10;16032,96;EUR;C01-Marta
F2024-001084;1;08/06/2024;CLI0114;S09;104,21;42,24;0;4401,83;EUR;C03-Lucía
F2024-001084;2;08/06/2024;CLI0114;S09;37,91;41,31;5;1487,76;EUR;C02-Javier
F2024-001084;3;08/06/2024;CLI0114;S14;11,00;211,01;5;2205,05;EUR;C05-Rocío
F2024-001085;1;25/01/2024;CLI0310;S04;832,06;14,39;0;11973,34;EUR;C05-Rocío
F2024-001085;2;25/01/2024;CLI0310;S15;2,00;88,42;0;176,84;EUR;C04-Andrés
F2024-001085;3;25/01/2024;CLI0310;S14;15,00;215,72;5;3074,01;EUR;C05-Rocío
F2024-001085;4;25/01/2024;CLI0310;S03;26,97;39,27;0;1059,11;EUR;C05-Rocío
F2024-001086;1;06/09/2024;CLI0207;S10;1749,11;8,68;0;15182,27;EUR;C04-Andrés
F2024-001087;1;18/08/2024;CLI0214;S14;12,00;204,91;0;2458,92;EUR;C03-Lucía
F2024-001087;2;18/08/2024;CLI0214;S02;191,97;6,78;5;1236,48;EUR;C03-Lucía
F2024-001087;3;18/08/2024;CLI0214;S02;1475,14;6,30;0;9293,38;EUR;C03-Lucía
F2024-001087;4;18/08/2024;CLI0214;S02;310,42;6,26;0;1943,23;EUR;C03-Lucía
F2024-001088;1;14/02/2024;CLI0317;S10;155,06;8,83;5;1300,72;EUR;C04-Andrés
F2024-001088;2;14/02/2024;CLI0317;S10;2141,07;8,58;15;15614,82;EUR;C05-Rocío
F2024-001088;3;14/02/2024;CLI0317;S15;1,00;85,49;0;85,49;EUR;C02-Javier
F2024-001089;1;23/06/2024;CLI0342;S13;1,00;660,87;0;660,87;EUR;C01-Marta
F2024-001089;2;23/06/2024;CLI0342;S14;4,00;211,34;0;845,36;EUR;C03-Lucía
F2024-001089;3;23/06/2024;CLI0342;S10;184,65;8,66;5;1519,12;EUR;C01-Marta
F2024-001089;4;23/06/2024;CLI0342;S10;637,25;8,37;0;5333,78;EUR;C02-Javier
F2024-001090;1;06/10/2024;CLI0395;S14;10,00;206,14;5;1958,33;EUR;C01-Marta
F2024-001090;2;06/10/2024;cli0395;S11;61,43;25,05;5;1461,88;EUR;C01-Marta
F2024-001090;3;06/10/2024;CLI0395;S01;53,82;91,74;0;4937,45;EUR;C05-Rocío
F2024-001091;1;21/08/2024;CLI0299;S15;3,00;85,43;0;256,29;EUR;C05-Rocío
F2024-001091;2;21/08/2024;CLI0299;S07;411,57;1,59;0;;EUR;C05-Rocío
F2024-001091;3;21/08/2024;CLI0299;S14;4,00;205,80;0;823,20;EUR;C01-Marta
F2024-001091;4;21/08/2024;CLI0299;S08;479,46;2,34;0;1121,94;EUR;C05-Rocío
F2024-001092;1;08/03/2024;CLI0363;S14;5,00;219,28;0;1096,40;EUR;C05-Rocío
F2024-001092;2;08/03/2024;CLI0363;S05;181,68;3,34;0;606,81;EUR;C01-Marta
F2024-001092;3;08/03/2024;CLI0363;S05;834,49;3,20;0;2670,37;EUR;C05-Rocío
F2024-001093;1;07/03/2024;CLI0201;S01;43,62;96,89;0;4226,34;EUR;C01-Marta
F2024-001093;2;07/03/2024;CLI0201;S02;1379,79;6,41;0;8844,45;EUR;C04-Andrés
F2024-001094;1;25/07/2024;CLI0272;S09;106,91;41,10;5;4174,30;EUR;C03-Lucía
F2024-001094;2;25/07/2024;CLI0272;S09;112,49;41,41;0;4658,21;EUR;C05-Rocío
F2024-001095;1;23/10/2024;CLI0207;S15;3,00;84,36;0;253,08;EUR;C04-Andrés
F2024-001096;1;24/06/2024;CLI0051;S06;318,02;1,10;10;314,84;EUR;C05-Rocío
F2024-001096;2;24/06/2024;cli0051;S15;4,00;81,60;0;326,40;EUR;C02-Javier
F2024-001097;1;27/05/2024;CLI0370;S05;484,80;3,22;5;1483,00;EUR;C04-Andrés
F2024-001097;2;27/05/2024;CLI0370;S06;3721,99;1,13;0;4205,85;EUR;C03-Lucía
F2024-001097;3;27/05/2024;CLI0370;S05;699,11;3,30;0;2307,06;EUR;C03-Lucía
F2024-001097;4;27/05/2024;CLI0370;S14;16,00;207,51;15;2822,14;EUR;C05-Rocío
F2024-001098;1;07/03/2024;CLI0126;S13;1,00;673,60;5;639,92;EUR;C04-Andrés
F2024-001098;2;07/03/2024;CLI0126;S13;1,00;674,36;0;674,36;EUR;C03-Lucía
F2024-001099;1;10/01/2024;cli0024;S06;1194,67;1,13;0;1349,98;EUR;C03-Lucía
F2024-001099;2;10/01/2024;CLI0024;S13;1,00;619,54;0;619,54;EUR;C02-Javier
F2024-001099;3;10/01/2024;CLI0024;S05;417,60;3,10;5;1229,83;EUR;C05-Rocío
F2024-001099;4;10/01/2024;CLI0024;S06;1329,70;1,10;0;1462,67;EUR;C01-Marta
F2024-001100;1;22/05/2024;CLI0291;S10;1379,27;8,52;0;11751,38;EUR;C01-Marta
F2024-001101;1;01/01/2024;CLI0146;S15;2,00;88,58;0;177,16;EUR;C05-Rocío
F2024-001101;2;01/01/2024;CLI0146;S09;116,75;41,58;5;4611,74;EUR;C04-Andrés
F2024-001102;1;01/02/2024;CLI0162;S15;1,00;83,44;0;83,44;EUR;C01-Marta
F2024-001102;2;01/02/2024;CLI0162;S14;13,00;207,43;15;2292,10;EUR;C05-Rocío
F2024-001103;1;17/11/2024;CLI0395;S02;94,39;6,24;5;559,54;EUR;C05-Rocío
F2024-001103;2;17/11/2024;CLI0395;S02;150,28;6,53;0;981,33;EUR;C01-Marta
F2024-001103;3;17/11/2024;CLI0395;S01;156,65;97,87;15;13031,64;EUR;C02-Javier
F2024-001104;1;28/04/2024;CLI0024;S05;413,56;3,09;5;;EUR;C01-Marta
F2024-001104;2;28/04/2024;CLI0024;S06;1302,53;1,07;0;1393,71;EUR;C04-Andrés
F2024-001104;3;28/04/2024;CLI0024;S15;3,00;87,40;0;262,20;EUR;C03-Lucía
F2024-001104;4;28/04/2024;CLI0024;S14;6,00;220,36;5;1256,05;EUR;C03-Lucía
F2024-001105;1;16/03/2024;CLI0241;S12;2,00;121,69;0;243,38;EUR;C04-Andrés
F2024-001105;2;16/03/2024;CLI0241;S03;18,30;36,86;0;674,54;EUR;C01-Marta
F2024-001105;3;16/03/2024;CLI0241;S15;4,00;83,24;0;332,96;EUR;C05-Rocío
F2024-001105;4;16/03/2024;CLI0241;S12;3,00;119,11;5;339,46;EUR;C01-Marta
F2024-001106;1;17/09/2024;CLI0087;S10;1165,79;9,77;5;10817,73;USD;C04-Andrés
F2024-001106;2;17/09/2024;CLI0087;S14;14,00;208,65;5;2775,04;EUR;C03-Lucía
F2024-001107;1;08/06/2024;CLI0396;S06;1052,65;1,06;5;1060,02;EUR;C05-Rocío
F2024-001107;2;08/06/2024;CLI0396;S15;2,00;81,85;5;155,51;EUR;C02-Javier
F2024-001108;1;16/02/2024;CLI0092;S05;158,38;3,17;0;502,06;EUR;C01-Marta
F2024-001108;2;16/02/2024;CLI0092;S05;413,13;3,04;0;1255,92;EUR;C02-Javier
F2024-001109;1;16/12/2024;CLI0101;S13;1,00;659,91;0;659,91;EUR;C01-Marta
F2024-001110;1;14/05/2024;CLI0101;S10;324,61;8,35;10;2439,44;EUR;C02-Javier
F2024-001111;1;23/05/2024;CLI0370;S06;2513,38;1,14;0;2865,25;EUR;C03-Lucía
F2024-001111;2;23/05/2024;CLI0370;S14;2,00;212,11;0;424,22;EUR;C04-Andrés
F2024-001112;1;23/03/2024;CLI0146;S09;79,07;40,21;0;3179,40;EUR;C05-Rocío
F2024-001112;2;23/03/2024;CLI0146;S13;1,00;648,20;5;615,79;EUR;C05-Rocío
F2024-001112;3;23/03/2024;CLI0146;S09;108,57;41,68;0;4525,20;EUR;C04-Andrés
F2024-001112;4;23/03/2024;CLI0146;S09;99,59;42,65;5;4035,14;EUR;C02-Javier
F2024-001113;1;19/10/2024;CLI0027;S05;205,25;3,14;0;644,49;EUR;C05-Rocío
F2024-001113;2;19/10/2024;CLI0027;S15;1,00;88,53;5;84,10;EUR;C01-Marta
F2024-001114;1;06/11/2024;CLI0010;S14;16,00;206,18;5;3133,94;EUR;C03-Lucía
F2024-001114;2;06/11/2024;CLI0010;S02;154,31;6,71;0;1035,42;EUR;C02-Javier
F2024-001115;1;02/12/2024;CLI0041;S14;11,00;207,06;0;2277,66;EUR;C01-Marta
F2024-001115;2;02/12/2024;CLI0041;S10;341,27;8,50;5;2755,76;EUR;C05-Rocío
F2024-001116;1;04/10/2024;CLI0370;S15;4,00;83,04;5;315,55;EUR;C03-Lucía
F2024-001117;1;19/05/2024;CLI0067;S10;750,89;8,62;5;6149,04;EUR;C05-Rocío
F2024-001118;1;06/06/2024;CLI0286;S02;514,28;6,52;10;3017,80;EUR;C02-Javier
F2024-001118;2;06/06/2024;CLI0286;S13;1,00;673,24;0;673,24;EUR;C02-Javier
F2024-001118;3;06/06/2024;CLI0286;S02;831,27;6,27;0;5212,06;EUR;C05-Rocío
F2024-001118;4;06/06/2024;CLI0286;S11;19,87;25,36;0;503,90;EUR;C03-Lucía
F2024-001119;1;13/07/2024;CLI0039;S10;105,50;8,15;0;859,83;EUR;C01-Marta
F2024-001119;2;13/07/2024;CLI0039;S10;251,31;8,26;0;2075,82;EUR;C03-Lucía
F2024-001119;3;13/07/2024;CLI0039;S10;879,56;8,65;0;7608,19;EUR;C02-Javier
F2024-001119;4;13/07/2024;CLI0039;S10;87,96;8,78;0;772,29;EUR;C03-Lucía
F2024-001120;1;12/12/2024;CLI0158;S13;1,00;637,51;15;541,88;EUR;C05-Rocío
F2024-001121;1;09/08/2024;CLI0031;S14;7,00;204,80;0;1433,60;EUR;C04-Andrés
F2024-001121;2;09/08/2024;CLI0031;S01;136,53;94,43;0;12892,53;EUR;C05-Rocío
F2024-001122;1;19/06/2024;CLI0278;S08;1304,61;2,33;0;3039,74;EUR;C01-Marta
F2024-001122;2;19/06/2024;CLI0278;S07;260,00;1,59;5;392,73;EUR;C04-Andrés
F2024-001123;1;22/11/2024;CLI0094;S07;63,18;1,62;0;102,35;EUR;C05-Rocío
F2024-001123;2;22/11/2024;CLI0094;S14;4,00;205,03;0;820,12;EUR;C04-Andrés
F2024-001123;3;22/11/2024;CLI0094;S08;3777,49;2,38;0;8990,43;EUR;C03-Lucía
F2024-001124;1;13/10/2024;CLI0095;S09;48,49;43,83;0;2125,32;EUR;C02-Javier
F2024-001124;2;13/10/2024;CLI0095;S13;1,00;651,27;0;651,27;EUR;C04-Andrés
F2024-001124;3;13/10/2024;CLI0095;S09;129,96;42,14;0;5476,51;EUR;C04-Andrés
F2024-001125;1;10/10/2024;CLI0291;S10;133,40;8,59;0;1145,91;EUR;C05-Rocío
F2024-001125;2;10/10/2024;cli0291;S10;288,77;8,28;5;2271,46;EUR;C05-Rocío
F2024-001125;3;10/10/2024;CLI0291;S13;1,00;663,84;0;663,84;EUR;C02-Javier
F2024-001125;4;10/10/2024;CLI0291;S10;378,26;8,65;0;3271,95;EUR;C03-Lucía
F2024-001126;1;25/04/2024;CLI0370;S06;1059,06;1,13;0;1196,74;EUR;C05-Rocío
F2024-001126;2;25/04/2024;CLI0370;S13;1,00;635,82;0;635,82;EUR;C02-Javier
F2024-001126;3;25/04/2024;CLI0370;S13;1,00;627,61;10;564,85;EUR;C05-Rocío
F2024-001127;1;01/09/2024;CLI0158;S09;51,12;42,01;5;2040,17;EUR;C05-Rocío
F2024-001127;2;01/09/2024;CLI0158;S09;71,10;41,16;0;2926,48;EUR;C03-Lucía
F2024-001128;1;04/02/2024;CLI0237;S09;197,53;40,70;5;7637,50;EUR;C05-Rocío
F2024-001128;1;04/02/2024;CLI0237;S09;197,53;40,70;5;7637,50;EUR;C05-Rocío
F2024-001129;1;26/12/2024;CLI0093;S10;300,56;8,91;0;2677,99;EUR;C04-Andrés
F2024-001129;2;26/12/2024;CLI0093;S13;1,00;669,71;5;636,22;EUR;C04-Andrés
F2024-001129;3;26/12/2024;CLI0093;S10;1668,84;8,37;0;13968,19;EUR;C03-Lucía
F2024-001130;1;2024-05-06;CLI0025;S08;672,63;2,45;0;1647,94;EUR;C01-Marta
F2024-001130;2;06/05/2024;CLI0025;S08;458,43;2,40;0;1100,23;EUR;C03-Lucía
F2024-001130;3;06/05/2024;CLI0025;S07;810,90;1,61;0;1305,55;EUR;C01-Marta
F2024-001131;1;24/04/2024;CLI0193;S07;102,91;1,54;0;158,48;EUR;C02-Javier
F2024-001131;2;24/04/2024;CLI0193;S15;3,00;88,96;0;266,88;EUR;C01-Marta
F2024-001131;3;24/04/2024;CLI0193;S07;272,44;1,65;0;449,53;EUR;C01-Marta
F2024-001132;1;28/12/2024;CLI0131;S13;1,00;675,21;0;675,21;EUR;C01-Marta
F2024-001132;2;28/12/2024;CLI0131;S10;176,79;8,40;0;1485,04;EUR;C01-Marta
F2024-001132;3;28/12/2024;CLI0131;S13;1,00;627,80;5;596,41;EUR;C03-Lucía
F2024-001132;4;28/12/2024;CLI0131;S14;7,00;219,74;0;1538,18;EUR;C03-Lucía
F2024-001133;1;13/09/2024;CLI0380;S06;1747,94;1,14;5;1893,02;EUR;C03-Lucía
F2024-001133;2;13/09/2024;CLI0380;S15;3,00;85,13;0;255,39;EUR;C03-Lucía
F2024-001133;3;13/09/2024;CLI0380;S15;1,00;82,26;0;82,26;EUR;C04-Andrés
F2024-001133;4;13/09/2024;CLI0380;S05;669,72;3,31;0;2216,77;EUR;C05-Rocío
F2024-001134;1;12/04/2024;CLI0158;S15;3,00;84,51;0;253,53;EUR;C01-Marta
F2024-001134;2;12/04/2024;cli0158;S09;74,08;43,68;5;3074,02;EUR;C05-Rocío
F2024-001134;3;12/04/2024;CLI0158;S15;4,00;83,99;0;335,96;EUR;C01-Marta
F2024-001135;1;27/02/2024;CLI0398;S10;326,64;8,36;0;2730,71;EUR;C04-Andrés
F2024-001135;2;27/02/2024;CLI0398;S10;355,75;8,71;0;3098,58;EUR;C04-Andrés
F2024-001135;3;27/02/2024;CLI0398;S14;5,00;201,03;0;1005,15;EUR;C03-Lucía
F2024-001136;1;07/03/2024;CLI0039;S14;5,00;210,92;0;1054,60;EUR;C03-Lucía
F2024-001137;1;02/01/2024;CLI0142;S05;645,36;3,11;15;1706,01;EUR;C03-Lucía
F2024-001137;2;02/01/2024;CLI0142;S06;1867,37;1,15;15;1825,35;EUR;C03-Lucía
F2024-001138;1;09/04/2024;CLI0211;S06;1278,49;1,08;5;1311,73;EUR;C02-Javier
F2024-001138;2;09/04/2024;CLI0211;S05;203,19;3,24;0;658,34;EUR;C01-Marta
F2024-001138;3;09/04/2024;CLI0211;S05;423,14;3,27;0;1383,67;EUR;C04-Andrés
F2024-001138;4;09/04/2024;CLI0211;S06;823,11;1,06;0;872,50;EUR;C04-Andrés
F2024-001139;1;16/04/2024;CLI0101;S10;444,68;9,95;0;4422,99;USD;C02-Javier
F2024-001140;1;02/02/2024;CLI0045;S06;3296,25;1,13;0;3724,76;EUR;C05-Rocío
F2024-001141;1;11/04/2024;CLI0316;S15;1,00;87,88;0;87,88;EUR;C03-Lucía
F2024-001142;1;22/11/2024;CLI0337;S13;1,00;618,71;5;587,77;EUR;C02-Javier
F2024-001142;2;22/11/2024;CLI0337;S14;3,00;204,35;0;613,05;EUR;C02-Javier
F2024-001142;3;22/11/2024;CLI0337;S08;652,15;2,44;0;1591,25;EUR;C01-Marta
F2024-001142;4;22/11/2024;CLI0337;S13;1,00;669,85;5;;EUR;C02-Javier
F2024-001143;1;25/10/2024;CLI0033;S10;350,33;8,51;0;2981,31;EUR;C01-Marta
F2024-001144;1;06/07/2024;CLI0063;S06;3092,97;1,14;0;3525,99;EUR;C05-Rocío
F2024-001144;2;06/07/2024;CLI0063;S13;1,00;656,62;0;656,62;EUR;C02-Javier
F2024-001144;3;06/07/2024;CLI0063;S05;411,92;3,09;0;1272,83;EUR;C05-Rocío
F2024-001144;4;06/07/2024;CLI0063;S05;403,18;3,23;0;1302,27;EUR;C02-Javier
F2024-001145;1;11/08/2024;CLI0207;S10;234,21;8,38;0;1962,68;EUR;C03-Lucía
F2024-001145;2;11/08/2024;CLI0207;S13;1,00;680,98;0;680,98;EUR;C04-Andrés
F2024-001145;3;11/08/2024;CLI0207;S14;3,00;208,93;0;626,79;EUR;C03-Lucía
F2024-001146;1;11/03/2024;CLI0276;S02;295,62;6,33;0;1871,27;EUR;C05-Rocío
F2024-001147;1;23/07/2024;CLI0034;S09;109,75;42,24;0;4635,84;EUR;C04-Andrés
F2024-001147;2;23/07/2024;CLI0034;S15;4,00;87,49;15;297,47;EUR;C03-Lucía
F2024-001147;3;23/07/2024;CLI0034;S09;134,56;40,88;0;5500,81;EUR;C01-Marta
F2024-001148;1;22/03/2024;CLI0159;S04;34,49;14,61;0;503,90;EUR;C05-Rocío
F2024-001148;2;22/03/2024;CLI0159;S12;3,00;123,40;0;370,20;EUR;C03-Lucía
F2024-001149;1;13/06/2024;CLI0095;S09;93,47;41,11;5;3650,42;EUR;C02-Javier
F2024-001149;2;13/06/2024;CLI0095;S09;316,51;41,53;15;11172,96;EUR;C03-Lucía
F2024-001149;3;13/06/2024;CLI0095;S15;3,00;83,94;10;226,64;EUR;C04-Andrés
F2024-001149;4;13/06/2024;CLI0095;S09;198,75;40,23;0;7995,71;EUR;C01-Marta
F2024-001150;1;01/08/2024;CLI0325;S01;92,45;96,78;0;8947,31;EUR;C02-Javier
F2024-001150;2;01/08/2024;CLI0325;S11;29,94;25,18;0;753,89;EUR;C03-Lucía
F2024-001150;3;01/08/2024;CLI0325;S02;150,33;6,18;0;929,04;EUR;C03-Lucía
F2024-001150;4;01/08/2024;CLI0325;S11;51,10;23,90;5;;EUR;C05-Rocío
F2024-001151;1;13/03/2024;CLI0246;S13;1,00;664,06;0;664,06;EUR;C01-Marta
F2024-001152;1;21/11/2024;CLI0207;S10;141,15;8,30;0;1171,55;EUR;C03-Lucía
F2024-001153;1;16/08/2024;CLI0370;S05;269,34;3,21;0;864,58;EUR;C04-Andrés
F2024-001153;2;16/08/2024;CLI0370;S14;15,00;204,67;0;3070,05;EUR;C03-Lucía
F2024-001153;3;16/08/2024;CLI0370;S06;798,83;1,11;0;886,70;EUR;C03-Lucía
F2024-001153;4;16/08/2024;CLI0370;S05;697,72;3,33;5;2207,24;EUR;C03-Lucía
F2024-001154;1;01/04/2024;CLI0341;S13;1,00;650,55;5;618,02;EUR;C03-Lucía
F2024-001154;2;01/04/2024;CLI0341;S05;380,48;3,06;0;1164,27;EUR;C02-Javier
F2024-001155;1;14/12/2024;CLI0095;S09;172,04;40,30;10;6239,89;EUR;C03-Lucía
F2024-001156;1;03/10/2024;CLI0212;S13;1,00;618,47;0;618,47;EUR;C05-Rocío
F2024-001157;1;13/12/2024;CLI0263;S13;1,00;650,70;10;585,63;EUR;C05-Rocío
F2024-001157;2;13/12/2024;CLI0263;S02;259,53;6,59;0;1710,30;EUR;C04-Andrés
F2024-001157;3;13/12/2024;CLI0263;S01;33,56;94,63;0;3175,78;EUR;C01-Marta
F2024-001157;4;13/12/2024;CLI0263;S11;45,18;24,51;5;1051,99;EUR;C01-Marta
F2024-001158;1;04/09/2024;CLI0360;S14;4,00;217,29;0;869,16;EUR;C02-Javier
F2024-001158;2;04/09/2024;CLI0360;S13;1,00;655,55;0;655,55;EUR;C02-Javier
F2024-001158;3;04/09/2024;CLI0360;S14;2,00;199,63;0;399,26;EUR;C05-Rocío
F2024-001159;1;05/01/2024;CLI0256;S05;1308,42;3,24;0;4239,28;EUR;C02-Javier
F2024-001160;1;15/05/2024;cli0162;S12;2,00;124,98;15;212,47;EUR;C03-Lucía
F2024-001160;2;15/05/2024;CLI0162;S15;4,00;81,30;15;276,42;EUR;C01-Marta
F2024-001161;1;07/08/2024;CLI0309;S12;3,00;130,82;0;392,45;USD;C03-Lucía
F2024-001162;1;12/04/2024;CLI0113;S09;129,97;42,91;0;5577,01;EUR;C03-Lucía
F2024-001163;1;17/04/2024;CLI0339;S08;2850,43;2,29;0;6527,48;EUR;C03-Lucía
F2024-001163;2;17/04/2024;CLI0339;S07;132,34;1,67;0;221,01;EUR;C05-Rocío
F2024-001164;1;03/02/2024;cli0093;S10;191,69;8,71;0;1669,62;EUR;C01-Marta
F2024-001164;2;03/02/2024;CLI0093;S10;199,14;8,36;0;1664,81;EUR;C05-Rocío
F2024-001165;1;07/03/2024;CLI0089;S13;1,00;653,39;0;653,39;EUR;C01-Marta
F2024-001165;2;07/03/2024;CLI0089;S05;401,90;3,14;15;1072,67;EUR;C03-Lucía
F2024-001166;1;25/07/2024;CLI0207;S14;8,00;213,36;5;1621,54;EUR;C04-Andrés
F2024-001166;2;25/07/2024;CLI0207;S10;470,92;8,55;0;4026,37;EUR;C03-Lucía
F2024-001166;3;25/07/2024;CLI0207;S10;158,60;8,32;5;1253,57;EUR;C02-Javier
F2024-001166;4;25/07/2024;CLI0207;S10;157,38;8,80;0;1384,94;EUR;C03-Lucía
F2024-001167;1;24/08/2024;CLI0026;S10;1743,20;8,82;0;15375,02;EUR;C02-Javier
F2024-001167;2;24/08/2024;CLI0026;S10;467,25;8,39;5;3724,22;EUR;C01-Marta
F2024-001167;3;24/08/2024;CLI0026;S10;272,67;8,61;0;2347,69;EUR;C03-Lucía
F2024-001167;4;24/08/2024;CLI0026;S15;4,00;84,58;0;338,32;EUR;C03-Lucía
F2024-001168;1;11/03/2024;CLI0205;S13;1,00;638,36;0;638,36;EUR;C05-Rocío
F2024-001168;2;11/03/2024;CLI0205;S06;5187,14;1,22;0;6337,02;USD;C03-Lucía
F2024-001169;1;05/09/2024;CLI0269;S06;4951,27;1,07;5;5032,97;EUR;C01-Marta
F2024-001170;1;03/02/2024;CLI0162;S03;39,54;39,30;15;1320,83;EUR;C05-Rocío
F2024-001170;2;03/02/2024;CLI0162;S03;23,32;36,27;0;845,82;EUR;C02-Javier
F2024-001170;3;03/02/2024;CLI0162;S12;4,00;125,60;0;502,40;EUR;C04-Andrés
F2024-001171;1;21/04/2024;CLI0324;S14;3,00;213,68;10;576,94;EUR;C02-Javier
F2024-001172;1;26/11/2024;CLI0095;S09;175,96;43,13;0;7589,15;EUR;C05-Rocío
F2024-001173;1;22/01/2024;CLI0076;S09;43,38;41,13;0;1784,22;EUR;C05-Rocío
F2024-001173;2;22/01/2024;CLI0076;S09;115,65;43,55;0;5036,56;EUR;C03-Lucía
F2024-001173;3;22/01/2024;CLI0076;S09;229,28;42,70;0;9790,26;EUR;C03-Lucía
F2024-001174;1;09/05/2024;CLI0316;S09;133,50;44,06;0;5882,01;EUR;C02-Javier
F2024-001175;1;20/10/2024;CLI0365;S14;4,00;201,54;5;765,85;EUR;C05-Rocío
F2024-001175;2;20/10/2024;CLI0365;S07;302,65;1,52;0;460,03;EUR;C04-Andrés
F2024-001176;1;11/07/2024;CLI0104;S15;4,00;85,82;0;343,28;EUR;C04-Andrés
F2024-001176;2;11/07/2024;CLI0104;S13;1,00;641,05;0;641,05;EUR;C05-Rocío
F2024-001177;1;07/10/2024;CLI0378;S12;3,00;118,43;5;337,53;EUR;C01-Marta
F2024-001177;2;07/10/2024;CLI0378;S03;65,09;37,99;0;2472,77;EUR;C02-Javier
F2024-001177;3;07/10/2024;CLI0378;S03;14,72;37,35;0;549,79;EUR;C02-Javier
F2024-001177;4;07/10/2024;CLI0378;S14;9,00;216,02;0;1944,18;EUR;C05-Rocío
F2024-001178;1;12/07/2024;CLI0051;S06;1285,13;1,05;5;1281,92;EUR;C02-Javier
F2024-001178;2;12/07/2024;CLI0051;S05;871,16;3,29;0;2866,12;EUR;C04-Andrés
F2024-001179;1;11/01/2024;CLI0201;S01;106,57;95,76;10;9184,63;EUR;C05-Rocío
F2024-001179;2;11/01/2024;CLI0201;S14;8,00;202,07;15;1374,08;EUR;C05-Rocío
F2024-001179;3;11/01/2024;CLI0201;S02;1202,09;6,20;10;6707,66;EUR;C01-Marta
F2024-001179;4;11/01/2024;CLI0201;S02;123,29;6,64;15;695,85;EUR;C05-Rocío
F2024-001180;1;02/07/2024;CLI0198;S11;14,76;24,10;0;355,72;EUR;C04-Andrés
F2024-001181;1;07/09/2024;CLI0049;S15;3,00;81,99;5;233,67;EUR;C02-Javier
F2024-001182;1;14/08/2024;CLI0379;S07;741,74;1,59;0;1179,37;EUR;C05-Rocío
F2024-001182;2;14/08/2024;CLI0379;S08;2618,78;2,49;0;6520,76;EUR;C05-Rocío
F2024-001182;3;14/08/2024;CLI0379;S07;89,63;1,58;5;134,53;EUR;C04-Andrés
F2024-001182;4;14/08/2024;CLI0379;S08;5172,88;2,31;0;11949,35;EUR;C05-Rocío
F2024-001183;1;28/04/2024;CLI0323;S05;372,88;3,30;5;1168,98;EUR;C03-Lucía
F2024-001183;2;28/04/2024;CLI0323;S06;3458,33;1,15;0;3977,08;EUR;C05-Rocío
F2024-001183;3;28/04/2024;CLI0323;S05;183,61;3,22;5;561,66;EUR;C02-Javier
F2024-001183;4;28/04/2024;CLI0323;S06;2922,67;1,08;0;3156,48;EUR;C04-Andrés
F2024-001184;1;17/02/2024;CLI0128;S07;363,96;1,76;0;640,93;USD;C05-Rocío
F2024-001184;2;17/02/2024;CLI0128;S07;389,12;1,74;0;676,62;USD;C05-Rocío
F2024-001184;3;17/02/2024;CLI0128;S07;138,64;1,84;0;254,89;USD;C02-Javier
F2024-001185;1;22/09/2024;CLI0341;S06;1845,04;1,15;5;2015,71;EUR;C01-Marta
F2024-001185;2;22/09/2024;CLI0341;S06;701,65;1,13;0;792,86;EUR;C03-Lucía
F2024-001185;3;22/09/2024;CLI0341;S05;54,67;3,09;0;168,93;EUR;C05-Rocío
F2024-001186;1;23/06/2024;CLI0025;S14;5,00;207,82;0;1039,10;EUR;C02-Javier
F2024-001186;2;23/06/2024;CLI0025;S08;896,39;2,32;0;2079,62;EUR;C03-Lucía
F2024-001186;3;23/06/2024;CLI0025;S08;7387,03;2,33;0;17211,78;EUR;C04-Andrés
F2024-001186;4;23/06/2024;CLI0025;S07;243,89;1,64;0;399,98;EUR;C03-Lucía
F2024-001187;1;05/10/2024;CLI0097;S09;80,43;42,15;10;3051,11;EUR;C05-Rocío
F2024-001188;1;19/10/2024;CLI0171;S09;232,69;42,04;0;9782,29;EUR;C04-Andrés
F2024-001188;2;19/10/2024;CLI0171;S09;323,27;43,83;0;14168,92;EUR;C03-Lucía
F2024-001188;3;19/10/2024;CLI0171;S15;2,00;86,44;0;172,88;EUR;C01-Marta
F2024-001188;4;19/10/2024;CLI0171;S14;13,00;212,44;0;2761,72;EUR;C05-Rocío
F2024-001189;1;28/01/2024;CLI0373;S02;285,44;6,28;5;1702,94;EUR;C01-Marta
F2024-001190;1;02/10/2024;CLI0075;S07;122,80;1,62;0;198,94;EUR;C04-Andrés
F2024-001190;2;02/10/2024;CLI0075;S14;11,00;206,81;0;2274,91;EUR;C04-Andrés
F2024-001190;3;02/10/2024;CLI0075;S07;382,36;1,65;5;599,35;EUR;C04-Andrés
F2024-001190;4;02/10/2024;CLI0075;S14;7,00;212,40;5;1412,46;EUR;C01-Marta
F2024-001191;1;21/11/2024;CLI0202;S06;957,87;1,10;0;1053,66;EUR;C02-Javier
F2024-001191;2;21/11/2024;CLI0202;S05;501,08;3,32;0;1663,59;EUR;C01-Marta
F2024-001191;3;21/11/2024;CLI0202;S06;1535,69;1,15;0;1766,04;EUR;C04-Andrés
F2024-001191;4;21/11/2024;CLI0202;S05;253,59;3,25;5;782,96;EUR;C02-Javier
F2024-001192;1;17/11/2024;CLI0221;S10;202,85;8,87;0;1799,28;EUR;C03-Lucía
F2024-001192;2;17/11/2024;CLI0221;S10;1205,33;8,24;0;9931,92;EUR;C02-Javier
F2024-001192;3;2024-11-17;CLI0221;S10;198,23;8,87;0;1758,30;EUR;C04-Andrés
F2024-001192;4;17/11/2024;cli0221;S10;52,95;8,82;5;443,67;EUR;C04-Andrés
F2024-001193;1;19/08/2024;CLI0262;S02;228,55;7,38;0;1687,60;USD;C03-Lucía
F2024-001194;1;11/08/2024;CLI0370;S05;786,86;3,35;10;2372,38;EUR;C02-Javier
F2024-001194;2;11/08/2024;CLI0370;S05;1386,05;3,20;10;3991,82;EUR;C04-Andrés
F2024-001194;3;11/08/2024;CLI0370;S14;6,00;205,59;5;1171,86;EUR;C04-Andrés
F2024-001194;4;11/08/2024;CLI0370;S14;10,00;213,23;10;1919,07;EUR;C05-Rocío
F2024-001195;1;02/03/2024;CLI0207;S10;172,27;8,63;0;1486,69;EUR;C01-Marta
F2024-001195;2;02/03/2024;CLI0207;S10;115,88;8,58;0;994,25;EUR;C03-Lucía
F2024-001196;1;25/05/2024;CLI0068;S05;676,42;3,19;0;2157,78;EUR;C02-Javier
F2024-001197;1;16/03/2024;CLI0114;S09;134,20;42,65;0;5723,63;EUR;C04-Andrés
F2024-001197;2;16/03/2024;CLI0114;S09;75,35;43,14;0;3250,60;EUR;C05-Rocío
F2024-001197;3;16/03/2024;CLI0114;S09;236,34;40,95;0;9678,12;EUR;C01-Marta
F2024-001198;1;24/04/2024;CLI0356;S13;1,00;637,05;15;541,49;EUR;C01-Marta
F2024-001198;2;24/04/2024;CLI0356;S10;316,27;8,81;5;2647,02;EUR;C02-Javier
F2024-001198;3;24/04/2024;CLI0356;S10;216,26;8,61;0;1862,00;EUR;C05-Rocío
F2024-001198;4;24/04/2024;CLI0356;S13;1,00;650,81;0;650,81;EUR;C02-Javier
F2024-001199;1;27/07/2024;CLI0247;S10;21,01;8,33;0;175,01;EUR;C04-Andrés
F2024-001199;2;27/07/2024;CLI0247;S10;284,24;8,17;0;2322,24;EUR;C05-Rocío
F2024-001199;3;27/07/2024;CLI0247;S10;239,63;8,63;0;2068,01;EUR;C03-Lucía
F2024-001200;1;22/06/2024;CLI0094;S08;305,69;2,31;0;706,14;EUR;C03-Lucía
F2024-001201;1;24/12/2024;CLI0259;S09;62,11;41,92;0;2603,65;EUR;C04-Andrés
F2024-001201;2;24/12/2024;CLI0259;S09;98,83;41,41;5;3887,92;EUR;C01-Marta
F2024-001201;3;24/12/2024;cli0259;S09;98,45;41,02;5;3836,50;EUR;C04-Andrés
F2024-001202;1;04/12/2024;CLI0101;S10;210,41;9,26;15;1656,80;USD;C01-Marta
F2024-001202;2;04/12/2024;CLI0101;S14;11,00;209,61;10;2075,14;EUR;C02-Javier
F2024-001202;3;04/12/2024;CLI0101;S10;238,09;9,26;15;1874,75;USD;C02-Javier
F2024-001203;1;20/12/2024;CLI0052;S08;5268,30;2,32;10;11000,21;EUR;C03-Lucía
F2024-001204;1;15/04/2024;CLI0051;S14;12,00;210,02;0;2520,24;EUR;C03-Lucía
F2024-001204;2;15/04/2024;CLI0051;S06;430,08;1,06;10;410,30;EUR;C02-Javier
F2024-001204;3;15/04/2024;CLI0051;S05;177,02;3,20;10;509,82;EUR;C01-Marta
F2024-001204;4;15/04/2024;CLI0051;S06;617,31;1,11;10;;EUR;C01-Marta
F2024-001205;1;10/09/2024;CLI0370;S15;1,00;85,37;0;85,37;EUR;C02-Javier
F2024-001205;2;10/09/2024;CLI0370;S06;664,70;1,10;0;731,17;EUR;C03-Lucía
F2024-001206;1;25/10/2024;CLI0291;S15;1,00;88,22;5;83,81;EUR;C03-Lucía
F2024-001206;2;25/10/2024;CLI0291;S10;133,45;8,46;0;1128,99;EUR;C04-Andrés
F2024-001207;1;09/08/2024;CLI0145;S10;124,78;8,79;5;1041,98;EUR;C05-Rocío
F2024-001208;1;20/04/2024;CLI0291;S14;2,00;213,20;10;383,76;EUR;C04-Andrés
F2024-001208;2;20/04/2024;CLI0291;S10;222,36;8,63;0;1918,97;EUR;C04-Andrés
F2024-001208;2;20/04/2024;CLI0291;S10;222,36;8,63;0;1918,97;EUR;C04-Andrés
F2024-001208;3;20/04/2024;CLI0291;S10;31,90;8,68;10;249,20;EUR;C01-Marta
F2024-001208;4;20/04/2024;CLI0291;S13;1,00;666,33;0;666,33;EUR;C04-Andrés
F2024-001209;1;06/04/2024;CLI0034;S15;1,00;87,69;0;87,69;EUR;C01-Marta
F2024-001209;2;06/04/2024;CLI0034;S09;91,36;41,20;0;3764,03;EUR;C02-Javier
F2024-001209;3;06/04/2024;CLI0034;S09;620,20;41,44;0;25701,09;EUR;C01-Marta
F2024-001210;1;07/07/2024;CLI0209;S06;367,75;1,10;0;404,53;EUR;C01-Marta
F2024-001211;1;01/09/2024;CLI0158;S14;15,00;208,31;10;;EUR;C04-Andrés
F2024-001211;2;01/09/2024;CLI0158;S15;4,00;85,04;5;323,15;EUR;C03-Lucía
F2024-001211;3;01/09/2024;CLI0158;S09;221,15;41,36;0;9146,76;EUR;C05-Rocío
F2024-001212;1;25/09/2024;CLI0354;S02;419,86;6,37;0;2674,51;EUR;C04-Andrés
F2024-001213;1;22/07/2024;CLI0005;S09;107,87;43,72;0;4716,08;EUR;C01-Marta
F2024-001213;2;22/07/2024;CLI0005;S13;1,00;654,39;0;654,39;EUR;C05-Rocío
F2024-001213;3;22/07/2024;CLI0005;S09;116,24;43,00;5;4748,40;EUR;C03-Lucía
F2024-001213;4;22/07/2024;CLI0005;S14;6,00;200,12;0;1200,72;EUR;C03-Lucía
F2024-001214;1;18/11/2024;CLI0120;S15;1,00;84,32;0;84,32;EUR;C04-Andrés
F2024-001215;1;14/06/2024;cli0218;S10;535,05;8,70;5;4422,19;EUR;C03-Lucía
F2024-001215;2;14/06/2024;CLI0218;S10;857,94;8,55;0;7335,39;EUR;C05-Rocío
F2024-001215;3;14/06/2024;CLI0218;S14;5,00;212,28;0;1061,40;EUR;C04-Andrés
F2024-001215;4;14/06/2024;CLI0218;S10;259,17;8,77;0;2272,92;EUR;C04-Andrés
F2024-001216;1;12/06/2024;CLI0095;S09;156,77;41,66;10;5877,93;EUR;C05-Rocío
F2024-001216;2;12/06/2024;CLI0095;S09;92,18;42,36;15;3319,03;EUR;C03-Lucía
F2024-001217;1;15/05/2024;CLI0386;S15;1,00;83,61;0;83,61;EUR;C03-Lucía
F2024-001217;2;15/05/2024;CLI0386;S01;67,63;91,67;0;6199,64;EUR;C05-Rocío
F2024-001217;3;15/05/2024;CLI0386;S11;51,93;25,61;5;1263,43;EUR;C02-Javier
F2024-001218;1;09/05/2024;CLI0212;S14;11,00;218,89;0;2407,79;EUR;C03-Lucía
F2024-001218;2;09/05/2024;CLI0212;S13;1,00;619,11;0;619,11;EUR;C02-Javier
F2024-001219;1;20/02/2024;CLI0274;S07;508,51;1,53;0;778,02;EUR;C05-Rocío
F2024-001219;2;20/02/2024;CLI0274;S08;1370,43;2,47;15;2877,22;EUR;C03-Lucía
F2024-001220;1;15/06/2024;CLI0232;S10;275,39;8,90;5;2328,42;EUR;C01-Marta
F2024-001220;2;15/06/2024;CLI0232;S10;244,33;8,82;0;2154,99;EUR;C04-Andrés
F2024-001220;3;15/06/2024;CLI0232;S10;3439,73;8,51;5;27808,50;EUR;C05-Rocío
F2024-001220;4;15/06/2024;CLI0232;S10;106,59;8,45;0;900,69;EUR;C05-Rocío
F2024-001221;1;23/11/2024;CLI0394;S05;58,92;3,27;5;183,03;EUR;C01-Marta
F2024-001221;2;23/11/2024;CLI0394;S05;349,96;3,30;0;1154,87;EUR;C04-Andrés
F2024-001221;3;23/11/2024;CLI0394;S06;1843,43;1,15;0;2119,94;EUR;C04-Andrés
F2024-001222;1;28/07/2024;CLI0111;S11;86,36;26,01;0;2246,22;EUR;C03-Lucía
F2024-001222;2;28/07/2024;CLI0111;S11;24,30;24,86;5;573,89;EUR;C05-Rocío
F2024-001222;3;28/07/2024;CLI0111;S13;1,00;664,15;0;664,15;EUR;C04-Andrés
F2024-001222;4;28/07/2024;CLI0111;S01;158,45;94,30;0;14941,83;EUR;C03-Lucía
F2024-001223;1;27/10/2024;CLI0218;S10;1148,66;8,40;0;9648,74;EUR;C04-Andrés
F2024-001223;2;27/10/2024;CLI0218;S13;1,00;665,65;0;665,65;EUR;C02-Javier
F2024-001224;1;06/03/2024;CLI0312;S14;16,00;207,03;10;2981,23;EUR;C04-Andrés
F2024-001224;2;06/03/2024;CLI0312;S15;2,00;81,11;0;162,22;EUR;C04-Andrés
F2024-001224;3;06/03/2024;CLI0312;S07;92,06;1,55;0;142,69;EUR;C04-Andrés
F2024-001225;1;15/04/2024;CLI0120;S01;146,26;95,25;0;13931,26;EUR;C02-Javier
F2024-001225;2;15/04/2024;CLI0120;S11;13,57;24,30;15;280,29;EUR;C01-Marta
F2024-001225;3;15/04/2024;CLI0120;S14;8,00;207,59;10;1494,65;EUR;C02-Javier
F2024-001225;4;15/04/2024;CLI0120;S11;26,31;24,82;5;620,36;EUR;C04-Andrés
F2024-001226;1;16/08/2024;CLI0356;S10;569,63;8,10;0;4614,00;EUR;C03-Lucía
F2024-001226;2;16/08/2024;CLI0356;S10;295,31;8,82;0;2604,63;EUR;C01-Marta
F2024-001226;3;16/08/2024;CLI0356;S10;172,85;8,50;15;1248,84;EUR;C05-Rocío
F2024-001227;1;04/12/2024;CLI0179;S15;2,00;83,82;0;167,64;EUR;C05-Rocío
F2024-001227;2;04/12/2024;CLI0179;S05;1165,36;3,35;0;3903,96;EUR;C02-Javier
F2024-001228;1;17/12/2024;CLI0274;S15;4,00;83,88;10;301,97;EUR;C02-Javier
F2024-001228;2;17/12/2024;CLI0274;S08;1112,33;2,37;5;2504,41;EUR;C05-Rocío
F2024-001228;3;17/12/2024;CLI0274;S13;1,00;680,10;10;612,09;EUR;C05-Rocío
F2024-001229;1;07/02/2024;CLI0095;S09;203,60;42,75;5;8268,70;EUR;C04-Andrés
F2024-001229;2;07/02/2024;CLI0095;S09;92,68;42,17;10;3517,48;EUR;C05-Rocío
F2024-001229;3;07/02/2024;CLI0095;S14;12,00;209,51;5;2388,41;EUR;C05-Rocío
F2024-001230;1;15/01/2024;CLI0192;S13;1,00;677,86;0;677,86;USD;C01-Marta
F2024-001231;1;09/02/2024;CLI0320;S07;369,09;1,56;0;575,78;EUR;C05-Rocío
F2024-001231;2;09/02/2024;CLI0320;S07;153,50;1,67;5;243,53;EUR;C04-Andrés
F2024-001232;1;24/02/2024;CLI0216;S15;1,00;85,40;0;85,40;EUR;C02-Javier
F2024-001232;2;24/02/2024;CLI0216;S10;129,39;8,51;0;1101,11;EUR;C03-Lucía
F2024-001232;3;24/02/2024;CLI0216;S13;1,00;649,88;0;649,88;EUR;C01-Marta
F2024-001233;1;24/05/2024;CLI0070;S09;161,70;40,85;5;6275,17;EUR;C02-Javier
F2024-001233;2;24/05/2024;CLI0070;S14;12,00;216,55;0;2598,60;EUR;C01-Marta
F2024-001233;3;24/05/2024;CLI0070;S09;63,57;42,18;5;2547,31;EUR;C01-Marta
F2024-001233;4;24/05/2024;CLI0070;S09;241,73;43,98;5;10099,72;EUR;C05-Rocío
F2024-001234;1;17/08/2024;CLI0009;S09;115,18;43,02;0;4955,04;EUR;C03-Lucía
F2024-001234;2;17/08/2024;CLI0009;S09;49,78;45,22;5;2138,54;USD;C01-Marta
F2024-001234;3;17/08/2024;CLI0009;S09;155,26;48,01;5;7080,86;USD;C04-Andrés
F2024-001234;4;17/08/2024;CLI0009;S09;192,42;41,29;5;7547,77;EUR;C05-Rocío
F2024-001235;1;2024-05-23;CLI0388;S10;83,32;8,42;0;701,55;EUR;C05-Rocío
F2024-001236;1;04/10/2024;CLI0097;S09;42,15;42,62;0;1796,43;EUR;C04-Andrés
F2024-001236;2;04/10/2024;CLI0097;S09;219,17;40,90;0;8964,05;EUR;C02-Javier
F2024-001237;1;13/01/2024;CLI0158;S09;154,07;41,91;15;5488,51;EUR;C02-Javier
F2024-001238;1;14/03/2024;CLI0008;S01;128,20;95,45;10;11013,02;EUR;C02-Javier
F2024-001238;2;14/03/2024;CLI0008;S01;54,69;92,68;10;4561,80;EUR;C01-Marta
F2024-001239;1;19/09/2024;CLI0349;S13;1,00;633,62;0;633,62;EUR;C01-Marta
F2024-001239;2;19/09/2024;CLI0349;S07;504,67;1,54;0;777,19;EUR;C03-Lucía
F2024-001239;3;19/09/2024;CLI0349;S08;3017,62;2,33;0;7031,05;EUR;C05-Rocío
F2024-001239;4;19/09/2024;CLI0349;S07;162,80;1,60;5;247,46;EUR;C03-Lucía
F2024-001240;1;26/01/2024;CLI0136;S01;230,34;99,62;5;21799,15;EUR;C01-Marta
F2024-001240;2;26/01/2024;CLI0136;S02;445,96;6,34;0;2827,39;EUR;C02-Javier
F2024-001240;3;26/01/2024;CLI0136;S02;310,50;6,20;0;1925,10;EUR;C03-Lucía
F2024-001240;4;26/01/2024;CLI0136;S02;509,48;6,28;5;3039,56;EUR;C04-Andrés
F2024-001241;1;28/04/2024;CLI0379;S08;945,00;2,46;0;2324,70;EUR;C02-Javier
F2024-001241;2;28/04/2024;CLI0379;S13;1,00;667,32;0;667,32;EUR;C05-Rocío
F2024-001241;3;28/04/2024;CLI0379;S15;4,00;80,81;5;307,08;EUR;C03-Lucía
F2024-001241;4;28/04/2024;CLI0379;S13;1,00;637,86;0;637,86;EUR;C02-Javier
F2024-001242;1;08/11/2024;CLI0225;S14;6,00;215,84;15;1100,78;EUR;C01-Marta
F2024-001242;2;08/11/2024;CLI0225;S14;2,00;200,71;15;341,21;EUR;C01-Marta
F2024-001243;1;12/12/2024;CLI0013;S15;3,00;87,06;0;261,18;EUR;C01-Marta
F2024-001243;2;12/12/2024;CLI0013;S09;76,21;40,13;0;3058,31;EUR;C03-Lucía
F2024-001243;3;12/12/2024;CLI0013;S09;110,76;42,94;5;4518,23;EUR;C04-Andrés
F2024-001244;1;06/03/2024;CLI0201;S01;79,71;94,23;0;7511,07;EUR;C01-Marta
F2024-001244;2;06/03/2024;CLI0201;S11;38,64;24,53;0;947,84;EUR;C05-Rocío
F2024-001245;1;23/04/2024;CLI0292;S14;8,00;218,88;0;1751,04;EUR;C02-Javier
F2024-001246;1;23/12/2024;CLI0158;S09;153,06;40,12;5;5833,73;EUR;C01-Marta
F2024-001247;1;07/07/2024;CLI0299;S07;251,68;1,62;0;407,72;EUR;C05-Rocío
F2024-001247;2;07/07/2024;CLI0299;S08;916,40;2,32;5;2019,75;EUR;C04-Andrés
F2024-001247;3;07/07/2024;CLI0299;S13;1,00;647,65;0;647,65;EUR;C02-Javier
F2024-001248;1;21/01/2024;CLI0341;S06;1286,15;1,15;0;1479,07;EUR;C05-Rocío
F2024-001249;1;06/02/2024;CLI0279;S13;1,00;651,17;0;651,17;EUR;C04-Andrés
F2024-001249;2;06/02/2024;CLI0279;S06;4323,78;1,13;0;4885,87;EUR;C01-Marta
F2024-001249;3;06/02/2024;CLI0279;S06;2286,94;1,15;0;2629,98;EUR;C02-Javier
F2024-001249;4;06/02/2024;CLI0279;S06;4189,06;1,12;5;4457,16;EUR;C04-Andrés
F2024-001250;1;11/08/2024;CLI0166;S05;297,92;3,57;5;1009,66;USD;C03-Lucía
F2024-001250;2;11/08/2024;CLI0166;S13;1,00;732,71;5;696,07;USD;C02-Javier
F2024-001250;3;11/08/2024;CLI0166;S06;1414,72;1,22;5;1643,83;USD;C01-Marta
F2024-001251;1;09/09/2024;CLI0288;S06;4898,43;1,10;0;5388,27;EUR;C01-Marta
F2024-001251;2;09/09/2024;CLI0288;S05;1108,78;3,06;0;3392,87;EUR;C04-Andrés
F2024-001251;3;09/09/2024;CLI0288;S05;661,94;3,09;0;2045,39;EUR;C03-Lucía
F2024-001252;1;27/06/2024;CLI0212;S12;2,00;118,25;0;236,50;EUR;C01-Marta
F2024-001252;2;27/06/2024;CLI0212;S12;3,00;120,19;0;360,57;EUR;C05-Rocío
F2024-001252;3;27/06/2024;CLI0212;S03;6,51;39,79;0;259,03;EUR;C04-Andrés
F2024-001253;1;16/09/2024;CLI0297;S13;1,00;666,52;5;633,19;EUR;C04-Andrés
F2024-001253;2;16/09/2024;CLI0297;S10;316,24;8,24;0;2605,82;EUR;C01-Marta
F2024-001253;3;16/09/2024;CLI0297;S10;526,75;8,22;0;4329,89;EUR;C01-Marta
F2024-001253;4;16/09/2024;CLI0297;S10;1593,44;8,83;0;14070,08;EUR;C02-Javier
F2024-001254;1;26/04/2024;CLI0370;S06;4129,43;1,15;5;4511,40;EUR;C05-Rocío
F2024-001255;1;12/03/2024;CLI0131;S10;126,25;8,82;5;1057,85;EUR;C05-Rocío
F2024-001255;2;12/03/2024;CLI0131;S10;44,32;8,16;0;361,65;EUR;C05-Rocío
F2024-001255;3;12/03/2024;CLI0131;S10;463,76;8,51;5;3749,27;EUR;C04-Andrés
F2024-001255;4;12/03/2024;CLI0131;S15;2,00;82,39;0;164,78;EUR;C01-Marta
F2024-001256;1;20/12/2024;CLI0101;S10;430,38;8,81;0;3791,65;EUR;C02-Javier
F2024-001256;2;20/12/2024;CLI0101;S13;1,00;672,02;0;672,02;EUR;C04-Andrés
F2024-001257;1;14/02/2024;CLI0359;S05;411,46;3,21;0;1320,79;EUR;C02-Javier
F2024-001257;2;14/02/2024;CLI0359;S05;480,92;3,19;0;1534,13;EUR;C05-Rocío
F2024-001258;1;01/05/2024;CLI0016;S02;2509,22;6,42;0;16109,19;EUR;C01-Marta
F2024-001258;2;01/05/2024;CLI0016;S11;5,92;25,64;5;144,20;EUR;C04-Andrés
F2024-001258;3;01/05/2024;CLI0016;S01;30,14;95,01;0;2863,60;EUR;C01-Marta
F2024-001258;4;01/05/2024;CLI0016;S11;13,91;24,26;10;303,71;EUR;C01-Marta
F2024-001259;1;12/04/2024;CLI0221;S10;350,71;8,69;5;2895,29;EUR;C04-Andrés
F2024-001259;2;12/04/2024;CLI0221;S10;235,51;8,60;0;2025,39;EUR;C05-Rocío
F2024-001260;1;19/07/2024;CLI0024;S05;611,41;3,25;0;1987,08;EUR;C03-Lucía
F2024-001261;1;28/02/2024;CLI0051;S05;969,36;3,33;0;3227,97;EUR;C05-Rocío
F2024-001261;2;28/02/2024;CLI0051;S06;2815,02;1,05;10;2660,19;EUR;C01-Marta
F2024-001262;1;21/06/2024;CLI0336;S14;11,00;214,73;0;2362,03;EUR;C03-Lucía
F2024-001262;2;21/06/2024;CLI0336;S14;16,00;212,74;0;3403,84;EUR;C03-Lucía
F2024-001263;1;06/11/2024;CLI0106;S09;38,82;41,98;5;1548,18;EUR;C03-Lucía
F2024-001263;2;06/11/2024;CLI0106;S09;142,53;43,43;0;6190,08;EUR;C05-Rocío
F2024-001264;1;10/12/2024;CLI0101;S14;3,00;229,44;15;585,08;USD;C01-Marta
F2024-001265;1;07/02/2024;CLI0113;S13;1,00;652,44;0;652,44;EUR;C05-Rocío
F2024-001266;1;16/05/2024;CLI0215;S13;1,00;641,01;0;641,01;EUR;C01-Marta
F2024-001267;1;15/07/2024;CLI0119;S09;127,66;44,02;0;5619,59;EUR;C03-Lucía
F2024-001267;2;15/07/2024;CLI0119;S09;182,99;43,81;0;8016,79;EUR;C03-Lucía
F2024-001267;3;15/07/2024;CLI0119;S09;108,44;42,11;5;4338,09;EUR;C03-Lucía
F2024-001267;4;15/07/2024;CLI0119;S09;90,65;43,00;0;3897,95;EUR;C02-Javier
F2024-001268;1;04/02/2024;CLI0247;S10;548,54;8,31;0;4558,37;EUR;C03-Lucía
F2024-001269;1;18/09/2024;CLI0149;S14;3,00;215,93;0;647,79;EUR;C02-Javier
F2024-001270;1;19/07/2024;CLI0207;S10;140,59;8,72;5;1164,65;EUR;C03-Lucía
F2024-001270;2;19/07/2024;CLI0207;S13;1,00;658,63;0;658,63;EUR;C04-Andrés
F2024-001270;3;19/07/2024;CLI0207;S13;1,00;624,03;0;624,03;EUR;C04-Andrés
F2024-001271;1;03/02/2024;CLI0212;S13;1,00;674,63;5;640,90;EUR;C02-Javier
F2024-001271;2;03/02/2024;CLI0212;S13;1,00;661,78;0;661,78;EUR;C05-Rocío
F2024-001272;1;09/10/2024;CLI0008;S02;837,62;6,61;5;5259,83;EUR;C01-Marta
F2024-001273;1;28/02/2024;CLI0153;S04;3194,17;14,43;0;46091,87;EUR;C04-Andrés
F2024-001273;2;28/02/2024;CLI0153;S12;1,00;118,13;0;118,13;EUR;C02-Javier
F2024-001273;3;28/02/2024;CLI0153;S03;50,48;39,56;0;1996,99;EUR;C01-Marta
F2024-001273;4;28/02/2024;CLI0153;S03;59,35;38,85;0;2305,75;EUR;C05-Rocío
F2024-001274;1;02/12/2024;CLI0051;S05;390,71;3,35;15;1112,55;EUR;C01-Marta
F2024-001275;1;16/02/2024;CLI0225;S05;617,24;3,10;10;1722,10;EUR;C02-Javier
F2024-001275;2;16/02/2024;CLI0225;S05;239,82;3,36;10;725,22;EUR;C04-Andrés
F2024-001276;1;27/10/2024;CLI0114;S09;184,02;41,41;0;7620,27;EUR;C05-Rocío
F2024-001276;2;2024-10-27;CLI0114;S09;232,47;42,49;0;9877,65;EUR;C01-Marta
F2024-001276;3;27/10/2024;CLI0114;S09;131,12;41,63;5;5185,60;EUR;C02-Javier
F2024-001277;1;23/05/2024;CLI0112;S01;62,16;98,03;5;5788,87;EUR;C04-Andrés
F2024-001278;1;06/03/2024;CLI0207;S10;308,23;8,79;0;2709,34;EUR;C01-Marta
F2024-001279;1;11/02/2024;CLI0103;S08;2247,10;2,43;5;5187,43;EUR;C02-Javier
F2024-001279;2;11/02/2024;CLI0103;S15;1,00;86,94;0;86,94;EUR;C05-Rocío
F2024-001279;3;11/02/2024;CLI0103;S15;3,00;88,09;0;264,27;EUR;C01-Marta
F2024-001280;1;27/05/2024;CLI0299;S07;657,05;1,63;0;1070,99;EUR;C04-Andrés
F2024-001280;2;27/05/2024;CLI0299;S15;3,00;81,83;0;245,49;EUR;C01-Marta
F2024-001280;3;27/05/2024;CLI0299;S07;301,32;1,61;0;485,13;EUR;C02-Javier
F2024-001280;3;27/05/2024;CLI0299;S07;301,32;1,61;0;485,13;EUR;C02-Javier
F2024-001280;4;27/05/2024;CLI0299;S07;323,91;1,58;0;511,78;EUR;C05-Rocío
F2024-001281;1;09/02/2024;CLI0212;S04;127,76;13,58;5;1648,23;EUR;C02-Javier
F2024-001281;2;09/02/2024;CLI0212;S03;20,74;36,88;0;764,89;EUR;C03-Lucía
F2024-001282;1;26/09/2024;CLI0356;S15;4,00;88,57;5;336,57;EUR;C02-Javier
F2024-001283;1;15/02/2024;CLI0353;S13;1,00;658,87;0;658,87;EUR;C04-Andrés
F2024-001284;1;07/01/2024;CLI0384;S10;83,08;8,83;0;733,60;EUR;C01-Marta
F2024-001284;2;07/01/2024;CLI0384;S10;149,75;8,20;0;1227,95;EUR;C01-Marta
F2024-001284;3;07/01/2024;CLI0384;S10;310,25;8,88;5;2617,27;EUR;C01-Marta
F2024-001284;4;07/01/2024;CLI0384;S10;468,69;8,41;0;3941,68;EUR;C03-Lucía
F2024-001285;1;09/03/2024;CLI0371;S10;385,99;8,48;0;3273,20;EUR;C01-Marta
F2024-001285;2;09/03/2024;CLI0371;S15;1,00;81,58;5;77,50;EUR;C03-Lucía
F2024-001286;1;23/03/2024;CLI0255;S05;148,16;3,25;0;481,52;EUR;C01-Marta
F2024-001286;2;23/03/2024;CLI0255;S06;380,53;1,14;0;433,80;EUR;C02-Javier
F2024-001286;3;23/03/2024;CLI0255;S06;1434,95;1,17;0;1673,37;USD;C02-Javier
F2024-001287;1;07/02/2024;CLI0304;S15;2,00;81,38;0;162,76;EUR;C04-Andrés
F2024-001287;2;07/02/2024;CLI0304;S14;10,00;211,39;5;2008,20;EUR;C04-Andrés
F2024-001287;3;07/02/2024;CLI0304;S05;456,91;3,05;5;1323,90;EUR;C03-Lucía
F2024-001287;4;07/02/2024;CLI0304;S14;16,00;206,96;5;3145,79;EUR;C05-Rocío
F2024-001288;1;27/09/2024;CLI0213;S10;665,40;8,21;0;5462,93;EUR;C02-Javier
F2024-001288;2;27/09/2024;CLI0213;S15;4,00;87,69;0;350,76;EUR;C05-Rocío
F2024-001288;3;27/09/2024;CLI0213;S10;431,06;8,18;0;3526,07;EUR;C03-Lucía
F2024-001288;4;27/09/2024;CLI0213;S10;783,42;8,81;0;6901,93;EUR;C03-Lucía
F2024-001289;1;18/11/2024;CLI0017;S05;257,95;3,32;15;727,93;EUR;C04-Andrés
F2024-001289;2;18/11/2024;CLI0017;S05;462,29;3,25;10;1352,20;EUR;C05-Rocío
F2024-001289;3;18/11/2024;CLI0017;S06;3278,05;1,08;0;3540,29;EUR;C02-Javier
F2024-001289;4;18/11/2024;CLI0017;S13;1,00;627,14;0;627,14;EUR;C01-Marta
F2024-001290;1;13/02/2024;CLI0222;S01;55,66;90,33;0;5027,77;EUR;C01-Marta
F2024-001290;2;13/02/2024;CLI0222;S02;176,83;6,61;0;1168,85;EUR;C02-Javier
F2024-001290;3;13/02/2024;CLI0222;S11;49,49;24,59;0;1216,96;EUR;C02-Javier
F2024-001290;4;13/02/2024;CLI0222;S15;4,00;81,14;0;324,56;EUR;C03-Lucía
F2024-001291;1;10/11/2024;CLI0264;S08;558,26;2,30;5;1219,80;EUR;C04-Andrés
F2024-001292;1;28/02/2024;CLI0025;S13;1,00;624,36;5;593,14;EUR;C04-Andrés
F2024-001293;1;21/05/2024;CLI0070;S14;7,00;203,63;5;1354,14;EUR;C03-Lucía
F2024-001293;2;21/05/2024;CLI0070;S09;280,87;41,99;0;11793,73;EUR;C04-Andrés
F2024-001294;1;02/04/2024;CLI0378;S03;69,56;39,42;5;2604,95;EUR;C04-Andrés
F2024-001294;2;02/04/2024;CLI0378;S14;14,00;209,99;0;2939,86;EUR;C05-Rocío
F2024-001294;3;02/04/2024;CLI0378;S12;1,00;124,60;0;124,60;EUR;C02-Javier
F2024-001295;1;02/07/2024;CLI0207;S15;4,00;85,22;0;340,88;EUR;C03-Lucía
F2024-001296;1;18/09/2024;CLI0386;S01;100,80;94,98;0;9573,98;EUR;C05-Rocío
F2024-001296;2;18/09/2024;CLI0386;S11;18,11;25,18;0;456,01;EUR;C03-Lucía
F2024-001297;1;10/01/2024;CLI0329;S11;15,52;24,50;5;361,23;EUR;C01-Marta
F2024-001297;2;10/01/2024;CLI0329;S11;44,88;24,53;0;1100,91;EUR;C03-Lucía
F2024-001297;3;10/01/2024;CLI0329;S13;1,00;662,96;15;563,52;EUR;C02-Javier
F2024-001297;4;10/01/2024;CLI0329;S01;133,52;90,69;10;10898,04;EUR;C02-Javier
F2024-001298;1;01/09/2024;CLI0383;S09;210,50;40,36;0;8495,78;EUR;C05-Rocío
F2024-001298;2;01/09/2024;CLI0383;S09;110,57;43,34;0;4792,10;EUR;C03-Lucía
F2024-001298;3;01/09/2024;CLI0383;S09;74,97;43,75;5;3115,94;EUR;C01-Marta
F2024-001299;1;12/11/2024;CLI0228;S05;564,92;3,25;0;1835,99;EUR;C02-Javier
F2024-001299;2;12/11/2024;CLI0228;S05;304,81;3,31;15;857,58;EUR;C01-Marta
F2024-001300;1;2024-01-25;CLI0078;S10;412,54;8,89;0;3667,48;EUR;C04-Andrés
F2024-001300;2;25/01/2024;CLI0078;S14;9,00;209,55;5;1791,65;EUR;C02-Javier
F2024-001300;3;25/01/2024;cli0078;S10;196,94;8,73;0;1719,29;EUR;C02-Javier
F2024-001300;4;25/01/2024;CLI0078;S10;769,51;8,31;5;6074,90;EUR;C03-Lucía
F2024-001301;1;03/01/2024;CLI0291;S10;216,89;8,66;5;1784,35;EUR;C05-Rocío
F2024-001301;2;03/01/2024;CLI0291;S13;1,00;631,48;15;536,76;EUR;C01-Marta
F2024-001301;3;03/01/2024;CLI0291;S13;1,00;632,66;5;601,03;EUR;C03-Lucía
F2024-001302;1;12/06/2024;CLI0084;S13;1,00;623,93;0;623,93;EUR;C02-Javier
F2024-001302;2;12/06/2024;CLI0084;S01;74,61;92,10;5;6528,00;EUR;C03-Lucía
F2024-001302;3;12/06/2024;CLI0084;S01;34,88;97,30;0;3393,82;EUR;C02-Javier
F2024-001302;4;12/06/2024;CLI0084;S15;4,00;85,54;0;342,16;EUR;C03-Lucía
F2024-001303;1;15/07/2024;CLI0095;S09;155,97;41,98;0;6547,62;EUR;C01-Marta
F2024-001303;2;15/07/2024;CLI0095;S09;125,62;43,41;0;5453,16;EUR;C04-Andrés
F2024-001304;1;19/08/2024;CLI0123;S09;264,07;41,94;0;11075,10;EUR;C01-Marta
F2024-001304;2;19/08/2024;CLI0123;S09;135,05;43,89;5;5630,98;EUR;C03-Lucía
F2024-001304;3;19/08/2024;CLI0123;S09;104,44;43,71;0;4565,07;EUR;C05-Rocío
F2024-001305;1;20/01/2024;CLI0228;S05;678,66;3,09;0;2097,06;EUR;C04-Andrés
F2024-001306;1;11/01/2024;CLI0101;S10;287,00;8,56;0;2456,72;EUR;C03-Lucía
F2024-001306;2;11/01/2024;CLI0101;S10;192,39;9,43;15;1542,31;USD;C04-Andrés
F2024-001307;1;20/04/2024;CLI0355;S15;3,00;99,32;0;297,95;USD;C04-Andrés
F2024-001307;2;20/04/2024;CLI0355;S15;3,00;88,12;0;264,36;EUR;C03-Lucía
F2024-001307;3;20/04/2024;CLI0355;S02;227,94;7,46;5;1616,00;USD;C03-Lucía
F2024-001307;4;20/04/2024;CLI0355;S13;1,00;625,01;0;625,01;EUR;C01-Marta
F2024-001308;1;10/10/2024;CLI0045;S14;4,00;213,98;5;813,12;EUR;C04-Andrés
F2024-001309;1;15/10/2024;CLI0370;S13;1,00;632,81;10;569,53;EUR;C05-Rocío
F2024-001309;2;15/10/2024;CLI0370;S06;468,79;1,10;0;515,67;EUR;C04-Andrés
F2024-001309;3;15/10/2024;CLI0370;S06;1652,12;1,08;15;1516,65;EUR;C01-Marta
F2024-001309;4;15/10/2024;CLI0370;S13;1,00;629,98;0;629,98;EUR;C01-Marta
F2024-001310;1;28/10/2024;CLI0370;S06;465,92;1,08;0;503,19;EUR;C04-Andrés
F2024-001310;2;28/10/2024;CLI0370;S14;14,00;216,34;0;3028,76;EUR;C05-Rocío
F2024-001310;3;28/10/2024;CLI0370;S05;623,23;3,31;15;1753,46;EUR;C01-Marta
F2024-001310;4;28/10/2024;CLI0370;S05;360,05;3,29;0;1184,56;EUR;C04-Andrés
F2024-001311;1;23/06/2024;CLI0309;S15;1,00;81,04;0;81,04;EUR;C01-Marta
F2024-001311;2;23/06/2024;CLI0309;S14;16,00;241,41;5;3669,43;USD;C02-Javier
F2024-001311;3;23/06/2024;CLI0309;S03;32,49;42,51;0;1381,28;USD;C02-Javier
F2024-001311;4;23/06/2024;CLI0309;S04;947,40;15,60;0;14777,84;USD;C05-Rocío
F2024-001312;1;11/01/2024;CLI0246;S05;627,53;3,16;0;1982,99;EUR;C05-Rocío
F2024-001312;2;11/01/2024;CLI0246;S06;2954,63;1,14;0;3368,28;EUR;C04-Andrés
F2024-001312;3;11/01/2024;CLI0246;S14;2,00;201,53;0;403,06;EUR;C03-Lucía
F2024-001313;1;11/10/2024;CLI0093;S10;48,58;8,63;0;419,25;EUR;C04-Andrés
F2024-001313;2;11/10/2024;CLI0093;S15;4,00;83,77;0;335,08;EUR;C02-Javier
F2024-001313;3;11/10/2024;CLI0093;S10;188,76;8,82;0;1664,86;EUR;C01-Marta
F2024-001313;4;11/10/2024;CLI0093;S10;344,90;8,42;0;2904,06;EUR;C01-Marta
F2024-001314;1;24/06/2024;CLI0291;S10;174,83;8,14;15;1209,65;EUR;C04-Andrés
F2024-001314;2;24/06/2024;CLI0291;S10;351,92;8,76;10;2774,54;EUR;C02-Javier
F2024-001315;1;18/02/2024;CLI0213;S10;225,00;8,86;5;1893,82;EUR;C03-Lucía
F2024-001316;1;07/11/2024;CLI0024;S06;1039,84;1,12;5;1106,39;EUR;C04-Andrés
F2024-001316;2;07/11/2024;CLI0024;S06;1271,76;1,11;0;1411,65;EUR;C01-Marta
F2024-001317;1;26/11/2024;CLI0305;S09;45,07;40,17;5;1719,94;EUR;C05-Rocío
F2024-001317;2;26/11/2024;CLI0305;S09;119,07;40,37;0;4806,86;EUR;C03-Lucía
F2024-001318;1;12/01/2024;CLI0088;S10;213,97;8,28;5;1683,09;EUR;C05-Rocío
F2024-001318;2;12/01/2024;CLI0088;S10;412,08;8,58;5;3358,86;EUR;C02-Javier
F2024-001318;3;12/01/2024;CLI0088;S10;301,83;8,61;0;2598,76;EUR;C01-Marta
F2024-001318;4;12/01/2024;CLI0088;S13;1,00;621,55;0;621,55;EUR;C01-Marta
F2024-001319;1;16/03/2024;CLI0095;S09;244,34;43,79;0;10699,65;EUR;C02-Javier
F2024-001320;1;17/02/2024;CLI0350;S06;1813,58;1,12;0;2031,21;EUR;C01-Marta
F2024-001320;2;17/02/2024;CLI0350;S06;1809,66;1,11;15;1707,41;EUR;C01-Marta
F2024-001321;1;04/01/2024;CLI0050;S13;1,00;681,13;5;647,07;EUR;C04-Andrés
F2024-001321;2;04/01/2024;CLI0050;S08;3113,70;2,47;0;7690,84;EUR;C03-Lucía
F2024-001321;3;04/01/2024;CLI0050;S14;16,00;208,83;5;3174,22;EUR;C01-Marta
F2024-001321;4;04/01/2024;CLI0050;S08;483,57;2,34;5;1074,98;EUR;C04-Andrés
F2024-001322;1;16/05/2024;CLI0146;S09;171,74;41,19;0;7073,97;EUR;C02-Javier
F2024-001322;2;16/05/2024;CLI0146;S09;87,39;41,12;0;3593,48;EUR;C01-Marta
F2024-001322;3;16/05/2024;CLI0146;S09;169,91;43,89;0;7457,35;EUR;C01-Marta
F2024-001323;1;04/08/2024;CLI0325;S02;252,56;6,60;5;1583,55;EUR;C02-Javier
F2024-001323;2;04/08/2024;CLI0325;S11;20,44;25,12;0;513,45;EUR;C03-Lucía
F2024-001324;1;23/07/2024;CLI0051;S06;1302,56;1,05;5;1299,30;EUR;C02-Javier
F2024-001324;2;23/07/2024;CLI0051;S05;27,22;3,18;10;77,90;EUR;C03-Lucía
F2024-001324;3;23/07/2024;CLI0051;S06;1548,86;1,08;0;1672,77;EUR;C04-Andrés
F2024-001325;1;13/04/2024;CLI0277;S14;15,00;208,10;0;3121,50;EUR;C01-Marta
F2024-001326;1;01/01/2024;CLI0390;S09;85,77;41,96;0;3598,91;EUR;C01-Marta
F2024-001326;2;01/01/2024;CLI0390;S09;36,61;40,81;5;1419,35;EUR;C01-Marta
F2024-001326;3;01/01/2024;CLI0390;S09;89,21;40,84;0;3643,34;EUR;C03-Lucía
F2024-001327;1;19/05/2024;CLI0341;S05;1007,91;3,22;0;3245,47;EUR;C03-Lucía
F2024-001327;2;19/05/2024;CLI0341;S06;1155,87;1,14;0;1317,69;EUR;C02-Javier
F2024-001327;3;19/05/2024;CLI0341;S05;104,46;3,26;5;323,51;EUR;C01-Marta
F2024-001327;4;19/05/2024;CLI0341;S05;45,15;3,26;0;147,19;EUR;C02-Javier
F2024-001328;1;13/10/2024;CLI0144;S01;95,12;97,06;0;9232,35;EUR;C02-Javier
F2024-001328;2;13/10/2024;CLI0144;S02;101,36;6,68;0;677,08;EUR;C05-Rocío
F2024-001328;3;13/10/2024;CLI0144;S11;18,66;25,50;0;475,83;EUR;C04-Andrés
F2024-001329;1;06/07/2024;CLI0087;S10;329,50;8,62;0;2840,29;EUR;C05-Rocío
F2024-001329;2;06/07/2024;CLI0087;S10;70,92;9,67;0;685,52;USD;C03-Lucía
F2024-001329;3;06/07/2024;CLI0087;S15;3,00;86,27;5;245,87;EUR;C01-Marta
F2024-001330;1;09/04/2024;CLI0368;S14;12,00;201,32;0;2415,84;EUR;C01-Marta
F2024-001331;1;21/09/2024;CLI0258;S14;8,00;214,88;0;1719,04;EUR;C02-Javier
F2024-001331;2;21/09/2024;CLI0258;S05;141,18;3,19;0;450,36;EUR;C03-Lucía
F2024-001331;3;21/09/2024;CLI0258;S06;3052,95;1,13;0;3449,83;EUR;C02-Javier
F2024-001331;4;21/09/2024;CLI0258;S05;143,93;3,12;0;449,06;EUR;C02-Javier
F2024-001332;1;20/02/2024;CLI0052;S07;105,42;1,53;0;161,29;EUR;C02-Javier
F2024-001333;1;11/03/2024;CLI0382;S10;121,88;8,84;0;1077,42;EUR;C03-Lucía
F2024-001333;2;11/03/2024;CLI0382;S13;1,00;636,72;0;636,72;EUR;C01-Marta
F2024-001334;1;22/09/2024;CLI0010;S02;514,75;6,57;0;3381,91;EUR;C01-Marta
F2024-001334;2;22/09/2024;CLI0010;S01;62,95;90,87;0;5720,27;EUR;C03-Lucía
F2024-001334;3;22/09/2024;CLI0010;S11;27,85;25,54;0;711,29;EUR;C02-Javier
F2024-001335;1;02/07/2024;CLI0356;S10;141,28;8,63;0;1219,25;EUR;C05-Rocío
F2024-001335;2;02/07/2024;CLI0356;S10;187,52;8,24;0;1545,16;EUR;C05-Rocío
F2024-001335;3;02/07/2024;CLI0356;S10;2643,56;8,11;0;21439,27;EUR;C03-Lucía
F2024-001335;4;02/07/2024;CLI0356;S10;577,28;8,39;0;4843,38;EUR;C03-Lucía
F2024-001336;1;27/07/2024;CLI0227;S15;2,00;82,43;5;156,62;EUR;C05-Rocío
F2024-001336;2;27/07/2024;CLI0227;S14;3,00;201,18;0;603,54;EUR;C01-Marta
F2024-001336;3;27/07/2024;CLI0227;S07;3000,90;1,53;0;4591,38;EUR;C02-Javier
F2024-001337;1;04/10/2024;CLI0302;S10;419,82;8,20;5;3270,40;EUR;C04-Andrés
F2024-001337;2;04/10/2024;CLI0302;S10;1503,72;8,78;0;13202,66;EUR;C03-Lucía
F2024-001337;3;04/10/2024;CLI0302;S10;181,53;8,51;0;1544,82;EUR;C01-Marta
F2024-001338;1;01/10/2024;CLI0158;S09;278,92;42,44;0;11837,36;EUR;C04-Andrés
F2024-001338;2;01/10/2024;CLI0158;S09;138,69;43,69;15;5150,46;EUR;C05-Rocío
F2024-001338;3;01/10/2024;CLI0158;S09;102,15;40,44;5;3924,40;EUR;C04-Andrés
F2024-001338;4;01/10/2024;CLI0158;S09;336,95;41,37;0;13939,62;EUR;C03-Lucía
F2024-001339;1;20/01/2024;CLI0207;S10;398,21;8,25;0;3285,23;EUR;C03-Lucía
F2024-001339;2;20/01/2024;CLI0207;S10;1007,24;8,17;0;8229,15;EUR;C03-Lucía
F2024-001339;3;20/01/2024;CLI0207;S10;491,15;8,72;0;4282,83;EUR;C02-Javier
F2024-001340;1;26/11/2024;CLI0311;S08;2823,13;2,37;0;6690,82;EUR;C05-Rocío
F2024-001341;1;09/02/2024;CLI0157;S12;2,00;131,41;0;262,82;USD;C04-Andrés
F2024-001341;2;09/02/2024;CLI0157;S03;63,29;39,54;0;2502,49;EUR;C05-Rocío
F2024-001341;3;09/02/2024;CLI0157;S12;4,00;129,93;5;493,72;USD;C01-Marta
F2024-001341;4;09/02/2024;CLI0157;S04;29,59;13,95;5;392,14;EUR;C03-Lucía
F2024-001342;1;26/02/2024;CLI0391;S03;12,81;38,97;0;499,21;EUR;C05-Rocío
F2024-001342;2;26/02/2024;CLI0391;S03;21,57;36,53;0;787,95;EUR;C05-Rocío
F2024-001343;1;16/05/2024;CLI0054;S07;722,84;1,61;0;1163,77;EUR;C01-Marta
F2024-001343;2;16/05/2024;CLI0054;S08;1642,12;2,38;5;3712,83;EUR;C05-Rocío
F2024-001343;3;16/05/2024;CLI0054;S14;15,00;214,09;0;3211,35;EUR;C04-Andrés
F2024-001343;4;16/05/2024;CLI0054;S07;817,16;1,58;0;1291,11;EUR;C01-Marta
F2024-001344;1;21/08/2024;CLI0202;S15;4,00;81,90;5;311,22;EUR;C01-Marta
F2024-001345;1;17/05/2024;CLI0272;S09;197,24;40,60;0;8007,94;EUR;C05-Rocío
F2024-001345;2;17/05/2024;CLI0272;S14;5,00;200,58;0;1002,90;EUR;C04-Andrés
F2024-001346;1;21/09/2024;CLI0158;S09;110,89;43,45;10;4336,35;EUR;C04-Andrés
F2024-001346;2;21/09/2024;CLI0158;S09;84,40;42,90;0;3620,76;EUR;C01-Marta
F2024-001346;3;21/09/2024;CLI0158;S09;93,68;41,58;15;3310,93;EUR;C03-Lucía
F2024-001346;4;21/09/2024;CLI0158;S09;112,82;41,43;5;4440,43;EUR;C03-Lucía
F2024-001347;1;01/07/2024;CLI0329;S02;373,58;6,69;0;2499,25;EUR;C02-Javier
F2024-001347;2;01/07/2024;CLI0329;S02;517,46;6,48;15;2850,17;EUR;C05-Rocío
F2024-001347;3;01/07/2024;CLI0329;S01;166,25;97,88;15;13831,67;EUR;C02-Javier
F2024-001348;1;03/04/2024;CLI0089;S13;1,00;638,72;0;638,72;EUR;C04-Andrés
F2024-001348;2;03/04/2024;CLI0089;S14;2,00;213,26;15;362,54;EUR;C01-Marta
F2024-001348;3;03/04/2024;CLI0089;S06;3294,10;1,13;10;3350,10;EUR;C04-Andrés
F2024-001348;4;03/04/2024;CLI0089;S06;2258,65;1,07;0;2416,76;EUR;C02-Javier
F2024-001349;1;28/05/2024;CLI0095;S15;1,00;87,08;15;74,02;EUR;C02-Javier
F2024-001349;2;28/05/2024;CLI0095;S09;230,99;39,93;10;8301,09;EUR;C02-Javier
F2024-001350;1;11/06/2024;CLI0105;S10;58,43;9,23;0;539,53;USD;C05-Rocío
F2024-001350;2;11/06/2024;CLI0105;S10;725,62;9,68;0;7022,40;USD;C04-Andrés
F2024-001351;1;03/09/2024;CLI0115;S02;189,10;6,57;5;1180,27;EUR;C05-Rocío
F2024-001351;2;03/09/2024;CLI0115;S14;10,00;202,23;5;1921,18;EUR;C03-Lucía
F2024-001351;3;03/09/2024;CLI0115;S13;1,00;618,63;15;525,84;EUR;C05-Rocío
F2024-001351;4;03/09/2024;CLI0115;S02;392,21;6,77;0;2655,26;EUR;C02-Javier
F2024-001352;1;22/02/2024;CLI0282;S15;3,00;95,91;0;287,74;USD;C01-Marta
F2024-001353;1;27/01/2024;CLI0008;S11;25,70;24,15;10;558,59;EUR;C04-Andrés
F2024-001353;2;27/01/2024;CLI0008;S02;214,11;6,52;15;1186,60;EUR;C02-Javier
F2024-001353;3;27/01/2024;CLI0008;S11;194,63;24,81;0;4828,77;EUR;C02-Javier
F2024-001354;1;17/07/2024;CLI0051;S06;819,52;1,09;0;893,28;EUR;C01-Marta
F2024-001354;2;17/07/2024;CLI0051;S06;4411,52;1,13;5;4735,77;EUR;C02-Javier
F2024-001354;3;17/07/2024;CLI0051;S06;1442,76;1,12;0;1615,89;EUR;C05-Rocío
F2024-001355;1;03/09/2024;CLI0312;S08;699,35;2,41;15;1432,62;EUR;C02-Javier
F2024-001355;2;03/09/2024;CLI0312;S07;159,09;1,54;10;220,50;EUR;C01-Marta
F2024-001355;3;03/09/2024;CLI0312;S08;2562,30;2,45;0;6277,64;EUR;C05-Rocío
F2024-001356;1;17/07/2024;CLI0084;S01;71,53;90,72;0;6489,20;EUR;C02-Javier
F2024-001356;2;17/07/2024;CLI0084;S15;3,00;82,11;0;246,33;EUR;C02-Javier
F2024-001356;3;17/07/2024;CLI0084;S15;1,00;85,69;5;81,41;EUR;C02-Javier
F2024-001357;1;23/03/2024;CLI0212;S13;1,00;653,94;0;653,94;EUR;C01-Marta
F2024-001358;1;27/02/2024;CLI0306;S01;134,09;96,07;0;12882,03;EUR;C01-Marta
F2024-001358;2;27/02/2024;CLI0306;S01;41,78;92,64;0;3870,50;EUR;C04-Andrés
F2024-001358;3;27/02/2024;CLI0306;S01;78,34;98,29;0;7700,04;EUR;C05-Rocío
F2024-001358;4;27/02/2024;CLI0306;S02;766,84;6,27;0;4808,09;EUR;C03-Lucía
F2024-001359;1;28/02/2024;CLI0207;S15;1,00;85,27;0;85,27;EUR;C05-Rocío
F2024-001359;2;28/02/2024;CLI0207;S10;435,59;8,82;0;3841,90;EUR;C05-Rocío
F2024-001360;1;05/04/2024;CLI0051;S13;1,00;670,80;0;670,80;EUR;C04-Andrés
F2024-001360;2;05/04/2024;CLI0051;S06;1789,72;1,15;0;2058,18;EUR;C01-Marta
F2024-001361;1;07/03/2024;CLI0370;S06;2349,35;1,09;15;2176,67;EUR;C01-Marta
F2024-001361;2;07/03/2024;CLI0370;S05;512,11;3,13;0;1602,90;EUR;C01-Marta
F2024-001362;1;12/01/2024;CLI0072;S06;1015,99;1,15;0;1168,39;EUR;C01-Marta
F2024-001362;2;12/01/2024;CLI0072;S06;1375,72;1,10;5;1437,63;EUR;C02-Javier
F2024-001362;3;12/01/2024;CLI0072;S14;9,00;202,92;0;1826,28;EUR;C05-Rocío
F2024-001362;4;12/01/2024;CLI0072;S15;1,00;81,38;5;77,31;EUR;C01-Marta
F2024-001363;1;17/03/2024;CLI0008;S13;1,00;635,98;0;635,98;EUR;C03-Lucía
F2024-001363;2;17/03/2024;CLI0008;S14;4,00;214,75;0;859,00;EUR;C03-Lucía
F2024-001364;1;23/06/2024;CLI0351;S05;65,57;3,16;5;196,84;EUR;C02-Javier
F2024-001364;2;23/06/2024;CLI0351;S06;595,59;1,08;0;643,24;EUR;C02-Javier
F2024-001365;1;25/10/2024;CLI0094;S08;312,39;2,47;5;733,02;EUR;C04-Andrés
F2024-001365;2;25/10/2024;CLI0094;S07;3816,16;1,53;0;5838,72;EUR;C04-Andrés
F2024-001365;3;25/10/2024;CLI0094;S15;1,00;88,40;0;88,40;EUR;C04-Andrés
F2024-001366;1;18/08/2024;CLI0175;S10;788,28;8,14;0;6416,60;EUR;C03-Lucía
F2024-001366;2;18/08/2024;CLI0175;S13;1,00;637,56;0;637,56;EUR;C03-Lucía
F2024-001366;3;18/08/2024;CLI0175;S10;688,12;8,45;0;5814,61;EUR;C03-Lucía
F2024-001366;4;18/08/2024;CLI0175;S10;156,44;8,66;0;1354,77;EUR;C04-Andrés
F2024-001367;1;02/04/2024;CLI0255;S05;728,62;3,76;0;2739,49;USD;C03-Lucía
F2024-001368;1;27/10/2024;CLI0024;S06;2170,95;1,08;0;2344,63;EUR;C05-Rocío
F2024-001368;2;27/10/2024;CLI0024;S05;2298,44;3,30;0;7584,85;EUR;C05-Rocío
F2024-001369;1;28/04/2024;CLI0238;S12;4,00;116,14;10;418,10;EUR;C02-Javier
F2024-001369;2;28/04/2024;CLI0238;S03;18,39;36,99;0;680,25;EUR;C01-Marta
F2024-001370;1;19/01/2024;CLI0092;S06;1775,99;1,05;0;1864,79;EUR;C03-Lucía
F2024-001371;1;12/12/2024;CLI0089;S06;2357,39;1,09;15;2184,12;EUR;C03-Lucía
F2024-001371;2;12/12/2024;CLI0089;S06;1243,48;1,09;0;1355,39;EUR;C04-Andrés
F2024-001371;3;12/12/2024;CLI0089;S06;692,79;1,05;10;654,69;EUR;C02-Javier
F2024-001372;1;12/04/2024;CLI0136;S13;1,00;654,82;0;654,82;EUR;C02-Javier
F2024-001372;2;12/04/2024;CLI0136;S11;7,38;23,83;0;175,87;EUR;C03-Lucía
F2024-001372;3;12/04/2024;CLI0136;S11;14,01;25,05;0;350,95;EUR;C04-Andrés
F2024-001372;4;12/04/2024;CLI0136;S11;9,09;25,34;0;230,34;EUR;C01-Marta
F2024-001373;1;19/05/2024;CLI0386;S02;512,46;6,55;0;3356,61;EUR;C01-Marta
F2024-001373;2;19/05/2024;CLI0386;S01;71,58;98,65;0;7061,37;EUR;C05-Rocío
F2024-001373;3;19/05/2024;CLI0386;S01;156,56;94,03;0;14721,34;EUR;C05-Rocío
F2024-001373;4;19/05/2024;CLI0386;S02;361,69;6,46;0;2336,52;EUR;C03-Lucía
F2024-001374;1;24/02/2024;CLI0142;S14;4,00;211,38;0;845,52;EUR;C02-Javier
F2024-001375;1;12/12/2024;CLI0237;S09;105,96;41,89;0;4438,66;EUR;C01-Marta
F2024-001376;1;18/08/2024;CLI0272;S09;44,27;41,38;0;1831,89;EUR;C04-Andrés
F2024-001376;2;18/08/2024;CLI0272;S09;414,33;42,03;0;17414,29;EUR;C01-Marta
F2024-001376;3;18/08/2024;CLI0272;S09;82,44;40,29;5;3155,43;EUR;C02-Javier
F2024-001377;1;11/07/2024;CLI0356;S10;1488,09;8,79;0;13080,31;EUR;C05-Rocío
F2024-001377;2;11/07/2024;CLI0356;S10;306,07;8,33;0;2549,56;EUR;C02-Javier
F2024-001377;3;11/07/2024;CLI0356;S10;200,00;8,56;0;1712,00;EUR;C01-Marta
F2024-001377;4;11/07/2024;CLI0356;S10;380,86;8,79;15;2845,60;EUR;C04-Andrés
F2024-001378;1;26/10/2024;CLI0136;S02;283,38;6,35;0;1799,46;EUR;C01-Marta
F2024-001378;2;26/10/2024;CLI0136;S01;53,37;91,95;5;4662,00;EUR;C01-Marta
F2024-001378;3;26/10/2024;CLI0136;S01;75,68;94,81;0;7175,22;EUR;C03-Lucía
F2024-001378;4;26/10/2024;CLI0136;S02;737,29;6,42;5;4496,73;EUR;C03-Lucía
F2024-001379;1;13/01/2024;cli0372;S09;181,43;40,51;5;6982,24;EUR;C01-Marta
F2024-001380;1;05/08/2024;CLI0031;S02;562,82;6,49;0;3652,70;EUR;C02-Javier
F2024-001380;2;05/08/2024;CLI0031;S11;8,81;24,80;0;218,49;EUR;C05-Rocío
F2024-001381;1;25/03/2024;CLI0003;S09;147,66;42,53;0;6279,98;EUR;C01-Marta
F2024-001381;2;25/03/2024;CLI0003;S09;201,72;40,63;5;7786,09;EUR;C03-Lucía
F2024-001381;3;25/03/2024;CLI0003;S09;120,87;43,78;0;5291,69;EUR;C03-Lucía
F2024-001381;3;25/03/2024;CLI0003;S09;120,87;43,78;0;5291,69;EUR;C03-Lucía
F2024-001381;4;25/03/2024;CLI0003;S09;118,05;41,98;0;4955,74;EUR;C01-Marta
F2024-001382;1;12/02/2024;CLI0154;S13;1,00;673,05;5;639,40;EUR;C04-Andrés
F2024-001382;2;12/02/2024;CLI0154;S10;151,96;8,53;5;1231,41;EUR;C02-Javier
F2024-001382;3;12/02/2024;CLI0154;S10;2975,05;8,84;0;26299,44;EUR;C05-Rocío
F2024-001383;1;24/09/2024;CLI0267;S09;93,10;42,28;0;3936,27;EUR;C04-Andrés
F2024-001383;2;24/09/2024;CLI0267;S09;88,24;40,70;0;3591,37;EUR;C04-Andrés
F2024-001384;1;16/09/2024;CLI0194;S01;89,72;107,05;0;9604,20;USD;C03-Lucía
F2024-001385;1;05/04/2024;CLI0134;S05;716,52;3,06;5;2082,92;EUR;C01-Marta
F2024-001385;2;05/04/2024;CLI0134;S05;518,57;3,29;0;1706,10;EUR;C05-Rocío
F2024-001385;3;05/04/2024;CLI0134;S06;920,98;1,05;0;967,03;EUR;C02-Javier
F2024-001385;4;05/04/2024;CLI0134;S14;6,00;215,41;0;1292,46;EUR;C02-Javier
F2024-001386;1;04/12/2024;CLI0347;S07;162,88;1,56;0;254,09;EUR;C03-Lucía
F2024-001386;2;04/12/2024;CLI0347;S07;174,83;1,59;0;277,98;EUR;C05-Rocío
F2024-001386;3;04/12/2024;CLI0347;S07;227,66;1,62;0;368,81;EUR;C02-Javier
F2024-001386;4;04/12/2024;CLI0347;S08;1029,41;2,44;0;2511,76;EUR;C03-Lucía
F2024-001387;1;21/04/2024;CLI0207;S15;3,00;84,70;0;254,10;EUR;C01-Marta
F2024-001387;2;21/04/2024;CLI0207;S10;1692,54;8,83;0;14945,13;EUR;C05-Rocío
F2024-001387;3;21/04/2024;CLI0207;S10;316,83;8,38;0;2655,04;EUR;C04-Andrés
F2024-001388;1;20/11/2024;CLI0101;S14;11,00;232,49;15;2173,80;USD;C03-Lucía
F2024-001389;1;10/08/2024;CLI0372;S09;345,71;42,97;5;14112,40;EUR;C01-Marta
F2024-001389;2;10/08/2024;CLI0372;S09;164,16;40,05;5;6245,88;EUR;C05-Rocío
F2024-001389;3;10/08/2024;CLI0372;S09;678,97;40,42;0;27443,97;EUR;C01-Marta
F2024-001390;1;26/01/2024;CLI0325;S02;263,13;6,34;5;1584,83;EUR;C03-Lucía
F2024-001390;2;26/01/2024;CLI0325;S15;4,00;85,90;0;343,60;EUR;C01-Marta
F2024-001391;1;27/11/2024;CLI0126;S13;1,00;674,94;0;674,94;EUR;C01-Marta
F2024-001391;2;27/11/2024;CLI0126;S13;1,00;631,33;0;631,33;EUR;C05-Rocío
F2024-001391;3;27/11/2024;CLI0126;S10;2081,15;8,38;0;17440,04;EUR;C05-Rocío
F2024-001391;4;27/11/2024;CLI0126;S10;471,50;8,16;0;3847,44;EUR;C04-Andrés
F2024-001392;1;22/08/2024;CLI0115;S11;55,42;24,90;5;1310,96;EUR;C03-Lucía
F2024-001392;2;22/08/2024;CLI0115;S11;26,24;24,54;0;643,93;EUR;C02-Javier
F2024-001392;3;22/08/2024;CLI0115;S13;1,00;681,23;5;647,17;EUR;C01-Marta
F2024-001393;1;15/12/2024;CLI0095;S09;38,99;43,10;0;1680,47;EUR;C05-Rocío
F2024-001393;2;15/12/2024;CLI0095;S13;1,00;623,79;0;623,79;EUR;C04-Andrés
F2024-001393;3;15/12/2024;CLI0095;S09;79,64;40,03;5;3028,59;EUR;C02-Javier
F2024-001393;4;15/12/2024;CLI0095;S09;125,40;43,68;0;5477,47;EUR;C01-Marta
F2024-001394;1;15/07/2024;CLI0104;S10;3344,26;8,58;5;27259,06;EUR;C05-Rocío
F2024-001395;1;11/02/2024;CLI0158;S15;1,00;87,64;0;87,64;EUR;C02-Javier
F2024-001395;2;11/02/2024;CLI0158;S09;76,60;41,23;5;3000,31;EUR;C04-Andrés
F2024-001395;3;11/02/2024;CLI0158;S15;4,00;84,71;0;338,84;EUR;C04-Andrés
F2024-001396;1;24/12/2024;CLI0114;S09;144,02;39,91;0;5747,84;EUR;C01-Marta
F2024-001396;2;24/12/2024;CLI0114;S09;129,08;42,87;5;5256,98;EUR;C03-Lucía
F2024-001396;3;24/12/2024;CLI0114;S13;1,00;674,42;0;674,42;EUR;C01-Marta
F2024-001396;4;24/12/2024;CLI0114;S09;115,67;42,92;0;4964,56;EUR;C05-Rocío
F2024-001397;1;10/01/2024;CLI0247;S10;677,27;8,33;0;5641,66;EUR;C05-Rocío
F2024-001398;1;21/02/2024;CLI0262;S11;29,88;25,86;5;734,06;EUR;C03-Lucía
F2024-001398;2;21/02/2024;CLI0262;S02;140,31;6,42;0;900,79;EUR;C03-Lucía
F2024-001399;1;2024-02-24;CLI0362;S11;21,49;26,16;0;562,18;EUR;C03-Lucía
F2024-001399;2;24/02/2024;CLI0362;S13;1,00;639,41;0;639,41;EUR;C01-Marta
F2024-001399;3;24/02/2024;CLI0362;S02;333,15;6,60;5;2088,85;EUR;C03-Lucía
F2024-001399;4;24/02/2024;CLI0362;S02;281,62;6,22;5;1664,09;EUR;C04-Andrés
F2024-001400;1;13/09/2024;CLI0177;S05;100,13;3,17;0;317,41;EUR;C03-Lucía
F2024-001400;2;13/09/2024;CLI0177;S06;2830,04;1,10;0;3113,04;EUR;C03-Lucía
F2024-001400;3;13/09/2024;CLI0177;S05;797,67;3,14;0;2504,68;EUR;C03-Lucía
F2024-001400;4;13/09/2024;CLI0177;S05;296,65;3,05;0;904,78;EUR;C03-Lucía
F2024-001401;1;01/07/2024;CLI0212;S03;12,55;38,10;0;478,16;EUR;C01-Marta
F2024-001401;2;01/07/2024;CLI0212;S04;180,40;13,53;0;2440,81;EUR;C02-Javier
F2024-001401;3;01/07/2024;CLI0212;S03;50,93;39,90;5;1930,50;EUR;C03-Lucía
F2024-001401;4;01/07/2024;CLI0212;S12;4,00;118,88;5;451,74;EUR;C02-Javier
F2024-001402;1;08/05/2024;CLI0159;S15;3,00;85,51;0;256,53;EUR;C05-Rocío
F2024-001403;1;09/01/2024;CLI0296;S05;136,19;3,34;0;454,87;EUR;C04-Andrés
F2024-001403;2;09/01/2024;CLI0296;S05;192,74;3,10;5;567,62;EUR;C02-Javier
F2024-001404;1;18/01/2024;CLI0366;S05;103,79;3,18;0;330,05;EUR;C02-Javier
F2024-001404;2;18/01/2024;CLI0366;S06;5825,19;1,11;10;5819,36;EUR;C05-Rocío
F2024-001404;3;18/01/2024;CLI0366;S05;336,82;3,32;10;1006,42;EUR;C03-Lucía
F2024-001404;4;18/01/2024;CLI0366;S06;580,48;1,15;0;667,55;EUR;C04-Andrés
F2024-001405;1;22/09/2024;CLI0395;S01;28,50;95,07;0;2709,49;EUR;C05-Rocío
F2024-001405;2;22/09/2024;CLI0395;S15;2,00;81,62;5;155,08;EUR;C03-Lucía
F2024-001405;3;22/09/2024;CLI0395;S01;110,54;94,60;0;10457,08;EUR;C03-Lucía
F2024-001405;4;22/09/2024;CLI0395;S15;2,00;83,45;15;141,87;EUR;C02-Javier
F2024-001406;1;16/06/2024;CLI0263;S01;121,94;94,13;10;10330,39;EUR;C04-Andrés
F2024-001406;2;16/06/2024;CLI0263;S13;1,00;648,67;0;648,67;EUR;C01-Marta
F2024-001406;3;16/06/2024;CLI0263;S15;4,00;81,23;0;324,92;EUR;C04-Andrés
F2024-001407;1;07/07/2024;CLI0051;S06;3914,86;1,13;5;4202,60;EUR;C04-Andrés
F2024-001407;2;07/07/2024;CLI0051;S13;1,00;664,60;0;664,60;EUR;C03-Lucía
F2024-001408;1;26/02/2024;CLI0056;S10;77,14;8,73;0;673,43;EUR;C04-Andrés
F2024-001408;2;26/02/2024;CLI0056;S10;409,59;8,35;5;;EUR;C03-Lucía
F2024-001408;3;26/02/2024;CLI0056;S10;1390,57;8,34;0;11597,35;EUR;C03-Lucía
F2024-001408;4;26/02/2024;CLI0056;S13;1,00;671,00;0;671,00;EUR;C02-Javier
F2024-001409;1;23/02/2024;CLI0020;S05;184,01;3,34;0;614,59;EUR;C01-Marta
F2024-001409;2;23/02/2024;CLI0020;S05;275,41;3,28;0;903,34;EUR;C04-Andrés
F2024-001409;3;23/02/2024;CLI0020;S06;1234,99;1,10;0;;EUR;C05-Rocío
F2024-001409;4;23/02/2024;CLI0020;S06;3535,18;1,06;0;3747,29;EUR;C04-Andrés
F2024-001410;1;18/11/2024;CLI0115;S14;13,00;214,47;0;2788,11;EUR;C04-Andrés
F2024-001411;1;12/09/2024;CLI0095;S14;7,00;203,32;0;1423,24;EUR;C04-Andrés
F2024-001411;2;12/09/2024;CLI0095;S09;91,20;42,65;5;3695,20;EUR;C02-Javier
F2024-001411;3;12/09/2024;CLI0095;S13;1,00;661,92;15;562,63;EUR;C01-Marta
F2024-001412;1;01/05/2024;CLI0371;S10;805,77;8,18;0;6591,20;EUR;C01-Marta
F2024-001412;2;01/05/2024;CLI0371;S14;15,00;216,77;0;3251,55;EUR;C01-Marta
F2024-001412;3;01/05/2024;CLI0371;S10;153,85;8,34;0;1283,11;EUR;C05-Rocío
F2024-001413;1;26/03/2024;CLI0242;S12;4,00;117,08;0;468,32;EUR;C03-Lucía
F2024-001413;2;26/03/2024;CLI0242;S04;444,04;14,07;0;6247,64;EUR;C02-Javier
F2024-001414;1;26/03/2024;CLI0078;S10;122,97;8,19;0;1007,12;EUR;C03-Lucía
F2024-001414;2;26/03/2024;CLI0078;S10;106,57;8,42;0;897,32;EUR;C05-Rocío
F2024-001414;3;26/03/2024;CLI0078;S10;330,63;8,31;0;2747,54;EUR;C04-Andrés
F2024-001415;1;02/01/2024;CLI0051;S06;1204,27;1,11;0;1336,74;EUR;C03-Lucía
F2024-001415;2;02/01/2024;CLI0051;S05;323,32;3,21;0;1037,86;EUR;C03-Lucía
F2024-001415;3;02/01/2024;CLI0051;S05;143,48;3,35;15;408,56;EUR;C05-Rocío
F2024-001416;1;26/02/2024;CLI0201;S11;20,92;25,14;5;499,63;EUR;C03-Lucía
F2024-001416;2;26/02/2024;CLI0201;S01;86,21;91,89;0;7921,84;EUR;C05-Rocío
F2024-001417;1;18/10/2024;CLI0165;S14;15,00;204,22;0;3063,30;EUR;C04-Andrés
F2024-001418;1;05/06/2024;CLI0176;S06;665,78;1,08;5;683,09;EUR;C01-Marta
F2024-001419;1;28/02/2024;CLI0093;S10;216,34;8,73;5;1794,22;EUR;C03-Lucía
F2024-001419;2;28/02/2024;CLI0093;S10;3665,84;8,76;0;32112,76;EUR;C02-Javier
F2024-001419;3;28/02/2024;CLI0093;S10;480,94;8,15;0;3919,66;EUR;C03-Lucía
F2024-001420;1;18/10/2024;CLI0207;S10;600,29;8,82;0;5294,56;EUR;C04-Andrés
F2024-001420;2;18/10/2024;CLI0207;S10;14,25;8,71;0;124,12;EUR;C04-Andrés
F2024-001421;1;12/08/2024;CLI0034;S15;3,00;84,86;15;216,39;EUR;C03-Lucía
F2024-001422;1;18/02/2024;CLI0158;S09;201,14;42,15;5;8054,15;EUR;C05-Rocío
F2024-001422;2;18/02/2024;CLI0158;S09;94,95;44,09;5;3977,03;EUR;C02-Javier
F2024-001423;1;07/11/2024;CLI0056;S14;16,00;200,26;0;3204,16;EUR;C04-Andrés
F2024-001423;2;07/11/2024;CLI0056;S13;1,00;633,60;0;633,60;EUR;C04-Andrés
F2024-001424;1;22/10/2024;CLI0371;S10;919,58;8,44;0;7761,26;EUR;C01-Marta
F2024-001424;2;22/10/2024;CLI0371;S13;1,00;631,61;0;631,61;EUR;C01-Marta
F2024-001425;1;11/01/2024;CLI0178;S10;455,79;8,13;0;3705,57;EUR;C01-Marta
F2024-001425;2;11/01/2024;CLI0178;S10;484,76;8,13;5;3744,04;EUR;C04-Andrés
F2024-001425;3;11/01/2024;CLI0178;S10;482,37;8,26;0;3984,38;EUR;C01-Marta
F2024-001425;4;11/01/2024;CLI0178;S10;68,45;8,78;5;570,94;EUR;C02-Javier
F2024-001426;1;06/06/2024;CLI0207;S10;8810,14;8,64;5;72313,63;EUR;C02-Javier
F2024-001426;2;06/06/2024;CLI0207;S10;883,05;8,59;0;7585,40;EUR;C01-Marta
F2024-001426;3;06/06/2024;CLI0207;S14;5,00;203,75;0;1018,75;EUR;C02-Javier
F2024-001426;4;06/06/2024;CLI0207;S10;63,22;8,67;0;548,12;EUR;C03-Lucía
F2024-001427;1;16/06/2024;CLI0167;S06;920,15;1,10;0;1012,17;EUR;C03-Lucía
F2024-001428;1;05/12/2024;CLI0060;S15;3,00;84,38;0;253,14;EUR;C01-Marta
F2024-001428;2;05/12/2024;CLI0060;S11;52,39;24,64;0;1290,89;EUR;C02-Javier
F2024-001428;3;05/12/2024;CLI0060;S13;1,00;643,75;5;611,56;EUR;C03-Lucía
F2024-001429;1;26/01/2024;CLI0103;S08;1302,55;2,41;5;2982,19;EUR;C04-Andrés
F2024-001429;2;26/01/2024;CLI0103;S08;665,43;2,30;0;1530,49;EUR;C03-Lucía
F2024-001429;3;26/01/2024;CLI0103;S08;921,41;2,45;0;2257,45;EUR;C02-Javier
F2024-001429;4;26/01/2024;CLI0103;S15;4,00;88,12;0;352,48;EUR;C05-Rocío
F2024-001430;1;15/10/2024;CLI0103;S08;1194,86;2,44;0;2915,46;EUR;C04-Andrés
F2024-001430;2;15/10/2024;CLI0103;S07;1423,09;1,55;0;2205,79;EUR;C01-Marta
F2024-001430;3;15/10/2024;CLI0103;S15;3,00;82,20;0;246,60;EUR;C04-Andrés
F2024-001431;1;08/06/2024;CLI0111;S02;115,17;6,66;0;767,03;EUR;C05-Rocío
F2024-001432;1;08/02/2024;CLI0276;S02;1119,24;6,24;0;6984,06;EUR;C05-Rocío
F2024-001432;2;08/02/2024;CLI0276;S15;4,00;81,54;0;326,16;EUR;C05-Rocío
F2024-001432;3;08/02/2024;CLI0276;S01;44,59;98,64;0;4398,36;EUR;C01-Marta
F2024-001433;1;14/02/2024;CLI0114;S09;81,96;40,25;5;3133,95;EUR;C03-Lucía
F2024-001434;1;23/03/2024;CLI0212;S12;3,00;118,13;0;354,39;EUR;C01-Marta
F2024-001434;2;23/03/2024;CLI0212;S15;2,00;84,75;0;169,50;EUR;C03-Lucía
F2024-001434;3;23/03/2024;CLI0212;S04;6614,19;13,64;0;90217,55;EUR;C03-Lucía
F2024-001434;4;23/03/2024;CLI0212;S13;1,00;661,93;0;661,93;EUR;C05-Rocío
F2024-001435;1;07/05/2024;CLI0219;S06;737,41;1,10;0;811,15;EUR;C04-Andrés
F2024-001435;2;07/05/2024;CLI0219;S05;190,63;3,17;15;513,65;EUR;C02-Javier
F2024-001435;3;07/05/2024;CLI0219;S06;2900,29;1,14;5;3141,01;EUR;C03-Lucía
F2024-001436;1;15/08/2024;CLI0048;S10;167,55;8,84;0;1481,14;EUR;C01-Marta
F2024-001436;2;15/08/2024;CLI0048;S15;4,00;80,83;0;323,32;EUR;C04-Andrés
F2024-001436;3;15/08/2024;CLI0048;S10;103,14;8,52;0;878,75;EUR;C03-Lucía
F2024-001436;4;15/08/2024;CLI0048;S10;455,91;8,80;0;4012,01;EUR;C04-Andrés
F2024-001437;1;12/12/2024;CLI0247;S10;464,68;8,48;5;3743,46;EUR;C01-Marta
F2024-001437;2;12/12/2024;CLI0247;S10;165,08;8,74;15;1226,38;EUR;C05-Rocío
F2024-001437;3;12/12/2024;CLI0247;S10;31,98;8,18;0;261,60;EUR;C05-Rocío
F2024-001437;4;12/12/2024;CLI0247;S10;60,95;8,09;5;468,43;EUR;C01-Marta
F2024-001438;1;18/12/2024;CLI0064;S10;327,69;8,23;0;2696,89;EUR;C03-Lucía
F2024-001438;2;18/12/2024;CLI0064;S10;2063,85;8,72;0;17996,77;EUR;C01-Marta
F2024-001438;3;18/12/2024;CLI0064;S13;1,00;635,68;0;635,68;EUR;C05-Rocío
F2024-001438;4;18/12/2024;CLI0064;S10;122,70;8,59;0;1053,99;EUR;C05-Rocío
F2024-001439;1;10/08/2024;CLI0095;S09;157,88;43,90;5;6584,39;EUR;C02-Javier
F2024-001440;1;16/09/2024;CLI0361;S05;295,38;3,34;0;986,57;EUR;C04-Andrés
F2024-001440;2;16/09/2024;CLI0361;S14;14,00;203,57;0;2849,98;EUR;C05-Rocío
F2024-001441;1;24/01/2024;CLI0103;S08;4298,19;2,39;5;9759,04;EUR;C01-Marta
F2024-001441;2;24/01/2024;CLI0103;S14;15,00;205,51;5;2928,52;EUR;C02-Javier
F2024-001441;3;24/01/2024;CLI0103;S13;1,00;628,76;5;597,32;EUR;C05-Rocío
F2024-001441;4;24/01/2024;CLI0103;S07;907,72;1,57;0;1425,12;EUR;C01-Marta
F2024-001442;1;22/03/2024;CLI0068;S06;730,38;1,05;0;766,90;EUR;C05-Rocío
F2024-001442;2;22/03/2024;CLI0068;S15;3,00;82,47;0;247,41;EUR;C01-Marta
F2024-001442;3;2024-03-22;CLI0068;S05;579,47;3,09;0;1790,56;EUR;C01-Marta
F2024-001443;1;16/10/2024;CLI0207;S10;306,78;8,64;0;2650,58;EUR;C03-Lucía
F2024-001443;2;16/10/2024;CLI0207;S10;326,32;8,90;0;2904,25;EUR;C04-Andrés
F2024-001443;3;16/10/2024;CLI0207;S10;54,93;8,70;5;454,00;EUR;C03-Lucía
F2024-001444;1;12/09/2024;CLI0325;S14;8,00;214,73;5;1631,95;EUR;C01-Marta
F2024-001444;2;12/09/2024;CLI0325;S13;1,00;624,86;0;624,86;EUR;C02-Javier
F2024-001445;1;23/09/2024;CLI0166;S05;81,83;3,64;0;297,81;USD;C02-Javier
F2024-001445;2;23/09/2024;CLI0166;S05;225,60;3,66;0;826,04;USD;C05-Rocío
F2024-001446;1;21/11/2024;CLI0146;S09;93,38;41,70;0;3893,95;EUR;C01-Marta
F2024-001446;2;21/11/2024;CLI0146;S09;155,63;40,29;5;5956,82;EUR;C04-Andrés
F2024-001447;1;08/01/2024;CLI0102;S06;3615,06;1,24;0;4498,60;USD;C02-Javier
F2024-001447;2;08/01/2024;CLI0102;S14;4,00;210,83;0;843,32;EUR;C02-Javier
F2024-001447;3;08/01/2024;CLI0102;S15;4,00;91,50;5;347,69;USD;C04-Andrés
F2024-001447;4;08/01/2024;CLI0102;S06;15567,81;1,20;0;18692,93;USD;C03-Lucía
F2024-001448;1;27/10/2024;CLI0327;S05;6908,92;3,35;0;23144,88;EUR;C03-Lucía
F2024-001448;2;27/10/2024;CLI0327;S06;885,81;1,11;0;983,25;EUR;C03-Lucía
F2024-001449;1;23/03/2024;CLI0322;S05;477,69;3,24;5;1470,33;EUR;C05-Rocío
F2024-001449;2;23/03/2024;CLI0322;S13;1,00;674,76;0;674,76;EUR;C02-Javier
F2024-001449;3;23/03/2024;CLI0322;S05;69,47;3,30;0;229,25;EUR;C02-Javier
F2024-001449;4;23/03/2024;CLI0322;S06;1203,17;1,06;0;1275,36;EUR;C04-Andrés
F2024-001450;1;28/08/2024;CLI0372;S14;4,00;199,90;5;759,62;EUR;C03-Lucía
F2024-001450;2;28/08/2024;CLI0372;S13;1,00;668,40;0;668,40;EUR;C05-Rocío
F2024-001451;1;20/04/2024;CLI0145;S10;329,70;8,63;0;2845,31;EUR;C04-Andrés
F2024-001451;2;20/04/2024;CLI0145;S15;1,00;84,46;0;84,46;EUR;C02-Javier
F2024-001451;3;20/04/2024;CLI0145;S10;1252,71;8,33;0;10435,07;EUR;C01-Marta
F2024-001451;4;20/04/2024;CLI0145;S13;1,00;660,83;5;627,79;EUR;C05-Rocío
F2024-001452;1;01/01/2024;CLI0317;S10;398,45;8,65;0;3446,59;EUR;C02-Javier
F2024-001452;2;01/01/2024;CLI0317;S15;2,00;86,18;0;172,36;EUR;C05-Rocío
F2024-001452;3;01/01/2024;CLI0317;S14;8,00;211,26;0;1690,08;EUR;C03-Lucía
F2024-001452;4;01/01/2024;CLI0317;S10;242,70;8,88;0;2155,18;EUR;C02-Javier
F2024-001453;1;06/02/2024;CLI0350;S06;1896,32;1,06;15;1708,58;EUR;C03-Lucía
F2024-001453;2;06/02/2024;CLI0350;S06;1519,38;1,08;0;1640,93;EUR;C01-Marta
F2024-001453;3;06/02/2024;CLI0350;S15;4,00;87,79;0;351,16;EUR;C02-Javier
F2024-001454;1;23/11/2024;CLI0095;S09;328,44;41,77;5;13032,99;EUR;C02-Javier
F2024-001455;1;13/09/2024;CLI0024;S05;210,29;3,04;0;639,28;EUR;C02-Javier
F2024-001456;1;19/08/2024;CLI0095;S09;57,27;41,40;0;2370,98;EUR;C02-Javier
F2024-001456;2;19/08/2024;CLI0095;S14;13,00;201,39;10;2356,26;EUR;C03-Lucía
F2024-001456;3;19/08/2024;CLI0095;S09;48,80;44,05;0;2149,64;EUR;C02-Javier
F2024-001457;1;24/07/2024;CLI0299;S08;483,93;2,29;5;1052,79;EUR;C05-Rocío
F2024-001457;2;24/07/2024;CLI0299;S08;662,87;2,51;0;1663,80;EUR;C02-Javier
F2024-001457;3;24/07/2024;CLI0299;S08;813,02;2,33;0;1894,34;EUR;C05-Rocío
F2024-001457;4;24/07/2024;CLI0299;S07;521,54;1,59;0;829,25;EUR;C03-Lucía
F2024-001458;1;05/12/2024;CLI0165;S10;1680,63;8,09;5;12916,48;EUR;C04-Andrés
F2024-001458;2;05/12/2024;CLI0165;S10;680,58;8,09;0;5505,89;EUR;C01-Marta
F2024-001459;1;28/01/2024;CLI0309;S12;3,00;128,04;0;384,13;USD;C05-Rocío
F2024-001459;2;28/01/2024;CLI0309;S04;592,35;15,07;5;8483,07;USD;C04-Andrés
F2024-001459;3;28/01/2024;CLI0309;S12;2,00;134,29;5;255,15;USD;C02-Javier
F2024-001460;1;27/02/2024;CLI0073;S05;49,62;3,11;5;146,60;EUR;C01-Marta
F2024-001460;2;27/02/2024;CLI0073;S06;847,24;1,11;0;940,44;EUR;C03-Lucía
F2024-001461;1;06/10/2024;CLI0149;S08;1431,55;2,35;10;3027,73;EUR;C04-Andrés
F2024-001461;2;06/10/2024;CLI0149;S08;510,57;2,40;15;1041,56;EUR;C01-Marta
F2024-001461;3;06/10/2024;CLI0149;S08;1458,22;2,45;10;3215,38;EUR;C03-Lucía
F2024-001462;1;26/12/2024;CLI0090;S13;1,00;627,79;0;627,79;EUR;C01-Marta
F2024-001462;2;26/12/2024;CLI0090;S01;265,61;93,16;0;24744,23;EUR;C03-Lucía
F2024-001463;1;28/07/2024;CLI0094;S08;2581,19;2,50;5;6130,33;EUR;C04-Andrés
F2024-001463;2;28/07/2024;CLI0094;S08;656,44;2,44;0;1601,71;EUR;C01-Marta
F2024-001464;1;25/04/2024;CLI0087;S10;787,23;8,54;0;6722,94;EUR;C03-Lucía
F2024-001464;2;25/04/2024;CLI0087;S10;591,08;8,51;0;5030,09;EUR;C02-Javier
F2024-001465;1;01/04/2024;CLI0008;S02;97,22;6,41;0;623,18;EUR;C02-Javier
F2024-001465;2;01/04/2024;CLI0008;S01;49,20;92,02;15;3848,28;EUR;C04-Andrés
F2024-001466;1;28/08/2024;CLI0212;S13;1,00;677,71;0;677,71;EUR;C03-Lucía
F2024-001466;2;28/08/2024;CLI0212;S03;9,88;36,90;0;364,57;EUR;C04-Andrés
F2024-001467;1;20/11/2024;CLI0097;S09;258,08;43,96;0;11345,20;EUR;C04-Andrés
F2024-001467;2;20/11/2024;CLI0097;S09;257,28;40,36;5;9864,63;EUR;C03-Lucía
F2024-001467;3;20/11/2024;CLI0097;S09;86,82;43,97;0;3817,48;EUR;C03-Lucía
F2024-001467;4;20/11/2024;CLI0097;S09;226,29;42,47;10;8649,48;EUR;C02-Javier
F2024-001468;1;24/02/2024;CLI0101;S14;15,00;223,86;0;3357,85;USD;C01-Marta
F2024-001468;2;24/02/2024;CLI0101;S10;238,84;9,76;5;2213,94;USD;C05-Rocío
F2024-001468;3;24/02/2024;CLI0101;S10;498,04;9,48;0;4721,70;USD;C05-Rocío
F2024-001469;1;27/07/2024;CLI0051;S06;2286,13;1,13;15;2195,83;EUR;C04-Andrés
F2024-001469;2;27/07/2024;CLI0051;S06;2276,53;1,12;5;2422,23;EUR;C01-Marta
F2024-001470;1;09/11/2024;CLI0044;S07;815,54;1,57;0;1280,40;EUR;C04-Andrés
F2024-001471;1;08/01/2024;CLI0094;S07;314,93;1,58;5;472,71;EUR;C01-Marta
F2024-001471;2;08/01/2024;CLI0094;S15;4,00;87,82;0;351,28;EUR;C05-Rocío
F2024-001471;3;08/01/2024;CLI0094;S15;4,00;81,32;0;325,28;EUR;C03-Lucía
F2024-001472;1;15/08/2024;CLI0212;S04;303,94;14,32;0;4352,42;EUR;C04-Andrés
F2024-001472;2;15/08/2024;CLI0212;S03;99,93;39,75;0;3972,22;EUR;C05-Rocío
F2024-001472;3;15/08/2024;CLI0212;S04;984,47;13,40;0;13191,90;EUR;C01-Marta
F2024-001472;4;15/08/2024;CLI0212;S03;28,39;39,44;0;1119,70;EUR;C04-Andrés
F2024-001473;1;24/02/2024;CLI0158;S14;15,00;216,72;0;3250,80;EUR;C01-Marta
F2024-001473;2;24/02/2024;CLI0158;S15;1,00;82,83;0;82,83;EUR;C03-Lucía
F2024-001473;3;24/02/2024;CLI0158;S09;44,02;40,75;15;1524,74;EUR;C03-Lucía
F2024-001474;1;17/01/2024;CLI0220;S09;105,96;43,45;0;4603,96;EUR;C02-Javier
F2024-001474;2;17/01/2024;CLI0220;S09;335,49;45,04;5;14354,55;USD;C02-Javier
F2024-001475;1;07/10/2024;CLI0097;S09;122,74;41,14;0;5049,52;EUR;C03-Lucía
F2024-001475;2;07/10/2024;CLI0097;S15;1,00;81,28;10;73,15;EUR;C01-Marta
F2024-001476;1;18/07/2024;CLI0050;S07;1448,04;1,65;5;2269,80;EUR;C02-Javier
F2024-001476;2;18/07/2024;CLI0050;S13;1,00;645,51;5;613,23;EUR;C05-Rocío
F2024-001476;3;18/07/2024;CLI0050;S07;290,02;1,66;0;481,43;EUR;C01-Marta
F2024-001476;4;18/07/2024;CLI0050;S07;84,13;1,65;0;138,81;EUR;C03-Lucía
F2024-001477;1;12/10/2024;CLI0107;S06;1069,38;1,07;5;1087,02;EUR;C05-Rocío
F2024-001477;2;12/10/2024;CLI0107;S15;4,00;84,08;0;336,32;EUR;C01-Marta
F2024-001477;3;12/10/2024;CLI0107;S06;2290,80;1,08;5;2350,36;EUR;C01-Marta
F2024-001478;1;20/12/2024;CLI0019;S03;31,55;38,95;0;1228,87;EUR;C04-Andrés
F2024-001478;2;20/12/2024;CLI0019;S03;26,35;39,33;0;1036,35;EUR;C04-Andrés
F2024-001478;3;20/12/2024;CLI0019;S15;4,00;84,90;0;339,60;EUR;C03-Lucía
F2024-001478;4;20/12/2024;CLI0019;S04;213,29;14,26;0;3041,52;EUR;C03-Lucía
F2024-001479;1;13/05/2024;CLI0067;S10;50,76;8,18;0;415,22;EUR;C04-Andrés
F2024-001479;2;13/05/2024;CLI0067;S10;83,23;8,84;0;735,75;EUR;C04-Andrés
F2024-001479;3;13/05/2024;CLI0067;S10;122,88;8,23;0;1011,30;EUR;C01-Marta
F2024-001479;4;13/05/2024;CLI0067;S10;539,02;8,67;0;4673,30;EUR;C03-Lucía
F2024-001480;1;20/10/2024;CLI0371;S10;190,78;8,72;0;1663,60;EUR;C05-Rocío
F2024-001480;2;20/10/2024;CLI0371;S15;3,00;82,54;0;247,62;EUR;C05-Rocío
F2024-001481;1;20/05/2024;CLI0051;S05;50,49;3,07;15;131,75;EUR;C01-Marta
F2024-001481;2;20/05/2024;CLI0051;S05;791,97;3,07;10;2188,21;EUR;C03-Lucía
F2024-001482;1;06/10/2024;CLI0201;S02;1095,29;6,66;15;6200,44;EUR;C04-Andrés
F2024-001483;1;06/12/2024;CLI0101;S10;2945,67;9,94;10;26339,06;USD;C02-Javier
F2024-001483;2;06/12/2024;CLI0101;S13;1,00;624,72;0;624,72;EUR;C03-Lucía
F2024-001483;3;06/12/2024;CLI0101;S10;263,81;8,85;0;2334,72;EUR;C01-Marta
F2024-001484;1;03/03/2024;CLI0058;S15;4,00;87,94;5;334,17;EUR;C03-Lucía
F2024-001485;1;23/04/2024;CLI0299;S07;171,15;1,61;0;275,55;EUR;C04-Andrés
F2024-001485;2;23/04/2024;CLI0299;S08;2879,29;2,41;5;6592,13;EUR;C02-Javier
F2024-001486;1;25/08/2024;CLI0051;S14;14,00;203,53;0;2849,42;EUR;C03-Lucía
F2024-001486;2;25/08/2024;CLI0051;S05;83,14;3,08;0;256,07;EUR;C02-Javier
F2024-001486;3;25/08/2024;CLI0051;S05;1301,17;3,09;0;4020,62;EUR;C02-Javier
F2024-001487;1;12/06/2024;CLI0212;S04;302,47;14,32;0;4331,37;EUR;C04-Andrés
F2024-001488;1;28/04/2024;CLI0034;S13;1,00;623,08;0;623,08;EUR;C03-Lucía
F2024-001488;2;28/04/2024;CLI0034;S15;3,00;85,92;10;231,98;EUR;C01-Marta
F2024-001488;3;28/04/2024;CLI0034;S09;160,24;43,56;15;5933,05;EUR;C03-Lucía
F2024-001488;4;28/04/2024;CLI0034;S09;323,88;41,70;0;13505,80;EUR;C05-Rocío
F2024-001489;1;02/03/2024;CLI0064;S10;257,17;8,42;0;2165,37;EUR;C03-Lucía
F2024-001489;2;02/03/2024;CLI0064;S10;331,03;8,32;5;2616,46;EUR;C03-Lucía
F2024-001490;1;16/05/2024;CLI0089;S06;328,92;1,13;10;334,51;EUR;C05-Rocío
F2024-001491;1;01/01/2024;CLI0291;S10;218,24;8,48;0;1850,68;EUR;C04-Andrés
F2024-001492;1;18/06/2024;CLI0007;S05;490,74;3,28;0;1609,63;EUR;C02-Javier
F2024-001492;2;18/06/2024;CLI0007;S05;49,93;3,07;0;153,29;EUR;C03-Lucía
F2024-001493;1;08/01/2024;CLI0291;S10;136,03;8,47;0;1152,17;EUR;C05-Rocío
F2024-001493;2;08/01/2024;CLI0291;S10;1955,75;8,29;0;16213,17;EUR;C05-Rocío
F2024-001494;1;24/02/2024;CLI0114;S09;55,28;42,63;5;2238,76;EUR;C03-Lucía
F2024-001495;1;20/02/2024;CLI0051;S06;432,35;1,13;0;488,56;EUR;C04-Andrés
F2024-001495;2;20/02/2024;CLI0051;S06;1351,66;1,13;10;1374,64;EUR;C01-Marta
F2024-001495;2;20/02/2024;CLI0051;S06;1351,66;1,13;10;1374,64;EUR;C01-Marta
F2024-001495;3;20/02/2024;CLI0051;S13;1,00;633,56;0;633,56;EUR;C02-Javier
F2024-001495;4;20/02/2024;CLI0051;S06;532,60;1,05;15;475,35;EUR;C05-Rocío
F2024-001496;1;14/01/2024;CLI0207;S10;99,95;8,37;0;836,58;EUR;C04-Andrés
F2024-001496;2;14/01/2024;CLI0207;S10;62,93;8,13;0;511,62;EUR;C02-Javier
F2024-001497;1;19/09/2024;CLI0094;S07;877,57;1,56;0;1369,01;EUR;C02-Javier
F2024-001497;2;19/09/2024;CLI0094;S07;969,86;1,56;5;1437,33;EUR;C01-Marta
F2024-001498;1;15/04/2024;CLI0189;S03;44,76;36,99;0;1655,67;EUR;C02-Javier
F2024-001499;1;13/06/2024;CLI0051;S15;1,00;86,72;0;86,72;EUR;C01-Marta
F2024-001499;2;13/06/2024;CLI0051;S06;8762,75;1,10;0;9639,03;EUR;C04-Andrés
F2024-001499;3;13/06/2024;CLI0051;S05;112,94;3,11;5;333,68;EUR;C05-Rocío
F2024-001499;4;13/06/2024;CLI0051;S14;15,00;214,14;10;2890,89;EUR;C03-Lucía
F2024-001500;1;20/11/2024;CLI0051;S05;301,83;3,07;5;880,29;EUR;C02-Javier
F2024-001500;2;20/11/2024;CLI0051;S05;408,77;3,30;5;1281,49;EUR;C03-Lucía
F2024-001501;1;12/09/2024;CLI0056;S10;83,87;8,68;5;691,59;EUR;C01-Marta
F2024-001501;2;12/09/2024;CLI0056;S10;53,99;8,45;0;456,22;EUR;C03-Lucía
F2024-001501;3;12/09/2024;CLI0056;S10;206,67;8,23;0;1700,89;EUR;C03-Lucía
F2024-001502;1;23/10/2024;CLI0131;S10;240,89;8,13;0;1958,44;EUR;C01-Marta
F2024-001502;2;23/10/2024;CLI0131;S10;46,28;8,31;0;384,59;EUR;C04-Andrés
F2024-001502;3;23/10/2024;CLI0131;S10;241,29;8,42;0;2031,66;EUR;C05-Rocío
F2024-001503;1;24/01/2024;CLI0051;S14;11,00;201,13;15;1880,57;EUR;C05-Rocío
F2024-001503;2;24/01/2024;CLI0051;S06;1840,69;1,10;5;1923,52;EUR;C01-Marta
F2024-001503;3;24/01/2024;CLI0051;S06;682,50;1,06;0;723,45;EUR;C01-Marta
F2024-001504;1;15/10/2024;CLI0228;S05;34,54;3,13;0;108,11;EUR;C03-Lucía
F2024-001504;2;15/10/2024;CLI0228;S05;527,68;3,26;0;1720,24;EUR;C02-Javier
F2024-001505;1;13/04/2024;CLI0306;S01;68,91;91,41;10;5669,16;EUR;C01-Marta
F2024-001505;2;13/04/2024;CLI0306;S14;12,00;209,91;0;2518,92;EUR;C01-Marta
F2024-001505;3;13/04/2024;CLI0306;S01;133,43;96,34;5;12211,91;EUR;C02-Javier
F2024-001506;1;22/04/2024;CLI0120;S14;14,00;213,48;0;2988,72;EUR;C01-Marta
F2024-001506;2;22/04/2024;CLI0120;S11;66,23;25,52;15;1436,66;EUR;C05-Rocío
F2024-001506;3;22/04/2024;CLI0120;S11;10,36;23,80;5;234,24;EUR;C02-Javier
F2024-001506;4;22/04/2024;CLI0120;S01;206,11;97,69;0;20134,89;EUR;C04-Andrés
F2024-001507;1;24/01/2024;CLI0186;S15;2,00;88,99;5;169,08;EUR;C05-Rocío
F2024-001507;2;24/01/2024;CLI0186;S05;748,93;3,16;5;2248,29;EUR;C05-Rocío
F2024-001507;3;24/01/2024;CLI0186;S05;165,88;3,20;5;504,28;EUR;C04-Andrés
F2024-001507;4;24/01/2024;CLI0186;S14;13,00;210,81;0;2740,53;EUR;C02-Javier
F2024-001508;1;22/01/2024;CLI0306;S11;11,22;24,98;0;280,28;EUR;C02-Javier
F2024-001509;1;24/01/2024;CLI0051;S05;3928,20;3,33;5;12426,86;EUR;C05-Rocío
F2024-001510;1;01/03/2024;CLI0289;S14;7,00;212,04;0;1484,28;EUR;C04-Andrés
F2024-001510;2;01/03/2024;CLI0289;S03;28,28;42,80;0;1210,47;USD;C05-Rocío
F2024-001511;1;10/10/2024;CLI0078;S10;678,34;8,31;0;5637,01;EUR;C05-Rocío
F2024-001511;2;10/10/2024;CLI0078;S10;242,14;8,47;0;2050,93;EUR;C05-Rocío
F2024-001511;3;10/10/2024;CLI0078;S10;134,88;8,73;0;1177,50;EUR;C02-Javier
F2024-001511;4;10/10/2024;CLI0078;S13;1,00;639,53;0;639,53;EUR;C02-Javier
F2024-001512;1;19/11/2024;CLI0024;S06;417,55;1,06;0;442,60;EUR;C02-Javier
F2024-001512;2;2024-11-19;CLI0024;S06;1133,27;1,15;5;1238,10;EUR;C03-Lucía
F2024-001512;3;19/11/2024;CLI0024;S14;2,00;201,21;0;402,42;EUR;C02-Javier
F2024-001513;1;03/02/2024;CLI0158;S09;364,86;43,69;15;13549,62;EUR;C04-Andrés
F2024-001513;2;03/02/2024;CLI0158;S09;115,60;42,75;15;4200,61;EUR;C02-Javier
F2024-001514;1;23/07/2024;CLI0201;S11;26,62;24,13;5;610,22;EUR;C05-Rocío
F2024-001515;1;03/03/2024;CLI0222;S02;265,36;6,52;0;1730,15;EUR;C02-Javier
F2024-001515;2;03/03/2024;CLI0222;S11;26,62;25,03;0;666,30;EUR;C03-Lucía
F2024-001515;3;03/03/2024;CLI0222;S01;267,06;92,32;5;23422,23;EUR;C01-Marta
F2024-001516;1;22/08/2024;CLI0259;S09;77,84;41,49;0;3229,58;EUR;C05-Rocío
F2024-001516;2;22/08/2024;CLI0259;S14;5,00;211,17;5;1003,06;EUR;C01-Marta
F2024-001516;3;22/08/2024;CLI0259;S09;70,73;42,74;5;2871,85;EUR;C03-Lucía
F2024-001516;4;22/08/2024;CLI0259;S09;176,56;41,90;0;7397,86;EUR;C05-Rocío
F2024-001517;1;09/02/2024;CLI0212;S12;1,00;115,98;0;115,98;EUR;C04-Andrés
F2024-001518;1;14/03/2024;CLI0023;S10;256,72;8,68;0;2228,33;EUR;C01-Marta
F2024-001518;2;14/03/2024;CLI0023;S14;11,00;213,01;0;2343,11;EUR;C02-Javier
F2024-001518;3;14/03/2024;CLI0023;S14;6,00;215,99;5;1231,14;EUR;C04-Andrés
F2024-001519;1;25/03/2024;CLI0101;S14;4,00;214,78;5;816,16;EUR;C02-Javier
F2024-001520;1;23/08/2024;CLI0222;S01;55,05;93,33;0;5137,82;EUR;C01-Marta
F2024-001520;2;23/08/2024;CLI0222;S02;1149,49;6,81;5;7436,63;EUR;C03-Lucía
F2024-001520;3;23/08/2024;CLI0222;S11;22,39;23,78;5;505,81;EUR;C05-Rocío
F2024-001521;1;24/10/2024;CLI0207;S10;185,29;8,09;5;1424,05;EUR;C04-Andrés
F2024-001522;1;12/10/2024;CLI0377;S01;99,54;113,03;0;11251,31;USD;C01-Marta
F2024-001522;2;12/10/2024;CLI0377;S02;947,08;6,74;0;6383,32;EUR;C05-Rocío
F2024-001522;3;12/10/2024;CLI0377;S02;501,20;7,19;10;3245,51;USD;C05-Rocío
F2024-001522;4;12/10/2024;CLI0377;S02;266,57;7,62;0;2030,43;USD;C03-Lucía
F2024-001523;1;05/10/2024;CLI0017;S15;3,00;88,80;5;253,08;EUR;C05-Rocío
F2024-001523;2;05/10/2024;CLI0017;S05;456,32;3,35;5;1452,24;EUR;C01-Marta
F2024-001523;3;05/10/2024;CLI0017;S06;301,55;1,11;0;334,72;EUR;C04-Andrés
F2024-001524;1;11/03/2024;CLI0380;S05;426,94;3,07;0;1310,71;EUR;C03-Lucía
F2024-001525;1;27/02/2024;CLI0071;S15;1,00;86,98;0;86,98;EUR;C01-Marta
F2024-001525;2;27/02/2024;CLI0071;S11;19,45;24,08;5;444,94;EUR;C01-Marta
F2024-001525;3;27/02/2024;CLI0071;S15;4,00;86,01;0;344,04;EUR;C04-Andrés
F2024-001526;1;05/09/2024;CLI0395;S01;121,19;97,27;15;10019,93;EUR;C01-Marta
F2024-001526;2;05/09/2024;CLI0395;S13;1,00;640,59;5;608,56;EUR;C04-Andrés
F2024-001526;2;05/09/2024;CLI0395;S13;1,00;640,59;5;608,56;EUR;C04-Andrés
F2024-001526;3;05/09/2024;CLI0395;S11;29,59;24,47;10;651,66;EUR;C02-Javier
F2024-001526;4;05/09/2024;CLI0395;S11;27,95;23,88;0;667,45;EUR;C02-Javier
F2024-001527;1;19/05/2024;CLI0319;S13;1,00;637,97;5;606,07;EUR;C01-Marta
F2024-001527;2;19/05/2024;CLI0319;S09;66,13;43,22;0;2858,14;EUR;C02-Javier
F2024-001527;3;19/05/2024;CLI0319;S13;1,00;658,49;0;658,49;EUR;C02-Javier
F2024-001528;1;16/08/2024;CLI0166;S06;1492,26;1,20;0;1791,39;USD;C04-Andrés
F2024-001528;2;16/08/2024;CLI0166;S05;421,93;3,67;0;1548,19;USD;C04-Andrés
F2024-001528;3;16/08/2024;CLI0166;S13;1,00;665,75;0;665,75;EUR;C04-Andrés
F2024-001529;1;02/12/2024;CLI0207;S10;164,61;8,66;0;1425,52;EUR;C01-Marta
F2024-001529;2;02/12/2024;CLI0207;S10;1909,62;8,56;0;16346,35;EUR;C02-Javier
F2024-001529;3;02/12/2024;CLI0207;S10;380,93;8,69;0;3310,28;EUR;C04-Andrés
F2024-001530;1;11/02/2024;CLI0356;S10;838,46;8,60;15;6129,14;EUR;C01-Marta
F2024-001530;2;11/02/2024;CLI0356;S10;184,42;8,52;15;1335,57;EUR;C02-Javier
F2024-001530;3;11/02/2024;CLI0356;S10;272,37;8,85;0;2410,47;EUR;C04-Andrés
F2024-001531;1;03/12/2024;CLI0207;S10;352,08;8,83;5;2953,42;EUR;C04-Andrés
F2024-001531;2;03/12/2024;CLI0207;S15;4,00;86,29;0;345,16;EUR;C04-Andrés
F2024-001531;3;03/12/2024;CLI0207;S10;161,38;8,18;0;1320,09;EUR;C05-Rocío
F2024-001531;4;03/12/2024;CLI0207;S10;145,02;8,19;0;1187,71;EUR;C05-Rocío
F2024-001532;1;12/11/2024;CLI0104;S10;567,75;8,82;0;5007,56;EUR;C02-Javier
F2024-001532;2;12/11/2024;CLI0104;S10;902,82;8,30;0;7493,41;EUR;C02-Javier
F2024-001533;1;2024-05-06;CLI0299;S08;1032,31;2,36;5;2314,44;EUR;C01-Marta
F2024-001533;2;06/05/2024;CLI0299;S14;3,00;204,32;0;612,96;EUR;C03-Lucía
F2024-001533;3;06/05/2024;CLI0299;S15;4,00;87,84;0;351,36;EUR;C03-Lucía
F2024-001533;4;06/05/2024;CLI0299;S15;1,00;81,50;5;77,42;EUR;C04-Andrés
F2024-001534;1;11/12/2024;CLI0051;S05;828,84;3,26;0;2702,02;EUR;C03-Lucía
F2024-001535;1;09/12/2024;CLI0262;S11;9,37;27,36;0;256,34;USD;C03-Lucía
F2024-001535;2;09/12/2024;CLI0262;S01;102,39;111,26;0;11391,43;USD;C01-Marta
F2024-001536;1;20/01/2024;CLI0317;S10;274,00;8,27;5;2152,68;EUR;C03-Lucía
F2024-001537;1;12/04/2024;CLI0297;S10;91,44;8,48;0;775,41;EUR;C02-Javier
F2024-001537;2;12/04/2024;CLI0297;S10;1002,34;8,92;0;8940,87;EUR;C02-Javier
F2024-001538;1;11/11/2024;CLI0056;S10;660,34;8,90;0;5877,03;EUR;C02-Javier
F2024-001538;2;11/11/2024;CLI0056;S10;533,74;8,46;0;4515,44;EUR;C05-Rocío
F2024-001538;3;11/11/2024;CLI0056;S10;669,17;8,91;5;5664,19;EUR;C02-Javier
F2024-001539;1;12/06/2024;CLI0162;S04;455,34;13,54;5;5857,04;EUR;C03-Lucía
F2024-001539;2;12/06/2024;CLI0162;S12;2,00;123,53;0;247,06;EUR;C01-Marta
F2024-001539;3;12/06/2024;CLI0162;S03;57,20;39,37;0;2251,96;EUR;C04-Andrés
F2024-001539;4;12/06/2024;CLI0162;S12;4,00;118,81;0;475,24;EUR;C01-Marta
F2024-001540;1;11/01/2024;CLI0170;S05;155,35;3,19;10;446,01;EUR;C03-Lucía
F2024-001541;1;21/08/2024;CLI0224;S05;322,87;3,28;0;1059,01;EUR;C03-Lucía
F2024-001541;2;21/08/2024;CLI0224;S05;800,40;3,28;5;2494,05;EUR;C01-Marta
F2024-001541;3;21/08/2024;CLI0224;S14;10,00;200,26;0;2002,60;EUR;C01-Marta
F2024-001542;1;17/03/2024;CLI0051;S14;5,00;220,36;5;1046,71;EUR;C02-Javier
F2024-001542;2;17/03/2024;CLI0051;S05;146,56;3,27;5;455,29;EUR;C01-Marta
F2024-001542;3;17/03/2024;CLI0051;S05;357,58;3,04;0;1087,04;EUR;C03-Lucía
F2024-001543;1;19/07/2024;CLI0095;S09;488,89;40,09;15;16659,66;EUR;C03-Lucía
F2024-001543;2;19/07/2024;CLI0095;S09;122,38;44,01;15;4578,05;EUR;C05-Rocío
F2024-001544;1;08/04/2024;CLI0356;S10;755,84;8,71;0;6583,37;EUR;C03-Lucía
F2024-001544;2;08/04/2024;CLI0356;S14;8,00;208,23;0;1665,84;EUR;C03-Lucía
F2024-001544;3;08/04/2024;CLI0356;S10;184,20;8,81;0;1622,80;EUR;C02-Javier
F2024-001544;4;08/04/2024;CLI0356;S10;78,00;8,09;15;536,37;EUR;C02-Javier
F2024-001545;1;19/08/2024;CLI0223;S14;4,00;218,27;0;873,08;EUR;C03-Lucía
F2024-001545;2;19/08/2024;CLI0223;S05;1221,38;3,18;5;3689,79;EUR;C04-Andrés
F2024-001545;3;19/08/2024;CLI0223;S05;661,77;3,30;5;2074,65;EUR;C02-Javier
F2024-001545;4;19/08/2024;CLI0223;S05;135,82;3,34;5;430,96;EUR;C03-Lucía
F2024-001546;1;28/07/2024;CLI0024;S06;1431,66;1,15;5;1564,09;EUR;C04-Andrés
F2024-001546;2;28/07/2024;CLI0024;S06;1485,41;1,12;0;1663,66;EUR;C02-Javier
F2024-001547;1;14/02/2024;CLI0087;S10;290,06;9,09;0;2637,49;USD;C04-Andrés
F2024-001548;1;16/04/2024;CLI0051;S13;1,00;628,17;10;565,35;EUR;C03-Lucía
F2024-001548;2;16/04/2024;CLI0051;S06;835,78;1,13;10;849,99;EUR;C02-Javier
F2024-001548;3;16/04/2024;CLI0051;S06;1012,52;1,13;0;1144,15;EUR;C04-Andrés
F2024-001548;4;16/04/2024;CLI0051;S06;718,83;1,14;0;819,47;EUR;C04-Andrés
F2024-001549;1;01/06/2024;CLI0045;S05;344,57;3,34;0;1150,86;EUR;C04-Andrés
F2024-001550;1;21/08/2024;CLI0212;S13;1,00;669,43;0;669,43;EUR;C04-Andrés
F2024-001550;2;21/08/2024;CLI0212;S12;2,00;123,29;5;234,25;EUR;C05-Rocío
F2024-001550;3;21/08/2024;CLI0212;S04;24,29;14,37;0;349,05;EUR;C01-Marta
F2024-001551;1;04/06/2024;CLI0274;S08;1653,26;2,38;5;3738,02;EUR;C04-Andrés
F2024-001552;1;25/04/2024;CLI0095;S09;295,82;41,61;0;12309,07;EUR;C05-Rocío
F2024-001553;1;20/11/2024;CLI0016;S02;527,55;6,37;5;3192,47;EUR;C04-Andrés
F2024-001553;2;20/11/2024;CLI0016;S02;337,23;6,68;0;2252,70;EUR;C02-Javier
F2024-001553;3;20/11/2024;CLI0016;S01;431,43;91,00;0;39260,13;EUR;C01-Marta
F2024-001554;1;03/09/2024;CLI0378;S03;29,95;37,91;0;1135,40;EUR;C01-Marta
F2024-001555;1;26/12/2024;CLI0175;S10;326,91;8,72;0;2850,66;EUR;C05-Rocío
F2024-001555;2;26/12/2024;CLI0175;S10;929,15;8,54;0;7934,94;EUR;C03-Lucía
F2024-001555;3;26/12/2024;CLI0175;S13;1,00;621,29;0;621,29;EUR;C04-Andrés
F2024-001556;1;01/11/2024;CLI0008;S11;51,09;23,95;10;1101,24;EUR;C04-Andrés
F2024-001556;2;01/11/2024;CLI0008;S02;167,90;6,28;10;948,97;EUR;C02-Javier
F2024-001556;3;01/11/2024;CLI0008;S11;55,50;26,13;5;1377,70;EUR;C02-Javier
F2024-001557;1;10/01/2024;CLI0212;S12;2,00;118,26;0;236,52;EUR;C01-Marta
F2024-001557;2;10/01/2024;CLI0212;S12;1,00;117,76;0;117,76;EUR;C01-Marta
F2024-001557;3;10/01/2024;CLI0212;S04;270,69;14,17;5;3643,89;EUR;C01-Marta
F2024-001558;1;09/12/2024;CLI0312;S07;515,89;1,59;0;820,27;EUR;C05-Rocío
F2024-001559;1;24/09/2024;CLI0035;S15;4,00;83,41;0;333,64;EUR;C02-Javier
F2024-001560;1;06/07/2024;CLI0227;S07;359,33;1,62;0;582,11;EUR;C02-Javier
F2024-001560;2;06/07/2024;CLI0227;S08;1576,70;2,34;0;3689,48;EUR;C02-Javier
F2024-001561;1;05/11/2024;CLI0095;S14;6,00;204,44;0;1226,64;EUR;C02-Javier
F2024-001561;2;05/11/2024;CLI0095;S09;147,26;41,06;0;6046,50;EUR;C02-Javier
F2024-001561;3;05/11/2024;CLI0095;S09;142,45;40,66;0;5792,02;EUR;C03-Lucía
F2024-001562;1;22/08/2024;CLI0370;S15;1,00;86,74;10;78,07;EUR;C01-Marta
F2024-001563;1;17/05/2024;CLI0377;S15;2,00;82,97;5;157,64;EUR;C02-Javier
F2024-001563;2;17/05/2024;CLI0377;S11;41,67;24,22;0;1009,25;EUR;C03-Lucía
F2024-001563;3;17/05/2024;CLI0377;S15;4,00;97,08;0;388,33;USD;C03-Lucía
F2024-001563;4;17/05/2024;CLI0377;S11;37,84;27,60;5;992,22;USD;C02-Javier
F2024-001564;1;22/05/2024;CLI0206;S14;5,00;208,82;0;1044,10;EUR;C04-Andrés
F2024-001564;2;22/05/2024;CLI0206;S08;1158,69;2,46;5;2707,86;EUR;C04-Andrés
F2024-001565;1;01/10/2024;CLI0051;S13;1,00;673,15;0;673,15;EUR;C05-Rocío
F2024-001565;2;01/10/2024;CLI0051;S15;4,00;83,71;0;334,84;EUR;C03-Lucía
F2024-001565;3;01/10/2024;CLI0051;S05;256,45;3,18;0;815,51;EUR;C01-Marta
F2024-001566;1;23/02/2024;CLI0093;S10;1322,33;8,11;0;;EUR;C02-Javier
F2024-001566;2;23/02/2024;CLI0093;S10;3363,75;8,54;0;28726,42;EUR;C02-Javier
F2024-001567;1;04/07/2024;CLI0386;S11;55,14;23,99;5;1256,67;EUR;C01-Marta
F2024-001567;2;04/07/2024;CLI0386;S15;3,00;88,11;0;264,33;EUR;C01-Marta
F2024-001567;3;04/07/2024;CLI0386;S02;197,99;6,51;0;1288,91;EUR;C04-Andrés
F2024-001567;4;04/07/2024;CLI0386;S01;262,83;91,03;0;23925,41;EUR;C02-Javier
F2024-001568;1;02/01/2024;CLI0269;S14;13,00;201,96;0;2625,48;EUR;C01-Marta
F2024-001569;1;13/11/2024;CLI0101;S10;213,43;9,56;0;2039,34;USD;C04-Andrés
F2024-001569;2;13/11/2024;CLI0101;S13;1,00;772,55;5;733,92;USD;C05-Rocío
F2024-001569;3;13/11/2024;CLI0101;S14;10,00;201,26;15;1710,71;EUR;C03-Lucía
F2024-001570;1;26/07/2024;CLI0005;S09;117,14;43,69;0;5117,85;EUR;C01-Marta
F2024-001571;1;28/05/2024;CLI0355;S11;29,96;25,36;0;759,79;EUR;C01-Marta
F2024-001571;2;28/05/2024;CLI0355;S02;483,75;6,79;5;3120,43;EUR;C04-Andrés
F2024-001572;1;08/01/2024;CLI0371;S10;694,09;8,46;0;5872,00;EUR;C04-Andrés
F2024-001572;2;08/01/2024;CLI0371;S10;966,02;8,36;0;8075,93;EUR;C02-Javier
F2024-001573;1;28/12/2024;CLI0247;S10;626,87;8,22;5;4895,23;EUR;C05-Rocío
F2024-001573;2;28/12/2024;CLI0247;S14;6,00;213,87;5;1219,06;EUR;C01-Marta
F2024-001573;3;28/12/2024;CLI0247;S14;15,00;206,96;0;3104,40;EUR;C02-Javier
F2024-001574;1;03/08/2024;CLI0171;S09;77,74;44,10;0;3428,33;EUR;C05-Rocío
F2024-001574;2;03/08/2024;CLI0171;S09;34,21;43,48;5;1413,08;EUR;C01-Marta
F2024-001574;3;03/08/2024;CLI0171;S09;75,06;42,72;0;3206,56;EUR;C01-Marta
F2024-001575;1;21/08/2024;CLI0155;S14;10,00;219,09;0;2190,90;EUR;C04-Andrés
F2024-001575;2;21/08/2024;CLI0155;S14;5,00;220,25;0;1101,25;EUR;C01-Marta
F2024-001575;3;21/08/2024;CLI0155;S01;49,10;94,84;0;4656,64;EUR;C02-Javier
F2024-001575;4;21/08/2024;CLI0155;S11;41,24;25,80;0;1063,99;EUR;C03-Lucía
F2024-001576;1;14/09/2024;CLI0360;S09;162,19;43,96;5;6773,38;EUR;C04-Andrés
F2024-001576;2;14/09/2024;CLI0360;S09;190,30;43,43;5;7851,49;EUR;C01-Marta
F2024-001577;1;09/01/2024;CLI0377;S13;1,00;680,13;5;646,13;USD;C04-Andrés
F2024-001577;2;09/01/2024;CLI0377;S01;383,81;98,88;0;37951,13;EUR;C04-Andrés
F2024-001577;3;09/01/2024;CLI0377;S01;22,22;95,22;0;2115,79;EUR;C03-Lucía
F2024-001577;4;09/01/2024;CLI0377;S01;245,52;104,69;0;25704,42;USD;C01-Marta
F2024-001578;1;28/09/2024;CLI0032;S15;4,00;81,07;5;308,07;EUR;C03-Lucía
F2024-001578;2;28/09/2024;CLI0032;S07;558,99;1,55;0;866,43;EUR;C02-Javier
F2024-001578;3;28/09/2024;CLI0032;S07;121,58;1,53;0;186,02;EUR;C05-Rocío
F2024-001578;4;28/09/2024;CLI0032;S14;10,00;214,71;0;2147,10;EUR;C01-Marta
F2024-001579;1;17/11/2024;CLI0029;S07;129,05;1,53;0;197,45;EUR;C03-Lucía
F2024-001579;2;17/11/2024;CLI0029;S08;664,85;2,46;5;1553,75;EUR;C01-Marta
F2024-001580;1;08/05/2024;CLI0138;S09;383,37;40,18;0;15403,81;EUR;C03-Lucía
F2024-001580;2;08/05/2024;CLI0138;S14;13,00;211,05;5;2606,47;EUR;C02-Javier
F2024-001580;3;08/05/2024;CLI0138;S15;3,00;84,96;0;;EUR;C05-Rocío
F2024-001581;1;15/03/2024;CLI0104;S10;814,03;8,40;0;6837,85;EUR;C01-Marta
F2024-001581;2;15/03/2024;CLI0104;S10;384,49;8,56;5;3126,67;EUR;C04-Andrés
F2024-001581;3;15/03/2024;CLI0104;S10;99,27;8,58;0;851,74;EUR;C02-Javier
F2024-001581;4;15/03/2024;CLI0104;S10;552,18;8,33;0;4599,66;EUR;C02-Javier
F2024-001582;1;04/02/2024;CLI0267;S09;153,74;41,92;0;6444,78;EUR;C03-Lucía
F2024-001582;2;04/02/2024;CLI0267;S13;1,00;618,96;0;618,96;EUR;C01-Marta
F2024-001582;3;04/02/2024;CLI0267;S09;72,04;43,63;5;2985,95;EUR;C02-Javier
F2024-001582;4;04/02/2024;CLI0267;S09;179,42;42,02;0;7539,23;EUR;C01-Marta
F2024-001583;1;17/04/2024;CLI0212;S12;1,00;119,86;0;119,86;EUR;C04-Andrés
F2024-001583;2;17/04/2024;CLI0212;S12;2,00;121,81;0;243,62;EUR;C03-Lucía
F2024-001583;3;17/04/2024;CLI0212;S15;3,00;84,56;0;253,68;EUR;C05-Rocío
F2024-001584;1;18/07/2024;CLI0095;S09;157,28;41,04;0;6454,77;EUR;C03-Lucía
F2024-001584;2;18/07/2024;CLI0095;S15;2,00;84,47;10;152,05;EUR;C03-Lucía
F2024-001584;3;18/07/2024;CLI0095;S13;1,00;633,65;0;633,65;EUR;C04-Andrés
F2024-001584;4;18/07/2024;CLI0095;S14;14,00;216,72;10;2730,67;EUR;C03-Lucía
F2024-001585;1;16/06/2024;CLI0175;S10;314,43;8,50;5;2539,02;EUR;C04-Andrés
F2024-001586;1;09/08/2024;CLI0187;S01;83,36;97,96;0;8165,95;EUR;C01-Marta
F2024-001586;2;09/08/2024;CLI0187;S15;1,00;86,39;0;86,39;EUR;C02-Javier
F2024-001587;1;12/06/2024;CLI0283;S01;38,61;94,53;0;3649,80;EUR;C03-Lucía
F2024-001587;2;12/06/2024;CLI0283;S01;102,31;96,70;0;9893,38;EUR;C04-Andrés
F2024-001587;3;12/06/2024;CLI0283;S15;4,00;84,27;0;337,08;EUR;C04-Andrés
F2024-001588;1;01/02/2024;CLI0051;S15;2,00;87,76;10;157,97;EUR;C01-Marta
F2024-001588;2;01/02/2024;CLI0051;S06;3453,68;1,09;10;3388,06;EUR;C03-Lucía
F2024-001588;3;01/02/2024;CLI0051;S06;1034,22;1,13;15;993,37;EUR;C03-Lucía
F2024-001588;4;01/02/2024;CLI0051;S13;1,00;649,72;5;617,23;EUR;C03-Lucía
F2024-001589;1;19/03/2024;CLI0242;S03;48,45;39,38;0;1907,96;EUR;C02-Javier
F2024-001589;2;19/03/2024;CLI0242;S15;1,00;85,52;5;81,24;EUR;C02-Javier
F2024-001589;3;19/03/2024;CLI0242;S14;6,00;209,89;0;1259,34;EUR;C05-Rocío
F2024-001589;4;19/03/2024;CLI0242;S12;3,00;120,57;0;361,71;EUR;C01-Marta
F2024-001590;1;24/02/2024;CLI0207;S10;940,94;8,54;0;8035,63;EUR;C03-Lucía
F2024-001591;1;13/11/2024;CLI0120;S11;58,30;25,43;0;1482,57;EUR;C03-Lucía
F2024-001592;1;28/03/2024;CLI0070;S09;90,04;41,12;5;3517,32;EUR;C02-Javier
F2024-001592;2;28/03/2024;CLI0070;S15;2,00;85,17;0;170,34;EUR;C02-Javier
F2024-001592;3;28/03/2024;CLI0070;S13;1,00;661,78;0;661,78;EUR;C04-Andrés
F2024-001593;1;15/10/2024;CLI0095;S09;404,90;39,94;0;16171,71;EUR;C04-Andrés
F2024-001593;2;15/10/2024;CLI0095;S09;223,10;41,90;15;7945,71;EUR;C05-Rocío
F2024-001594;1;17/05/2024;CLI0158;S14;4,00;201,39;0;805,56;EUR;C01-Marta
F2024-001595;1;27/05/2024;CLI0356;S10;527,67;8,72;0;4601,28;EUR;C04-Andrés
F2024-001595;2;27/05/2024;CLI0356;S14;4,00;216,64;0;866,56;EUR;C04-Andrés
F2024-001595;3;27/05/2024;CLI0356;S13;1,00;645,72;0;645,72;EUR;C01-Marta
F2024-001595;4;27/05/2024;CLI0356;S10;341,36;8,33;15;2417,00;EUR;C02-Javier
F2024-001596;1;01/03/2024;CLI0381;S01;33,63;94,14;0;3165,93;EUR;C01-Marta
F2024-001596;2;01/03/2024;CLI0381;S01;193,12;95,57;0;18456,48;EUR;C03-Lucía
F2024-001597;1;17/05/2024;CLI0051;S05;334,56;3,13;0;1047,17;EUR;C04-Andrés
F2024-001597;2;17/05/2024;CLI0051;S05;36,15;3,13;5;107,49;EUR;C04-Andrés
F2024-001597;3;17/05/2024;CLI0051;S05;209,80;3,08;0;646,18;EUR;C02-Javier
F2024-001598;1;19/07/2024;CLI0083;S13;1,00;637,25;0;637,25;EUR;C02-Javier
F2024-001598;2;19/07/2024;CLI0083;S02;587,89;6,25;0;3674,31;EUR;C03-Lucía
F2024-001599;1;24/01/2024;CLI0103;S07;75,67;1,63;5;117,17;EUR;C02-Javier
F2024-001599;2;24/01/2024;CLI0103;S07;251,70;1,57;0;395,17;EUR;C05-Rocío
F2024-001599;3;24/01/2024;CLI0103;S08;210,33;2,29;0;481,66;EUR;C01-Marta
F2024-001599;4;24/01/2024;CLI0103;S08;369,39;2,52;5;884,32;EUR;C01-Marta
F2024-001600;1;02/09/2024;CLI0051;S15;1,00;86,39;0;86,39;EUR;C05-Rocío
F2024-001600;2;02/09/2024;CLI0051;S05;36,97;3,23;0;119,41;EUR;C02-Javier
F2024-001600;3;02/09/2024;CLI0051;S14;8,00;203,82;15;1385,98;EUR;C01-Marta
F2024-001600;4;02/09/2024;CLI0051;S06;3553,56;1,09;5;3679,71;EUR;C01-Marta
F2024-001601;1;02/05/2024;CLI0296;S15;2,00;85,50;0;171,00;EUR;C05-Rocío
F2024-001601;2;02/05/2024;CLI0296;S06;2018,16;1,11;0;2240,16;EUR;C03-Lucía
F2024-001602;1;23/08/2024;CLI0131;S10;556,28;8,49;0;4722,82;EUR;C04-Andrés
F2024-001603;1;13/04/2024;CLI0356;S10;701,21;8,91;10;5623,00;EUR;C04-Andrés
F2024-001603;2;13/04/2024;CLI0356;S10;106,54;8,26;0;880,02;EUR;C03-Lucía
F2024-001603;3;13/04/2024;CLI0356;S10;82,62;8,50;10;632,04;EUR;C03-Lucía
F2024-001604;1;25/02/2024;CLI0212;S14;16,00;211,30;0;3380,80;EUR;C03-Lucía
F2024-001605;1;12/03/2024;CLI0095;S09;385,40;42,56;0;16402,62;EUR;C05-Rocío
F2024-001605;2;12/03/2024;CLI0095;S13;1,00;627,07;0;627,07;EUR;C01-Marta
F2024-001605;3;12/03/2024;CLI0095;S13;1,00;651,44;0;651,44;EUR;C03-Lucía
F2024-001605;4;12/03/2024;CLI0095;S09;112,00;43,86;15;4175,47;EUR;C03-Lucía
F2024-001606;1;24/10/2024;CLI0126;S10;432,52;8,54;0;3693,72;EUR;C05-Rocío
F2024-001606;2;24/10/2024;CLI0126;S10;554,04;8,80;0;4875,55;EUR;C05-Rocío
F2024-001606;3;24/10/2024;CLI0126;S10;224,54;8,11;0;1821,02;EUR;C02-Javier
F2024-001606;4;24/10/2024;CLI0126;S10;225,58;8,28;0;1867,80;EUR;C02-Javier
F2024-001607;1;05/02/2024;CLI0201;S11;86,01;24,36;15;1780,92;EUR;C05-Rocío
F2024-001607;2;05/02/2024;CLI0201;S01;55,55;98,69;0;5482,23;EUR;C01-Marta
F2024-001607;3;05/02/2024;CLI0201;S01;599,83;96,72;10;52214,00;EUR;C03-Lucía
F2024-001607;4;05/02/2024;CLI0201;S01;359,69;90,98;0;32724,60;EUR;C05-Rocío
F2024-001608;1;28/10/2024;CLI0158;S09;142,74;43,42;0;6197,77;EUR;C02-Javier
F2024-001608;2;28/10/2024;CLI0158;S09;287,49;43,02;0;12367,82;EUR;C01-Marta
F2024-001608;3;28/10/2024;CLI0158;S09;166,13;40,85;15;5768,45;EUR;C05-Rocío
F2024-001609;1;15/02/2024;CLI0117;S05;457,82;3,17;0;1451,29;EUR;C01-Marta
F2024-001609;2;15/02/2024;CLI0117;S05;1149,73;3,27;0;3759,62;EUR;C04-Andrés
F2024-001609;3;15/02/2024;CLI0117;S13;1,00;650,57;0;650,57;EUR;C03-Lucía
F2024-001610;1;10/03/2024;CLI0002;S05;571,61;3,07;0;1754,84;EUR;C03-Lucía
F2024-001610;2;10/03/2024;CLI0002;S06;7220,69;1,09;5;7477,02;EUR;C02-Javier
F2024-001610;3;10/03/2024;CLI0002;S06;898,66;1,09;0;979,54;EUR;C03-Lucía
F2024-001611;1;18/09/2024;CLI0094;S07;51,87;1,52;0;78,84;EUR;C03-Lucía
F2024-001612;1;01/11/2024;CLI0265;S13;1,00;622,34;0;622,34;EUR;C05-Rocío
F2024-001612;2;01/11/2024;CLI0265;S11;53,58;25,44;5;1294,92;EUR;C04-Andrés
F2024-001612;3;01/11/2024;CLI0265;S01;18,88;91,30;5;1637,56;EUR;C02-Javier
F2024-001613;1;08/01/2024;CLI0358;S08;362,74;2,33;0;845,18;EUR;C01-Marta
F2024-001613;2;08/01/2024;CLI0358;S07;1598,25;1,63;0;2605,15;EUR;C03-Lucía
F2024-001614;1;08/09/2024;CLI0113;S13;1,00;659,16;0;659,16;EUR;C03-Lucía
F2024-001615;1;28/09/2024;CLI0097;S09;124,69;41,71;0;5200,82;EUR;C05-Rocío
F2024-001615;2;28/09/2024;CLI0097;S09;130,63;42,45;10;4990,72;EUR;C03-Lucía
F2024-001616;1;17/10/2024;CLI0052;S14;12,00;207,62;0;2491,44;EUR;C02-Javier
F2024-001616;2;17/10/2024;CLI0052;S07;1449,29;1,67;10;2178,28;EUR;C01-Marta
F2024-001616;3;17/10/2024;CLI0052;S13;1,00;663,99;0;663,99;EUR;C05-Rocío
F2024-001616;4;17/10/2024;CLI0052;S15;1,00;83,81;0;83,81;EUR;C03-Lucía
F2024-001617;1;27/11/2024;CLI0089;S06;156,53;1,07;0;167,49;EUR;C02-Javier
F2024-001618;1;07/09/2024;CLI0207;S15;3,00;87,63;5;249,75;EUR;C04-Andrés
F2024-001618;2;07/09/2024;CLI0207;S10;200,82;8,35;0;1676,85;EUR;C02-Javier
F2024-001619;1;15/07/2024;CLI0008;S11;44,68;24,19;15;918,69;EUR;C01-Marta
F2024-001619;2;15/07/2024;CLI0008;S11;67,19;25,34;10;1532,34;EUR;C03-Lucía
F2024-001619;3;15/07/2024;CLI0008;S01;83,38;93,94;0;7832,72;EUR;C03-Lucía
F2024-001620;1;21/06/2024;CLI0279;S06;3712,64;1,07;0;3972,52;EUR;C05-Rocío
F2024-001620;2;21/06/2024;CLI0279;S06;940,02;1,08;0;1015,22;EUR;C04-Andrés
F2024-001621;1;23/02/2024;CLI0212;S03;40,46;38,25;5;1470,22;EUR;C01-Marta
F2024-001621;2;23/02/2024;CLI0212;S04;224,79;13,94;5;2976,89;EUR;C03-Lucía
F2024-001621;3;23/02/2024;CLI0212;S03;63,04;37,44;0;2360,22;EUR;C04-Andrés
F2024-001622;1;13/07/2024;CLI0201;S15;4,00;86,91;0;347,64;EUR;C02-Javier
F2024-001622;2;13/07/2024;CLI0201;S01;139,93;98,08;0;13724,33;EUR;C01-Marta
F2024-001623;1;16/09/2024;CLI0319;S15;2,00;88,00;5;167,20;EUR;C03-Lucía
F2024-001623;2;16/09/2024;CLI0319;S09;32,84;43,64;0;1433,14;EUR;C01-Marta
F2024-001623;3;16/09/2024;CLI0319;S09;98,54;43,58;5;4079,65;EUR;C04-Andrés
F2024-001624;1;19/02/2024;CLI0212;S12;3,00;121,71;5;;EUR;C03-Lucía
F2024-001624;2;19/02/2024;CLI0212;S12;1,00;115,99;0;115,99;EUR;C04-Andrés
F2024-001624;3;19/02/2024;CLI0212;S14;10,00;204,33;0;2043,30;EUR;C05-Rocío
F2024-001625;1;05/08/2024;CLI0293;S15;2,00;81,01;0;162,02;EUR;C05-Rocío
F2024-001625;2;05/08/2024;CLI0293;S10;82,64;8,39;0;693,35;EUR;C05-Rocío
F2024-001625;3;05/08/2024;CLI0293;S15;1,00;85,32;0;85,32;EUR;C05-Rocío
F2024-001625;4;05/08/2024;CLI0293;S10;182,92;8,72;5;1515,31;EUR;C01-Marta
F2024-001626;1;17/12/2024;CLI0158;S15;1,00;84,81;0;84,81;EUR;C01-Marta
F2024-001626;2;17/12/2024;CLI0158;S14;6,00;219,30;5;1250,01;EUR;C04-Andrés
F2024-001626;3;17/12/2024;CLI0158;S09;148,75;40,44;0;6015,45;EUR;C05-Rocío
F2024-001626;4;17/12/2024;CLI0158;S09;73,86;40,68;15;2553,93;EUR;C05-Rocío
F2024-001627;1;27/07/2024;CLI0068;S06;3436,91;1,10;0;3780,60;EUR;C05-Rocío
F2024-001627;2;27/07/2024;CLI0068;S14;12,00;204,96;0;2459,52;EUR;C03-Lucía
F2024-001627;3;27/07/2024;CLI0068;S13;1,00;629,41;0;629,41;EUR;C04-Andrés
F2024-001628;1;06/12/2024;CLI0101;S15;4,00;95,65;0;382,61;USD;C05-Rocío
F2024-001628;2;06/12/2024;CLI0101;S10;196,69;8,17;15;1365,91;EUR;C02-Javier
F2024-001628;3;06/12/2024;CLI0101;S14;9,00;236,14;0;2125,30;USD;C05-Rocío
F2024-001629;1;23/03/2024;CLI0048;S10;67,14;8,24;0;553,23;EUR;C04-Andrés
F2024-001629;2;23/03/2024;CLI0048;S10;229,35;8,71;5;1897,76;EUR;C04-Andrés
F2024-001629;3;23/03/2024;CLI0048;S10;134,18;8,89;0;1192,86;EUR;C05-Rocío
F2024-001629;4;23/03/2024;CLI0048;S10;2623,27;8,16;5;20335,59;EUR;C03-Lucía
F2024-001630;1;18/11/2024;CLI0131;S13;1,00;620,37;0;620,37;EUR;C03-Lucía
F2024-001630;2;18/11/2024;CLI0131;S10;552,38;8,88;5;4659,88;EUR;C04-Andrés
F2024-001630;3;18/11/2024;CLI0131;S10;809,86;8,63;0;6989,09;EUR;C01-Marta
F2024-001631;1;13/01/2024;CLI0158;S14;7,00;212,06;0;1484,42;EUR;C02-Javier
F2024-001631;2;13/01/2024;CLI0158;S15;1,00;89,08;0;89,08;EUR;C02-Javier
F2024-001631;3;13/01/2024;CLI0158;S09;296,02;40,50;0;11988,81;EUR;C03-Lucía
F2024-001632;1;26/01/2024;CLI0049;S08;831,67;2,33;0;1937,79;EUR;C01-Marta
F2024-001632;2;26/01/2024;CLI0049;S07;419,59;1,60;0;671,34;EUR;C03-Lucía
F2024-001632;3;26/01/2024;CLI0049;S08;379,66;2,36;0;896,00;EUR;C03-Lucía
F2024-001633;1;10/07/2024;CLI0238;S14;9,00;220,20;0;1981,80;EUR;C03-Lucía
F2024-001633;2;10/07/2024;CLI0238;S13;1,00;636,99;5;605,14;EUR;C01-Marta
F2024-001633;3;10/07/2024;CLI0238;S03;60,10;38,44;0;2310,24;EUR;C02-Javier
F2024-001633;4;10/07/2024;CLI0238;S15;4,00;88,43;5;336,03;EUR;C04-Andrés
F2024-001634;1;14/06/2024;CLI0273;S10;146,49;8,17;5;1136,98;EUR;C01-Marta
F2024-001634;2;14/06/2024;CLI0273;S10;107,82;8,58;0;925,10;EUR;C02-Javier
F2024-001634;3;14/06/2024;CLI0273;S10;153,17;8,33;0;1275,91;EUR;C03-Lucía
F2024-001634;4;14/06/2024;CLI0273;S10;229,55;8,59;0;1971,83;EUR;C01-Marta
F2024-001635;1;23/06/2024;CLI0114;S09;177,31;41,18;5;6936,54;EUR;C05-Rocío
F2024-001636;1;28/01/2024;CLI0179;S06;1120,82;1,14;0;1277,73;EUR;C03-Lucía
F2024-001636;2;28/01/2024;CLI0179;S05;306,44;3,13;5;911,20;EUR;C03-Lucía
F2024-001636;3;28/01/2024;CLI0179;S05;188,09;3,07;0;577,44;EUR;C01-Marta
F2024-001637;1;20/04/2024;CLI0379;S08;1021,80;2,37;5;2300,58;EUR;C02-Javier
F2024-001638;1;20/09/2024;CLI0231;S09;112,65;43,77;0;4930,69;EUR;C03-Lucía
F2024-001639;1;14/03/2024;CLI0248;S07;918,08;1,73;5;1511,10;USD;C01-Marta
F2024-001639;2;14/03/2024;CLI0248;S08;2562,30;2,44;0;6252,01;EUR;C03-Lucía
F2024-001639;3;14/03/2024;CLI0248;S08;2592,43;2,35;0;6092,21;EUR;C01-Marta
F2024-001640;1;20/06/2024;CLI0341;S05;834,76;3,25;0;2712,97;EUR;C01-Marta
F2024-001640;2;20/06/2024;CLI0341;S06;1834,23;1,10;0;2017,65;EUR;C03-Lucía
F2024-001640;3;20/06/2024;CLI0341;S05;524,46;3,33;0;1746,45;EUR;C03-Lucía
F2024-001641;1;08/08/2024;CLI0199;S02;129,22;6,80;0;878,70;EUR;C04-Andrés
F2024-001641;2;08/08/2024;CLI0199;S01;128,61;90,68;5;11079,24;EUR;C02-Javier
F2024-001641;3;08/08/2024;CLI0199;S11;89,69;25,76;0;2310,41;EUR;C03-Lucía
F2024-001642;1;03/03/2024;CLI0094;S07;537,30;1,55;0;832,81;EUR;C04-Andrés
F2024-001642;2;03/03/2024;CLI0094;S15;1,00;88,07;0;88,07;EUR;C02-Javier
F2024-001643;1;16/09/2024;CLI0153;S14;2,00;199,63;0;399,26;EUR;C04-Andrés
F2024-001644;1;01/09/2024;CLI0381;S14;9,00;199,52;0;1795,68;EUR;C03-Lucía
F2024-001644;2;01/09/2024;CLI0381;S11;7,50;25,46;0;190,95;EUR;C05-Rocío
F2024-001645;1;17/03/2024;CLI0351;S06;954,12;1,13;0;1078,16;EUR;C02-Javier
F2024-001646;1;21/10/2024;CLI0095;S09;261,88;40,92;0;10716,13;EUR;C05-Rocío
F2024-001646;2;21/10/2024;CLI0095;S09;207,16;41,50;5;8167,28;EUR;C04-Andrés
F2024-001646;3;21/10/2024;CLI0095;S09;95,99;40,87;0;3923,11;EUR;C03-Lucía
F2024-001646;4;21/10/2024;CLI0095;S09;131,00;41,09;0;5382,79;EUR;C03-Lucía
F2024-001647;1;21/10/2024;CLI0095;S09;94,86;43,96;0;4170,05;EUR;C01-Marta
F2024-001647;2;21/10/2024;CLI0095;S09;149,75;43,69;0;6542,58;EUR;C03-Lucía
F2024-001647;3;21/10/2024;CLI0095;S09;113,29;42,01;0;4759,31;EUR;C05-Rocío
F2024-001648;1;25/10/2024;CLI0225;S14;9,00;200,06;10;1620,49;EUR;C01-Marta
F2024-001648;2;25/10/2024;CLI0225;S06;2698,54;1,14;15;2614,89;EUR;C02-Javier
F2024-001648;3;25/10/2024;CLI0225;S06;1993,88;1,09;0;2173,33;EUR;C01-Marta
F2024-001648;4;25/10/2024;CLI0225;S06;926,41;1,06;0;981,99;EUR;C03-Lucía
F2024-001649;1;24/04/2024;CLI0247;S10;458,50;8,38;5;3650,12;EUR;C02-Javier
F2024-001649;2;24/04/2024;CLI0247;S10;217,38;8,21;5;1695,46;EUR;C03-Lucía
F2024-001649;3;24/04/2024;CLI0247;S15;3,00;87,59;15;223,35;EUR;C01-Marta
F2024-001650;1;19/07/2024;CLI0136;S14;16,00;206,68;0;3306,88;EUR;C01-Marta
F2024-001650;2;19/07/2024;CLI0136;S01;126,03;97,91;5;11722,62;EUR;C01-Marta
F2024-001650;3;2024-07-19;CLI0136;S02;348,08;6,60;0;2297,33;EUR;C05-Rocío
F2024-001651;1;11/02/2024;CLI0207;S14;13,00;219,25;0;2850,25;EUR;C04-Andrés
F2024-001651;2;11/02/2024;CLI0207;S10;222,26;8,25;5;1741,96;EUR;C04-Andrés
F2024-001651;3;11/02/2024;CLI0207;S10;330,40;8,14;0;2689,46;EUR;C04-Andrés
F2024-001652;1;04/02/2024;CLI0317;S10;223,88;8,61;0;1927,61;EUR;C03-Lucía
F2024-001652;2;04/02/2024;CLI0317;S10;117,06;8,75;10;921,85;EUR;C02-Javier
F2024-001652;3;04/02/2024;CLI0317;S13;1,00;645,13;5;612,87;EUR;C03-Lucía
F2024-001653;1;22/01/2024;CLI0156;S02;86,98;6,74;0;586,25;EUR;C05-Rocío
F2024-001653;2;22/01/2024;CLI0156;S11;31,76;25,86;0;821,31;EUR;C01-Marta
F2024-001654;1;15/11/2024;CLI0095;S09;98,51;41,73;0;4110,82;EUR;C02-Javier
F2024-001655;1;18/10/2024;CLI0207;S10;63,26;8,29;0;524,43;EUR;C01-Marta
F2024-001656;1;08/12/2024;CLI0051;S05;103,84;3,36;15;296,57;EUR;C03-Lucía
F2024-001656;2;08/12/2024;CLI0051;S05;556,10;3,10;15;1465,32;EUR;C01-Marta
F2024-001657;1;26/04/2024;CLI0317;S10;191,60;8,19;0;1569,20;EUR;C04-Andrés
F2024-001658;1;10/09/2024;CLI0051;S06;1077,81;1,15;0;1239,48;EUR;C05-Rocío
F2024-001658;2;10/09/2024;CLI0051;S13;1,00;672,51;0;672,51;EUR;C02-Javier
F2024-001658;3;10/09/2024;CLI0051;S05;94,52;3,06;5;274,77;EUR;C04-Andrés
F2024-001658;4;10/09/2024;CLI0051;S06;1158,56;1,11;5;1221,70;EUR;C03-Lucía
F2024-001659;1;21/10/2024;CLI0370;S05;653,19;3,09;0;2018,36;EUR;C01-Marta
F2024-001659;2;21/10/2024;CLI0370;S05;1919,45;3,30;0;6334,18;EUR;C02-Javier
F2024-001659;3;21/10/2024;CLI0370;S15;3,00;87,78;0;263,34;EUR;C02-Javier
F2024-001660;1;2024-05-12;CLI0186;S14;11,00;217,45;5;2272,35;EUR;C04-Andrés
F2024-001660;2;12/05/2024;CLI0186;S05;276,67;3,12;5;820,05;EUR;C02-Javier
F2024-001661;1;07/04/2024;CLI0051;S05;451,94;3,18;0;1437,17;EUR;C03-Lucía
F2024-001661;2;07/04/2024;CLI0051;S13;1,00;659,24;10;593,32;EUR;C05-Rocío
F2024-001661;3;07/04/2024;CLI0051;S05;1086,22;3,20;0;3475,90;EUR;C02-Javier
F2024-001662;1;24/07/2024;CLI0162;S13;1,00;664,99;0;664,99;EUR;C05-Rocío
F2024-001662;2;24/07/2024;CLI0162;S12;4,00;117,07;15;398,04;EUR;C03-Lucía
F2024-001663;1;19/02/2024;CLI0095;S09;68,23;40,54;0;2766,04;EUR;C01-Marta
F2024-001663;2;19/02/2024;CLI0095;S09;173,35;42,37;10;6610,36;EUR;C02-Javier
F2024-001663;3;19/02/2024;CLI0095;S09;144,10;42,36;0;6104,08;EUR;C02-Javier
F2024-001663;4;19/02/2024;CLI0095;S09;227,25;42,18;5;9106,13;EUR;C01-Marta
F2024-001664;1;21/06/2024;CLI0055;S14;12,00;207,31;0;2487,72;EUR;C04-Andrés
F2024-001665;1;13/06/2024;CLI0212;S15;3,00;81,73;0;245,19;EUR;C04-Andrés
F2024-001665;2;13/06/2024;CLI0212;S13;1,00;650,38;5;617,86;EUR;C04-Andrés
F2024-001666;1;11/04/2024;CLI0096;S15;2,00;83,93;0;167,86;EUR;C02-Javier
F2024-001666;2;11/04/2024;CLI0096;S07;156,77;1,59;5;236,80;EUR;C04-Andrés
F2024-001666;3;11/04/2024;CLI0096;S15;3,00;82,13;0;246,39;EUR;C02-Javier
F2024-001667;1;02/02/2024;CLI0211;S13;1,00;627,23;0;627,23;EUR;C05-Rocío
F2024-001667;2;02/02/2024;CLI0211;S05;335,80;3,15;0;1057,77;EUR;C04-Andrés
F2024-001668;1;04/11/2024;CLI0051;S05;1835,90;3,21;0;5893,24;EUR;C03-Lucía
F2024-001668;2;04/11/2024;CLI0051;S06;1067,72;1,09;15;989,24;EUR;C05-Rocío
F2024-001669;1;05/04/2024;CLI0386;S02;3897,42;6,59;0;25684,00;EUR;C05-Rocío
F2024-001669;2;05/04/2024;CLI0386;S13;1,00;667,65;0;667,65;EUR;C02-Javier
F2024-001669;3;05/04/2024;CLI0386;S11;92,83;25,77;0;2392,23;EUR;C01-Marta
F2024-001670;1;24/07/2024;CLI0346;S05;58,30;3,15;0;183,64;EUR;C03-Lucía
F2024-001670;2;24/07/2024;CLI0346;S05;157,19;3,14;0;493,58;EUR;C05-Rocío
F2024-001671;1;23/03/2024;CLI0212;S15;4,00;85,01;0;340,04;EUR;C02-Javier
F2024-001671;2;23/03/2024;CLI0212;S14;9,00;210,61;0;1895,49;EUR;C05-Rocío
F2024-001671;3;23/03/2024;CLI0212;S12;4,00;122,03;0;488,12;EUR;C05-Rocío
F2024-001671;4;23/03/2024;CLI0212;S12;3,00;115,34;0;346,02;EUR;C03-Lucía
F2024-001672;1;23/11/2024;CLI0114;S13;1,00;664,24;0;664,24;EUR;C04-Andrés
F2024-001672;2;23/11/2024;CLI0114;S15;4,00;86,26;0;345,04;EUR;C04-Andrés
F2024-001673;1;26/05/2024;CLI0267;S15;4,00;86,23;0;344,92;EUR;C02-Javier
F2024-001674;1;08/12/2024;CLI0386;S11;15,64;24,63;0;385,21;EUR;C03-Lucía
F2024-001674;2;08/12/2024;CLI0386;S14;4,00;215,66;5;819,51;EUR;C05-Rocío
F2024-001674;3;08/12/2024;CLI0386;S01;137,33;91,99;5;12001,34;EUR;C03-Lucía
F2024-001674;4;08/12/2024;CLI0386;S01;251,73;96,03;0;24173,63;EUR;C05-Rocío
F2024-001675;1;09/03/2024;CLI0159;S04;121,68;14,01;10;1534,26;EUR;C04-Andrés
F2024-001675;2;09/03/2024;CLI0159;S13;1,00;657,62;5;624,74;EUR;C05-Rocío
F2024-001675;3;09/03/2024;CLI0159;S15;3,00;88,10;5;251,08;EUR;C05-Rocío
F2024-001675;4;09/03/2024;CLI0159;S13;1,00;654,52;15;556,34;EUR;C05-Rocío
F2024-001676;1;02/10/2024;CLI0176;S15;4,00;85,82;0;343,28;EUR;C04-Andrés
F2024-001676;2;02/10/2024;CLI0176;S05;138,22;3,31;0;457,51;EUR;C01-Marta
F2024-001676;3;02/10/2024;CLI0176;S06;1561,94;1,14;0;1780,61;EUR;C03-Lucía
F2024-001677;1;12/11/2024;CLI0371;S10;180,74;8,73;0;1577,86;EUR;C04-Andrés
F2024-001678;1;10/08/2024;CLI0104;S15;4,00;82,89;5;314,98;EUR;C03-Lucía
F2024-001678;2;10/08/2024;CLI0104;S10;357,31;8,17;0;2919,22;EUR;C03-Lucía
F2024-001678;3;10/08/2024;CLI0104;S13;1,00;648,59;0;648,59;EUR;C03-Lucía
F2024-001679;1;05/04/2024;CLI0325;S14;11,00;200,10;0;2201,10;EUR;C05-Rocío
F2024-001679;2;05/04/2024;CLI0325;S15;2,00;83,50;5;158,65;EUR;C01-Marta
F2024-001679;3;05/04/2024;CLI0325;S13;1,00;670,44;0;670,44;EUR;C01-Marta
F2024-001679;4;05/04/2024;CLI0325;S01;48,85;93,94;0;4588,97;EUR;C04-Andrés
F2024-001680;1;24/04/2024;CLI0149;S07;1404,87;1,63;5;2175,44;EUR;C04-Andrés
F2024-001680;2;24/04/2024;CLI0149;S14;4,00;217,52;15;739,57;EUR;C03-Lucía
F2024-001681;1;28/11/2024;CLI0375;S11;14,37;24,94;0;358,39;EUR;C01-Marta
F2024-001681;2;28/11/2024;CLI0375;S11;53,08;23,85;0;1265,96;EUR;C04-Andrés
F2024-001681;3;28/11/2024;CLI0375;S02;422,17;6,63;0;2798,99;EUR;C05-Rocío
F2024-001681;4;28/11/2024;CLI0375;S14;12,00;202,66;0;2431,92;EUR;C05-Rocío
F2024-001682;1;18/05/2024;CLI0158;S14;11,00;209,99;0;2309,89;EUR;C05-Rocío
F2024-001682;2;18/05/2024;CLI0158;S13;1,00;640,67;5;608,64;EUR;C02-Javier
F2024-001683;1;03/06/2024;CLI0045;S06;2110,16;1,07;0;2257,87;EUR;C03-Lucía
F2024-001683;2;03/06/2024;CLI0045;S06;1041,97;1,07;5;1059,16;EUR;C04-Andrés
F2024-001684;1;16/04/2024;CLI0370;S06;1224,19;1,09;5;1267,65;EUR;C02-Javier
F2024-001685;1;08/01/2024;CLI0247;S10;225,27;8,73;5;1868,28;EUR;C02-Javier
F2024-001686;1;25/07/2024;CLI0095;S09;83,48;43,17;5;3423,64;EUR;C02-Javier
F2024-001686;2;25/07/2024;CLI0095;S09;186,31;41,24;0;7683,42;EUR;C03-Lucía
F2024-001687;1;27/12/2024;CLI0094;S15;2,00;84,11;0;168,22;EUR;C01-Marta
F2024-001687;2;27/12/2024;CLI0094;S07;253,08;1,54;5;370,26;EUR;C05-Rocío
F2024-001688;1;25/03/2024;CLI0399;S10;127,06;8,17;0;1038,08;EUR;C01-Marta
F2024-001688;2;25/03/2024;CLI0399;S10;1436,97;8,28;0;11898,11;EUR;C04-Andrés
F2024-001688;3;25/03/2024;CLI0399;S15;3,00;83,91;0;251,73;EUR;C05-Rocío
F2024-001688;4;25/03/2024;CLI0399;S10;1531,51;8,53;0;13063,78;EUR;C05-Rocío
F2024-001689;1;03/08/2024;CLI0347;S14;11,00;203,06;0;2233,66;EUR;C02-Javier
F2024-001690;1;14/04/2024;CLI0120;S01;45,30;93,60;15;3604,07;EUR;C03-Lucía
F2024-001691;1;15/08/2024;CLI0158;S09;212,07;40,95;5;8250,05;EUR;C02-Javier
F2024-001691;2;15/08/2024;CLI0158;S14;13,00;201,21;0;2615,73;EUR;C01-Marta
F2024-001691;3;15/08/2024;CLI0158;S09;77,02;42,04;10;2914,13;EUR;C01-Marta
F2024-001691;4;15/08/2024;CLI0158;S09;135,65;40,01;0;5427,36;EUR;C04-Andrés
F2024-001692;1;14/12/2024;CLI0135;S15;1,00;83,13;0;83,13;EUR;C04-Andrés
F2024-001692;2;14/12/2024;CLI0135;S10;358,86;8,08;0;2899,59;EUR;C01-Marta
F2024-001692;3;14/12/2024;CLI0135;S10;582,98;8,31;0;4844,56;EUR;C01-Marta
F2024-001692;4;14/12/2024;CLI0135;S10;44,63;8,10;5;343,43;EUR;C04-Andrés
F2024-001693;1;01/07/2024;CLI0094;S13;1,00;640,41;5;608,39;EUR;C01-Marta
F2024-001694;1;19/10/2024;CLI0356;S10;939,81;8,40;0;7894,40;EUR;C05-Rocío
F2024-001694;2;19/10/2024;CLI0356;S13;1,00;633,07;15;538,11;EUR;C05-Rocío
F2024-001694;3;19/10/2024;CLI0356;S10;662,07;8,51;0;5634,22;EUR;C02-Javier
F2024-001694;4;19/10/2024;CLI0356;S10;853,49;8,18;15;5934,32;EUR;C03-Lucía
F2024-001695;1;24/03/2024;CLI0306;S02;581,55;6,24;5;3447,43;EUR;C03-Lucía
F2024-001696;1;16/04/2024;CLI0010;S01;17,95;99,21;0;1780,82;EUR;C04-Andrés
F2024-001696;2;16/04/2024;CLI0010;S02;400,70;6,82;0;2732,77;EUR;C01-Marta
F2024-001696;3;16/04/2024;CLI0010;S15;4,00;82,27;0;329,08;EUR;C02-Javier
F2024-001696;4;16/04/2024;CLI0010;S02;236,48;6,78;5;1523,17;EUR;C05-Rocío
F2024-001697;1;15/07/2024;CLI0115;S01;52,15;95,35;10;4475,25;EUR;C05-Rocío
F2024-001697;2;15/07/2024;CLI0115;S14;10,00;202,10;10;1818,90;EUR;C03-Lucía
F2024-001697;3;15/07/2024;CLI0115;S02;302,65;6,81;0;2061,05;EUR;C04-Andrés
F2024-001697;4;15/07/2024;CLI0115;S02;180,63;6,26;0;1130,74;EUR;C02-Javier
F2024-001698;1;03/09/2024;CLI0051;S14;5,00;217,36;0;1086,80;EUR;C02-Javier
F2024-001698;2;03/09/2024;CLI0051;S14;13,00;201,17;0;2615,21;EUR;C02-Javier
F2024-001699;1;09/07/2024;CLI0317;S15;3,00;82,09;10;221,64;EUR;C05-Rocío
F2024-001700;1;17/10/2024;CLI0146;S09;94,69;43,25;5;3890,58;EUR;C04-Andrés
F2024-001701;1;06/12/2024;CLI0073;S06;3298,34;1,30;0;4279,17;USD;C02-Javier
F2024-001702;1;03/08/2024;CLI0149;S08;3395,25;2,49;5;8031,46;EUR;C05-Rocío
F2024-001703;1;12/01/2024;CLI0288;S15;3,00;84,44;0;253,32;EUR;C03-Lucía
F2024-001703;2;12/01/2024;CLI0288;S15;3,00;82,34;5;234,67;EUR;C03-Lucía
F2024-001703;3;12/01/2024;CLI0288;S05;384,48;3,15;0;1211,11;EUR;C03-Lucía
F2024-001703;4;12/01/2024;CLI0288;S06;1083,34;1,15;5;1183,55;EUR;C04-Andrés
F2024-001704;1;23/10/2024;CLI0269;S15;4,00;84,03;5;319,31;EUR;C04-Andrés
F2024-001705;1;05/02/2024;CLI0369;S12;3,00;123,99;0;371,97;EUR;C01-Marta
F2024-001705;2;05/02/2024;CLI0369;S14;13,00;210,92;0;2741,96;EUR;C01-Marta
F2024-001706;1;28/09/2024;CLI0154;S10;166,73;8,30;0;1383,86;EUR;C01-Marta
F2024-001707;1;18/10/2024;CLI0048;S15;3,00;87,88;0;263,64;EUR;C03-Lucía
F2024-001708;1;15/02/2024;CLI0047;S10;415,83;8,12;0;3376,54;EUR;C02-Javier
F2024-001709;1;10/09/2024;CLI0356;S10;432,97;8,39;0;3632,62;EUR;C04-Andrés
F2024-001709;2;10/09/2024;CLI0356;S10;1948,01;8,62;0;16791,85;EUR;C02-Javier
F2024-001709;3;10/09/2024;CLI0356;S13;1,00;680,61;0;680,61;EUR;C02-Javier
F2024-001710;1;21/11/2024;CLI0103;S07;161,84;1,64;5;252,15;EUR;C03-Lucía
F2024-001710;2;21/11/2024;CLI0103;S08;1827,49;2,51;0;4587,00;EUR;C04-Andrés
F2024-001711;1;18/01/2024;CLI0051;S06;958,95;1,07;0;1026,08;EUR;C01-Marta
F2024-001712;1;09/09/2024;CLI0395;S15;4,00;83,22;15;282,95;EUR;C04-Andrés
F2024-001712;2;09/09/2024;CLI0395;S02;250,14;6,54;15;1390,53;EUR;C02-Javier
F2024-001713;1;11/09/2024;CLI0370;S06;621,10;1,07;0;664,58;EUR;C05-Rocío
F2024-001713;2;11/09/2024;CLI0370;S05;121,18;3,20;15;329,61;EUR;C05-Rocío
F2024-001713;3;11/09/2024;CLI0370;S05;305,89;3,24;0;991,08;EUR;C03-Lucía
F2024-001714;1;26/10/2024;CLI0023;S14;7,00;202,78;0;1419,46;EUR;C03-Lucía
F2024-001714;2;26/10/2024;CLI0023;S13;1,00;635,61;0;635,61;EUR;C04-Andrés
F2024-001715;1;22/06/2024;CLI0207;S10;656,92;8,38;0;5504,99;EUR;C03-Lucía
F2024-001715;2;22/06/2024;CLI0207;S13;1,00;619,58;0;619,58;EUR;C05-Rocío
F2024-001715;3;22/06/2024;CLI0207;S10;611,98;8,23;0;5036,60;EUR;C03-Lucía
F2024-001716;1;10/03/2024;CLI0048;S10;443,74;8,84;5;3726,53;EUR;C04-Andrés
F2024-001717;1;28/06/2024;CLI0212;S12;2,00;119,08;5;226,25;EUR;C03-Lucía
F2024-001717;2;28/06/2024;CLI0212;S03;12,91;37,97;0;490,19;EUR;C03-Lucía
F2024-001718;1;18/07/2024;CLI0094;S14;3,00;202,41;0;607,23;EUR;C05-Rocío
F2024-001719;1;17/01/2024;CLI0331;S01;325,31;91,40;0;29733,33;EUR;C01-Marta
F2024-001720;1;24/07/2024;CLI0171;S09;35,68;41,06;0;1465,02;EUR;C01-Marta
F2024-001720;2;24/07/2024;CLI0171;S09;72,76;41,85;0;3045,01;EUR;C03-Lucía
F2024-001720;3;24/07/2024;CLI0171;S09;106,72;40,10;0;4279,47;EUR;C02-Javier
F2024-001721;1;12/08/2024;CLI0372;S09;228,23;40,93;5;8874,38;EUR;C01-Marta
F2024-001721;2;12/08/2024;CLI0372;S09;51,46;40,04;0;2060,46;EUR;C03-Lucía
F2024-001722;1;22/05/2024;CLI0089;S05;401,61;3,11;10;1124,11;EUR;C02-Javier
F2024-001723;1;22/03/2024;CLI0220;S09;75,01;41,99;5;2992,19;EUR;C02-Javier
F2024-001723;2;22/03/2024;CLI0220;S09;236,57;42,30;0;10006,91;EUR;C05-Rocío
F2024-001723;3;22/03/2024;CLI0220;S09;59,48;40,62;5;2295,27;EUR;C03-Lucía
F2024-001723;4;22/03/2024;CLI0220;S09;144,77;44,34;0;6418,50;USD;C05-Rocío
F2024-001724;1;23/01/2024;CLI0153;S04;152,47;14,11;0;2151,35;EUR;C03-Lucía
F2024-001724;2;23/01/2024;CLI0153;S14;3,00;212,00;0;636,00;EUR;C04-Andrés
F2024-001724;3;23/01/2024;CLI0153;S03;36,10;36,70;0;1324,87;EUR;C04-Andrés
F2024-001725;1;22/03/2024;CLI0024;S06;484,05;1,09;5;501,23;EUR;C05-Rocío
F2024-001725;2;22/03/2024;CLI0024;S05;100,85;3,07;5;294,13;EUR;C04-Andrés
F2024-001725;3;22/03/2024;CLI0024;S05;1580,46;3,15;0;4978,45;EUR;C05-Rocío
F2024-001726;1;13/11/2024;CLI0299;S08;3699,00;2,35;0;8692,65;EUR;C03-Lucía
F2024-001727;1;16/10/2024;CLI0056;S10;88,57;8,63;0;764,36;EUR;C03-Lucía
F2024-001728;1;21/07/2024;CLI0193;S08;1025,49;2,49;0;2553,47;EUR;C01-Marta
F2024-001728;2;21/07/2024;CLI0193;S14;5,00;209,61;5;995,65;EUR;C02-Javier
F2024-001729;1;27/02/2024;CLI0356;S10;723,70;8,53;15;5247,19;EUR;C02-Javier
F2024-001730;1;21/06/2024;CLI0137;S15;3,00;85,07;0;255,21;EUR;C03-Lucía
F2024-001730;2;21/06/2024;CLI0137;S11;15,61;26,08;0;407,11;EUR;C02-Javier
F2024-001730;3;21/06/2024;CLI0137;S01;25,59;95,16;0;2435,14;EUR;C02-Javier
F2024-001730;4;21/06/2024;CLI0137;S01;250,10;94,42;0;23614,44;EUR;C03-Lucía
F2024-001731;1;07/01/2024;CLI0370;S05;47,68;3,31;0;157,82;EUR;C03-Lucía
F2024-001731;2;07/01/2024;CLI0370;S06;1591,74;1,11;5;1678,49;EUR;C05-Rocío
F2024-001731;3;07/01/2024;CLI0370;S06;1356,85;1,10;0;1492,54;EUR;C05-Rocío
F2024-001732;1;26/01/2024;CLI0044;S07;501,27;1,60;5;761,93;EUR;C04-Andrés
F2024-001732;2;26/01/2024;CLI0044;S14;16,00;200,47;0;3207,52;EUR;C05-Rocío
F2024-001733;1;03/07/2024;CLI0366;S05;1005,48;3,13;15;2675,08;EUR;C04-Andrés
F2024-001733;2;03/07/2024;CLI0366;S06;1110,44;1,13;0;1254,80;EUR;C04-Andrés
F2024-001733;3;03/07/2024;CLI0366;S06;1319,66;1,15;0;1517,61;EUR;C04-Andrés
F2024-001733;4;03/07/2024;CLI0366;S14;5,00;203,46;0;1017,30;EUR;C02-Javier
F2024-001734;1;09/05/2024;CLI0207;S10;107,83;8,48;0;914,40;EUR;C03-Lucía
F2024-001734;2;09/05/2024;CLI0207;S10;1051,46;8,24;0;8664,03;EUR;C05-Rocío
F2024-001735;1;17/05/2024;cli0103;S07;59,19;1,67;0;98,85;EUR;C01-Marta
F2024-001735;2;17/05/2024;CLI0103;S08;1709,94;2,33;0;3984,16;EUR;C01-Marta
F2024-001736;1;22/11/2024;CLI0368;S10;2861,32;8,66;5;23540,08;EUR;C04-Andrés
F2024-001736;2;22/11/2024;CLI0368;S10;190,22;8,81;0;1675,84;EUR;C05-Rocío
F2024-001736;3;22/11/2024;CLI0368;S10;113,20;8,61;0;974,65;EUR;C02-Javier
F2024-001737;1;10/03/2024;CLI0008;S11;34,11;25,40;10;779,75;EUR;C02-Javier
F2024-001737;2;10/03/2024;CLI0008;S02;246,36;6,48;0;1596,41;EUR;C02-Javier
F2024-001737;3;10/03/2024;CLI0008;S01;87,63;93,86;15;6991,21;EUR;C05-Rocío
F2024-001737;4;10/03/2024;CLI0008;S01;66,41;97,43;5;6146,81;EUR;C01-Marta
F2024-001738;1;12/02/2024;CLI0282;S08;2440,60;2,31;0;5637,79;EUR;C04-Andrés
F2024-001738;2;12/02/2024;CLI0282;S14;10,00;241,59;0;2415,88;USD;C05-Rocío
F2024-001739;1;26/08/2024;CLI0051;S06;634,07;1,12;0;710,16;EUR;C02-Javier
F2024-001739;2;26/08/2024;CLI0051;S05;82,46;3,08;0;253,98;EUR;C03-Lucía
F2024-001739;3;26/08/2024;CLI0051;S05;228,48;3,11;0;710,57;EUR;C02-Javier
F2024-001740;1;10/08/2024;CLI0017;S06;2161,75;1,11;10;2159,59;EUR;C03-Lucía
F2024-001740;2;10/08/2024;CLI0017;S06;989,47;1,05;10;935,05;EUR;C01-Marta
F2024-001740;3;10/08/2024;CLI0017;S06;638,81;1,12;0;715,47;EUR;C01-Marta
F2024-001741;1;28/06/2024;CLI0031;S02;120,95;6,50;0;786,18;EUR;C05-Rocío
F2024-001742;1;14/10/2024;CLI0151;S10;886,87;8,35;0;;EUR;C01-Marta
F2024-001742;2;14/10/2024;CLI0151;S15;2,00;88,48;5;168,11;EUR;C01-Marta
F2024-001742;3;14/10/2024;CLI0151;S14;12,00;215,30;0;2583,60;EUR;C03-Lucía
F2024-001743;1;21/12/2024;CLI0015;S06;545,20;1,11;0;605,17;EUR;C01-Marta
F2024-001744;1;11/02/2024;CLI0207;S10;326,49;8,68;0;2833,93;EUR;C01-Marta
F2024-001744;2;11/02/2024;CLI0207;S13;1,00;620,12;0;620,12;EUR;C04-Andrés
F2024-001745;1;20/07/2024;CLI0113;S09;229,03;42,63;10;8787,19;EUR;C03-Lucía
F2024-001746;1;20/11/2024;CLI0299;S07;74,80;1,63;0;121,92;EUR;C05-Rocío
F2024-001747;1;19/02/2024;CLI0016;S11;74,99;23,84;10;1608,99;EUR;C04-Andrés
F2024-001747;2;19/02/2024;CLI0016;S15;1,00;85,48;5;81,21;EUR;C04-Andrés
F2024-001747;3;19/02/2024;CLI0016;S11;9,12;26,01;0;237,21;EUR;C01-Marta
F2024-001748;1;01/04/2024;CLI0366;S05;326,48;3,24;10;952,02;EUR;C03-Lucía
F2024-001748;2;01/04/2024;CLI0366;S05;459,40;3,14;10;1298,26;EUR;C01-Marta
F2024-001748;3;01/04/2024;CLI0366;S05;102,48;3,08;0;315,64;EUR;C02-Javier
F2024-001749;1;24/03/2024;CLI0072;S06;1792,52;1,09;0;1953,85;EUR;C03-Lucía
F2024-001749;2;24/03/2024;CLI0072;S05;641,40;3,05;5;1858,46;EUR;C05-Rocío
F2024-001749;3;24/03/2024;CLI0072;S15;2,00;85,69;0;171,38;EUR;C01-Marta
F2024-001749;4;24/03/2024;CLI0072;S13;1,00;646,66;5;614,33;EUR;C03-Lucía
F2024-001750;1;03/02/2024;CLI0370;S05;208,21;3,13;0;651,70;EUR;C01-Marta
F2024-001751;1;05/11/2024;CLI0078;S10;519,18;8,81;0;4573,98;EUR;C03-Lucía
F2024-001751;2;05/11/2024;CLI0078;S10;621,34;8,40;0;5219,26;EUR;C02-Javier
F2024-001751;3;05/11/2024;CLI0078;S10;2024,84;8,40;0;17008,66;EUR;C02-Javier
F2024-001751;4;05/11/2024;CLI0078;S10;970,23;8,81;0;8547,73;EUR;C02-Javier
F2024-001752;1;02/05/2024;CLI0341;S06;17414,21;1,05;0;18284,92;EUR;C02-Javier
F2024-001752;2;02/05/2024;CLI0341;S05;243,45;3,33;5;770,15;EUR;C01-Marta
F2024-001753;1;11/11/2024;CLI0025;S07;166,06;1,66;0;275,66;EUR;C04-Andrés
F2024-001754;1;26/10/2024;CLI0008;S11;40,29;25,22;15;863,70;EUR;C01-Marta
F2024-001754;2;26/10/2024;CLI0008;S01;69,08;96,78;0;6685,56;EUR;C01-Marta
F2024-001754;3;26/10/2024;CLI0008;S15;2,00;81,84;0;163,68;EUR;C02-Javier
F2024-001755;1;25/07/2024;CLI0138;S14;10,00;214,52;5;2037,94;EUR;C02-Javier
F2024-001755;2;25/07/2024;CLI0138;S09;160,17;40,85;0;6542,94;EUR;C02-Javier
F2024-001755;3;25/07/2024;CLI0138;S09;66,91;43,72;5;2779,04;EUR;C02-Javier
F2024-001755;4;25/07/2024;CLI0138;S09;130,88;40,20;0;5261,38;EUR;C04-Andrés
F2024-001756;1;08/12/2024;CLI0212;S14;6,00;207,04;0;1242,24;EUR;C01-Marta
F2024-001756;2;08/12/2024;CLI0212;S04;225,47;14,30;5;3063,01;EUR;C01-Marta
F2024-001756;3;08/12/2024;CLI0212;S04;127,06;14,09;5;1700,76;EUR;C05-Rocío
F2024-001757;1;25/06/2024;CLI0370;S05;334,70;3,19;0;1067,69;EUR;C05-Rocío
F2024-001757;2;25/06/2024;CLI0370;S05;6550,85;3,36;15;18709,23;EUR;C05-Rocío
F2024-001757;3;25/06/2024;CLI0370;S06;4574,17;1,11;10;4569,60;EUR;C05-Rocío
F2024-001758;1;27/07/2024;CLI0227;S08;546,44;2,35;0;1284,13;EUR;C03-Lucía
F2024-001758;2;27/07/2024;CLI0227;S07;383,39;1,56;5;568,18;EUR;C02-Javier
F2024-001759;1;20/10/2024;CLI0257;S05;146,85;3,27;0;480,20;EUR;C04-Andrés
F2024-001759;2;20/10/2024;CLI0257;S14;5,00;214,01;0;1070,05;EUR;C04-Andrés
F2024-001759;3;20/10/2024;CLI0257;S06;1297,17;1,07;0;1387,97;EUR;C03-Lucía
F2024-001759;4;20/10/2024;CLI0257;S15;2,00;84,73;0;169,46;EUR;C03-Lucía
F2024-001760;1;04/01/2024;CLI0341;S05;277,01;3,07;0;850,42;EUR;C05-Rocío
F2024-001760;2;04/01/2024;CLI0341;S05;504,73;3,27;0;1650,47;EUR;C02-Javier
F2024-001760;3;04/01/2024;CLI0341;S15;3,00;85,34;0;256,02;EUR;C05-Rocío
F2024-001760;4;04/01/2024;CLI0341;S05;199,62;3,16;5;599,26;EUR;C02-Javier
F2024-001761;1;23/04/2024;CLI0051;S13;1,00;650,70;10;585,63;EUR;C02-Javier
F2024-001761;2;23/04/2024;CLI0051;S05;437,42;3,17;15;1178,63;EUR;C05-Rocío
F2024-001762;1;08/07/2024;CLI0095;S15;3,00;84,84;0;254,52;EUR;C03-Lucía
F2024-001762;2;08/07/2024;CLI0095;S15;4,00;85,36;0;341,44;EUR;C03-Lucía
F2024-001762;3;08/07/2024;CLI0095;S09;71,01;40,59;0;2882,30;EUR;C03-Lucía
F2024-001762;4;08/07/2024;CLI0095;S14;9,00;217,74;15;1665,71;EUR;C05-Rocío
F2024-001763;1;06/07/2024;CLI0008;S15;1,00;86,08;0;86,08;EUR;C04-Andrés
F2024-001763;2;06/07/2024;CLI0008;S13;1,00;624,04;10;561,64;EUR;C05-Rocío
F2024-001764;1;23/10/2024;CLI0325;S13;1,00;624,22;0;624,22;EUR;C01-Marta
F2024-001764;2;23/10/2024;CLI0325;S11;32,94;25,16;0;828,77;EUR;C02-Javier
F2024-001764;3;23/10/2024;CLI0325;S02;683,84;6,74;5;4378,63;EUR;C03-Lucía
F2024-001764;4;23/10/2024;CLI0325;S11;43,35;25,79;0;1118,00;EUR;C03-Lucía
F2024-001765;1;18/08/2024;CLI0024;S06;1531,96;1,12;0;1715,80;EUR;C04-Andrés
F2024-001765;2;18/08/2024;CLI0024;S05;447,23;3,25;0;1453,50;EUR;C01-Marta
F2024-001766;1;27/08/2024;CLI0169;S09;98,16;43,28;0;4248,36;EUR;C05-Rocío
F2024-001766;2;27/08/2024;CLI0169;S15;2,00;82,65;0;165,30;EUR;C02-Javier
F2024-001766;3;27/08/2024;CLI0169;S14;4,00;205,52;5;780,98;EUR;C01-Marta
F2024-001766;4;27/08/2024;CLI0169;S09;83,46;43,33;5;3435,51;EUR;C05-Rocío
F2024-001767;1;27/11/2024;CLI0371;S10;508,84;8,57;5;4142,72;EUR;C03-Lucía
F2024-001767;2;27/11/2024;CLI0371;S13;1,00;637,01;0;637,01;EUR;C03-Lucía
F2024-001767;3;27/11/2024;CLI0371;S10;262,51;8,82;5;2199,57;EUR;C03-Lucía
F2024-001768;1;10/08/2024;CLI0232;S10;802,31;8,70;0;6980,10;EUR;C03-Lucía
F2024-001768;2;10/08/2024;CLI0232;S13;1,00;629,56;5;598,08;EUR;C02-Javier
F2024-001768;3;10/08/2024;CLI0232;S10;86,28;8,23;0;710,08;EUR;C02-Javier
F2024-001768;4;10/08/2024;CLI0232;S10;337,31;8,11;0;2735,58;EUR;C02-Javier
F2024-001769;1;02/03/2024;CLI0396;S05;109,43;3,20;5;332,67;EUR;C04-Andrés
F2024-001769;2;02/03/2024;CLI0396;S14;3,00;219,71;0;659,13;EUR;C01-Marta
F2024-001769;3;02/03/2024;CLI0396;S14;16,00;214,49;0;3431,84;EUR;C03-Lucía
F2024-001769;4;02/03/2024;CLI0396;S06;1292,28;1,12;0;1447,35;EUR;C04-Andrés
F2024-001770;1;28/05/2024;CLI0026;S15;3,00;88,59;0;265,77;EUR;C03-Lucía
F2024-001770;2;28/05/2024;CLI0026;S10;279,98;8,90;5;2367,23;EUR;C01-Marta
F2024-001770;3;28/05/2024;CLI0026;S10;521,91;8,48;5;4204,51;EUR;C04-Andrés
F2024-001771;1;28/09/2024;CLI0096;S07;246,26;1,65;0;406,33;EUR;C04-Andrés
F2024-001772;1;20/11/2024;CLI0230;S01;24,85;99,21;15;2095,56;EUR;C01-Marta
F2024-001772;2;20/11/2024;CLI0230;S01;294,64;97,89;15;24515,96;EUR;C01-Marta
F2024-001773;1;13/06/2024;CLI0330;S07;226,59;1,57;0;355,75;EUR;C01-Marta
F2024-001773;2;13/06/2024;CLI0330;S07;1978,45;1,53;0;3027,03;EUR;C04-Andrés
F2024-001773;3;13/06/2024;CLI0330;S14;8,00;204,40;0;1635,20;EUR;C01-Marta
F2024-001773;4;13/06/2024;CLI0330;S08;6285,14;2,39;0;15021,48;EUR;C01-Marta
F2024-001774;1;22/08/2024;CLI0010;S02;259,22;6,36;0;1648,64;EUR;C03-Lucía
F2024-001775;1;13/06/2024;CLI0307;S14;11,00;203,04;0;2233,44;EUR;C02-Javier
F2024-001775;2;13/06/2024;CLI0307;S09;256,88;43,63;5;10647,29;EUR;C01-Marta
F2024-001775;3;13/06/2024;CLI0307;S09;266,13;43,07;5;10889,11;EUR;C03-Lucía
F2024-001776;1;19/05/2024;CLI0230;S01;22,77;106,84;10;2189,38;USD;C01-Marta
F2024-001776;2;19/05/2024;CLI0230;S13;1,00;741,41;15;630,19;USD;C05-Rocío
F2024-001777;1;24/03/2024;CLI0211;S06;6540,25;1,09;5;6772,43;EUR;C03-Lucía
F2024-001777;2;24/03/2024;CLI0211;S13;1,00;656,22;0;656,22;EUR;C01-Marta
F2024-001777;3;24/03/2024;CLI0211;S05;480,26;3,27;0;1570,45;EUR;C01-Marta
F2024-001778;1;23/06/2024;CLI0120;S11;50,26;25,78;0;1295,70;EUR;C04-Andrés
F2024-001778;2;23/06/2024;CLI0120;S01;78,00;91,19;10;6401,54;EUR;C05-Rocío
F2024-001779;1;12/02/2024;CLI0089;S06;6521,72;1,10;0;7173,89;EUR;C05-Rocío
F2024-001780;1;12/07/2024;CLI0048;S10;1110,23;8,61;5;9081,13;EUR;C04-Andrés
F2024-001780;2;12/07/2024;CLI0048;S10;93,00;8,57;0;797,01;EUR;C04-Andrés
F2024-001781;1;16/12/2024;CLI0399;S10;243,43;8,81;5;2037,39;EUR;C05-Rocío
F2024-001782;1;13/06/2024;CLI0382;S15;1,00;88,80;0;88,80;EUR;C01-Marta
F2024-001782;2;13/06/2024;CLI0382;S14;11,00;205,48;5;2147,27;EUR;C05-Rocío
F2024-001783;1;16/05/2024;CLI0315;S07;36,12;1,66;0;59,96;EUR;C05-Rocío
F2024-001783;2;16/05/2024;CLI0315;S07;237,70;1,63;0;387,45;EUR;C02-Javier
F2024-001783;3;16/05/2024;CLI0315;S13;1,00;659,90;0;659,90;EUR;C02-Javier
F2024-001784;1;14/07/2024;CLI0071;S11;21,61;25,10;0;542,41;EUR;C04-Andrés
F2024-001784;2;14/07/2024;CLI0071;S01;41,72;90,99;5;3606,30;EUR;C03-Lucía
F2024-001784;3;14/07/2024;CLI0071;S01;155,89;97,71;0;15232,01;EUR;C01-Marta
F2024-001785;1;10/12/2024;CLI0095;S09;159,44;43,97;0;7010,58;EUR;C03-Lucía
F2024-001786;1;25/08/2024;CLI0291;S10;501,95;8,63;10;3898,65;EUR;C03-Lucía
F2024-001786;2;25/08/2024;CLI0291;S10;495,00;8,83;5;4152,31;EUR;C03-Lucía
F2024-001787;1;08/10/2024;CLI0207;S15;1,00;80,83;0;80,83;EUR;C01-Marta
F2024-001787;2;08/10/2024;CLI0207;S10;881,70;8,91;0;7855,95;EUR;C04-Andrés
F2024-001787;3;08/10/2024;CLI0207;S10;168,17;8,67;0;1458,03;EUR;C01-Marta
F2024-001787;4;08/10/2024;CLI0207;S10;933,24;8,21;0;7661,90;EUR;C05-Rocío
F2024-001788;1;20/07/2024;CLI0158;S09;288,56;43,71;0;12612,96;EUR;C01-Marta
F2024-001788;2;20/07/2024;CLI0158;S09;90,69;43,88;10;3581,53;EUR;C03-Lucía
F2024-001788;3;20/07/2024;CLI0158;S09;357,73;40,10;0;14344,97;EUR;C04-Andrés
F2024-001788;4;20/07/2024;CLI0158;S09;75,21;43,05;0;3237,79;EUR;C01-Marta
F2024-001789;1;06/05/2024;CLI0159;S12;2,00;114,12;10;205,42;EUR;C01-Marta
F2024-001790;1;16/07/2024;CLI0051;S05;437,16;3,31;5;1374,65;EUR;C05-Rocío
F2024-001790;2;16/07/2024;CLI0051;S13;1,00;631,33;15;536,63;EUR;C01-Marta
F2024-001790;3;16/07/2024;CLI0051;S06;3377,39;1,06;5;3401,03;EUR;C01-Marta
F2024-001790;4;16/07/2024;CLI0051;S05;939,31;3,36;0;3156,08;EUR;C03-Lucía
F2024-001791;1;27/04/2024;CLI0376;S09;173,48;42,18;0;7317,39;EUR;C03-Lucía
F2024-001791;2;27/04/2024;CLI0376;S09;311,52;43,90;0;13675,73;EUR;C04-Andrés
F2024-001792;1;28/08/2024;CLI0201;S14;14,00;201,02;15;2392,14;EUR;C04-Andrés
F2024-001792;2;28/08/2024;CLI0201;S02;103,57;6,24;0;646,28;EUR;C03-Lucía
F2024-001792;3;28/08/2024;CLI0201;S11;38,59;25,61;15;840,05;EUR;C02-Javier
F2024-001792;4;28/08/2024;CLI0201;S15;1,00;87,75;5;83,36;EUR;C03-Lucía
F2024-001793;1;07/03/2024;CLI0053;S07;1461,24;1,53;0;2235,70;EUR;C04-Andrés
F2024-001793;2;07/03/2024;CLI0053;S07;583,72;1,66;5;920,53;EUR;C04-Andrés
F2024-001793;3;07/03/2024;CLI0053;S13;1,00;623,13;15;529,66;EUR;C02-Javier
F2024-001794;1;01/12/2024;CLI0207;S10;1148,58;8,87;0;10187,90;EUR;C01-Marta
F2024-001794;2;01/12/2024;CLI0207;S10;457,32;8,41;5;3653,76;EUR;C03-Lucía
F2024-001794;3;01/12/2024;CLI0207;S10;443,29;8,18;0;3626,11;EUR;C04-Andrés
F2024-001794;4;01/12/2024;CLI0207;S10;894,57;8,50;0;7603,85;EUR;C03-Lucía
F2024-001795;1;17/09/2024;CLI0272;S09;45,58;42,16;0;1921,65;EUR;C04-Andrés
F2024-001795;2;17/09/2024;CLI0272;S09;68,35;42,13;0;2879,59;EUR;C04-Andrés
F2024-001795;3;17/09/2024;CLI0272;S09;106,46;42,56;5;4304,39;EUR;C04-Andrés
F2024-001796;1;27/10/2024;CLI0379;S08;228,87;2,50;5;543,57;EUR;C02-Javier
F2024-001796;2;27/10/2024;CLI0379;S08;742,55;2,50;0;1856,38;EUR;C01-Marta
F2024-001797;1;24/08/2024;CLI0126;S14;6,00;215,20;5;1226,64;EUR;C02-Javier
F2024-001798;1;17/12/2024;CLI0278;S08;2547,89;2,48;0;6318,77;EUR;C01-Marta
F2024-001798;2;17/12/2024;CLI0278;S14;8,00;214,92;0;1719,36;EUR;C02-Javier
F2024-001798;3;17/12/2024;CLI0278;S13;1,00;650,88;0;650,88;EUR;C02-Javier
F2024-001799;1;12/11/2024;CLI0101;S10;858,20;9,76;0;8375,05;USD;C02-Javier
F2024-001799;2;12/11/2024;CLI0101;S10;200,62;9,49;0;1903,32;USD;C03-Lucía
F2024-001800;1;05/06/2024;CLI0315;S13;1,00;653,13;0;653,13;EUR;C01-Marta
F2024-001800;2;05/06/2024;CLI0315;S07;791,49;1,62;5;1218,10;EUR;C05-Rocío
F2024-001800;3;05/06/2024;CLI0315;S15;4,00;87,71;0;350,84;EUR;C02-Javier
F2024-001801;1;13/03/2024;CLI0287;S10;143,42;8,66;0;1242,02;EUR;C05-Rocío
F2024-001801;2;13/03/2024;CLI0287;S10;212,97;8,52;0;1814,50;EUR;C03-Lucía
F2024-001802;1;26/03/2024;CLI0295;S13;1,00;643,22;0;643,22;EUR;C03-Lucía
F2024-001802;2;26/03/2024;CLI0295;S15;3,00;83,66;0;250,98;EUR;C04-Andrés
F2024-001803;1;03/11/2024;CLI0113;S09;120,33;42,68;15;4365,33;EUR;C02-Javier
F2024-001803;2;03/11/2024;CLI0113;S09;170,87;40,84;0;6978,33;EUR;C04-Andrés
F2024-001803;3;03/11/2024;CLI0113;S09;96,27;42,32;0;4074,15;EUR;C05-Rocío
F2024-001803;4;03/11/2024;CLI0113;S09;121,75;40,98;0;4989,31;EUR;C05-Rocío
F2024-001804;1;14/11/2024;CLI0114;S09;363,61;41,76;0;15184,35;EUR;C04-Andrés
F2024-001804;2;14/11/2024;CLI0114;S09;106,35;41,98;0;4464,57;EUR;C01-Marta
F2024-001804;3;14/11/2024;CLI0114;S09;127,46;42,96;5;5201,90;EUR;C02-Javier
F2024-001804;4;14/11/2024;CLI0114;S13;1,00;620,97;5;589,92;EUR;C05-Rocío
F2024-001805;1;18/12/2024;CLI0400;S05;262,12;3,32;15;739,70;EUR;C01-Marta
F2024-001805;2;18/12/2024;CLI0400;S13;1,00;663,03;0;663,03;EUR;C01-Marta
F2024-001805;3;18/12/2024;CLI0400;S14;12,00;213,48;0;2561,76;EUR;C02-Javier
F2024-001805;4;18/12/2024;CLI0400;S06;2128,03;1,13;5;2284,44;EUR;C04-Andrés
F2024-001806;1;25/05/2024;CLI0274;S13;1,00;631,43;15;536,72;EUR;C01-Marta
F2024-001806;2;25/05/2024;CLI0274;S08;3402,20;2,31;0;7859,08;EUR;C04-Andrés
F2024-001806;3;25/05/2024;CLI0274;S08;1330,78;2,47;0;3287,03;EUR;C04-Andrés
F2024-001806;4;25/05/2024;CLI0274;S15;3,00;84,25;0;252,75;EUR;C04-Andrés
F2024-001807;1;17/11/2024;CLI0172;S10;1144,84;8,20;0;9387,69;EUR;C02-Javier
F2024-001807;2;17/11/2024;CLI0172;S10;410,86;8,75;0;3595,03;EUR;C03-Lucía
F2024-001808;1;20/02/2024;CLI0101;S15;2,00;86,05;0;172,10;EUR;C02-Javier
F2024-001809;1;03/12/2024;CLI0051;S05;123,78;3,16;0;391,14;EUR;C05-Rocío
F2024-001809;2;03/12/2024;CLI0051;S13;1,00;639,37;15;543,46;EUR;C01-Marta
F2024-001810;1;19/09/2024;CLI0164;S09;70,87;41,70;0;2955,28;EUR;C04-Andrés
F2024-001810;2;19/09/2024;CLI0164;S09;112,70;46,98;0;5294,66;USD;C04-Andrés
F2024-001810;3;19/09/2024;CLI0164;S09;65,38;40,71;0;2661,62;EUR;C05-Rocío
F2024-001810;4;19/09/2024;CLI0164;S09;249,22;48,55;0;12099,86;USD;C05-Rocío
F2024-001811;1;18/06/2024;CLI0297;S10;356,63;8,14;0;2902,97;EUR;C05-Rocío
F2024-001811;2;18/06/2024;CLI0297;S13;1,00;624,83;0;624,83;EUR;C03-Lucía
F2024-001811;3;18/06/2024;CLI0297;S10;77,44;8,14;0;630,36;EUR;C05-Rocío
F2024-001812;1;03/03/2024;CLI0310;S14;12,00;219,74;0;2636,88;EUR;C03-Lucía
F2024-001812;2;03/03/2024;CLI0310;S13;1,00;681,50;0;681,50;EUR;C03-Lucía
F2024-001812;3;03/03/2024;CLI0310;S12;3,00;117,27;5;334,22;EUR;C01-Marta
F2024-001813;1;19/04/2024;CLI0265;S15;3,00;82,55;0;247,65;EUR;C05-Rocío
F2024-001813;2;19/04/2024;CLI0265;S01;90,06;99,15;5;8482,98;EUR;C04-Andrés
F2024-001814;1;14/09/2024;CLI0051;S05;412,85;3,15;15;1105,41;EUR;C03-Lucía
F2024-001814;2;14/09/2024;CLI0051;S05;163,23;3,27;10;480,39;EUR;C05-Rocío
F2024-001814;3;14/09/2024;CLI0051;S06;2684,90;1,11;0;2980,24;EUR;C02-Javier
F2024-001815;1;27/08/2024;CLI0087;S10;326,90;8,18;0;2674,04;EUR;C04-Andrés
F2024-001816;1;26/09/2024;CLI0265;S14;10,00;212,04;5;2014,38;EUR;C02-Javier
F2024-001816;2;26/09/2024;CLI0265;S01;54,45;98,01;0;5336,64;EUR;C03-Lucía
F2024-001817;1;21/07/2024;CLI0067;S13;1,00;649,59;0;649,59;EUR;C02-Javier
F2024-001818;1;01/03/2024;CLI0039;S10;1241,77;8,13;0;10095,59;EUR;C03-Lucía
F2024-001818;2;01/03/2024;CLI0039;S10;143,71;8,54;0;1227,28;EUR;C03-Lucía
F2024-001818;3;01/03/2024;CLI0039;S10;111,59;8,59;0;958,56;EUR;C03-Lucía
F2024-001818;4;01/03/2024;CLI0039;S10;425,57;8,76;5;3541,59;EUR;C02-Javier
F2024-001819;1;07/12/2024;CLI0115;S02;217,96;6,38;15;1182,00;EUR;C01-Marta
F2024-001820;1;18/02/2024;CLI0236;S05;77,54;3,10;0;240,37;EUR;C01-Marta
F2024-001820;2;18/02/2024;CLI0236;S05;551,08;3,18;0;1752,43;EUR;C05-Rocío
F2024-001820;3;18/02/2024;CLI0236;S05;256,14;3,31;0;847,82;EUR;C04-Andrés
F2024-001821;1;02/02/2024;CLI0246;S13;1,00;651,52;0;651,52;EUR;C03-Lucía
F2024-001821;2;02/02/2024;CLI0246;S05;66,95;3,05;0;204,20;EUR;C03-Lucía
F2024-001822;1;07/06/2024;CLI0094;S08;1657,08;2,30;0;3811,28;EUR;C05-Rocío
F2024-001822;2;07/06/2024;CLI0094;S07;88,72;1,63;0;144,61;EUR;C05-Rocío
F2024-001823;1;14/02/2024;CLI0078;S10;383,96;8,11;5;2958,22;EUR;C01-Marta
F2024-001824;1;27/06/2024;CLI0051;S05;489,97;3,06;0;1499,31;EUR;C05-Rocío
F2024-001824;2;27/06/2024;CLI0051;S06;530,26;1,07;5;539,01;EUR;C03-Lucía
F2024-001824;3;27/06/2024;CLI0051;S06;850,13;1,07;5;864,16;EUR;C03-Lucía
F2024-001824;4;27/06/2024;CLI0051;S06;2656,93;1,15;0;3055,47;EUR;C05-Rocío
F2024-001825;1;03/12/2024;CLI0054;S08;6666,94;2,29;5;14503,93;EUR;C03-Lucía
F2024-001825;2;03/12/2024;CLI0054;S07;405,31;1,58;0;640,39;EUR;C02-Javier
F2024-001825;3;03/12/2024;CLI0054;S15;3,00;81,35;5;231,85;EUR;C05-Rocío
F2024-001826;1;05/10/2024;CLI0095;S09;95,53;43,12;0;4119,25;EUR;C04-Andrés
F2024-001826;2;05/10/2024;CLI0095;S09;196,87;42,02;5;7858,85;EUR;C03-Lucía
F2024-001826;3;05/10/2024;CLI0095;S09;88,59;41,31;5;3476,67;EUR;C05-Rocío
F2024-001826;4;05/10/2024;CLI0095;S09;185,40;40,10;10;6691,09;EUR;C04-Andrés
F2024-001827;1;06/08/2024;CLI0051;S05;183,80;3,08;0;566,10;EUR;C05-Rocío
F2024-001828;1;22/04/2024;CLI0008;S01;49,09;91,40;0;4486,83;EUR;C03-Lucía
F2024-001828;2;22/04/2024;CLI0008;S14;4,00;200,16;15;680,54;EUR;C03-Lucía
F2024-001829;1;10/01/2024;CLI0101;S10;476,93;8,57;15;3474,20;EUR;C03-Lucía
F2024-001829;2;10/01/2024;CLI0101;S10;408,54;8,78;5;3407,63;EUR;C01-Marta
F2024-001829;3;10/01/2024;CLI0101;S10;51,92;9,39;10;438,66;USD;C04-Andrés
F2024-001829;4;10/01/2024;CLI0101;S10;70,07;8,23;5;547,84;EUR;C02-Javier
F2024-001830;1;28/07/2024;CLI0250;S08;3442,17;2,47;0;8502,16;EUR;C05-Rocío
F2024-001830;2;28/07/2024;CLI0250;S15;3,00;82,24;0;246,72;EUR;C05-Rocío
F2024-001831;1;26/12/2024;CLI0182;S13;1,00;679,59;0;679,59;EUR;C05-Rocío
F2024-001831;2;26/12/2024;CLI0182;S15;3,00;82,43;0;247,29;EUR;C04-Andrés
F2024-001831;3;26/12/2024;CLI0182;S05;99,77;3,33;5;315,62;EUR;C04-Andrés
F2024-001832;1;25/03/2024;CLI0204;S10;366,12;8,47;5;2945,98;EUR;C04-Andrés
F2024-001832;2;25/03/2024;CLI0204;S10;2650,39;8,52;0;22581,32;EUR;C05-Rocío
F2024-001832;3;25/03/2024;CLI0204;S10;200,47;8,36;0;1675,93;EUR;C03-Lucía
F2024-001833;1;03/09/2024;CLI0056;S10;460,92;8,87;0;4088,36;EUR;C02-Javier
F2024-001833;2;03/09/2024;CLI0056;S10;46,44;8,50;0;394,74;EUR;C01-Marta
F2024-001833;3;03/09/2024;CLI0056;S14;4,00;213,61;0;854,44;EUR;C02-Javier
F2024-001833;4;03/09/2024;CLI0056;S14;2,00;211,49;0;422,98;EUR;C03-Lucía
F2024-001834;1;21/02/2024;CLI0212;S12;3,00;121,93;0;365,79;EUR;C04-Andrés
F2024-001834;2;21/02/2024;CLI0212;S12;3,00;122,58;5;349,35;EUR;C01-Marta
F2024-001834;3;21/02/2024;CLI0212;S12;2,00;120,83;5;229,58;EUR;C02-Javier
F2024-001835;1;15/04/2024;CLI0095;S09;61,54;40,22;0;2475,14;EUR;C01-Marta
F2024-001836;1;12/05/2024;CLI0054;S07;137,78;1,64;0;225,96;EUR;C04-Andrés
F2024-001837;1;15/05/2024;CLI0212;S03;19,74;39,05;0;770,85;EUR;C03-Lucía
F2024-001838;1;13/10/2024;CLI0113;S09;179,44;43,39;0;7785,90;EUR;C01-Marta
F2024-001838;2;13/10/2024;CLI0113;S15;4,00;81,90;15;278,46;EUR;C05-Rocío
F2024-001839;1;08/04/2024;CLI0051;S06;1938,44;1,07;5;1970,42;EUR;C02-Javier
F2024-001839;2;08/04/2024;CLI0051;S05;304,83;3,11;0;948,02;EUR;C04-Andrés
F2024-001839;3;08/04/2024;CLI0051;S14;15,00;203,16;0;3047,40;EUR;C01-Marta
F2024-001839;4;08/04/2024;CLI0051;S15;2,00;88,32;15;150,14;EUR;C02-Javier
F2024-001840;1;28/08/2024;CLI0047;S13;1,00;665,42;0;665,42;EUR;C04-Andrés
F2024-001840;2;28/08/2024;CLI0047;S15;1,00;83,13;0;83,13;EUR;C03-Lucía
F2024-001840;3;28/08/2024;CLI0047;S13;1,00;617,58;0;617,58;EUR;C04-Andrés
F2024-001841;1;04/06/2024;CLI0054;S07;228,33;1,53;0;349,34;EUR;C01-Marta
F2024-001841;2;04/06/2024;CLI0054;S07;114,15;1,61;0;183,78;EUR;C02-Javier
F2024-001841;3;04/06/2024;CLI0054;S07;332,66;1,63;5;515,12;EUR;C05-Rocío
F2024-001842;1;21/07/2024;CLI0322;S05;166,82;3,16;0;527,15;EUR;C05-Rocío
F2024-001843;1;13/09/2024;CLI0399;S15;3,00;88,97;0;266,91;EUR;C01-Marta
F2024-001843;2;13/09/2024;CLI0399;S10;1098,42;8,44;0;9270,66;EUR;C02-Javier
F2024-001844;1;14/09/2024;CLI0084;S01;34,18;99,49;0;3400,57;EUR;C04-Andrés
F2024-001844;2;14/09/2024;CLI0084;S11;41,25;23,95;0;987,94;EUR;C03-Lucía
F2024-001845;1;03/08/2024;CLI0005;S09;112,14;42,34;0;4748,01;EUR;C04-Andrés
F2024-001845;2;03/08/2024;CLI0005;S09;32,07;42,92;0;1376,44;EUR;C01-Marta
F2024-001845;3;03/08/2024;CLI0005;S09;95,39;42,27;0;4032,14;EUR;C03-Lucía
F2024-001845;4;03/08/2024;CLI0005;S09;215,79;40,40;0;8717,92;EUR;C01-Marta
F2024-001846;1;22/08/2024;CLI0291;S10;243,20;8,29;0;2016,13;EUR;C01-Marta
F2024-001847;1;13/12/2024;CLI0005;S09;235,89;42,54;5;9533,02;EUR;C02-Javier
F2024-001847;2;13/12/2024;CLI0005;S09;142,29;41,02;0;5836,74;EUR;C04-Andrés
F2024-001847;3;13/12/2024;CLI0005;S09;106,54;41,67;0;4439,52;EUR;C04-Andrés
F2024-001848;1;07/12/2024;CLI0380;S05;474,01;3,25;0;1540,53;EUR;C04-Andrés
F2024-001848;2;07/12/2024;CLI0380;S14;15,00;209,94;5;2991,64;EUR;C04-Andrés
F2024-001848;3;07/12/2024;CLI0380;S06;927,59;1,07;0;992,52;EUR;C03-Lucía
F2024-001848;4;07/12/2024;CLI0380;S06;2610,34;1,14;5;2827,00;EUR;C02-Javier
F2024-001849;1;28/11/2024;CLI0051;S06;1293,41;1,14;10;1327,04;EUR;C01-Marta
F2024-001849;2;28/11/2024;CLI0051;S06;4253,47;1,12;0;4763,89;EUR;C04-Andrés
F2024-001849;3;28/11/2024;CLI0051;S15;3,00;84,12;5;239,74;EUR;C05-Rocío
F2024-001850;1;11/04/2024;CLI0323;S05;192,85;3,27;0;630,62;EUR;C01-Marta
F2024-001850;2;11/04/2024;CLI0323;S05;101,36;3,26;0;330,43;EUR;C02-Javier
F2024-001851;1;17/01/2024;CLI0162;S03;49,41;39,16;0;1934,90;EUR;C04-Andrés
F2024-001851;2;17/01/2024;CLI0162;S12;2,00;120,56;0;241,12;EUR;C05-Rocío
F2024-001851;3;17/01/2024;CLI0162;S04;364,69;14,13;5;4895,42;EUR;C05-Rocío
F2024-001851;4;17/01/2024;CLI0162;S04;162,34;14,27;5;2200,76;EUR;C01-Marta
F2024-001852;1;13/03/2024;CLI0155;S15;4,00;87,72;0;350,88;EUR;C01-Marta
F2024-001852;2;13/03/2024;CLI0155;S01;64,59;96,01;5;;EUR;C01-Marta
F2024-001852;3;13/03/2024;CLI0155;S13;1,00;660,90;5;627,85;EUR;C01-Marta
F2024-001852;4;13/03/2024;CLI0155;S02;745,99;6,31;0;4707,20;EUR;C02-Javier
F2024-001853;1;17/11/2024;CLI0201;S01;32,01;93,37;0;2988,77;EUR;C02-Javier
F2024-001853;2;17/11/2024;CLI0201;S13;1,00;668,55;0;668,55;EUR;C03-Lucía
F2024-001853;3;17/11/2024;CLI0201;S14;4,00;204,85;0;819,40;EUR;C02-Javier
F2024-001854;1;22/08/2024;CLI0182;S06;1232,51;1,15;0;1417,39;EUR;C05-Rocío
F2024-001854;2;22/08/2024;CLI0182;S05;1543,32;3,32;5;4867,63;EUR;C02-Javier
F2024-001854;3;22/08/2024;CLI0182;S05;59,25;3,18;0;188,42;EUR;C04-Andrés
F2024-001854;4;22/08/2024;CLI0182;S13;1,00;632,04;5;600,44;EUR;C03-Lucía
F2024-001855;1;04/06/2024;CLI0095;S09;69,86;40,06;0;2798,59;EUR;C01-Marta
F2024-001856;1;23/08/2024;CLI0143;S10;60,76;8,08;5;466,39;EUR;C05-Rocío
F2024-001857;1;27/05/2024;CLI0145;S10;229,72;8,29;0;1904,38;EUR;C03-Lucía
F2024-001858;1;22/12/2024;CLI0322;S05;181,10;3,36;10;547,65;EUR;C03-Lucía
F2024-001859;1;16/08/2024;CLI0114;S09;134,45;40,96;0;5507,07;EUR;C05-Rocío
F2024-001859;2;16/08/2024;CLI0114;S13;1,00;661,94;5;628,84;EUR;C05-Rocío
F2024-001859;3;2024-08-16;CLI0114;S13;1,00;623,21;5;592,05;EUR;C01-Marta
F2024-001860;1;23/11/2024;CLI0158;S13;1,00;682,47;0;682,47;EUR;C04-Andrés
F2024-001860;2;23/11/2024;CLI0158;S09;159,34;42,74;0;6810,19;EUR;C04-Andrés
F2024-001860;3;23/11/2024;CLI0158;S09;287,68;42,83;0;12321,33;EUR;C05-Rocío
F2024-001860;4;23/11/2024;CLI0158;S09;206,49;42,40;0;8755,18;EUR;C04-Andrés
F2024-001861;1;14/01/2024;CLI0228;S06;1390,27;1,05;5;1386,79;EUR;C04-Andrés
F2024-001861;2;14/01/2024;CLI0228;S06;1797,80;1,15;0;2067,47;EUR;C01-Marta
F2024-001861;3;14/01/2024;CLI0228;S06;1356,44;1,10;10;1342,88;EUR;C03-Lucía
F2024-001862;1;22/07/2024;CLI0301;S07;1621,39;1,67;0;2707,72;EUR;C05-Rocío
F2024-001863;1;18/09/2024;CLI0329;S14;16,00;209,36;0;3349,76;EUR;C02-Javier
F2024-001863;2;18/09/2024;CLI0329;S01;484,96;90,80;15;37429,21;EUR;C05-Rocío
F2024-001864;1;08/10/2024;CLI0333;S14;16,00;206,78;0;3308,48;EUR;C05-Rocío
F2024-001864;2;08/10/2024;CLI0333;S11;46,46;24,65;0;1145,24;EUR;C04-Andrés
F2024-001865;1;03/08/2024;CLI0324;S10;326,39;8,68;0;2833,07;EUR;C05-Rocío
F2024-001865;2;03/08/2024;CLI0324;S10;226,85;8,15;0;1848,83;EUR;C01-Marta
F2024-001865;3;03/08/2024;CLI0324;S15;1,00;82,07;15;69,76;EUR;C02-Javier
F2024-001865;4;03/08/2024;CLI0324;S10;237,90;8,11;0;1929,37;EUR;C04-Andrés
F2024-001866;1;18/08/2024;CLI0007;S06;3070,24;1,12;5;3266,74;EUR;C05-Rocío
F2024-001866;2;18/08/2024;CLI0007;S06;757,09;1,11;0;840,37;EUR;C03-Lucía
F2024-001866;3;18/08/2024;CLI0007;S06;1562,01;1,13;5;1676,82;EUR;C04-Andrés
F2024-001867;1;12/09/2024;CLI0296;S05;607,59;3,31;0;2011,12;EUR;C03-Lucía
F2024-001868;1;08/02/2024;CLI0212;S12;3,00;115,60;0;346,80;EUR;C03-Lucía
F2024-001868;2;08/02/2024;CLI0212;S13;1,00;623,01;5;591,86;EUR;C04-Andrés
F2024-001868;3;08/02/2024;CLI0212;S03;55,65;38,11;5;2014,78;EUR;C03-Lucía
F2024-001868;4;08/02/2024;CLI0212;S03;47,93;39,06;0;1872,15;EUR;C03-Lucía
F2024-001869;1;14/02/2024;CLI0158;S09;81,50;41,71;5;3229,40;EUR;C01-Marta
F2024-001870;1;08/11/2024;CLI0115;S01;133,48;95,63;5;12126,46;EUR;C03-Lucía
F2024-001871;1;16/12/2024;CLI0087;S15;1,00;81,10;0;81,10;EUR;C05-Rocío
F2024-001871;2;16/12/2024;CLI0087;S10;40,67;8,89;5;343,48;EUR;C03-Lucía
F2024-001872;1;03/09/2024;CLI0175;S10;718,80;8,60;0;6181,68;EUR;C01-Marta
F2024-001873;1;14/08/2024;CLI0025;S08;11938,11;2,46;0;29367,75;EUR;C03-Lucía
F2024-001874;1;19/03/2024;CLI0070;S09;92,21;39,95;0;3683,79;EUR;C02-Javier
F2024-001874;2;19/03/2024;CLI0070;S09;91,40;42,64;0;3897,30;EUR;C03-Lucía
F2024-001874;3;19/03/2024;CLI0070;S09;76,79;42,30;0;3248,22;EUR;C04-Andrés
F2024-001874;3;19/03/2024;CLI0070;S09;76,79;42,30;0;3248,22;EUR;C04-Andrés
F2024-001874;4;19/03/2024;CLI0070;S09;118,88;40,95;0;4868,14;EUR;C02-Javier
F2024-001875;1;13/10/2024;CLI0360;S09;85,92;40,66;0;3493,51;EUR;C03-Lucía
F2024-001875;2;13/10/2024;CLI0360;S09;210,29;42,79;0;8998,31;EUR;C04-Andrés
F2024-001875;3;13/10/2024;CLI0360;S09;150,23;41,85;0;6287,13;EUR;C03-Lucía
F2024-001875;4;13/10/2024;CLI0360;S09;159,62;41,77;0;6667,33;EUR;C05-Rocío
F2024-001876;1;19/05/2024;CLI0236;S06;528,23;1,09;0;575,77;EUR;C03-Lucía
F2024-001876;2;19/05/2024;CLI0236;S06;1173,57;1,06;0;1243,98;EUR;C03-Lucía
F2024-001876;3;19/05/2024;CLI0236;S06;1301,53;1,09;0;1418,67;EUR;C02-Javier
F2024-001877;1;26/12/2024;CLI0207;S10;72,47;8,62;0;624,69;EUR;C01-Marta
F2024-001877;2;26/12/2024;CLI0207;S10;476,33;8,12;5;3674,41;EUR;C01-Marta
F2024-001877;3;26/12/2024;CLI0207;S10;548,57;8,44;0;4629,93;EUR;C02-Javier
F2024-001878;1;25/02/2024;CLI0026;S10;468,03;8,45;0;3954,85;EUR;C03-Lucía
F2024-001878;2;25/02/2024;CLI0026;S10;302,24;8,53;0;2578,11;EUR;C04-Andrés
F2024-001878;3;25/02/2024;CLI0026;S10;98,43;8,29;0;815,98;EUR;C02-Javier
F2024-001879;1;19/11/2024;CLI0213;S10;402,27;8,73;5;3336,23;EUR;C03-Lucía
F2024-001879;2;19/11/2024;CLI0213;S15;1,00;85,01;5;80,76;EUR;C03-Lucía
F2024-001880;1;09/11/2024;CLI0172;S14;5,00;217,50;5;1033,12;EUR;C04-Andrés
F2024-001880;2;09/11/2024;CLI0172;S10;202,66;8,84;0;1791,51;EUR;C01-Marta
F2024-001880;3;09/11/2024;CLI0172;S15;3,00;86,25;0;258,75;EUR;C03-Lucía
F2024-001880;4;09/11/2024;CLI0172;S14;14,00;213,52;0;2989,28;EUR;C05-Rocío
F2024-001881;1;04/08/2024;CLI0101;S10;868,85;9,35;10;7314,87;USD;C01-Marta
F2024-001881;2;04/08/2024;CLI0101;S10;1112,30;8,24;0;9165,35;EUR;C04-Andrés
F2024-001882;1;07/10/2024;CLI0304;S05;853,19;3,27;0;2789,93;EUR;C03-Lucía
F2024-001883;1;27/02/2024;CLI0378;S04;122,51;13,58;5;1580,50;EUR;C05-Rocío
F2024-001884;1;11/09/2024;CLI0174;S08;2572,93;2,34;0;6020,66;EUR;C03-Lucía
F2024-001884;2;11/09/2024;CLI0174;S07;316,98;1,61;0;510,34;EUR;C05-Rocío
F2024-001884;3;11/09/2024;CLI0174;S07;359,22;1,57;0;563,98;EUR;C04-Andrés
F2024-001885;1;20/02/2024;CLI0207;S10;508,66;8,22;0;4181,19;EUR;C02-Javier
F2024-001885;2;20/02/2024;CLI0207;S10;90,76;8,28;0;751,49;EUR;C03-Lucía
F2024-001885;3;20/02/2024;CLI0207;S10;116,62;8,39;0;978,44;EUR;C03-Lucía
F2024-001885;4;20/02/2024;CLI0207;S15;2,00;83,55;0;167,10;EUR;C02-Javier
F2024-001886;1;18/11/2024;CLI0218;S15;4,00;88,32;5;335,62;EUR;C03-Lucía
F2024-001886;2;18/11/2024;CLI0218;S10;47,02;8,75;0;411,43;EUR;C03-Lucía
F2024-001886;3;18/11/2024;CLI0218;S13;1,00;672,00;0;672,00;EUR;C01-Marta
F2024-001886;4;18/11/2024;CLI0218;S10;529,34;8,25;0;4367,06;EUR;C02-Javier
F2024-001887;1;22/01/2024;CLI0116;S06;12382,23;1,11;0;13744,28;EUR;C02-Javier
F2024-001887;2;22/01/2024;CLI0116;S06;1978,59;1,07;0;2117,09;EUR;C03-Lucía
F2024-001887;3;22/01/2024;CLI0116;S05;525,09;3,15;0;1654,03;EUR;C03-Lucía
F2024-001887;4;22/01/2024;CLI0116;S06;1365,10;1,14;0;1556,21;EUR;C03-Lucía
F2024-001888;1;23/08/2024;CLI0247;S10;478,76;8,91;0;4265,75;EUR;C03-Lucía
F2024-001888;2;23/08/2024;CLI0247;S10;43,05;8,91;5;364,40;EUR;C02-Javier
F2024-001888;3;23/08/2024;CLI0247;S15;2,00;80,88;10;145,58;EUR;C02-Javier
F2024-001888;4;23/08/2024;CLI0247;S15;1,00;87,07;15;74,01;EUR;C05-Rocío
F2024-001889;1;08/01/2024;CLI0370;S05;377,23;3,22;0;1214,68;EUR;C03-Lucía
F2024-001889;2;08/01/2024;CLI0370;S05;447,54;3,27;10;1317,11;EUR;C01-Marta
F2024-001889;3;08/01/2024;CLI0370;S05;574,09;3,19;15;1556,65;EUR;C03-Lucía
F2024-001889;4;08/01/2024;CLI0370;S14;10,00;205,02;0;2050,20;EUR;C03-Lucía
F2024-001890;1;20/02/2024;CLI0351;S06;1326,64;1,15;0;1525,64;EUR;C04-Andrés
F2024-001890;2;20/02/2024;CLI0351;S14;2,00;203,10;0;406,20;EUR;C02-Javier
F2024-001891;1;11/09/2024;CLI0232;S14;2,00;205,79;0;411,58;EUR;C01-Marta
F2024-001891;2;11/09/2024;CLI0232;S10;306,95;8,12;0;2492,43;EUR;C02-Javier
F2024-001891;3;11/09/2024;CLI0232;S10;146,81;8,42;0;1236,14;EUR;C03-Lucía
F2024-001892;1;09/01/2024;CLI0113;S15;4,00;83,57;15;284,14;EUR;C05-Rocío
F2024-001892;2;09/01/2024;CLI0113;S09;175,54;43,97;15;6560,72;EUR;C03-Lucía
F2024-001893;1;02/01/2024;CLI0356;S10;104,90;8,31;0;871,72;EUR;C05-Rocío
F2024-001893;2;02/01/2024;CLI0356;S15;2,00;86,98;0;173,96;EUR;C05-Rocío
F2024-001893;3;02/01/2024;CLI0356;S10;385,22;8,35;5;3055,76;EUR;C05-Rocío
F2024-001893;4;02/01/2024;CLI0356;S10;579,58;8,70;0;5042,35;EUR;C03-Lucía
F2024-001894;1;28/06/2024;CLI0048;S10;308,40;8,71;0;2686,16;EUR;C03-Lucía
F2024-001894;2;28/06/2024;CLI0048;S10;147,44;8,59;5;1203,18;EUR;C02-Javier
F2024-001894;3;28/06/2024;CLI0048;S10;298,04;8,50;0;2533,34;EUR;C01-Marta
F2024-001895;1;10/01/2024;CLI0095;S09;79,54;42,64;15;2882,85;EUR;C01-Marta
F2024-001896;1;23/09/2024;CLI0095;S14;10,00;210,55;15;1789,67;EUR;C03-Lucía
F2024-001896;2;23/09/2024;CLI0095;S09;133,67;42,88;10;5158,59;EUR;C03-Lucía
F2024-001897;1;21/02/2024;CLI0350;S14;10,00;207,41;15;1762,98;EUR;C04-Andrés
F2024-001897;2;21/02/2024;CLI0350;S06;761,15;1,12;5;809,86;EUR;C01-Marta
F2024-001898;1;09/02/2024;CLI0153;S04;222,41;13,63;0;3031,45;EUR;C02-Javier
F2024-001898;2;09/02/2024;CLI0153;S04;200,02;13,54;0;2708,27;EUR;C05-Rocío
F2024-001898;3;09/02/2024;CLI0153;S14;9,00;213,88;0;1924,92;EUR;C05-Rocío
F2024-001898;4;09/02/2024;CLI0153;S12;1,00;116,75;0;116,75;EUR;C03-Lucía
F2024-001899;1;28/05/2024;CLI0241;S04;86,24;13,30;0;1146,99;EUR;C02-Javier
F2024-001899;2;28/05/2024;CLI0241;S03;29,40;39,63;0;1165,12;EUR;C05-Rocío
F2024-001899;3;28/05/2024;CLI0241;S15;3,00;80,77;0;242,31;EUR;C05-Rocío
F2024-001899;4;28/05/2024;CLI0241;S12;2,00;115,93;0;231,86;EUR;C05-Rocío
F2024-001900;1;09/04/2024;CLI0072;S06;4121,84;1,13;0;4657,68;EUR;C01-Marta
F2024-001900;2;09/04/2024;CLI0072;S14;13,00;218,55;0;2841,15;EUR;C04-Andrés
F2024-001901;1;02/07/2024;CLI0325;S14;10,00;200,09;0;2000,90;EUR;C04-Andrés
F2024-001901;2;02/07/2024;CLI0325;S01;124,21;93,94;0;11668,29;EUR;C02-Javier
F2024-001901;3;02/07/2024;CLI0325;S15;3,00;88,67;5;252,71;EUR;C02-Javier
F2024-001902;1;08/11/2024;CLI0207;S10;811,14;8,38;0;6797,35;EUR;C02-Javier
F2024-001902;2;08/11/2024;CLI0207;S10;121,32;8,28;0;1004,53;EUR;C03-Lucía
F2024-001903;1;23/05/2024;CLI0212;S15;4,00;80,83;0;323,32;EUR;C05-Rocío
F2024-001904;1;24/10/2024;CLI0117;S05;165,49;3,14;5;493,66;EUR;C03-Lucía
F2024-001904;2;24/10/2024;CLI0117;S06;2618,48;1,11;0;2906,51;EUR;C05-Rocío
F2024-001905;1;27/05/2024;CLI0393;S02;427,45;6,25;5;2537,98;EUR;C02-Javier
F2024-001906;1;27/09/2024;CLI0370;S06;2462,05;1,07;5;2502,67;EUR;C04-Andrés
F2024-001907;1;23/08/2024;CLI0247;S10;145,98;8,36;5;1159,37;EUR;C02-Javier
F2024-001907;2;23/08/2024;CLI0247;S10;71,34;8,86;0;632,07;EUR;C05-Rocío
F2024-001907;3;23/08/2024;CLI0247;S10;301,98;8,46;15;2171,54;EUR;C02-Javier
F2024-001908;1;05/07/2024;CLI0145;S13;1,00;634,32;0;634,32;EUR;C02-Javier
F2024-001908;2;05/07/2024;CLI0145;S13;1,00;666,48;0;666,48;EUR;C04-Andrés
F2024-001908;3;05/07/2024;CLI0145;S10;383,25;8,57;0;3284,45;EUR;C03-Lucía
F2024-001908;4;05/07/2024;CLI0145;S13;1,00;663,21;0;663,21;EUR;C04-Andrés
F2024-001909;1;12/02/2024;CLI0180;S08;1867,13;2,33;0;4350,41;EUR;C01-Marta
F2024-001909;2;12/02/2024;CLI0180;S07;606,88;1,67;0;1013,49;EUR;C01-Marta
F2024-001910;1;04/06/2024;CLI0351;S05;140,88;3,08;0;433,91;EUR;C05-Rocío
F2024-001911;1;23/12/2024;CLI0055;S09;29,01;41,72;0;1210,30;EUR;C04-Andrés
F2024-001911;2;23/12/2024;CLI0055;S09;110,69;42,32;0;4684,40;EUR;C01-Marta
F2024-001911;3;23/12/2024;CLI0055;S09;85,44;41,46;0;3542,34;EUR;C05-Rocío
F2024-001911;4;23/12/2024;CLI0055;S09;100,64;42,83;0;4310,41;EUR;C03-Lucía
F2024-001912;1;28/06/2024;CLI0400;S06;1814,35;1,08;0;1959,50;EUR;C02-Javier
F2024-001912;2;28/06/2024;CLI0400;S15;2,00;85,52;0;171,04;EUR;C04-Andrés
F2024-001912;3;28/06/2024;CLI0400;S05;381,41;3,29;0;1254,84;EUR;C02-Javier
F2024-001912;4;28/06/2024;CLI0400;S13;1,00;679,76;10;611,78;EUR;C02-Javier
F2024-001913;1;01/03/2024;CLI0113;S09;123,98;43,45;5;5117,58;EUR;C05-Rocío
F2024-001913;2;01/03/2024;CLI0113;S13;1,00;665,73;15;565,87;EUR;C04-Andrés
F2024-001914;1;01/05/2024;CLI0377;S11;57,34;24,59;0;1409,99;EUR;C03-Lucía
F2024-001915;1;06/02/2024;CLI0327;S06;855,10;1,15;5;934,20;EUR;C05-Rocío
F2024-001916;1;12/03/2024;CLI0212;S12;1,00;119,54;5;113,56;EUR;C02-Javier
F2024-001916;2;12/03/2024;CLI0212;S13;1,00;673,06;0;673,06;EUR;C05-Rocío
F2024-001917;1;01/04/2024;CLI0323;S05;210,87;3,33;0;702,20;EUR;C04-Andrés
F2024-001918;1;26/12/2024;CLI0207;S10;55,83;8,41;0;469,53;EUR;C05-Rocío
F2024-001918;2;26/12/2024;CLI0207;S10;385,36;8,11;0;3125,27;EUR;C01-Marta
F2024-001918;3;26/12/2024;CLI0207;S10;493,19;8,49;5;3977,82;EUR;C02-Javier
F2024-001918;4;26/12/2024;CLI0207;S10;367,26;8,78;0;3224,54;EUR;C02-Javier
F2024-001919;1;19/05/2024;CLI0008;S02;2274,78;6,31;15;12200,78;EUR;C02-Javier
F2024-001920;1;15/02/2024;CLI0017;S13;1,00;674,18;0;674,18;EUR;C03-Lucía
F2024-001920;2;15/02/2024;CLI0017;S05;161,07;3,09;0;497,71;EUR;C01-Marta
F2024-001921;1;22/08/2024;CLI0356;S15;2,00;83,91;0;167,82;EUR;C01-Marta
F2024-001921;2;22/08/2024;CLI0356;S14;12,00;217,98;10;2354,18;EUR;C03-Lucía
F2024-001922;1;21/10/2024;CLI0024;S06;1191,05;1,11;5;1255,96;EUR;C02-Javier
F2024-001923;1;13/10/2024;CLI0089;S14;15,00;212,79;0;3191,85;EUR;C04-Andrés
F2024-001923;2;13/10/2024;CLI0089;S15;3,00;89,23;0;267,69;EUR;C04-Andrés
F2024-001923;2;13/10/2024;CLI0089;S15;3,00;89,23;0;267,69;EUR;C04-Andrés
F2024-001924;1;23/05/2024;CLI0377;S02;755,22;6,60;5;4735,23;EUR;C04-Andrés
F2024-001925;1;04/12/2024;CLI0126;S10;235,61;8,42;0;1983,84;EUR;C01-Marta
F2024-001926;1;09/02/2024;CLI0399;S15;3,00;86,17;5;245,58;EUR;C03-Lucía
F2024-001927;1;21/09/2024;CLI0158;S09;405,30;40,08;5;15432,20;EUR;C04-Andrés
F2024-001927;2;21/09/2024;CLI0158;S09;155,76;40,83;0;6359,68;EUR;C05-Rocío
F2024-001927;3;21/09/2024;CLI0158;S09;89,40;42,56;0;3804,86;EUR;C05-Rocío
F2024-001927;4;21/09/2024;CLI0158;S13;1,00;620,27;0;620,27;EUR;C03-Lucía
F2024-001928;1;14/05/2024;CLI0078;S10;50,51;8,78;0;443,48;EUR;C01-Marta
F2024-001928;2;14/05/2024;CLI0078;S10;731,06;8,88;5;6167,22;EUR;C05-Rocío
F2024-001928;3;14/05/2024;CLI0078;S10;421,96;8,57;0;3616,20;EUR;C03-Lucía
F2024-001929;1;20/04/2024;CLI0212;S12;1,00;117,73;0;117,73;EUR;C03-Lucía
F2024-001930;1;03/07/2024;CLI0380;S06;1281,47;1,06;0;1358,36;EUR;C04-Andrés
F2024-001930;2;03/07/2024;CLI0380;S14;13,00;213,70;0;2778,10;EUR;C01-Marta
F2024-001931;1;16/06/2024;CLI0308;S09;163,04;44,01;0;7175,39;EUR;C04-Andrés
F2024-001931;2;16/06/2024;CLI0308;S09;58,77;43,89;0;2579,42;EUR;C03-Lucía
F2024-001931;3;16/06/2024;CLI0308;S14;7,00;211,82;0;1482,74;EUR;C02-Javier
F2024-001931;4;16/06/2024;CLI0308;S09;122,04;41,57;5;4819,54;EUR;C03-Lucía
F2024-001932;1;05/09/2024;CLI0307;S09;82,38;40,86;0;3366,05;EUR;C01-Marta
F2024-001932;2;05/09/2024;CLI0307;S09;76,40;42,84;0;3272,98;EUR;C04-Andrés
F2024-001932;3;05/09/2024;CLI0307;S09;132,92;41,15;0;5469,66;EUR;C05-Rocío
F2024-001932;4;05/09/2024;CLI0307;S09;238,81;40,88;0;9762,55;EUR;C04-Andrés
F2024-001933;1;20/02/2024;CLI0097;S09;149,69;42,69;0;6390,27;EUR;C05-Rocío
F2024-001933;2;20/02/2024;CLI0097;S09;107,61;43,99;15;4023,70;EUR;C02-Javier
F2024-001933;3;20/02/2024;CLI0097;S09;81,49;42,20;10;3094,99;EUR;C02-Javier
F2024-001934;1;11/05/2024;CLI0207;S10;466,21;8,69;5;3848,80;EUR;C01-Marta
F2024-001935;1;19/01/2024;CLI0113;S13;1,00;620,13;15;527,11;EUR;C03-Lucía
F2024-001936;1;18/11/2024;CLI0372;S13;1,00;665,53;5;632,25;EUR;C01-Marta
F2024-001936;2;18/11/2024;CLI0372;S09;60,48;41,20;0;2491,78;EUR;C02-Javier
F2024-001936;3;18/11/2024;CLI0372;S09;66,69;42,51;0;2834,99;EUR;C03-Lucía
F2024-001937;1;09/08/2024;CLI0296;S15;1,00;87,45;0;87,45;EUR;C04-Andrés
F2024-001937;2;09/08/2024;CLI0296;S06;2426,84;1,12;0;2718,06;EUR;C05-Rocío
F2024-001937;3;09/08/2024;CLI0296;S06;2019,25;1,07;10;1944,54;EUR;C05-Rocío
F2024-001937;4;2024-08-09;CLI0296;S06;363,45;1,07;15;330,56;EUR;C05-Rocío
F2024-001938;1;03/10/2024;CLI0301;S08;2283,09;2,30;5;4988,55;EUR;C01-Marta
F2024-001938;2;03/10/2024;CLI0301;S07;506,14;1,66;0;840,19;EUR;C01-Marta
F2024-001938;3;03/10/2024;CLI0301;S07;817,43;1,67;0;1365,11;EUR;C01-Marta
F2024-001938;4;03/10/2024;CLI0301;S08;1741,60;2,40;0;4179,84;EUR;C02-Javier
F2024-001939;1;27/07/2024;CLI0024;S05;323,51;3,05;0;986,71;EUR;C04-Andrés
F2024-001939;2;27/07/2024;CLI0024;S06;710,89;1,15;0;817,52;EUR;C05-Rocío
F2024-001939;3;27/07/2024;CLI0024;S14;6,00;203,98;0;1223,88;EUR;C01-Marta
F2024-001940;1;12/06/2024;CLI0231;S15;3,00;83,04;0;249,12;EUR;C03-Lucía
F2024-001940;2;12/06/2024;CLI0231;S09;78,07;43,26;0;3377,31;EUR;C05-Rocío
F2024-001940;3;12/06/2024;CLI0231;S09;179,95;41,79;0;7520,11;EUR;C01-Marta
F2024-001941;1;22/01/2024;CLI0371;S10;214,31;8,81;0;1888,07;EUR;C01-Marta
F2024-001942;1;21/02/2024;CLI0299;S07;247,75;1,63;0;403,83;EUR;C01-Marta
F2024-001943;1;27/09/2024;CLI0095;S09;84,83;42,65;0;3618,00;EUR;C03-Lucía
F2024-001943;2;27/09/2024;CLI0095;S09;153,10;40,00;0;6124,00;EUR;C02-Javier
F2024-001943;3;27/09/2024;CLI0095;S14;6,00;200,10;0;1200,60;EUR;C02-Javier
F2024-001944;1;20/02/2024;CLI0238;S03;49,02;37,62;0;1844,13;EUR;C03-Lucía
F2024-001944;2;20/02/2024;CLI0238;S12;3,00;119,72;0;359,16;EUR;C01-Marta
F2024-001944;3;20/02/2024;CLI0238;S04;174,52;13,58;0;2369,98;EUR;C05-Rocío
F2024-001945;1;10/02/2024;CLI0263;S11;17,49;24,97;15;371,22;EUR;C05-Rocío
F2024-001945;2;10/02/2024;CLI0263;S11;129,86;25,48;10;;EUR;C04-Andrés
F2024-001945;3;10/02/2024;CLI0263;S15;4,00;81,30;0;325,20;EUR;C02-Javier
F2024-001946;1;22/04/2024;CLI0219;S06;2352,14;1,07;10;2265,11;EUR;C03-Lucía
F2024-001946;2;22/04/2024;CLI0219;S06;1155,95;1,13;15;1110,29;EUR;C03-Lucía
F2024-001946;3;22/04/2024;CLI0219;S05;368,60;3,20;0;1179,52;EUR;C02-Javier
F2024-001947;1;04/11/2024;CLI0152;S01;41,34;95,63;5;3755,68;EUR;C03-Lucía
F2024-001948;1;09/09/2024;CLI0094;S07;154,82;1,53;0;236,87;EUR;C02-Javier
F2024-001948;2;09/09/2024;CLI0094;S08;744,78;2,52;0;;EUR;C03-Lucía
F2024-001948;3;09/09/2024;CLI0094;S08;2740,57;2,31;0;6330,72;EUR;C04-Andrés
F2024-001949;1;04/08/2024;CLI0287;S15;3,00;87,22;0;261,66;EUR;C05-Rocío
F2024-001949;2;04/08/2024;CLI0287;S10;352,26;8,09;0;2849,78;EUR;C02-Javier
F2024-001950;1;27/01/2024;CLI0371;S10;795,60;8,13;0;6468,23;EUR;C05-Rocío
F2024-001950;2;27/01/2024;CLI0371;S15;3,00;85,74;0;257,22;EUR;C04-Andrés
F2024-001950;3;27/01/2024;CLI0371;S13;1,00;676,68;5;642,85;EUR;C03-Lucía
F2024-001951;1;19/07/2024;CLI0047;S10;58,21;8,83;0;513,99;EUR;C04-Andrés
F2024-001951;2;19/07/2024;CLI0047;S10;120,51;8,12;0;978,54;EUR;C01-Marta
F2024-001952;1;20/04/2024;CLI0051;S06;4044,74;1,10;5;4226,75;EUR;C02-Javier
F2024-001952;2;20/04/2024;CLI0051;S13;1,00;664,29;5;631,08;EUR;C02-Javier
F2024-001952;3;20/04/2024;CLI0051;S05;335,04;3,26;5;1037,62;EUR;C04-Andrés
F2024-001953;1;14/08/2024;CLI0207;S14;15,00;214,02;5;3049,78;EUR;C02-Javier
F2024-001953;2;14/08/2024;CLI0207;S15;3,00;85,37;0;256,11;EUR;C01-Marta
F2024-001953;3;14/08/2024;CLI0207;S15;4,00;82,23;0;328,92;EUR;C01-Marta
F2024-001953;4;14/08/2024;CLI0207;S10;1744,70;8,70;0;15178,89;EUR;C05-Rocío
F2024-001954;1;17/05/2024;CLI0309;S03;23,97;42,35;5;964,46;USD;C02-Javier
F2024-001954;2;17/05/2024;CLI0309;S12;2,00;125,70;5;238,83;EUR;C01-Marta
F2024-001954;3;17/05/2024;CLI0309;S04;377,84;14,53;0;5490,02;EUR;C05-Rocío
F2024-001955;1;21/05/2024;CLI0336;S05;89,32;3,22;5;273,23;EUR;C05-Rocío
F2024-001955;2;21/05/2024;CLI0336;S05;63,72;3,13;0;199,44;EUR;C01-Marta
F2024-001955;3;21/05/2024;CLI0336;S13;1,00;661,45;5;628,38;EUR;C05-Rocío
F2024-001956;1;18/10/2024;CLI0288;S14;9,00;204,94;0;1844,46;EUR;C02-Javier
F2024-001956;2;18/10/2024;CLI0288;S05;882,01;3,12;0;2751,87;EUR;C03-Lucía
F2024-001956;3;18/10/2024;CLI0288;S15;3,00;84,95;0;254,85;EUR;C04-Andrés
F2024-001956;4;18/10/2024;CLI0288;S06;9919,79;1,06;0;10514,98;EUR;C05-Rocío
F2024-001957;1;23/09/2024;CLI0207;S10;387,90;8,12;0;3149,75;EUR;C05-Rocío
F2024-001957;2;23/09/2024;CLI0207;S14;5,00;213,85;0;1069,25;EUR;C01-Marta
F2024-001957;3;23/09/2024;CLI0207;S10;77,66;8,35;0;648,46;EUR;C03-Lucía
F2024-001958;1;27/06/2024;CLI0337;S08;273,58;2,35;0;642,91;EUR;C05-Rocío
F2024-001958;2;27/06/2024;CLI0337;S07;458,43;1,58;0;724,32;EUR;C02-Javier
F2024-001959;1;23/10/2024;CLI0140;S07;128,95;1,61;0;207,61;EUR;C05-Rocío
F2024-001960;1;23/11/2024;CLI0051;S05;265,25;3,14;0;832,88;EUR;C04-Andrés
F2024-001960;2;23/11/2024;CLI0051;S06;2891,92;1,11;10;2889,03;EUR;C02-Javier
F2024-001960;3;23/11/2024;CLI0051;S15;1,00;83,76;5;79,57;EUR;C01-Marta
F2024-001961;1;07/01/2024;CLI0034;S09;154,01;40,56;15;5309,65;EUR;C04-Andrés
F2024-001961;2;07/01/2024;CLI0034;S09;168,13;42,73;0;7184,19;EUR;C05-Rocío
F2024-001961;3;07/01/2024;CLI0034;S09;151,39;43,98;0;6658,13;EUR;C03-Lucía
F2024-001961;4;07/01/2024;CLI0034;S09;125,56;41,79;0;5247,15;EUR;C03-Lucía
F2024-001962;1;05/07/2024;CLI0277;S02;646,04;6,73;0;4347,85;EUR;C01-Marta
F2024-001962;2;05/07/2024;CLI0277;S02;162,87;6,47;0;1053,77;EUR;C04-Andrés
F2024-001963;1;08/03/2024;CLI0008;S01;118,39;97,35;5;10949,00;EUR;C03-Lucía
F2024-001963;2;08/03/2024;CLI0008;S14;12,00;207,54;0;2490,48;EUR;C05-Rocío
F2024-001963;3;08/03/2024;CLI0008;S15;1,00;85,36;15;72,56;EUR;C01-Marta
F2024-001964;1;28/11/2024;CLI0324;S13;1,00;621,85;0;621,85;EUR;C01-Marta
F2024-001965;1;18/03/2024;CLI0029;S13;1,00;661,83;0;661,83;EUR;C04-Andrés
F2024-001965;2;18/03/2024;CLI0029;S08;1551,85;2,47;15;3258,11;EUR;C05-Rocío
F2024-001965;3;18/03/2024;CLI0029;S07;778,03;1,68;10;1176,38;EUR;C04-Andrés
F2024-001965;4;18/03/2024;CLI0029;S07;541,89;1,63;0;883,28;EUR;C02-Javier
F2024-001966;1;27/11/2024;CLI0341;S05;3026,96;3,25;0;9837,62;EUR;C05-Rocío
F2024-001966;2;27/11/2024;CLI0341;S14;16,00;220,03;0;3520,48;EUR;C04-Andrés
F2024-001967;1;25/08/2024;CLI0008;S11;49,00;24,31;0;1191,19;EUR;C05-Rocío
F2024-001967;2;25/08/2024;CLI0008;S02;334,42;6,37;0;2130,26;EUR;C04-Andrés
F2024-001967;3;25/08/2024;cli0008;S11;20,58;25,64;5;501,29;EUR;C05-Rocío
F2024-001967;4;25/08/2024;CLI0008;S11;78,20;25,71;15;1708,94;EUR;C03-Lucía
F2024-001968;1;26/06/2024;CLI0211;S13;1,00;618,44;0;618,44;EUR;C04-Andrés
F2024-001968;2;26/06/2024;CLI0211;S13;1,00;672,07;0;672,07;EUR;C01-Marta
F2024-001969;1;24/02/2024;CLI0095;S09;85,78;41,58;10;3210,06;EUR;C02-Javier
F2024-001969;2;24/02/2024;CLI0095;S09;462,51;40,93;15;16090,95;EUR;C03-Lucía
F2024-001969;3;24/02/2024;CLI0095;S09;74,63;41,78;5;2962,14;EUR;C03-Lucía
F2024-001969;4;24/02/2024;CLI0095;S09;199,70;42,76;10;7685,25;EUR;C01-Marta
F2024-001970;1;17/05/2024;CLI0212;S15;3,00;81,06;0;243,18;EUR;C04-Andrés
F2024-001971;1;12/06/2024;CLI0049;S14;7,00;219,45;5;1459,34;EUR;C02-Javier
F2024-001971;2;12/06/2024;CLI0049;S08;7276,63;2,48;5;17143,74;EUR;C05-Rocío
F2024-001971;3;12/06/2024;CLI0049;S08;316,82;2,52;5;758,47;EUR;C01-Marta
F2024-001971;4;12/06/2024;CLI0049;S07;118,49;1,68;0;199,06;EUR;C05-Rocío
F2024-001972;1;08/01/2024;CLI0291;S10;513,41;8,16;0;4189,43;EUR;C04-Andrés
F2024-001972;2;08/01/2024;CLI0291;S10;550,96;8,31;0;4578,48;EUR;C05-Rocío
F2024-001972;3;08/01/2024;CLI0291;S10;904,93;8,33;0;7538,07;EUR;C04-Andrés
F2024-001973;1;12/01/2024;cli0350;S06;1497,51;1,10;10;1482,53;EUR;C05-Rocío
F2024-001973;2;12/01/2024;CLI0350;S13;1,00;629,87;0;629,87;EUR;C05-Rocío
F2024-001973;3;12/01/2024;CLI0350;S05;93,29;3,06;0;285,47;EUR;C04-Andrés
F2024-001973;4;12/01/2024;CLI0350;S13;1,00;650,37;10;585,33;EUR;C01-Marta
F2024-001974;1;04/07/2024;CLI0070;S09;75,16;41,18;0;3095,09;EUR;C05-Rocío
F2024-001974;2;04/07/2024;CLI0070;S09;75,76;43,67;0;3308,44;EUR;C02-Javier
F2024-001974;3;04/07/2024;CLI0070;S09;356,38;43,80;0;15609,44;EUR;C03-Lucía
F2024-001974;4;04/07/2024;CLI0070;S09;229,82;42,12;0;9680,02;EUR;C04-Andrés
F2024-001975;1;23/06/2024;CLI0094;S08;2765,21;2,39;0;6608,85;EUR;C04-Andrés
F2024-001975;2;23/06/2024;CLI0094;S08;2438,60;2,43;0;5925,80;EUR;C03-Lucía
F2024-001976;1;04/11/2024;CLI0383;S09;57,98;43,35;5;2387,76;EUR;C02-Javier
F2024-001976;2;04/11/2024;CLI0383;S09;128,02;40,74;0;5215,53;EUR;C03-Lucía
F2024-001976;3;04/11/2024;CLI0383;S09;424,07;42,08;0;17844,87;EUR;C01-Marta
F2024-001977;1;22/12/2024;CLI0207;S13;1,00;651,51;0;651,51;EUR;C05-Rocío
F2024-001978;1;05/05/2024;CLI0136;S01;186,92;96,36;0;18011,61;EUR;C02-Javier
F2024-001978;2;05/05/2024;CLI0136;S02;465,75;6,73;0;3134,50;EUR;C04-Andrés
F2024-001978;3;05/05/2024;CLI0136;S14;12,00;210,95;5;2404,83;EUR;C03-Lucía
F2024-001978;4;05/05/2024;CLI0136;S15;1,00;81,56;5;77,48;EUR;C04-Andrés
F2024-001979;1;04/05/2024;CLI0207;S10;692,19;8,20;0;5675,96;EUR;C01-Marta
F2024-001979;2;04/05/2024;CLI0207;S10;1095,04;8,60;5;8946,48;EUR;C02-Javier
F2024-001980;1;22/01/2024;CLI0096;S14;8,00;208,40;0;1667,20;EUR;C03-Lucía
F2024-001980;2;22/01/2024;CLI0096;S08;321,91;2,36;0;759,71;EUR;C05-Rocío
F2024-001980;3;22/01/2024;CLI0096;S14;5,00;214,36;5;1018,21;EUR;C04-Andrés
F2024-001980;4;22/01/2024;CLI0096;S07;254,76;1,59;0;405,07;EUR;C04-Andrés
F2024-001981;1;27/09/2024;CLI0095;S09;69,98;43,04;0;3011,94;EUR;C02-Javier
F2024-001982;1;12/06/2024;CLI0095;S09;239,01;42,29;0;10107,73;EUR;C03-Lucía
F2024-001982;2;12/06/2024;CLI0095;S14;4,00;204,46;5;776,95;EUR;C02-Javier
F2024-001982;3;12/06/2024;CLI0095;S09;130,66;40,33;0;5269,52;EUR;C05-Rocío
F2024-001982;4;12/06/2024;CLI0095;S09;133,78;41,57;10;5005,11;EUR;C04-Andrés
F2024-001983;1;17/08/2024;CLI0124;S05;659,51;3,19;5;1998,65;EUR;C04-Andrés
F2024-001983;2;17/08/2024;CLI0124;S05;997,64;3,21;0;3202,42;EUR;C01-Marta
F2024-001983;3;17/08/2024;CLI0124;S05;354,96;3,15;5;1062,22;EUR;C02-Javier
F2024-001984;1;20/07/2024;CLI0210;S09;99,05;41,21;5;3877,76;EUR;C02-Javier
F2024-001984;2;20/07/2024;CLI0210;S09;187,49;40,07;0;7512,72;EUR;C03-Lucía
F2024-001984;3;20/07/2024;CLI0210;S09;73,55;43,83;5;3062,51;EUR;C03-Lucía
F2024-001985;1;01/12/2024;CLI0317;S10;1093,98;8,39;10;8260,64;EUR;C03-Lucía
F2024-001985;2;01/12/2024;CLI0317;S10;399,67;8,69;5;3299,48;EUR;C05-Rocío
F2024-001985;3;01/12/2024;CLI0317;S10;350,23;8,24;0;2885,90;EUR;C05-Rocío
F2024-001985;4;01/12/2024;CLI0317;S10;591,50;8,62;0;5098,73;EUR;C03-Lucía
F2024-001986;1;14/02/2024;CLI0247;S10;186,84;8,65;0;1616,17;EUR;C02-Javier
F2024-001986;2;14/02/2024;CLI0247;S10;1492,12;8,08;10;10850,70;EUR;C04-Andrés
F2024-001986;3;14/02/2024;CLI0247;S14;9,00;209,79;15;1604,89;EUR;C01-Marta
F2024-001986;4;14/02/2024;CLI0247;S10;314,49;8,28;10;2343,58;EUR;C02-Javier
F2024-001987;1;26/02/2024;CLI0158;S09;120,91;40,95;0;4951,26;EUR;C01-Marta
F2024-001988;1;23/05/2024;CLI0212;S04;587,20;13,32;0;7821,50;EUR;C05-Rocío
F2024-001989;1;13/02/2024;CLI0215;S08;1686,41;2,29;5;3668,78;EUR;C05-Rocío
F2024-001990;1;10/12/2024;CLI0399;S15;2,00;86,00;5;163,40;EUR;C04-Andrés
F2024-001990;2;10/12/2024;CLI0399;S13;1,00;674,08;0;674,08;EUR;C01-Marta
F2024-001991;1;01/08/2024;CLI0317;S10;2008,53;8,35;10;15094,10;EUR;C03-Lucía
F2024-001992;1;23/08/2024;CLI0340;S13;1,00;677,97;0;677,97;EUR;C01-Marta
F2024-001993;1;03/03/2024;CLI0207;S10;4434,38;8,66;5;36481,64;EUR;C04-Andrés
F2024-001994;1;13/12/2024;CLI0299;S13;1,00;625,54;0;625,54;EUR;C03-Lucía
F2024-001994;2;13/12/2024;CLI0299;S08;888,22;2,50;5;2109,52;EUR;C04-Andrés
F2024-001994;3;2024-12-13;CLI0299;S07;852,09;1,67;5;1351,84;EUR;C01-Marta
F2024-001995;1;03/11/2024;CLI0089;S05;386,35;3,24;5;1189,19;EUR;C05-Rocío
F2024-001995;2;03/11/2024;CLI0089;S14;2,00;206,38;0;412,76;EUR;C04-Andrés
F2024-001996;1;13/01/2024;CLI0373;S14;15,00;203,87;0;3058,05;EUR;C04-Andrés
F2024-001996;2;13/01/2024;CLI0373;S15;3,00;83,66;0;250,98;EUR;C05-Rocío
F2024-001996;3;13/01/2024;CLI0373;S01;11,88;98,02;0;1164,48;EUR;C04-Andrés
F2024-001996;4;13/01/2024;CLI0373;S13;1,00;648,07;0;648,07;EUR;C01-Marta
F2024-001997;1;03/04/2024;CLI0295;S06;301,35;1,15;0;346,55;EUR;C05-Rocío
F2024-001997;2;03/04/2024;CLI0295;S05;114,13;3,07;0;350,38;EUR;C01-Marta
F2024-001997;3;03/04/2024;CLI0295;S15;2,00;88,85;5;168,81;EUR;C01-Marta
F2024-001998;1;22/02/2024;CLI0388;S10;148,44;8,66;0;1285,49;EUR;C03-Lucía
F2024-001999;1;10/11/2024;CLI0158;S15;4,00;81,48;0;325,92;EUR;C05-Rocío
F2024-001999;2;10/11/2024;CLI0158;S09;55,22;41,37;0;2284,45;EUR;C04-Andrés
F2024-001999;3;10/11/2024;CLI0158;S15;3,00;88,99;0;266,97;EUR;C03-Lucía
F2024-002000;1;22/06/2024;CLI0115;S11;34,10;23,83;0;812,60;EUR;C02-Javier
F2024-002001;1;27/08/2024;CLI0207;S10;337,85;8,18;0;2763,61;EUR;C02-Javier
F2024-002001;2;27/08/2024;CLI0207;S10;333,61;8,75;0;2919,09;EUR;C03-Lucía
F2024-002002;1;20/10/2024;CLI0095;S14;16,00;211,34;15;2874,22;EUR;C01-Marta
F2024-002002;2;20/10/2024;CLI0095;S09;364,91;40,43;0;14753,31;EUR;C01-Marta
F2024-002002;3;20/10/2024;CLI0095;S15;3,00;84,25;0;252,75;EUR;C02-Javier
F2024-002002;4;20/10/2024;CLI0095;S09;285,40;43,92;0;12534,77;EUR;C01-Marta
F2024-002003;1;17/06/2024;CLI0389;S07;822,44;1,63;0;1340,58;EUR;C02-Javier
F2024-002003;2;17/06/2024;CLI0389;S08;648,80;2,35;0;1524,68;EUR;C05-Rocío
F2024-002004;1;23/10/2024;CLI0041;S10;519,70;8,84;0;4594,15;EUR;C05-Rocío
F2024-002004;2;23/10/2024;CLI0041;S10;113,50;8,74;0;991,99;EUR;C02-Javier
F2024-002005;1;06/07/2024;CLI0386;S15;4,00;88,43;0;353,72;EUR;C02-Javier
F2024-002006;1;09/01/2024;CLI0031;S14;11,00;213,10;0;2344,10;EUR;C05-Rocío
F2024-002006;2;09/01/2024;CLI0031;S02;719,37;6,34;0;4560,81;EUR;C04-Andrés
F2024-002006;3;09/01/2024;CLI0031;S11;6,61;25,17;5;158,06;EUR;C02-Javier
F2024-002006;4;09/01/2024;CLI0031;S02;160,54;6,71;0;1077,22;EUR;C02-Javier
F2024-002007;1;10/02/2024;CLI0212;S03;143,18;38,75;0;5548,23;EUR;C03-Lucía
F2024-002007;2;10/02/2024;CLI0212;S12;3,00;118,93;0;356,79;EUR;C04-Andrés
F2024-002007;3;10/02/2024;CLI0212;S04;389,33;13,69;0;5329,93;EUR;C02-Javier
F2024-002007;4;10/02/2024;CLI0212;S15;4,00;83,00;0;332,00;EUR;C04-Andrés
F2024-002008;1;01/09/2024;CLI0095;S09;150,98;41,77;0;6306,43;EUR;C02-Javier
F2024-002008;2;01/09/2024;CLI0095;S09;138,83;40,09;0;5565,69;EUR;C02-Javier
F2024-002008;3;01/09/2024;CLI0095;S09;60,71;42,82;0;2599,60;EUR;C01-Marta
F2024-002009;1;25/07/2024;CLI0301;S13;1,00;666,59;0;666,59;EUR;C05-Rocío
F2024-002009;2;25/07/2024;CLI0301;S08;1404,79;2,45;5;3269,65;EUR;C01-Marta
F2024-002009;3;25/07/2024;CLI0301;S15;1,00;84,62;0;84,62;EUR;C04-Andrés
F2024-002010;1;07/02/2024;CLI0094;S07;319,67;1,65;5;501,08;EUR;C03-Lucía
F2024-002010;2;07/02/2024;CLI0094;S14;7,00;209,96;0;1469,72;EUR;C03-Lucía
F2024-002010;3;07/02/2024;CLI0094;S07;92,48;1,60;0;147,97;EUR;C01-Marta
F2024-002010;4;07/02/2024;CLI0094;S07;1427,19;1,63;5;2210,00;EUR;C05-Rocío
F2024-002011;1;10/12/2024;CLI0012;S07;1201,08;1,64;0;1969,77;EUR;C01-Marta
F2024-002012;1;12/06/2024;CLI0095;S09;78,81;42,13;10;2988,24;EUR;C02-Javier
F2024-002013;1;12/06/2024;CLI0067;S10;207,98;8,55;0;1778,23;EUR;C01-Marta
F2024-002013;2;12/06/2024;CLI0067;S10;257,52;8,20;0;2111,66;EUR;C02-Javier
F2024-002013;3;12/06/2024;CLI0067;S10;1170,37;8,85;0;10357,77;EUR;C01-Marta
F2024-002013;4;12/06/2024;CLI0067;S10;358,74;8,77;0;3146,15;EUR;C01-Marta
F2024-002014;1;06/06/2024;CLI0114;S09;188,75;42,57;0;8035,09;EUR;C05-Rocío
F2024-002014;2;06/06/2024;CLI0114;S13;1,00;648,79;0;648,79;EUR;C02-Javier
F2024-002014;3;06/06/2024;CLI0114;S09;363,88;43,27;0;15745,09;EUR;C05-Rocío
F2024-002014;4;06/06/2024;CLI0114;S09;75,73;41,46;5;2982,78;EUR;C02-Javier
F2024-002015;1;04/05/2024;CLI0390;S09;195,09;43,08;5;7984,25;EUR;C05-Rocío
F2024-002015;2;04/05/2024;CLI0390;S09;39,84;42,80;0;1705,15;EUR;C04-Andrés
F2024-002015;3;04/05/2024;CLI0390;S09;170,65;43,41;0;7407,92;EUR;C05-Rocío
F2024-002016;1;01/02/2024;CLI0052;S13;1,00;621,73;10;559,56;EUR;C01-Marta
F2024-002016;2;01/02/2024;CLI0052;S08;527,81;2,35;0;1240,35;EUR;C01-Marta
F2024-002016;3;01/02/2024;CLI0052;S07;394,95;1,54;0;608,22;EUR;C04-Andrés
F2024-002017;1;03/04/2024;CLI0141;S13;1,00;642,67;0;642,67;EUR;C05-Rocío
F2024-002017;2;03/04/2024;CLI0141;S10;398,82;8,86;0;3533,55;EUR;C01-Marta
F2024-002017;3;03/04/2024;CLI0141;S10;207,44;8,88;5;1749,96;EUR;C03-Lucía
F2024-002017;4;03/04/2024;CLI0141;S10;1120,86;8,67;0;9717,86;EUR;C02-Javier
F2024-002018;1;19/04/2024;CLI0293;S10;269,44;8,76;0;2360,29;EUR;C03-Lucía
F2024-002018;2;19/04/2024;CLI0293;S13;1,00;637,86;5;605,97;EUR;C02-Javier
F2024-002018;3;19/04/2024;CLI0293;S10;185,53;8,36;0;1551,03;EUR;C03-Lucía
F2024-002019;1;08/10/2024;CLI0048;S14;13,00;201,07;0;2613,91;EUR;C04-Andrés
F2024-002019;2;08/10/2024;CLI0048;S10;509,67;8,10;0;;EUR;C02-Javier
F2024-002019;3;08/10/2024;CLI0048;S13;1,00;657,42;0;657,42;EUR;C04-Andrés
F2024-002020;1;04/08/2024;CLI0333;S11;43,48;25,65;0;1115,26;EUR;C05-Rocío
F2024-002020;2;04/08/2024;CLI0333;S11;45,02;23,84;5;1019,61;EUR;C01-Marta
F2024-002020;3;04/08/2024;CLI0333;S01;104,94;91,76;0;9629,29;EUR;C03-Lucía
F2024-002021;1;06/01/2024;CLI0323;S05;63,95;3,25;0;207,84;EUR;C02-Javier
F2024-002022;1;15/09/2024;CLI0386;S11;44,78;24,81;0;1110,99;EUR;C03-Lucía
F2024-002023;1;06/04/2024;CLI0043;S05;397,99;3,08;0;1225,81;EUR;C05-Rocío
F2024-002024;1;15/04/2024;CLI0370;S15;2,00;85,61;0;171,22;EUR;C03-Lucía
F2024-002024;2;15/04/2024;CLI0370;S05;517,88;3,27;0;1693,47;EUR;C05-Rocío
F2024-002024;3;15/04/2024;CLI0370;S14;7,00;211,45;15;1258,13;EUR;C03-Lucía
F2024-002025;1;28/10/2024;CLI0331;S02;297,89;7,21;0;2146,70;USD;C04-Andrés
F2024-002025;2;28/10/2024;CLI0331;S01;111,27;113,66;0;12646,97;USD;C04-Andrés
F2024-002025;3;28/10/2024;CLI0331;S01;114,23;91,37;5;9915,34;EUR;C02-Javier
F2024-002025;4;28/10/2024;CLI0331;S01;43,29;112,61;0;4874,94;USD;C05-Rocío
F2024-002026;1;23/04/2024;CLI0274;S08;2161,46;2,34;15;4299,14;EUR;C01-Marta
F2024-002026;2;23/04/2024;CLI0274;S15;1,00;86,10;0;86,10;EUR;C01-Marta
F2024-002026;3;23/04/2024;CLI0274;S14;4,00;213,36;15;725,42;EUR;C03-Lucía
F2024-002026;4;23/04/2024;CLI0274;S08;3548,39;2,35;10;7504,84;EUR;C01-Marta
F2024-002027;1;16/06/2024;CLI0049;S07;273,03;1,57;5;407,22;EUR;C05-Rocío
F2024-002027;2;16/06/2024;CLI0049;S08;2529,14;2,51;0;6348,14;EUR;C04-Andrés
F2024-002028;1;18/04/2024;CLI0213;S10;577,64;8,74;5;4796,14;EUR;C02-Javier
F2024-002028;2;18/04/2024;CLI0213;S10;1103,58;8,33;0;9192,82;EUR;C05-Rocío
F2024-002028;3;18/04/2024;CLI0213;S10;128,26;8,48;0;1087,64;EUR;C03-Lucía
F2024-002028;4;18/04/2024;CLI0213;S10;1394,58;8,65;0;12063,12;EUR;C05-Rocío
F2024-002029;1;14/01/2024;CLI0212;S12;2,00;120,91;0;241,82;EUR;C05-Rocío
F2024-002029;2;14/01/2024;CLI0212;S12;4,00;117,99;0;471,96;EUR;C02-Javier
F2024-002030;1;14/04/2024;CLI0055;S14;12,00;207,66;0;2491,92;EUR;C05-Rocío
F2024-002030;2;14/04/2024;CLI0055;S09;88,98;42,43;0;3775,42;EUR;C03-Lucía
F2024-002031;1;10/07/2024;CLI0094;S08;1861,62;2,34;0;4356,19;EUR;C02-Javier
F2024-002032;1;19/07/2024;CLI0307;S09;70,73;43,85;0;3101,51;EUR;C03-Lucía
F2024-002032;2;19/07/2024;CLI0307;S09;85,33;42,10;0;3592,39;EUR;C05-Rocío
F2024-002033;1;23/09/2024;CLI0144;S01;87,84;97,12;0;8531,02;EUR;C01-Marta
F2024-002033;2;23/09/2024;CLI0144;S02;413,45;6,30;0;2604,73;EUR;C02-Javier
F2024-002033;3;23/09/2024;CLI0144;S15;4,00;83,39;0;333,56;EUR;C01-Marta
F2024-002033;4;23/09/2024;CLI0144;S02;706,10;6,77;0;4780,30;EUR;C03-Lucía
F2024-002034;1;18/06/2024;CLI0242;S03;16,14;39,71;0;640,92;EUR;C04-Andrés
F2024-002035;1;20/01/2024;CLI0370;S05;384,10;3,34;0;1282,89;EUR;C03-Lucía
F2024-002036;1;12/09/2024;CLI0093;S10;374,48;8,21;0;3074,48;EUR;C04-Andrés
F2024-002036;2;12/09/2024;CLI0093;S15;4,00;88,18;5;335,08;EUR;C04-Andrés
F2024-002036;3;12/09/2024;CLI0093;S14;8,00;208,05;5;1581,18;EUR;C05-Rocío
F2024-002036;4;12/09/2024;CLI0093;S15;4,00;86,95;0;347,80;EUR;C01-Marta
F2024-002037;1;19/11/2024;CLI0045;S05;2845,62;3,32;0;9447,46;EUR;C04-Andrés
F2024-002037;2;19/11/2024;CLI0045;S05;169,68;3,08;0;522,61;EUR;C03-Lucía
F2024-002038;1;01/03/2024;CLI0158;S09;342,40;43,71;15;12721,36;EUR;C01-Marta
F2024-002038;2;2024-03-01;CLI0158;S15;2,00;83,53;0;167,06;EUR;C02-Javier
F2024-002039;1;28/10/2024;CLI0301;S14;5,00;216,39;0;1081,95;EUR;C02-Javier
F2024-002039;1;28/10/2024;CLI0301;S14;5,00;216,39;0;1081,95;EUR;C02-Javier
F2024-002039;2;28/10/2024;CLI0301;S08;6188,55;2,45;0;15161,95;EUR;C03-Lucía
F2024-002040;1;25/08/2024;CLI0371;S14;14,00;208,05;0;2912,70;EUR;C01-Marta
F2024-002040;2;25/08/2024;CLI0371;S10;1785,06;8,62;5;14617,86;EUR;C01-Marta
F2024-002041;1;19/01/2024;CLI0355;S01;80,13;108,74;5;8277,94;USD;C05-Rocío
F2024-002041;2;19/01/2024;CLI0355;S02;238,53;7,06;5;1600,39;USD;C01-Marta
F2024-002041;3;19/01/2024;CLI0355;S13;1,00;705,81;5;670,52;USD;C04-Andrés
F2024-002041;4;19/01/2024;CLI0355;S15;3,00;83,46;0;250,38;EUR;C05-Rocío
F2024-002042;1;23/05/2024;CLI0329;S13;1,00;675,48;10;607,93;EUR;C04-Andrés
F2024-002042;2;23/05/2024;CLI0329;S01;117,76;93,00;0;10951,68;EUR;C03-Lucía
F2024-002042;3;23/05/2024;CLI0329;S02;190,47;6,20;5;1121,87;EUR;C04-Andrés
F2024-002043;1;22/07/2024;CLI0175;S15;4,00;87,99;5;334,36;EUR;C03-Lucía
F2024-002043;2;22/07/2024;CLI0175;S10;169,95;8,18;5;1320,68;EUR;C03-Lucía
F2024-002043;3;22/07/2024;CLI0175;S10;68,55;8,33;0;571,02;EUR;C05-Rocío
F2024-002044;1;26/02/2024;CLI0237;S13;1,00;664,96;0;664,96;EUR;C04-Andrés
F2024-002044;2;26/02/2024;CLI0237;S14;16,00;215,16;5;3270,43;EUR;C01-Marta
F2024-002045;1;14/09/2024;CLI0324;S13;1,00;660,34;0;660,34;EUR;C03-Lucía
F2024-002045;2;14/09/2024;CLI0324;S10;575,52;8,62;5;4712,93;EUR;C03-Lucía
F2024-002045;3;14/09/2024;CLI0324;S10;236,11;8,91;5;1998,55;EUR;C05-Rocío
F2024-002046;1;28/03/2024;CLI0218;S10;609,00;8,42;0;5127,78;EUR;C05-Rocío
F2024-002046;2;28/03/2024;CLI0218;S14;12,00;215,30;0;2583,60;EUR;C03-Lucía
F2024-002047;1;21/11/2024;CLI0051;S05;1199,33;3,27;0;3921,81;EUR;C02-Javier
F2024-002048;1;28/11/2024;CLI0051;S05;2016,12;3,34;15;5723,76;EUR;C05-Rocío
F2024-002048;2;28/11/2024;CLI0051;S06;398,30;1,11;10;397,90;EUR;C04-Andrés
F2024-002049;1;27/02/2024;CLI0207;S14;13,00;216,27;0;2811,51;EUR;C03-Lucía
F2024-002050;1;24/09/2024;CLI0158;S09;947,43;40,79;5;36713,39;EUR;C04-Andrés
F2024-002051;1;02/03/2024;CLI0158;S09;257,69;43,82;5;10727,38;EUR;C03-Lucía
F2024-002052;1;11/04/2024;CLI0114;S09;257,09;44,03;0;11319,67;EUR;C03-Lucía
F2024-002053;1;19/12/2024;CLI0207;S14;6,00;204,86;0;1229,16;EUR;C04-Andrés
F2024-002053;2;19/12/2024;CLI0207;S10;236,22;8,64;0;2040,94;EUR;C05-Rocío
F2024-002053;3;19/12/2024;CLI0207;S13;1,00;677,21;0;677,21;EUR;C03-Lucía
F2024-002053;4;19/12/2024;CLI0207;S15;1,00;83,38;0;83,38;EUR;C02-Javier
F2024-002054;1;16/04/2024;CLI0282;S07;438,10;1,81;5;753,96;USD;C05-Rocío
F2024-002055;1;06/01/2024;cli0361;S06;1037,75;1,09;0;1131,15;EUR;C03-Lucía
F2024-002055;2;06/01/2024;CLI0361;S06;5119,38;1,08;0;5528,93;EUR;C05-Rocío
F2024-002056;1;09/07/2024;CLI0068;S06;2746,14;1,12;0;3075,68;EUR;C02-Javier
F2024-002056;2;09/07/2024;CLI0068;S13;1,00;677,83;0;677,83;EUR;C01-Marta
F2024-002056;3;09/07/2024;CLI0068;S14;8,00;220,33;0;1762,64;EUR;C02-Javier
F2024-002056;4;09/07/2024;CLI0068;S13;1,00;620,46;0;620,46;EUR;C05-Rocío
F2024-002057;1;03/06/2024;CLI0325;S01;267,89;95,72;0;25642,43;EUR;C01-Marta
F2024-002057;2;03/06/2024;CLI0325;S02;1465,39;6,69;0;9803,46;EUR;C01-Marta
F2024-002058;1;24/04/2024;CLI0342;S10;102,65;8,65;5;;EUR;C02-Javier
F2024-002058;2;24/04/2024;CLI0342;S13;1,00;638,31;0;638,31;EUR;C02-Javier
F2024-002058;3;24/04/2024;CLI0342;S10;400,01;8,48;5;3222,48;EUR;C02-Javier
F2024-002059;1;03/08/2024;CLI0121;S09;100,81;42,67;0;4301,56;EUR;C04-Andrés
F2024-002059;2;03/08/2024;CLI0121;S09;132,47;42,37;5;5332,12;EUR;C05-Rocío
F2024-002059;3;03/08/2024;CLI0121;S09;138,42;40,74;0;5639,23;EUR;C01-Marta
F2024-002060;1;10/05/2024;CLI0008;S14;12,00;206,21;15;2103,34;EUR;C04-Andrés
F2024-002060;2;10/05/2024;CLI0008;S01;105,76;93,26;5;9370,02;EUR;C02-Javier
F2024-002061;1;06/08/2024;CLI0295;S06;831,45;1,08;5;853,07;EUR;C03-Lucía
F2024-002062;1;15/09/2024;CLI0094;S08;2070,36;2,48;0;5134,49;EUR;C05-Rocío
F2024-002063;1;26/10/2024;CLI0095;S09;112,68;43,57;10;4418,52;EUR;C02-Javier
F2024-002064;1;16/11/2024;CLI0071;S01;43,76;98,73;5;4104,40;EUR;C01-Marta
F2024-002065;1;20/03/2024;CLI0320;S08;1330,77;2,39;0;3180,54;EUR;C04-Andrés
F2024-002065;2;20/03/2024;CLI0320;S07;243,98;1,58;5;366,21;EUR;C02-Javier
F2024-002065;3;20/03/2024;CLI0320;S08;500,60;2,46;5;1169,90;EUR;C02-Javier
F2024-002066;1;10/01/2024;CLI0211;S15;2,00;81,92;5;155,65;EUR;C04-Andrés
F2024-002066;2;10/01/2024;CLI0211;S06;363,04;1,12;0;406,60;EUR;C03-Lucía
F2024-002066;3;10/01/2024;CLI0211;S05;376,35;3,09;0;1162,92;EUR;C02-Javier
F2024-002066;4;10/01/2024;CLI0211;S05;320,90;3,35;0;1075,01;EUR;C01-Marta
F2024-002067;1;07/01/2024;CLI0386;S11;18,05;24,54;5;420,80;EUR;C02-Javier
F2024-002067;2;07/01/2024;CLI0386;S15;1,00;82,06;5;77,96;EUR;C02-Javier
F2024-002067;3;07/01/2024;CLI0386;S11;34,23;23,79;0;814,33;EUR;C05-Rocío
F2024-002068;1;20/03/2024;CLI0089;S06;3181,58;1,05;0;3340,66;EUR;C02-Javier
F2024-002069;1;18/08/2024;CLI0368;S15;4,00;87,33;0;349,32;EUR;C02-Javier
F2024-002069;2;18/08/2024;CLI0368;S14;11,00;204,42;0;2248,62;EUR;C04-Andrés
F2024-002070;1;02/03/2024;CLI0232;S13;1,00;672,57;0;672,57;EUR;C01-Marta
F2024-002071;1;20/10/2024;CLI0207;S14;16,00;217,03;0;3472,48;EUR;C02-Javier
F2024-002071;2;20/10/2024;CLI0207;S10;2668,77;8,46;0;22577,79;EUR;C04-Andrés
F2024-002071;3;20/10/2024;CLI0207;S10;385,49;8,46;0;3261,25;EUR;C05-Rocío
F2024-002072;1;04/11/2024;CLI0005;S14;4,00;208,34;5;791,69;EUR;C04-Andrés
F2024-002072;2;04/11/2024;CLI0005;S14;9,00;208,60;0;1877,40;EUR;C05-Rocío
F2024-002072;3;04/11/2024;CLI0005;S15;2,00;85,21;0;170,42;EUR;C03-Lucía
F2024-002072;4;04/11/2024;CLI0005;S09;180,73;40,79;0;7371,98;EUR;C01-Marta
F2024-002073;1;26/01/2024;CLI0042;S10;132,11;8,92;5;1119,28;USD;C03-Lucía
F2024-002073;2;26/01/2024;CLI0042;S13;1,00;658,24;0;658,24;EUR;C02-Javier
F2024-002074;1;18/10/2024;CLI0056;S10;1027,43;8,11;0;8332,46;EUR;C01-Marta
F2024-002074;2;18/10/2024;CLI0056;S10;58,26;8,79;0;512,11;EUR;C03-Lucía
F2024-002074;3;18/10/2024;CLI0056;S10;632,49;8,70;5;5227,53;EUR;C04-Andrés
F2024-002075;1;05/12/2024;CLI0158;S14;2,00;211,59;10;380,86;EUR;C01-Marta
F2024-002075;2;05/12/2024;CLI0158;S09;56,87;43,10;0;2451,10;EUR;C02-Javier
F2024-002075;3;05/12/2024;CLI0158;S09;78,79;43,60;10;3091,72;EUR;C02-Javier
F2024-002075;4;05/12/2024;CLI0158;S09;59,42;43,62;0;2591,90;EUR;C01-Marta
F2024-002076;1;2024-11-05;CLI0350;S14;14,00;219,47;5;2918,95;EUR;C03-Lucía
F2024-002076;2;05/11/2024;CLI0350;S05;364,30;3,27;5;1131,70;EUR;C02-Javier
F2024-002076;3;05/11/2024;CLI0350;S05;606,57;3,33;0;2019,88;EUR;C05-Rocío
F2024-002076;4;05/11/2024;CLI0350;S05;2027,13;3,15;0;6385,46;EUR;C02-Javier
F2024-002076;4;05/11/2024;CLI0350;S05;2027,13;3,15;0;6385,46;EUR;C02-Javier
F2024-002077;1;15/01/2024;CLI0056;S10;187,45;8,49;0;1591,45;EUR;C03-Lucía
F2024-002077;2;15/01/2024;CLI0056;S14;6,00;209,69;0;1258,14;EUR;C04-Andrés
F2024-002078;1;06/04/2024;CLI0299;S15;1,00;84,84;5;80,60;EUR;C05-Rocío
F2024-002078;2;06/04/2024;CLI0299;S08;1260,60;2,32;5;2778,36;EUR;C02-Javier
F2024-002078;3;06/04/2024;CLI0299;S13;1,00;681,93;0;681,93;EUR;C05-Rocío
F2024-002079;1;01/02/2024;CLI0287;S10;35,57;8,31;0;295,59;EUR;C01-Marta
F2024-002080;1;14/10/2024;CLI0092;S06;687,56;1,05;0;721,94;EUR;C04-Andrés
F2024-002080;2;14/10/2024;CLI0092;S15;3,00;81,09;0;243,27;EUR;C01-Marta
F2024-002081;1;22/09/2024;CLI0052;S07;295,74;1,61;5;452,33;EUR;C04-Andrés
F2024-002082;1;07/06/2024;CLI0373;S11;12,97;26,24;0;340,33;EUR;C02-Javier
F2024-002082;2;07/06/2024;CLI0373;S01;35,74;92,70;0;3313,10;EUR;C01-Marta
F2024-002082;3;07/06/2024;CLI0373;S11;38,30;25,81;0;988,52;EUR;C05-Rocío
F2024-002083;1;13/12/2024;CLI0301;S07;150,48;1,58;0;237,76;EUR;C03-Lucía
F2024-002083;2;13/12/2024;CLI0301;S08;4119,09;2,32;0;9556,29;EUR;C05-Rocío
F2024-002084;1;11/11/2024;CLI0094;S14;3,00;205,92;0;617,76;EUR;C02-Javier
F2024-002084;2;11/11/2024;CLI0094;S14;2,00;214,74;0;429,48;EUR;C01-Marta
F2024-002084;3;11/11/2024;CLI0094;S08;1229,93;2,28;0;2804,24;EUR;C05-Rocío
F2024-002085;1;28/07/2024;CLI0225;S05;405,95;3,20;0;1299,04;EUR;C02-Javier
F2024-002085;2;28/07/2024;CLI0225;S06;517,59;1,10;10;512,41;EUR;C02-Javier
F2024-002086;1;25/03/2024;CLI0328;S05;212,38;3,65;0;776,02;USD;C05-Rocío
F2024-002087;1;15/08/2024;CLI0247;S15;1,00;83,48;15;70,96;EUR;C02-Javier
F2024-002087;2;15/08/2024;CLI0247;S10;383,42;8,61;10;2971,12;EUR;C03-Lucía
F2024-002088;1;25/09/2024;CLI0372;S09;48,07;42,14;0;2025,67;EUR;C02-Javier
F2024-002088;2;25/09/2024;CLI0372;S09;65,61;43,68;0;2865,84;EUR;C01-Marta
F2024-002088;3;25/09/2024;CLI0372;S09;178,98;41,81;0;7483,15;EUR;C05-Rocío
F2024-002088;4;25/09/2024;CLI0372;S09;95,43;44,02;5;3990,79;EUR;C02-Javier
F2024-002089;1;08/11/2024;CLI0321;S10;470,51;8,19;0;3853,48;EUR;C05-Rocío
F2024-002089;2;08/11/2024;CLI0321;S10;105,66;8,74;5;877,29;EUR;C04-Andrés
F2024-002089;3;08/11/2024;CLI0321;S10;336,30;8,44;0;2838,37;EUR;C05-Rocío
F2024-002090;1;01/01/2024;CLI0337;S08;361,03;2,33;5;799,14;EUR;C01-Marta
F2024-002090;2;01/01/2024;CLI0337;S07;300,66;1,64;0;493,08;EUR;C01-Marta
F2024-002091;1;19/07/2024;CLI0133;S01;84,27;99,20;0;8359,58;EUR;C03-Lucía
F2024-002091;2;19/07/2024;CLI0133;S11;23,24;25,58;5;564,76;EUR;C02-Javier
F2024-002091;3;19/07/2024;CLI0133;S13;1,00;633,18;0;633,18;EUR;C04-Andrés
F2024-002091;4;19/07/2024;CLI0133;S01;91,81;92,10;0;8455,70;EUR;C02-Javier
F2024-002092;1;17/01/2024;CLI0266;S14;4,00;207,18;5;787,28;EUR;C01-Marta
F2024-002093;1;23/01/2024;CLI0154;S10;388,48;8,29;5;3059,47;EUR;C03-Lucía
F2024-002093;2;23/01/2024;CLI0154;S14;15,00;203,95;5;2906,29;EUR;C04-Andrés
F2024-002094;1;06/02/2024;CLI0350;S06;5340,40;1,10;0;5874,44;EUR;C03-Lucía
F2024-002094;2;06/02/2024;CLI0350;S05;165,91;3,22;15;454,10;EUR;C05-Rocío
F2024-002095;1;17/07/2024;CLI0273;S10;242,94;8,15;0;1979,96;EUR;C04-Andrés
F2024-002096;1;17/11/2024;CLI0200;S02;668,95;6,74;0;4508,72;EUR;C03-Lucía
F2024-002096;2;17/11/2024;CLI0200;S01;24,90;95,09;0;2367,74;EUR;C02-Javier
F2024-002097;1;19/07/2024;CLI0113;S09;53,75;41,42;15;1892,38;EUR;C02-Javier
F2024-002097;2;19/07/2024;CLI0113;S14;6,00;201,00;5;1145,70;EUR;C01-Marta
F2024-002097;3;19/07/2024;CLI0113;S14;12,00;218,42;15;2227,88;EUR;C02-Javier
F2024-002097;4;19/07/2024;CLI0113;S13;1,00;629,55;5;598,07;EUR;C02-Javier
F2024-002098;1;13/07/2024;CLI0095;S09;252,78;40,93;0;10346,29;EUR;C01-Marta
F2024-002098;2;13/07/2024;CLI0095;S14;3,00;209,03;10;564,38;EUR;C04-Andrés
F2024-002098;3;13/07/2024;CLI0095;S09;248,18;42,01;0;10426,04;EUR;C05-Rocío
F2024-002098;4;13/07/2024;CLI0095;S09;127,78;40,72;0;5203,20;EUR;C02-Javier
F2024-002099;1;11/02/2024;CLI0053;S08;741,28;2,43;0;;EUR;C04-Andrés
F2024-002099;2;11/02/2024;CLI0053;S15;4,00;84,75;15;288,15;EUR;C02-Javier
F2024-002099;3;11/02/2024;CLI0053;S14;13,00;215,17;5;2657,35;EUR;C02-Javier
F2024-002099;4;11/02/2024;CLI0053;S14;15,00;205,87;0;3088,05;EUR;C05-Rocío
F2024-002100;1;10/05/2024;CLI0382;S10;402,44;8,17;0;3287,93;EUR;C03-Lucía
F2024-002100;2;10/05/2024;CLI0382;S13;1,00;629,83;0;629,83;EUR;C03-Lucía
F2024-002100;3;10/05/2024;CLI0382;S10;206,36;8,17;0;1685,96;EUR;C04-Andrés
F2024-002100;4;10/05/2024;CLI0382;S10;229,24;8,39;0;1923,32;EUR;C03-Lucía
F2024-002101;1;14/07/2024;CLI0387;S15;4,00;80,75;0;323,00;EUR;C02-Javier
F2024-002101;2;14/07/2024;CLI0387;S08;3057,48;2,29;5;6651,55;EUR;C03-Lucía
F2024-002101;3;14/07/2024;CLI0387;S14;13,00;203,23;5;2509,89;EUR;C02-Javier
F2024-002102;1;05/10/2024;CLI0393;S01;49,43;96,80;0;4784,82;EUR;C01-Marta
F2024-002102;2;05/10/2024;CLI0393;S13;1,00;626,32;0;626,32;EUR;C05-Rocío
F2024-002102;3;05/10/2024;CLI0393;S15;4,00;86,44;0;345,76;EUR;C05-Rocío
F2024-002102;4;05/10/2024;CLI0393;S11;26,47;25,35;0;671,01;EUR;C04-Andrés
F2024-002103;1;14/01/2024;CLI0051;S06;3351,17;1,07;5;3406,46;EUR;C03-Lucía
F2024-002103;2;14/01/2024;CLI0051;S14;4,00;209,13;0;836,52;EUR;C03-Lucía
F2024-002104;1;28/04/2024;CLI0290;S10;2393,80;8,38;0;20060,04;EUR;C01-Marta
F2024-002104;2;28/04/2024;CLI0290;S13;1,00;625,88;0;625,88;EUR;C05-Rocío
F2024-002104;3;28/04/2024;CLI0290;S10;401,28;8,74;0;3507,19;EUR;C02-Javier
F2024-002105;1;18/01/2024;CLI0031;S14;14,00;219,50;0;3073,00;EUR;C02-Javier
F2024-002105;2;18/01/2024;CLI0031;S02;6109,45;6,37;5;36971,34;EUR;C01-Marta
F2024-002105;3;18/01/2024;CLI0031;S02;240,62;6,40;0;1539,97;EUR;C03-Lucía
F2024-002106;1;07/01/2024;CLI0013;S13;1,00;630,17;0;630,17;EUR;C02-Javier
F2024-002107;1;25/10/2024;CLI0154;S10;381,02;8,84;5;3199,81;EUR;C03-Lucía
F2024-002107;2;25/10/2024;CLI0154;S10;178,78;8,29;0;1482,09;EUR;C01-Marta
F2024-002107;3;25/10/2024;CLI0154;S10;150,81;8,24;0;1242,67;EUR;C03-Lucía
F2024-002108;1;22/08/2024;CLI0158;S09;50,45;40,15;10;1823,01;EUR;C05-Rocío
F2024-002108;2;22/08/2024;CLI0158;S09;82,89;40,32;0;3342,12;EUR;C01-Marta
F2024-002108;3;22/08/2024;CLI0158;S14;7,00;205,64;5;1367,51;EUR;C03-Lucía
F2024-002108;4;22/08/2024;CLI0158;S09;193,47;42,59;0;8239,89;EUR;C02-Javier
F2024-002109;1;10/08/2024;CLI0094;S08;331,28;2,50;0;828,20;EUR;C02-Javier
F2024-002109;2;10/08/2024;CLI0094;S13;1,00;676,89;0;676,89;EUR;C02-Javier
F2024-002110;1;01/11/2024;CLI0337;S07;213,34;1,56;0;332,81;EUR;C05-Rocío
F2024-002110;2;01/11/2024;CLI0337;S15;1,00;88,49;5;84,07;EUR;C03-Lucía
F2024-002110;3;01/11/2024;CLI0337;S08;2502,56;2,44;0;6106,25;EUR;C01-Marta
F2024-002111;1;14/02/2024;CLI0093;S10;254,35;8,51;0;2164,52;EUR;C03-Lucía
F2024-002111;2;14/02/2024;CLI0093;S10;144,90;8,08;0;1170,79;EUR;C04-Andrés
F2024-002111;3;14/02/2024;CLI0093;S10;247,95;8,79;0;2179,48;EUR;C04-Andrés
F2024-002112;1;27/12/2024;CLI0219;S15;4,00;85,98;0;343,92;EUR;C04-Andrés
F2024-002112;2;27/12/2024;CLI0219;S06;1373,70;1,08;0;1483,60;EUR;C02-Javier
F2024-002112;3;27/12/2024;CLI0219;S06;1928,47;1,09;0;2102,03;EUR;C03-Lucía
F2024-002112;4;27/12/2024;CLI0219;S06;2848,07;1,07;0;3047,43;EUR;C01-Marta
F2024-002113;1;15/09/2024;CLI0366;S06;1019,75;1,09;10;1000,37;EUR;C01-Marta
F2024-002114;1;01/02/2024;CLI0159;S12;4,00;118,28;10;425,81;EUR;C04-Andrés
F2024-002115;1;13/05/2024;CLI0224;S14;5,00;216,08;0;1080,40;EUR;C05-Rocío
F2024-002115;2;13/05/2024;CLI0224;S15;4,00;83,80;0;335,20;EUR;C05-Rocío
F2024-002115;3;13/05/2024;CLI0224;S05;78,80;3,11;5;232,81;EUR;C01-Marta
F2024-002116;1;05/01/2024;CLI0207;S10;194,55;8,65;0;1682,86;EUR;C01-Marta
F2024-002116;2;05/01/2024;CLI0207;S10;101,85;8,59;0;874,89;EUR;C01-Marta
F2024-002116;3;05/01/2024;CLI0207;S10;179,10;8,59;0;1538,47;EUR;C01-Marta
F2024-002116;4;05/01/2024;CLI0207;S14;8,00;200,12;0;1600,96;EUR;C04-Andrés
F2024-002117;1;01/07/2024;CLI0158;S15;4,00;81,62;0;326,48;EUR;C02-Javier
F2024-002117;2;01/07/2024;CLI0158;S09;103,43;42,70;0;4416,46;EUR;C03-Lucía
F2024-002117;3;01/07/2024;CLI0158;S15;4,00;82,81;0;331,24;EUR;C03-Lucía
F2024-002117;4;01/07/2024;CLI0158;S09;232,11;43,40;10;9066,22;EUR;C05-Rocío
F2024-002118;1;26/08/2024;CLI0008;S01;18,79;96,76;0;1818,12;EUR;C03-Lucía
F2024-002118;2;26/08/2024;CLI0008;S14;7,00;217,98;5;1449,57;EUR;C04-Andrés
F2024-002118;3;26/08/2024;CLI0008;S14;9,00;216,45;0;1948,05;EUR;C04-Andrés
F2024-002118;4;26/08/2024;CLI0008;S11;21,88;24,28;10;478,12;EUR;C02-Javier
F2024-002119;1;21/11/2024;CLI0058;S07;541,72;1,55;0;839,67;EUR;C03-Lucía
F2024-002120;1;16/06/2024;CLI0336;S05;260,36;3,20;0;833,15;EUR;C02-Javier
F2024-002120;2;16/06/2024;CLI0336;S06;3236,90;1,07;5;3290,31;EUR;C03-Lucía
F2024-002121;1;22/10/2024;CLI0284;S01;28,74;104,21;0;2994,93;USD;C05-Rocío
F2024-002121;2;22/10/2024;CLI0284;S11;34,07;26,02;0;886,50;EUR;C05-Rocío
F2024-002121;3;22/10/2024;CLI0284;S11;32,95;28,15;0;927,64;USD;C02-Javier
F2024-002122;1;08/08/2024;CLI0158;S09;90,06;40,62;0;3658,24;EUR;C02-Javier
F2024-002122;2;08/08/2024;CLI0158;S09;110,69;43,71;15;4112,52;EUR;C05-Rocío
F2024-002122;3;08/08/2024;CLI0158;S09;301,46;40,17;0;12109,65;EUR;C01-Marta
F2024-002122;4;08/08/2024;CLI0158;S15;3,00;88,74;0;266,22;EUR;C02-Javier
F2024-002123;1;24/01/2024;CLI0153;S04;155,02;13,96;0;2164,08;EUR;C02-Javier
F2024-002123;2;24/01/2024;CLI0153;S13;1,00;624,64;0;624,64;EUR;C04-Andrés
F2024-002124;1;08/02/2024;CLI0152;S01;66,11;91,49;0;6048,40;EUR;C05-Rocío
F2024-002124;2;08/02/2024;CLI0152;S15;4,00;82,10;0;328,40;EUR;C01-Marta
F2024-002124;3;08/02/2024;CLI0152;S02;128,83;6,52;0;839,97;EUR;C02-Javier
F2024-002125;1;10/01/2024;CLI0390;S09;65,62;40,08;5;2498,55;EUR;C05-Rocío
F2024-002125;2;10/01/2024;CLI0390;S14;6,00;204,17;0;1225,02;EUR;C02-Javier
F2024-002126;1;14/05/2024;CLI0095;S09;279,61;40,98;0;11458,42;EUR;C01-Marta
F2024-002126;2;14/05/2024;CLI0095;S09;46,03;44,00;10;1822,79;EUR;C05-Rocío
F2024-002126;3;14/05/2024;CLI0095;S09;57,89;43,92;10;2288,28;EUR;C02-Javier
F2024-002126;4;14/05/2024;CLI0095;S09;68,05;43,03;0;2928,19;EUR;C02-Javier
F2024-002127;1;06/07/2024;CLI0395;S01;576,83;97,11;0;56015,96;EUR;C05-Rocío
F2024-002127;2;06/07/2024;CLI0395;S13;1,00;634,78;0;634,78;EUR;C01-Marta
F2024-002128;1;14/04/2024;CLI0094;S08;459,10;2,50;0;1147,75;EUR;C03-Lucía
F2024-002129;1;24/03/2024;CLI0228;S15;4,00;82,79;15;281,49;EUR;C03-Lucía
F2024-002129;2;24/03/2024;CLI0228;S05;384,92;3,15;0;1212,50;EUR;C02-Javier
F2024-002129;3;24/03/2024;CLI0228;S05;338,72;3,29;10;1002,95;EUR;C04-Andrés
F2024-002129;4;24/03/2024;CLI0228;S15;3,00;88,36;0;265,08;EUR;C04-Andrés
F2024-002130;1;20/12/2024;CLI0299;S08;1821,13;2,47;0;4498,19;EUR;C04-Andrés
F2024-002130;2;20/12/2024;CLI0299;S07;596,13;1,56;5;883,46;EUR;C02-Javier
F2024-002131;1;20/09/2024;CLI0306;S15;2,00;87,59;15;148,90;EUR;C01-Marta
F2024-002131;2;20/09/2024;CLI0306;S02;363,31;6,65;0;2416,01;EUR;C05-Rocío
F2024-002131;3;20/09/2024;CLI0306;S14;14,00;218,99;15;2605,98;EUR;C04-Andrés
F2024-002132;1;24/12/2024;CLI0207;S15;4,00;82,63;5;313,99;EUR;C02-Javier
F2024-002132;2;24/12/2024;CLI0207;S10;218,62;8,55;0;1869,20;EUR;C01-Marta
F2024-002132;3;24/12/2024;CLI0207;S10;265,42;8,15;0;2163,17;EUR;C03-Lucía
F2024-002132;4;24/12/2024;CLI0207;S10;209,81;8,34;5;;EUR;C02-Javier
F2024-002133;1;24/08/2024;CLI0304;S05;579,15;3,28;5;1804,63;EUR;C01-Marta
F2024-002133;2;24/08/2024;CLI0304;S05;185,28;3,09;0;572,52;EUR;C05-Rocío
F2024-002133;3;24/08/2024;CLI0304;S05;123,98;3,32;5;391,03;EUR;C05-Rocío
F2024-002134;1;06/12/2024;CLI0094;S07;142,25;1,64;0;233,29;EUR;C04-Andrés
F2024-002135;1;02/12/2024;CLI0048;S14;2,00;207,41;0;414,82;EUR;C05-Rocío
F2024-002136;1;22/03/2024;CLI0101;S10;490,91;8,38;5;3908,13;EUR;C05-Rocío
F2024-002136;2;22/03/2024;CLI0101;S10;349,86;8,17;0;2858,36;EUR;C05-Rocío
F2024-002136;3;22/03/2024;CLI0101;S10;3735,01;9,87;10;33189,49;USD;C05-Rocío
F2024-002137;1;17/06/2024;CLI0299;S08;2549,52;2,47;0;6297,31;EUR;C05-Rocío
F2024-002137;2;17/06/2024;CLI0299;S08;2394,49;2,35;0;5627,05;EUR;C01-Marta
F2024-002138;1;23/04/2024;CLI0025;S07;346,33;1,55;0;536,81;EUR;C02-Javier
F2024-002138;2;23/04/2024;CLI0025;S07;53,72;1,57;0;84,34;EUR;C01-Marta
F2024-002139;1;21/11/2024;CLI0170;S14;16,00;218,72;0;3499,52;EUR;C04-Andrés
F2024-002140;1;11/08/2024;CLI0212;S12;4,00;125,48;0;501,92;EUR;C03-Lucía
F2024-002141;1;27/03/2024;CLI0076;S09;283,06;43,60;5;11724,35;EUR;C05-Rocío
F2024-002141;2;27/03/2024;CLI0076;S09;56,66;41,59;0;2356,49;EUR;C02-Javier
F2024-002142;1;12/09/2024;CLI0158;S14;8,00;217,58;0;1740,64;EUR;C02-Javier
F2024-002142;2;12/09/2024;CLI0158;S09;34,36;40,81;0;1402,23;EUR;C01-Marta
F2024-002142;3;12/09/2024;CLI0158;S09;101,01;40,45;15;3472,98;EUR;C01-Marta
F2024-002143;1;12/06/2024;CLI0051;S05;70,00;3,06;0;214,20;EUR;C04-Andrés
F2024-002143;2;12/06/2024;CLI0051;S05;290,81;3,36;15;830,55;EUR;C03-Lucía
F2024-002143;3;12/06/2024;CLI0051;S05;1001,07;3,16;0;;EUR;C04-Andrés
F2024-002143;4;12/06/2024;CLI0051;S05;304,41;3,24;10;887,66;EUR;C04-Andrés
F2024-002144;1;02/03/2024;CLI0207;S10;245,40;8,77;5;2044,55;EUR;C01-Marta
F2024-002144;2;02/03/2024;CLI0207;S10;1814,38;8,21;0;14896,06;EUR;C05-Rocío
F2024-002144;3;02/03/2024;CLI0207;S10;323,28;8,79;0;2841,63;EUR;C05-Rocío
F2024-002144;4;02/03/2024;CLI0207;S10;371,92;8,68;0;3228,27;EUR;C02-Javier
F2024-002145;1;02/08/2024;CLI0034;S13;1,00;619,95;5;588,95;EUR;C04-Andrés
F2024-002145;2;02/08/2024;CLI0034;S15;2,00;81,13;0;162,26;EUR;C05-Rocío
F2024-002145;3;02/08/2024;CLI0034;S09;236,81;43,54;5;9795,17;EUR;C05-Rocío
F2024-002146;1;03/01/2024;CLI0158;S09;89,80;41,32;0;3710,54;EUR;C02-Javier
F2024-002146;2;03/01/2024;CLI0158;S09;236,28;41,66;5;9351,25;EUR;C04-Andrés
F2024-002147;1;10/08/2024;CLI0395;S13;1,00;662,88;10;596,59;EUR;C04-Andrés
F2024-002147;2;10/08/2024;CLI0395;S02;519,03;6,82;0;3539,78;EUR;C04-Andrés
F2024-002147;3;10/08/2024;CLI0395;S02;253,03;6,36;0;1609,27;EUR;C01-Marta
F2024-002148;1;23/12/2024;CLI0114;S09;85,79;41,21;0;3535,41;EUR;C03-Lucía
F2024-002148;2;23/12/2024;CLI0114;S09;81,70;42,84;0;3500,03;EUR;C04-Andrés
F2024-002148;3;23/12/2024;CLI0114;S13;1,00;651,07;0;651,07;EUR;C04-Andrés
F2024-002149;1;28/11/2024;CLI0016;S15;4,00;88,03;0;352,12;EUR;C03-Lucía
F2024-002150;1;24/10/2024;CLI0370;S14;13,00;218,26;5;2695,51;EUR;C04-Andrés
F2024-002150;2;24/10/2024;CLI0370;S06;737,84;1,07;10;710,54;EUR;C01-Marta
F2024-002150;3;24/10/2024;CLI0370;S13;1,00;646,38;0;646,38;EUR;C01-Marta
F2024-002150;4;24/10/2024;CLI0370;S05;966,23;3,22;0;3111,26;EUR;C02-Javier
F2024-002151;1;05/08/2024;CLI0256;S05;103,96;3,28;0;340,99;EUR;C03-Lucía
F2024-002151;2;05/08/2024;CLI0256;S05;313,90;3,33;0;1045,29;EUR;C01-Marta
F2024-002152;1;15/11/2024;CLI0113;S13;1,00;651,86;5;619,27;EUR;C03-Lucía
F2024-002152;2;15/11/2024;CLI0113;S09;176,43;40,39;0;7126,01;EUR;C05-Rocío
F2024-002153;1;11/07/2024;CLI0158;S14;10,00;212,26;10;1910,34;EUR;C04-Andrés
F2024-002153;2;11/07/2024;CLI0158;S09;72,15;43,25;5;2964,46;EUR;C04-Andrés
F2024-002154;1;16/04/2024;CLI0138;S09;81,32;44,08;5;3405,36;EUR;C02-Javier
F2024-002154;2;16/04/2024;CLI0138;S15;1,00;81,81;5;77,72;EUR;C03-Lucía
F2024-002155;1;17/03/2024;CLI0140;S13;1,00;658,27;5;625,36;EUR;C02-Javier
F2024-002156;1;09/11/2024;CLI0103;S15;4,00;81,91;5;311,26;EUR;C02-Javier
F2024-002157;1;10/09/2024;CLI0017;S05;2206,02;3,35;15;6281,64;EUR;C05-Rocío
F2024-002157;2;10/09/2024;CLI0017;S06;1051,49;1,07;5;1068,84;EUR;C03-Lucía
F2024-002158;1;25/07/2024;CLI0363;S13;1,00;633,62;0;633,62;EUR;C01-Marta
F2024-002158;2;25/07/2024;CLI0363;S15;2,00;81,04;0;162,08;EUR;C04-Andrés
F2024-002158;3;25/07/2024;CLI0363;S05;152,95;3,08;0;471,09;EUR;C05-Rocío
F2024-002159;1;13/03/2024;CLI0247;S15;4,00;85,03;0;340,12;EUR;C04-Andrés
F2024-002159;2;13/03/2024;CLI0247;S10;596,83;8,81;0;5258,07;EUR;C03-Lucía
F2024-002159;3;13/03/2024;CLI0247;S15;3,00;84,51;0;253,53;EUR;C03-Lucía
F2024-002159;4;13/03/2024;CLI0247;S10;113,04;8,86;15;851,30;EUR;C04-Andrés
F2024-002160;1;01/04/2024;CLI0095;S09;117,93;41,17;10;4369,66;EUR;C01-Marta
F2024-002161;1;21/11/2024;CLI0218;S10;1270,41;8,62;0;10950,93;EUR;C05-Rocío
F2024-002161;2;21/11/2024;CLI0218;S10;851,56;8,85;5;7159,49;EUR;C04-Andrés
F2024-002161;3;21/11/2024;CLI0218;S10;326,51;8,91;0;2909,20;EUR;C03-Lucía
F2024-002162;1;15/01/2024;CLI0191;S02;231,62;6,66;0;1542,59;EUR;C01-Marta
F2024-002162;2;15/01/2024;CLI0191;S14;3,00;214,49;0;643,47;EUR;C04-Andrés
F2024-002163;1;06/12/2024;CLI0051;S13;1,00;677,42;0;677,42;EUR;C04-Andrés
F2024-002164;1;22/10/2024;CLI0016;S11;35,06;25,01;0;876,85;EUR;C03-Lucía
F2024-002164;2;22/10/2024;CLI0016;S01;170,35;96,66;5;15642,73;EUR;C04-Andrés
F2024-002165;1;06/02/2024;CLI0238;S04;1037,27;14,37;10;13415,01;EUR;C02-Javier
F2024-002165;2;06/02/2024;CLI0238;S04;369,79;14,08;0;5206,64;EUR;C03-Lucía
F2024-002165;3;06/02/2024;CLI0238;S13;1,00;664,50;15;564,82;EUR;C04-Andrés
F2024-002165;4;06/02/2024;CLI0238;S12;3,00;118,18;0;354,54;EUR;C02-Javier
F2024-002166;1;16/01/2024;CLI0094;S08;242,56;2,39;0;579,72;EUR;C03-Lucía
F2024-002166;2;16/01/2024;CLI0094;S08;537,73;2,43;0;1306,68;EUR;C05-Rocío
F2024-002166;3;16/01/2024;CLI0094;S08;954,95;2,49;0;2377,83;EUR;C03-Lucía
F2024-002166;4;16/01/2024;CLI0094;S13;1,00;667,49;0;667,49;EUR;C05-Rocío
F2024-002167;1;10/06/2024;CLI0370;S05;471,67;3,32;5;1487,65;EUR;C03-Lucía
F2024-002167;2;10/06/2024;CLI0370;S05;120,28;3,32;5;379,36;EUR;C02-Javier
F2024-002168;1;14/09/2024;CLI0051;S06;1565,13;1,06;0;1659,04;EUR;C05-Rocío
F2024-002168;2;14/09/2024;CLI0051;S05;194,41;3,29;5;607,63;EUR;C01-Marta
F2024-002169;1;13/06/2024;CLI0347;S07;304,63;1,58;0;481,32;EUR;C04-Andrés
F2024-002169;2;13/06/2024;CLI0347;S15;4,00;85,28;0;341,12;EUR;C04-Andrés
F2024-002169;3;13/06/2024;CLI0347;S07;287,89;1,64;0;472,14;EUR;C04-Andrés
F2024-002169;4;13/06/2024;CLI0347;S14;3,00;210,10;0;630,30;EUR;C03-Lucía
F2024-002170;1;09/02/2024;CLI0286;S11;14,03;25,15;15;299,93;EUR;C02-Javier
F2024-002170;2;09/02/2024;CLI0286;S02;812,63;6,82;0;5542,14;EUR;C03-Lucía
F2024-002170;3;09/02/2024;CLI0286;S02;320,43;6,36;15;1732,24;EUR;C05-Rocío
F2024-002170;4;09/02/2024;CLI0286;S01;36,96;96,42;5;3385,50;EUR;C03-Lucía
F2024-002171;1;04/06/2024;CLI0199;S14;13,00;217,90;5;2691,07;EUR;C03-Lucía
F2024-002171;2;04/06/2024;CLI0199;S13;1,00;666,93;5;633,58;EUR;C04-Andrés
F2024-002171;3;04/06/2024;CLI0199;S11;38,03;25,48;0;969,00;EUR;C01-Marta
F2024-002172;1;15/04/2024;CLI0025;S13;1,00;627,93;0;627,93;EUR;C02-Javier
F2024-002172;2;15/04/2024;CLI0025;S07;231,68;1,55;0;359,10;EUR;C05-Rocío
F2024-002172;3;15/04/2024;CLI0025;S07;249,58;1,65;0;411,81;EUR;C05-Rocío
F2024-002172;4;15/04/2024;CLI0025;S14;5,00;202,19;0;1010,95;EUR;C04-Andrés
F2024-002173;1;14/10/2024;CLI0325;S01;133,97;91,47;0;12254,24;EUR;C04-Andrés
F2024-002173;2;14/10/2024;CLI0325;S01;115,13;92,41;0;10639,16;EUR;C03-Lucía
F2024-002173;3;14/10/2024;CLI0325;S02;595,35;6,75;0;4018,61;EUR;C05-Rocío
F2024-002173;4;2024-10-14;CLI0325;S01;47,67;97,20;5;4401,85;EUR;C03-Lucía
F2024-002174;1;26/04/2024;CLI0159;S03;97,37;37,68;0;3668,90;EUR;C01-Marta
F2024-002175;1;12/04/2024;CLI0219;S13;1,00;618,52;0;618,52;EUR;C05-Rocío
F2024-002176;1;17/02/2024;CLI0055;S13;1,00;672,60;0;672,60;EUR;C05-Rocío
F2024-002177;1;28/06/2024;cli0370;S05;667,06;3,34;10;2005,18;EUR;C04-Andrés
F2024-002177;2;28/06/2024;CLI0370;S06;822,32;1,11;10;821,50;EUR;C04-Andrés
F2024-002177;3;28/06/2024;CLI0370;S06;593,61;1,06;5;597,77;EUR;C04-Andrés
F2024-002177;4;28/06/2024;CLI0370;S05;195,54;3,29;0;643,33;EUR;C03-Lucía
F2024-002178;1;08/10/2024;CLI0273;S10;271,08;8,72;5;2245,63;EUR;C01-Marta
F2024-002178;2;08/10/2024;CLI0273;S15;2,00;84,58;0;169,16;EUR;C01-Marta
F2024-002178;3;08/10/2024;CLI0273;S10;658,83;8,29;0;5461,70;EUR;C05-Rocío
F2024-002178;4;08/10/2024;CLI0273;S10;156,56;8,91;0;1394,95;EUR;C02-Javier
F2024-002179;1;10/11/2024;CLI0393;S01;169,23;97,31;0;16467,77;EUR;C05-Rocío
F2024-002179;2;10/11/2024;CLI0393;S01;70,35;91,13;5;6090,45;EUR;C04-Andrés
F2024-002179;3;10/11/2024;CLI0393;S11;39,56;24,27;0;960,12;EUR;C04-Andrés
F2024-002179;4;10/11/2024;CLI0393;S02;185,68;6,76;0;1255,20;EUR;C03-Lucía
F2024-002179;4;10/11/2024;CLI0393;S02;185,68;6,76;0;1255,20;EUR;C03-Lucía
F2024-002180;1;10/01/2024;CLI0095;S09;168,44;42,50;15;6084,89;EUR;C05-Rocío
F2024-002180;2;10/01/2024;CLI0095;S09;105,14;41,85;5;4180,10;EUR;C04-Andrés
F2024-002181;1;26/05/2024;CLI0051;S05;337,30;3,15;0;1062,50;EUR;C02-Javier
F2024-002181;2;26/05/2024;CLI0051;S06;1117,04;1,14;0;1273,43;EUR;C01-Marta
F2024-002181;3;26/05/2024;CLI0051;S06;3529,19;1,15;0;4058,57;EUR;C05-Rocío
F2024-002182;1;15/08/2024;CLI0306;S01;105,29;94,75;10;8978,60;EUR;C02-Javier
F2024-002183;1;25/11/2024;CLI0051;S06;365,47;1,12;10;368,39;EUR;C01-Marta
F2024-002183;2;25/11/2024;CLI0051;S15;3,00;82,56;0;247,68;EUR;C02-Javier
F2024-002183;3;25/11/2024;CLI0051;S06;1730,36;1,14;15;1676,72;EUR;C02-Javier
F2024-002184;1;20/10/2024;CLI0089;S06;2443,77;1,07;0;2614,83;EUR;C01-Marta
F2024-002184;2;20/10/2024;CLI0089;S05;270,72;3,34;0;904,20;EUR;C01-Marta
F2024-002185;1;17/01/2024;CLI0082;S10;1083,49;8,79;0;9523,88;EUR;C05-Rocío
F2024-002185;2;17/01/2024;CLI0082;S15;4,00;84,06;5;319,43;EUR;C05-Rocío
F2024-002185;3;17/01/2024;CLI0082;S10;172,94;8,58;0;1483,83;EUR;C04-Andrés
F2024-002186;1;23/03/2024;CLI0207;S10;308,20;8,63;0;2659,77;EUR;C03-Lucía
F2024-002187;1;23/02/2024;CLI0368;S10;143,94;8,85;0;1273,87;EUR;C04-Andrés
F2024-002188;1;28/08/2024;CLI0386;S11;30,85;25,51;0;786,98;EUR;C02-Javier
F2024-002188;2;28/08/2024;CLI0386;S01;64,47;95,87;0;6180,74;EUR;C05-Rocío
F2024-002188;3;28/08/2024;CLI0386;S14;10,00;213,52;0;2135,20;EUR;C04-Andrés
F2024-002189;1;15/05/2024;CLI0120;S02;384,59;6,81;15;2226,20;EUR;C04-Andrés
F2024-002189;2;15/05/2024;CLI0120;S11;38,59;24,54;0;947,00;EUR;C02-Javier
F2024-002190;1;28/04/2024;CLI0386;S02;466,23;6,35;5;2812,53;EUR;C01-Marta
F2024-002190;2;28/04/2024;CLI0386;S11;18,11;25,21;0;456,55;EUR;C01-Marta
F2024-002191;1;11/08/2024;CLI0370;S06;961,60;1,14;5;1041,41;EUR;C03-Lucía
F2024-002191;2;11/08/2024;CLI0370;S13;1,00;671,66;0;671,66;EUR;C04-Andrés
F2024-002192;1;12/06/2024;CLI0088;S10;371,85;8,12;5;2868,45;EUR;C03-Lucía
F2024-002192;2;12/06/2024;CLI0088;S10;545,56;8,36;0;4560,88;EUR;C02-Javier
F2024-002192;3;12/06/2024;CLI0088;S10;131,75;8,17;0;1076,40;EUR;C02-Javier
F2024-002192;4;12/06/2024;CLI0088;S15;2,00;81,77;0;163,54;EUR;C01-Marta
F2024-002193;1;17/06/2024;CLI0016;S02;1082,45;6,57;0;7111,70;EUR;C04-Andrés
F2024-002193;2;17/06/2024;CLI0016;S02;83,61;6,64;15;471,89;EUR;C01-Marta
F2024-002194;1;23/08/2024;CLI0099;S10;190,70;8,83;0;1683,88;EUR;C02-Javier
F2024-002194;2;23/08/2024;CLI0099;S10;211,98;8,82;0;1869,66;EUR;C03-Lucía
F2024-002194;3;23/08/2024;CLI0099;S10;353,79;8,48;0;3000,14;EUR;C02-Javier
F2024-002194;4;23/08/2024;CLI0099;S14;12,00;204,51;0;2454,12;EUR;C03-Lucía
F2024-002195;1;02/02/2024;CLI0008;S01;112,06;93,31;0;10456,32;EUR;C03-Lucía
F2024-002195;2;02/02/2024;CLI0008;S02;502,45;6,65;0;3341,29;EUR;C02-Javier
F2024-002196;1;16/05/2024;CLI0399;S10;670,27;8,42;0;5643,67;EUR;C01-Marta
F2024-002197;1;25/10/2024;cli0132;S01;65,14;96,43;0;6281,45;EUR;C02-Javier
F2024-002197;2;25/10/2024;CLI0132;S15;4,00;87,90;5;334,02;EUR;C05-Rocío
F2024-002198;1;04/09/2024;CLI0094;S07;492,90;1,66;0;818,21;EUR;C05-Rocío
F2024-002198;2;04/09/2024;CLI0094;S08;1287,15;2,33;0;2999,06;EUR;C01-Marta
F2024-002198;3;04/09/2024;CLI0094;S07;55,08;1,62;0;89,23;EUR;C04-Andrés
F2024-002198;4;04/09/2024;CLI0094;S08;864,76;2,32;5;1905,93;EUR;C02-Javier
F2024-002199;1;28/11/2024;CLI0159;S03;40,66;38,07;15;1315,74;EUR;C02-Javier
F2024-002200;1;12/10/2024;CLI0094;S07;84,36;1,58;0;133,29;EUR;C05-Rocío
F2024-002200;2;12/10/2024;CLI0094;S07;471,12;1,56;0;734,95;EUR;C01-Marta
F2024-002200;3;12/10/2024;CLI0094;S07;1284,88;1,59;5;1940,81;EUR;C02-Javier
F2024-002200;4;12/10/2024;CLI0094;S15;2,00;80,94;5;153,79;EUR;C05-Rocío
F2024-002201;1;22/07/2024;CLI0299;S07;847,54;1,54;5;1239,95;EUR;C01-Marta
F2024-002201;2;22/07/2024;CLI0299;S08;2834,53;2,38;5;6408,87;EUR;C02-Javier
F2024-002201;3;22/07/2024;CLI0299;S08;985,07;2,50;5;2339,54;EUR;C01-Marta
F2024-002202;1;16/06/2024;CLI0279;S14;12,00;217,26;0;2607,12;EUR;C04-Andrés
F2024-002203;1;06/03/2024;CLI0277;S15;3,00;88,35;0;265,05;EUR;C04-Andrés
F2024-002203;2;06/03/2024;CLI0277;S11;42,10;24,78;0;1043,24;EUR;C02-Javier
F2024-002203;3;06/03/2024;CLI0277;S11;55,96;23,87;0;1335,77;EUR;C03-Lucía
F2024-002203;4;06/03/2024;CLI0277;S13;1,00;669,09;0;669,09;EUR;C05-Rocío
F2024-002204;1;10/09/2024;CLI0200;S15;3,00;86,49;0;259,47;EUR;C01-Marta
F2024-002204;2;10/09/2024;CLI0200;S01;63,17;93,80;5;5629,08;EUR;C01-Marta
F2024-002204;3;10/09/2024;CLI0200;S15;4,00;86,45;0;345,80;EUR;C02-Javier
F2024-002205;1;01/07/2024;CLI0356;S10;272,39;8,30;0;2260,84;EUR;C04-Andrés
F2024-002205;2;01/07/2024;CLI0356;S10;167,67;8,08;15;1151,56;EUR;C02-Javier
F2024-002205;3;01/07/2024;CLI0356;S14;9,00;214,35;10;1736,23;EUR;C03-Lucía
F2024-002205;4;01/07/2024;CLI0356;S10;295,32;8,87;5;2488,51;EUR;C04-Andrés
F2024-002206;1;09/02/2024;CLI0380;S15;1,00;87,84;5;83,45;EUR;C02-Javier
F2024-002206;2;09/02/2024;CLI0380;S05;211,87;3,22;0;682,22;EUR;C02-Javier
F2024-002206;3;09/02/2024;CLI0380;S05;94,71;3,11;5;279,82;EUR;C03-Lucía
F2024-002206;4;09/02/2024;CLI0380;S05;95,93;3,35;0;321,37;EUR;C02-Javier
F2024-002207;1;13/01/2024;CLI0159;S12;2,00;118,07;15;200,72;EUR;C01-Marta
F2024-002207;2;13/01/2024;CLI0159;S03;32,39;36,41;0;1179,32;EUR;C04-Andrés
F2024-002208;1;28/08/2024;CLI0252;S13;1,00;625,06;0;625,06;EUR;C04-Andrés
F2024-002208;2;28/08/2024;CLI0252;S08;907,24;2,40;0;2177,38;EUR;C03-Lucía
F2024-002209;1;26/07/2024;CLI0154;S13;1,00;663,24;0;663,24;EUR;C01-Marta
F2024-002210;1;20/06/2024;CLI0058;S08;698,40;2,34;5;1552,54;EUR;C03-Lucía
F2024-002210;2;20/06/2024;CLI0058;S08;543,58;2,32;0;1261,11;EUR;C01-Marta
F2024-002210;3;20/06/2024;CLI0058;S07;105,10;1,60;5;159,75;EUR;C01-Marta
F2024-002210;4;20/06/2024;CLI0058;S07;329,90;1,65;5;517,12;EUR;C05-Rocío
F2024-002211;1;13/08/2024;CLI0053;S08;1180,15;2,39;0;2820,56;EUR;C01-Marta
F2024-002211;2;13/08/2024;CLI0053;S07;444,21;1,53;15;577,70;EUR;C01-Marta
F2024-002211;3;13/08/2024;CLI0053;S08;683,18;2,36;0;1612,30;EUR;C04-Andrés
F2024-002212;1;25/04/2024;CLI0236;S06;1774,77;1,12;0;1987,74;EUR;C01-Marta
F2024-002212;2;25/04/2024;CLI0236;S06;647,79;1,05;0;680,18;EUR;C05-Rocío
F2024-002213;1;05/01/2024;CLI0012;S15;3,00;87,13;0;261,39;EUR;C01-Marta
F2024-002214;1;05/09/2024;CLI0095;S09;90,22;42,15;5;3612,63;EUR;C03-Lucía
F2024-002214;2;05/09/2024;CLI0095;S09;56,91;40,96;0;2331,03;EUR;C04-Andrés
F2024-002214;3;05/09/2024;CLI0095;S09;219,88;42,60;0;9366,89;EUR;C01-Marta
F2024-002214;4;05/09/2024;CLI0095;S13;1,00;627,65;0;627,65;EUR;C02-Javier
F2024-002215;1;20/07/2024;CLI0222;S14;3,00;219,94;0;659,82;EUR;C04-Andrés
F2024-002215;2;20/07/2024;CLI0222;S14;5,00;206,55;0;1032,75;EUR;C04-Andrés
F2024-002215;3;20/07/2024;CLI0222;S02;128,98;6,75;0;870,61;EUR;C04-Andrés
F2024-002216;1;19/01/2024;CLI0172;S10;994,55;8,77;5;8286,09;EUR;C01-Marta
F2024-002216;2;19/01/2024;CLI0172;S10;98,25;8,08;0;793,86;EUR;C04-Andrés
F2024-002216;3;19/01/2024;CLI0172;S10;1384,10;8,21;0;11363,46;EUR;C05-Rocío
F2024-002216;4;19/01/2024;CLI0172;S10;81,14;8,38;0;679,95;EUR;C02-Javier
F2024-002217;1;03/01/2024;CLI0370;S06;274,15;1,07;10;264,01;EUR;C02-Javier
F2024-002217;2;03/01/2024;CLI0370;S05;395,72;3,21;5;1206,75;EUR;C03-Lucía
F2024-002218;1;15/06/2024;CLI0155;S14;15,00;201,76;0;3026,40;EUR;C02-Javier
F2024-002218;2;15/06/2024;CLI0155;S11;81,44;24,09;0;1961,89;EUR;C04-Andrés
F2024-002219;1;10/05/2024;CLI0316;S09;65,29;42,50;5;2636,08;EUR;C05-Rocío
F2024-002219;2;10/05/2024;CLI0316;S09;64,54;43,30;0;2794,58;EUR;C05-Rocío
F2024-002219;3;10/05/2024;CLI0316;S09;124,99;42,83;5;5085,66;EUR;C02-Javier
F2024-002220;1;25/05/2024;CLI0068;S06;564,56;1,12;0;632,31;EUR;C01-Marta
F2024-002221;1;09/03/2024;CLI0247;S10;236,40;8,47;0;2002,31;EUR;C03-Lucía
F2024-002221;2;09/03/2024;CLI0247;S10;254,26;8,90;15;1923,48;EUR;C04-Andrés
F2024-002222;1;20/10/2024;CLI0071;S01;67,43;93,56;5;5993,31;EUR;C03-Lucía
F2024-002222;2;20/10/2024;CLI0071;S13;1,00;658,84;5;625,90;EUR;C02-Javier
F2024-002222;3;20/10/2024;CLI0071;S01;95,47;99,61;0;9509,77;EUR;C03-Lucía
F2024-002223;1;16/03/2024;CLI0390;S09;107,85;41,53;5;4255,06;EUR;C01-Marta
F2024-002223;2;16/03/2024;CLI0390;S09;122,06;43,03;0;5252,24;EUR;C03-Lucía
F2024-002223;3;16/03/2024;CLI0390;S09;130,09;40,00;0;5203,60;EUR;C02-Javier
F2024-002224;1;04/11/2024;CLI0150;S02;178,00;6,42;0;1142,76;EUR;C01-Marta
F2024-002224;2;04/11/2024;CLI0150;S15;3,00;83,07;5;236,75;EUR;C05-Rocío
F2024-002225;1;07/10/2024;CLI0303;S14;7,00;206,69;0;1446,83;EUR;C02-Javier
F2024-002225;1;07/10/2024;CLI0303;S14;7,00;206,69;0;1446,83;EUR;C02-Javier
F2024-002225;2;07/10/2024;CLI0303;S13;1,00;642,52;0;642,52;EUR;C05-Rocío
F2024-002225;3;07/10/2024;CLI0303;S06;1300,05;1,12;0;1456,06;EUR;C03-Lucía
F2024-002225;4;07/10/2024;CLI0303;S05;522,41;3,17;0;1656,04;EUR;C05-Rocío
F2024-002226;1;01/09/2024;CLI0350;S05;888,47;3,12;5;2633,43;EUR;C03-Lucía
F2024-002227;1;09/10/2024;CLI0323;S06;999,09;1,12;0;1118,98;EUR;C02-Javier
F2024-002227;2;09/10/2024;CLI0323;S06;2820,21;1,08;0;3045,83;EUR;C03-Lucía
F2024-002228;1;27/01/2024;CLI0161;S09;78,88;48,00;0;3785,99;USD;C01-Marta
F2024-002228;2;27/01/2024;CLI0161;S09;87,01;43,90;0;3819,74;EUR;C05-Rocío
F2024-002228;3;27/01/2024;CLI0161;S09;120,17;47,61;5;5435,78;USD;C04-Andrés
F2024-002228;4;27/01/2024;CLI0161;S14;2,00;212,76;0;425,52;EUR;C01-Marta
F2024-002229;1;21/11/2024;CLI0207;S10;194,10;8,61;0;1671,20;EUR;C01-Marta
F2024-002229;2;21/11/2024;CLI0207;S14;8,00;218,62;0;1748,96;EUR;C02-Javier
F2024-002230;1;10/12/2024;CLI0201;S11;43,63;25,36;0;1106,46;EUR;C05-Rocío
F2024-002230;2;10/12/2024;CLI0201;S11;21,95;24,82;0;544,80;EUR;C01-Marta
F2024-002230;3;10/12/2024;CLI0201;S11;13,41;25,57;5;325,75;EUR;C05-Rocío
F2024-002230;4;10/12/2024;CLI0201;S02;638,53;6,69;5;4058,18;EUR;C04-Andrés
F2024-002231;1;18/04/2024;CLI0089;S06;1656,99;1,05;5;1652,85;EUR;C02-Javier
F2024-002231;2;2024-04-18;CLI0089;S05;271,85;3,24;0;880,79;EUR;C03-Lucía
F2024-002231;3;18/04/2024;CLI0089;S06;729,41;1,09;0;795,06;EUR;C05-Rocío
F2024-002231;4;18/04/2024;CLI0089;S06;2507,12;1,12;10;2527,18;EUR;C04-Andrés
F2024-002232;1;06/04/2024;CLI0158;S15;2,00;86,91;5;165,13;EUR;C04-Andrés
F2024-002233;1;03/03/2024;CLI0031;S02;196,74;6,81;0;1339,80;EUR;C02-Javier
F2024-002234;1;16/11/2024;CLI0342;S10;410,13;8,51;0;3490,21;EUR;C02-Javier
F2024-002234;2;16/11/2024;CLI0342;S10;80,16;8,48;0;679,76;EUR;C02-Javier
F2024-002234;3;16/11/2024;CLI0342;S13;1,00;643,45;0;643,45;EUR;C04-Andrés
F2024-002234;4;16/11/2024;CLI0342;S10;598,25;8,26;0;4941,55;EUR;C02-Javier
F2024-002235;1;12/04/2024;CLI0368;S13;1,00;679,37;0;679,37;EUR;C05-Rocío
F2024-002235;2;12/04/2024;CLI0368;S10;77,93;8,37;0;652,27;EUR;C01-Marta
F2024-002235;3;12/04/2024;CLI0368;S15;2,00;81,22;0;162,44;EUR;C01-Marta
F2024-002236;1;10/02/2024;CLI0097;S09;29,67;43,62;5;1229,50;EUR;C03-Lucía
F2024-002236;2;10/02/2024;CLI0097;S09;394,06;42,41;5;15876,48;EUR;C04-Andrés
F2024-002236;3;10/02/2024;CLI0097;S14;5,00;216,38;0;1081,90;EUR;C05-Rocío
F2024-002236;4;10/02/2024;CLI0097;S09;115,62;40,70;0;4705,73;EUR;C04-Andrés
F2024-002237;1;02/04/2024;CLI0215;S08;674,65;2,28;0;1538,20;EUR;C03-Lucía
F2024-002237;2;02/04/2024;CLI0215;S07;69,51;1,66;0;115,39;EUR;C04-Andrés
F2024-002237;3;02/04/2024;CLI0215;S08;2579,17;2,39;5;5856,01;EUR;C01-Marta
F2024-002238;1;28/07/2024;CLI0286;S01;33,94;97,95;15;2825,76;EUR;C03-Lucía
F2024-002239;1;03/08/2024;CLI0051;S06;919,26;1,11;5;969,36;EUR;C05-Rocío
F2024-002239;2;03/08/2024;CLI0051;S14;11,00;203,47;10;2014,35;EUR;C01-Marta
F2024-002239;3;03/08/2024;CLI0051;S06;2305,34;1,08;0;2489,77;EUR;C02-Javier
F2024-002240;1;23/11/2024;CLI0224;S13;1,00;641,30;0;641,30;EUR;C01-Marta
F2024-002240;2;23/11/2024;CLI0224;S13;1,00;680,60;0;680,60;EUR;C01-Marta
F2024-002240;3;23/11/2024;CLI0224;S14;10,00;213,80;5;2031,10;EUR;C04-Andrés
F2024-002241;1;06/05/2024;CLI0080;S11;7,08;25,34;0;179,41;EUR;C01-Marta
F2024-002242;1;08/06/2024;CLI0094;S08;342,05;2,49;0;851,70;EUR;C03-Lucía
F2024-002242;2;08/06/2024;CLI0094;S15;2,00;81,17;5;154,22;EUR;C01-Marta
F2024-002242;3;08/06/2024;CLI0094;S08;2053,90;2,44;0;5011,52;EUR;C02-Javier
F2024-002243;1;15/11/2024;CLI0174;S08;2509,01;2,40;0;6021,62;EUR;C01-Marta
F2024-002243;2;15/11/2024;CLI0174;S08;4686,47;2,37;5;10551,59;EUR;C05-Rocío
F2024-002243;3;15/11/2024;CLI0174;S07;147,06;1,61;5;224,93;EUR;C01-Marta
F2024-002244;1;12/12/2024;CLI0127;S13;1,00;659,14;0;659,14;EUR;C03-Lucía
F2024-002244;2;12/12/2024;CLI0127;S15;1,00;86,18;0;86,18;EUR;C01-Marta
F2024-002244;3;12/12/2024;CLI0127;S09;183,31;42,44;0;7779,68;EUR;C01-Marta
F2024-002244;4;12/12/2024;CLI0127;S09;151,59;41,90;0;6351,62;EUR;C03-Lucía
F2024-002245;1;14/04/2024;CLI0283;S01;84,21;98,17;0;8266,90;EUR;C05-Rocío
F2024-002245;2;14/04/2024;CLI0283;S11;40,20;24,82;0;997,76;EUR;C03-Lucía
F2024-002245;3;14/04/2024;CLI0283;S02;1113,79;6,68;0;7440,12;EUR;C03-Lucía
F2024-002245;4;14/04/2024;CLI0283;S14;16,00;218,45;0;3495,20;EUR;C04-Andrés
F2024-002246;1;03/09/2024;CLI0170;S05;106,22;3,05;0;323,97;EUR;C01-Marta
F2024-002246;2;03/09/2024;CLI0170;S05;53,37;3,31;0;176,65;EUR;C03-Lucía
F2024-002246;3;03/09/2024;CLI0170;S05;118,45;3,31;0;392,07;EUR;C05-Rocío
F2024-002247;1;2024-03-14;CLI0362;S02;438,61;6,57;0;2881,67;EUR;C03-Lucía
F2024-002248;1;25/07/2024;CLI0373;S01;454,47;92,15;0;41879,41;EUR;C02-Javier
F2024-002248;2;25/07/2024;CLI0373;S02;342,03;6,30;5;2047,05;EUR;C03-Lucía
F2024-002248;3;25/07/2024;CLI0373;S13;1,00;674,04;0;674,04;EUR;C02-Javier
F2024-002248;4;25/07/2024;CLI0373;S11;36,84;25,99;0;957,47;EUR;C02-Javier
F2024-002249;1;07/04/2024;CLI0088;S10;69,82;8,12;0;566,94;EUR;C02-Javier
F2024-002249;2;07/04/2024;CLI0088;S10;1224,13;8,59;0;10515,28;EUR;C05-Rocío
F2024-002250;1;09/09/2024;CLI0094;S15;1,00;87,59;5;83,21;EUR;C01-Marta
F2024-002250;2;09/09/2024;CLI0094;S13;1,00;642,39;0;642,39;EUR;C03-Lucía
F2024-002251;1;14/02/2024;CLI0158;S14;12,00;202,07;0;2424,84;EUR;C03-Lucía
F2024-002251;2;14/02/2024;CLI0158;S09;219,13;40,68;0;8914,21;EUR;C05-Rocío
F2024-002252;1;05/06/2024;CLI0078;S10;85,91;8,18;0;702,74;EUR;C05-Rocío
F2024-002253;1;01/09/2024;CLI0071;S11;35,20;23,81;5;796,21;EUR;C01-Marta
F2024-002254;1;12/02/2024;CLI0039;S15;2,00;88,13;0;176,26;EUR;C01-Marta
F2024-002254;2;12/02/2024;CLI0039;S10;377,87;8,57;0;3238,35;EUR;C02-Javier
F2024-002255;1;17/12/2024;CLI0201;S02;524,36;6,73;0;3528,94;EUR;C03-Lucía
F2024-002255;2;17/12/2024;CLI0201;S02;426,81;6,37;5;2582,84;EUR;C03-Lucía
F2024-002255;3;17/12/2024;CLI0201;S01;94,60;95,55;10;8135,13;EUR;C04-Andrés
F2024-002256;1;21/03/2024;CLI0317;S10;1806,72;8,84;5;15172,83;EUR;C03-Lucía
F2024-002256;2;21/03/2024;CLI0317;S10;4293,72;8,56;0;36754,24;EUR;C02-Javier
F2024-002256;3;21/03/2024;CLI0317;S13;1,00;677,55;0;677,55;EUR;C02-Javier
F2024-002256;4;21/03/2024;CLI0317;S10;445,07;8,76;0;3898,81;EUR;C04-Andrés
F2024-002257;1;08/05/2024;CLI0281;S10;739,81;8,78;0;6495,53;EUR;C05-Rocío
F2024-002257;2;08/05/2024;CLI0281;S13;1,00;676,89;5;643,05;EUR;C03-Lucía
F2024-002257;3;08/05/2024;CLI0281;S10;213,24;8,48;0;1808,28;EUR;C05-Rocío
F2024-002258;1;02/05/2024;CLI0238;S03;23,45;39,24;15;782,15;EUR;C05-Rocío
F2024-002259;1;02/06/2024;cli0143;S13;1,00;633,00;10;569,70;EUR;C03-Lucía
F2024-002259;2;02/06/2024;CLI0143;S10;596,57;8,38;0;4999,26;EUR;C05-Rocío
F2024-002260;1;10/07/2024;CLI0086;S15;3,00;88,52;5;252,28;EUR;C05-Rocío
F2024-002260;2;2024-07-10;CLI0086;S10;405,29;8,38;0;3396,33;EUR;C04-Andrés
F2024-002260;3;10/07/2024;CLI0086;S15;1,00;88,74;0;88,74;EUR;C01-Marta
F2024-002261;1;22/03/2024;CLI0159;S12;2,00;121,60;5;231,04;EUR;C01-Marta
F2024-002261;2;22/03/2024;CLI0159;S04;2261,19;14,12;0;31928,00;EUR;C04-Andrés
F2024-002261;3;22/03/2024;CLI0159;S03;11,78;37,22;10;;EUR;C02-Javier
F2024-002261;4;22/03/2024;CLI0159;S04;871,36;14,37;10;11269,30;EUR;C01-Marta
F2024-002262;1;22/10/2024;CLI0101;S10;213,07;8,19;15;1483,29;EUR;C05-Rocío
F2024-002262;2;22/10/2024;CLI0101;S13;1,00;661,04;0;661,04;EUR;C04-Andrés
F2024-002263;1;05/11/2024;CLI0247;S10;102,89;8,42;15;736,38;EUR;C02-Javier
F2024-002264;1;05/07/2024;CLI0207;S10;1828,65;8,64;0;15799,54;EUR;C02-Javier
F2024-002264;2;05/07/2024;CLI0207;S10;111,92;8,54;0;955,80;EUR;C03-Lucía
F2024-002264;3;05/07/2024;CLI0207;S10;225,43;8,46;0;1907,14;EUR;C02-Javier
F2024-002265;1;10/01/2024;CLI0175;S10;37,02;8,54;0;316,15;EUR;C03-Lucía
F2024-002266;1;27/04/2024;CLI0075;S07;578,92;1,59;0;920,48;EUR;C02-Javier
F2024-002266;2;27/04/2024;CLI0075;S07;301,28;1,60;0;482,05;EUR;C01-Marta
F2024-002266;3;27/04/2024;CLI0075;S14;11,00;219,35;5;2292,21;EUR;C05-Rocío
F2024-002266;4;27/04/2024;CLI0075;S14;12,00;213,03;0;2556,36;EUR;C05-Rocío
F2024-002267;1;21/02/2024;CLI0362;S01;17,82;94,29;5;1596,24;EUR;C02-Javier
F2024-002267;2;21/02/2024;CLI0362;S01;118,15;98,66;0;11656,68;EUR;C01-Marta
F2024-002267;3;21/02/2024;CLI0362;S13;1,00;635,78;0;635,78;EUR;C01-Marta
F2024-002268;1;10/08/2024;CLI0207;S10;2205,47;8,56;0;18878,82;EUR;C01-Marta
F2024-002268;2;10/08/2024;CLI0207;S10;117,87;8,39;0;988,93;EUR;C05-Rocío
F2024-002268;3;10/08/2024;CLI0207;S10;122,32;8,81;5;1023,76;EUR;C01-Marta
F2024-002269;1;17/12/2024;CLI0207;S10;475,93;8,73;0;4154,87;EUR;C03-Lucía
F2024-002270;1;01/07/2024;CLI0214;S14;6,00;219,98;0;1319,88;EUR;C04-Andrés
F2024-002270;2;01/07/2024;CLI0214;S11;7,76;23,92;0;185,62;EUR;C02-Javier
F2024-002271;1;19/02/2024;CLI0101;S13;1,00;739,38;0;739,38;USD;C04-Andrés
F2024-002272;1;05/07/2024;CLI0198;S01;49,71;97,24;0;4833,80;EUR;C03-Lucía
F2024-002272;2;05/07/2024;CLI0198;S11;25,25;25,03;0;632,01;EUR;C02-Javier
F2024-002273;1;16/10/2024;CLI0242;S15;3,00;84,89;5;241,94;EUR;C01-Marta
F2024-002273;2;16/10/2024;CLI0242;S04;143,01;13,35;5;1813,72;EUR;C03-Lucía
F2024-002273;3;16/10/2024;CLI0242;S03;50,28;38,05;0;1913,15;EUR;C04-Andrés
F2024-002273;4;16/10/2024;CLI0242;S12;2,00;116,50;0;233,00;EUR;C03-Lucía
F2024-002274;1;08/03/2024;CLI0120;S11;39,79;25,21;0;1003,11;EUR;C04-Andrés
F2024-002274;2;08/03/2024;CLI0120;S13;1,00;637,60;0;637,60;EUR;C04-Andrés
F2024-002274;3;08/03/2024;CLI0120;S11;7,69;25,93;0;199,40;EUR;C02-Javier
F2024-002275;1;11/07/2024;CLI0344;S14;12,00;200,66;5;2287,52;EUR;C01-Marta
F2024-002275;2;11/07/2024;CLI0344;S07;133,22;1,59;0;211,82;EUR;C03-Lucía
F2024-002275;3;11/07/2024;CLI0344;S08;1658,72;2,51;0;4163,39;EUR;C05-Rocío
F2024-002276;1;27/08/2024;CLI0095;S14;12,00;210,71;5;2402,09;EUR;C01-Marta
F2024-002276;2;27/08/2024;cli0095;S15;3,00;81,35;10;219,64;EUR;C01-Marta
F2024-002276;3;27/08/2024;CLI0095;S13;1,00;618,89;5;587,95;EUR;C04-Andrés
F2024-002276;4;27/08/2024;CLI0095;S09;125,35;42,72;0;5354,95;EUR;C01-Marta
F2024-002277;1;05/05/2024;CLI0094;S07;1127,26;1,65;0;1859,98;EUR;C04-Andrés
F2024-002277;2;05/05/2024;CLI0094;S14;12,00;213,68;0;2564,16;EUR;C05-Rocío
F2024-002278;1;12/06/2024;CLI0045;S14;13,00;217,19;0;2823,47;EUR;C02-Javier
F2024-002278;2;12/06/2024;CLI0045;S06;1354,45;1,10;0;1489,90;EUR;C02-Javier
F2024-002278;3;12/06/2024;CLI0045;S14;10,00;205,74;5;1954,53;EUR;C03-Lucía
F2024-002278;4;12/06/2024;CLI0045;S06;3151,03;1,15;5;3442,50;EUR;C05-Rocío
F2024-002279;1;25/03/2024;CLI0324;S10;72,34;8,76;10;570,33;EUR;C04-Andrés
F2024-002280;1;07/05/2024;CLI0042;S10;1349,66;9,41;0;12706,26;USD;C01-Marta
F2024-002280;2;07/05/2024;CLI0042;S15;3,00;99,02;5;282,21;USD;C04-Andrés
F2024-002280;3;07/05/2024;CLI0042;S14;12,00;209,72;0;2516,64;EUR;C02-Javier
F2024-002281;1;22/12/2024;CLI0295;S06;880,77;1,15;0;1012,89;EUR;C01-Marta
F2024-002281;2;22/12/2024;CLI0295;S05;530,81;3,10;0;1645,51;EUR;C01-Marta
F2024-002281;3;22/12/2024;CLI0295;S06;1677,77;1,12;5;1785,15;EUR;C05-Rocío
F2024-002282;1;15/05/2024;CLI0136;S13;1,00;664,95;5;631,70;EUR;C03-Lucía
F2024-002282;2;15/05/2024;CLI0136;S11;63,25;24,65;0;1559,11;EUR;C03-Lucía
F2024-002283;1;23/10/2024;CLI0078;S10;370,39;8,78;0;3252,02;EUR;C05-Rocío
F2024-002283;2;23/10/2024;CLI0078;S10;441,39;8,19;0;3614,98;EUR;C05-Rocío
F2024-002283;3;23/10/2024;CLI0078;S15;2,00;87,24;0;174,48;EUR;C04-Andrés
F2024-002283;4;23/10/2024;CLI0078;S10;442,90;8,43;0;3733,65;EUR;C03-Lucía
F2024-002284;1;27/06/2024;CLI0356;S10;167,62;8,89;10;1341,13;EUR;C04-Andrés
F2024-002285;1;20/03/2024;CLI0195;S02;144,56;6,53;0;943,98;EUR;C01-Marta
F2024-002285;2;20/03/2024;CLI0195;S01;102,84;98,35;0;10114,31;EUR;C03-Lucía
F2024-002285;3;20/03/2024;CLI0195;S02;863,09;6,55;0;5653,24;EUR;C02-Javier
F2024-002285;4;20/03/2024;CLI0195;S01;129,58;97,83;0;12676,81;EUR;C04-Andrés
F2024-002286;1;26/11/2024;CLI0051;S05;355,61;3,20;0;1137,95;EUR;C05-Rocío
F2024-002286;2;26/11/2024;CLI0051;S15;4,00;87,41;0;349,64;EUR;C04-Andrés
F2024-002287;1;19/09/2024;CLI0162;S13;1,00;652,33;0;652,33;EUR;C03-Lucía
F2024-002287;2;19/09/2024;CLI0162;S04;227,55;14,13;0;3215,28;EUR;C04-Andrés
F2024-002287;3;19/09/2024;CLI0162;S04;681,83;14,08;0;9600,17;EUR;C04-Andrés
F2024-002287;4;19/09/2024;CLI0162;S03;50,00;38,15;15;1621,38;EUR;C05-Rocío
F2024-002288;1;23/04/2024;CLI0027;S05;198,21;3,17;5;596,91;EUR;C03-Lucía
F2024-002288;2;23/04/2024;CLI0027;S05;183,18;3,11;0;569,69;EUR;C03-Lucía
F2024-002288;3;23/04/2024;CLI0027;S06;1538,77;1,07;0;1646,48;EUR;C01-Marta
F2024-002289;1;04/06/2024;CLI0089;S06;1341,79;1,11;0;1489,39;EUR;C04-Andrés
F2024-002289;2;04/06/2024;CLI0089;S05;942,98;3,25;5;2911,45;EUR;C05-Rocío
F2024-002289;3;04/06/2024;CLI0089;S06;791,85;1,11;10;791,06;EUR;C02-Javier
F2024-002289;4;04/06/2024;CLI0089;S05;543,04;3,24;5;1671,48;EUR;C05-Rocío
F2024-002290;1;09/01/2024;CLI0394;S06;714,86;1,09;5;740,24;EUR;C02-Javier
F2024-002290;2;09/01/2024;CLI0394;S05;218,29;3,19;5;661,53;EUR;C04-Andrés
F2024-002291;1;19/04/2024;CLI0309;S03;32,09;39,82;0;1277,82;EUR;C01-Marta
F2024-002291;2;19/04/2024;CLI0309;S03;70,25;37,17;0;2611,19;EUR;C04-Andrés
F2024-002292;1;25/12/2024;CLI0356;S10;198,17;8,42;0;1668,59;EUR;C02-Javier
F2024-002292;2;25/12/2024;CLI0356;S13;1,00;623,30;0;623,30;EUR;C03-Lucía
F2024-002293;1;13/03/2024;CLI0213;S10;94,75;8,24;5;741,70;EUR;C04-Andrés
F2024-002293;2;13/03/2024;CLI0213;S10;283,09;8,50;5;2285,95;EUR;C01-Marta
F2024-002294;1;04/07/2024;CLI0252;S15;2,00;82,68;0;165,36;EUR;C02-Javier
F2024-002294;2;04/07/2024;CLI0252;S07;337,03;1,62;5;518,69;EUR;C03-Lucía
F2024-002294;3;04/07/2024;CLI0252;S07;79,54;1,55;0;123,29;EUR;C05-Rocío
F2024-002294;4;04/07/2024;CLI0252;S08;401,15;2,33;0;934,68;EUR;C02-Javier
F2024-002295;1;28/03/2024;CLI0238;S13;1,00;661,64;15;562,39;EUR;C04-Andrés
F2024-002296;1;23/11/2024;CLI0094;S08;837,95;2,44;0;2044,60;EUR;C01-Marta
F2024-002296;2;23/11/2024;CLI0094;S08;1734,44;2,43;0;4214,69;EUR;C04-Andrés
F2024-002296;3;23/11/2024;CLI0094;S08;5775,81;2,34;0;13515,40;EUR;C04-Andrés
F2024-002297;1;11/01/2024;CLI0371;S13;1,00;641,21;0;641,21;EUR;C01-Marta
F2024-002297;2;11/01/2024;CLI0371;S10;1316,86;8,72;0;11483,02;EUR;C04-Andrés
F2024-002297;3;11/01/2024;CLI0371;S10;77,76;8,45;0;657,07;EUR;C04-Andrés
F2024-002298;1;17/05/2024;CLI0111;S02;318,67;6,82;0;2173,33;EUR;C02-Javier
F2024-002298;2;17/05/2024;CLI0111;S11;88,26;25,99;0;2293,88;EUR;C04-Andrés
F2024-002299;1;07/10/2024;CLI0212;S12;4,00;118,39;5;449,88;EUR;C04-Andrés
F2024-002299;2;07/10/2024;CLI0212;S04;284,66;13,34;0;3797,36;EUR;C03-Lucía
F2024-002300;1;16/12/2024;CLI0095;S13;1,00;651,82;0;651,82;EUR;C03-Lucía
F2024-002300;2;16/12/2024;CLI0095;S09;139,82;43,61;15;5182,92;EUR;C02-Javier
F2024-002300;3;16/12/2024;CLI0095;S13;1,00;681,64;15;579,39;EUR;C05-Rocío
F2024-002300;4;16/12/2024;CLI0095;S09;54,80;41,34;0;2265,43;EUR;C01-Marta
F2024-002301;1;28/05/2024;CLI0317;S14;11,00;216,99;10;2148,20;EUR;C02-Javier
F2024-002302;1;17/05/2024;CLI0029;S07;189,99;1,67;0;317,28;EUR;C02-Javier
F2024-002302;2;17/05/2024;CLI0029;S13;1,00;670,53;0;670,53;EUR;C02-Javier
F2024-002303;1;23/11/2024;CLI0158;S09;96,65;43,56;10;3789,07;EUR;C05-Rocío
F2024-002303;2;23/11/2024;CLI0158;S09;83,61;42,31;0;3537,54;EUR;C05-Rocío
F2024-002303;3;23/11/2024;CLI0158;S09;113,32;40,55;0;4595,13;EUR;C03-Lucía
F2024-002304;1;21/11/2024;CLI0372;S09;53,75;41,38;0;2224,18;EUR;C03-Lucía
F2024-002304;2;21/11/2024;CLI0372;S09;60,94;43,18;0;2631,39;EUR;C05-Rocío
F2024-002305;1;18/06/2024;CLI0306;S15;4,00;88,45;0;353,80;EUR;C03-Lucía
F2024-002305;2;18/06/2024;CLI0306;S02;339,25;6,57;10;2005,99;EUR;C04-Andrés
F2024-002305;3;18/06/2024;CLI0306;S01;76,81;91,79;15;5992,83;EUR;C05-Rocío
F2024-002305;4;18/06/2024;CLI0306;S01;13,16;94,47;10;1118,90;EUR;C03-Lucía
F2024-002306;1;16/08/2024;CLI0187;S02;240,14;6,54;0;1570,52;EUR;C01-Marta
F2024-002307;1;01/08/2024;CLI0094;S14;13,00;212,90;5;2629,32;EUR;C04-Andrés
F2024-002308;1;26/06/2024;CLI0377;S02;359,13;7,49;10;2421,46;USD;C01-Marta
F2024-002309;1;22/12/2024;CLI0247;S10;449,87;8,62;10;3490,09;EUR;C02-Javier
F2024-002309;2;22/12/2024;CLI0247;S14;8,00;210,17;0;1681,36;EUR;C01-Marta
F2024-002309;3;22/12/2024;CLI0247;S10;221,39;8,31;0;1839,75;EUR;C01-Marta
F2024-002310;1;17/10/2024;CLI0051;S05;1862,91;3,22;0;5998,57;EUR;C05-Rocío
F2024-002310;2;17/10/2024;CLI0051;S06;2696,35;1,14;0;3073,84;EUR;C03-Lucía
F2024-002311;1;19/04/2024;CLI0095;S09;92,92;42,39;0;3938,88;EUR;C01-Marta
F2024-002312;1;12/08/2024;CLI0212;S03;15,73;36,61;0;575,88;EUR;C01-Marta
F2024-002312;2;12/08/2024;CLI0212;S15;2,00;82,74;0;165,48;EUR;C01-Marta
F2024-002313;1;05/02/2024;CLI0020;S05;132,91;3,05;0;405,38;EUR;C04-Andrés
F2024-002314;1;27/04/2024;CLI0274;S07;1219,51;1,64;0;2000,00;EUR;C01-Marta
F2024-002314;2;27/04/2024;CLI0274;S08;3414,21;2,33;15;6761,84;EUR;C01-Marta
F2024-002314;3;27/04/2024;CLI0274;S08;1386,27;2,38;0;3299,32;EUR;C03-Lucía
F2024-002315;1;12/04/2024;CLI0388;S15;4,00;86,01;0;344,04;EUR;C01-Marta
F2024-002315;2;12/04/2024;CLI0388;S10;502,57;8,12;0;4080,87;EUR;C01-Marta
F2024-002316;1;05/02/2024;CLI0010;S14;9,00;202,67;0;1824,03;EUR;C05-Rocío
F2024-002316;2;05/02/2024;CLI0010;S02;187,54;6,69;0;1254,64;EUR;C01-Marta
F2024-002316;3;05/02/2024;CLI0010;S13;1,00;650,64;0;650,64;EUR;C01-Marta
F2024-002316;4;05/02/2024;CLI0010;S11;52,57;24,98;0;1313,20;EUR;C04-Andrés
F2024-002317;1;23/03/2024;CLI0238;S15;1,00;82,36;15;70,01;EUR;C03-Lucía
F2024-002317;2;23/03/2024;CLI0238;S04;194,84;13,66;0;2661,51;EUR;C01-Marta
F2024-002318;1;14/10/2024;CLI0095;S09;554,96;40,60;0;22531,38;EUR;C04-Andrés
F2024-002318;2;14/10/2024;CLI0095;S15;2,00;88,10;0;176,20;EUR;C02-Javier
F2024-002318;3;14/10/2024;CLI0095;S09;271,95;39,96;5;10323,77;EUR;C01-Marta
F2024-002319;1;21/08/2024;CLI0207;S10;2225,21;8,42;5;17799,45;EUR;C04-Andrés
F2024-002319;2;21/08/2024;CLI0207;S10;377,49;8,83;5;3166,57;EUR;C02-Javier
F2024-002319;3;21/08/2024;CLI0207;S15;3,00;83,54;0;250,62;EUR;C03-Lucía
F2024-002319;4;21/08/2024;CLI0207;S10;146,66;8,64;0;1267,14;EUR;C04-Andrés
F2024-002320;1;16/10/2024;CLI0380;S06;486,23;1,13;0;549,44;EUR;C04-Andrés
F2024-002320;2;16/10/2024;CLI0380;S14;3,00;204,21;0;612,63;EUR;C05-Rocío
F2024-002321;1;19/07/2024;CLI0207;S10;308,58;8,12;0;2505,67;EUR;C01-Marta
F2024-002322;1;25/02/2024;CLI0207;S10;446,55;8,18;0;3652,78;EUR;C03-Lucía
F2024-002322;2;25/02/2024;CLI0207;S10;48,49;8,77;0;425,26;EUR;C02-Javier
F2024-002322;3;25/02/2024;CLI0207;S10;205,17;8,92;0;1830,12;EUR;C04-Andrés
F2024-002322;4;25/02/2024;CLI0207;S13;1,00;642,04;0;642,04;EUR;C03-Lucía
F2024-002323;1;16/06/2024;CLI0232;S15;2,00;85,76;0;171,52;EUR;C03-Lucía
F2024-002323;2;16/06/2024;CLI0232;S13;1,00;649,82;0;649,82;EUR;C01-Marta
F2024-002324;1;18/01/2024;CLI0024;S06;5544,15;1,11;0;6154,01;EUR;C05-Rocío
F2024-002324;2;18/01/2024;CLI0024;S06;3255,79;1,07;0;3483,70;EUR;C04-Andrés
F2024-002325;1;12/10/2024;CLI0384;S13;1,00;682,04;5;647,94;EUR;C05-Rocío
F2024-002325;2;12/10/2024;CLI0384;S14;9,00;210,63;5;1800,89;EUR;C03-Lucía
F2024-002325;3;2024-10-12;CLI0384;S10;257,44;8,65;0;2226,86;EUR;C04-Andrés
F2024-002326;1;15/04/2024;CLI0162;S04;458,56;14,56;10;6008,97;EUR;C01-Marta
F2024-002326;2;15/04/2024;CLI0162;S03;39,73;36,29;5;1369,71;EUR;C05-Rocío
F2024-002326;3;15/04/2024;CLI0162;S12;4,00;118,58;15;403,17;EUR;C01-Marta
F2024-002327;1;27/12/2024;CLI0095;S09;83,34;43,96;0;3663,63;EUR;C03-Lucía
F2024-002327;2;27/12/2024;CLI0095;S09;132,30;43,23;0;5719,33;EUR;C04-Andrés
F2024-002327;3;27/12/2024;CLI0095;S15;2,00;85,59;0;171,18;EUR;C03-Lucía
F2024-002328;1;26/03/2024;CLI0247;S14;4,00;213,36;5;810,77;EUR;C01-Marta
F2024-002328;2;26/03/2024;CLI0247;S10;306,64;8,20;0;2514,45;EUR;C01-Marta
F2024-002328;3;26/03/2024;CLI0247;S10;392,60;8,30;5;3095,65;EUR;C05-Rocío
F2024-002329;1;18/08/2024;CLI0370;S13;1,00;664,99;0;664,99;EUR;C01-Marta
F2024-002329;2;18/08/2024;CLI0370;S05;1063,39;3,12;0;3317,78;EUR;C01-Marta
F2024-002329;3;18/08/2024;CLI0370;S06;1066,60;1,11;0;1183,93;EUR;C01-Marta
F2024-002329;4;18/08/2024;CLI0370;S05;316,67;3,19;10;909,16;EUR;C05-Rocío
F2024-002330;1;12/05/2024;CLI0056;S13;1,00;621,80;0;621,80;EUR;C01-Marta
F2024-002331;1;06/06/2024;CLI0223;S05;1544,80;3,79;0;5856,97;USD;C04-Andrés
F2024-002331;2;06/06/2024;CLI0223;S14;9,00;202,78;0;1825,02;EUR;C04-Andrés
F2024-002331;3;06/06/2024;CLI0223;S05;283,28;3,11;0;881,00;EUR;C02-Javier
F2024-002331;4;06/06/2024;CLI0223;S06;916,34;1,13;5;983,69;EUR;C01-Marta
F2024-002332;1;02/10/2024;CLI0158;S15;3,00;83,26;10;224,80;EUR;C05-Rocío
F2024-002333;1;10/02/2024;CLI0315;S08;1639,45;2,42;0;3967,47;EUR;C02-Javier
F2024-002334;1;04/11/2024;CLI0196;S07;567,95;1,66;0;942,80;EUR;C05-Rocío
F2024-002334;2;04/11/2024;CLI0196;S13;1,00;646,04;0;646,04;EUR;C03-Lucía
F2024-002334;3;04/11/2024;CLI0196;S08;472,72;2,45;0;1158,16;EUR;C01-Marta
F2024-002334;4;04/11/2024;CLI0196;S08;2106,88;2,41;5;4823,70;EUR;C05-Rocío
F2024-002335;1;18/06/2024;CLI0044;S07;141,72;1,54;0;218,25;EUR;C01-Marta
F2024-002335;2;18/06/2024;CLI0044;S08;1777,66;2,47;0;4390,82;EUR;C05-Rocío
F2024-002335;3;18/06/2024;CLI0044;S08;1204,58;2,29;0;2758,49;EUR;C01-Marta
F2024-002336;1;24/01/2024;CLI0158;S09;207,42;42,25;0;8763,49;EUR;C03-Lucía
F2024-002336;2;24/01/2024;CLI0158;S09;128,77;42,46;5;5194,20;EUR;C05-Rocío
F2024-002337;1;15/10/2024;CLI0273;S13;1,00;641,16;0;641,16;EUR;C05-Rocío
F2024-002337;2;15/10/2024;CLI0273;S10;1451,89;8,81;0;12791,15;EUR;C04-Andrés
F2024-002337;3;15/10/2024;CLI0273;S14;10,00;211,86;5;2012,67;EUR;C03-Lucía
F2024-002337;4;15/10/2024;CLI0273;S15;2,00;83,60;0;167,20;EUR;C01-Marta
F2024-002338;1;14/07/2024;CLI0069;S09;143,93;40,38;0;5811,89;EUR;C02-Javier
F2024-002338;2;14/07/2024;CLI0069;S09;170,34;43,41;0;7394,46;EUR;C04-Andrés
F2024-002339;1;17/05/2024;CLI0008;S01;132,17;96,68;0;12778,20;EUR;C05-Rocío
F2024-002339;2;17/05/2024;CLI0008;S01;27,62;98,61;0;2723,61;EUR;C05-Rocío
F2024-002339;3;17/05/2024;CLI0008;S02;1682,21;6,49;10;9825,79;EUR;C03-Lucía
F2024-002339;4;17/05/2024;CLI0008;S01;58,69;98,67;10;5211,85;EUR;C01-Marta
F2024-002340;1;19/06/2024;CLI0089;S05;158,60;3,33;0;528,14;EUR;C02-Javier
F2024-002340;2;19/06/2024;CLI0089;S05;1044,31;3,27;0;3414,89;EUR;C02-Javier
F2024-002341;1;05/03/2024;CLI0235;S15;3,00;87,74;0;263,22;EUR;C04-Andrés
F2024-002341;2;05/03/2024;CLI0235;S13;1,00;633,32;0;633,32;EUR;C05-Rocío
F2024-002341;3;05/03/2024;CLI0235;S13;1,00;663,81;0;663,81;EUR;C05-Rocío
F2024-002341;4;05/03/2024;CLI0235;S10;51,97;8,11;5;400,40;EUR;C02-Javier
F2024-002342;1;17/09/2024;CLI0293;S10;487,21;8,68;0;4228,98;EUR;C04-Andrés
F2024-002343;1;01/12/2024;CLI0136;S02;266,50;6,40;0;1705,60;EUR;C02-Javier
F2024-002343;2;01/12/2024;CLI0136;S01;72,60;94,54;0;6863,60;EUR;C04-Andrés
F2024-002343;3;01/12/2024;CLI0136;S11;36,79;24,72;5;863,98;EUR;C04-Andrés
F2024-002344;1;10/01/2024;CLI0051;S06;1388,36;1,10;0;1527,20;EUR;C03-Lucía
F2024-002344;2;10/01/2024;CLI0051;S06;643,91;1,06;0;682,54;EUR;C04-Andrés
F2024-002344;3;10/01/2024;CLI0051;S14;2,00;205,85;0;411,70;EUR;C05-Rocío
F2024-002344;4;10/01/2024;CLI0051;S06;847,08;1,09;10;830,99;EUR;C02-Javier
F2024-002345;1;23/01/2024;CLI0051;S13;1,00;652,52;15;554,64;EUR;C04-Andrés
F2024-002345;2;23/01/2024;CLI0051;S15;1,00;83,30;0;83,30;EUR;C01-Marta
F2024-002346;1;15/02/2024;CLI0131;S14;3,00;214,09;5;610,16;EUR;C05-Rocío
F2024-002346;2;15/02/2024;CLI0131;S15;4,00;85,88;5;326,34;EUR;C05-Rocío
F2024-002346;3;15/02/2024;CLI0131;S10;226,56;8,14;5;1751,99;EUR;C01-Marta
F2024-002346;4;15/02/2024;CLI0131;S10;144,22;8,16;0;1176,84;EUR;C05-Rocío
F2024-002347;1;27/08/2024;CLI0054;S08;2352,96;2,32;5;5185,92;EUR;C04-Andrés
F2024-002347;2;27/08/2024;CLI0054;S08;1732,32;2,35;0;4070,95;EUR;C02-Javier
F2024-002348;1;16/04/2024;CLI0218;S10;109,36;8,40;0;918,62;EUR;C02-Javier
F2024-002349;1;26/09/2024;CLI0363;S05;382,49;3,14;5;1140,97;EUR;C04-Andrés
F2024-002349;2;2024-09-26;CLI0363;S05;834,72;3,36;5;2664,43;EUR;C02-Javier
F2024-002350;1;17/03/2024;CLI0182;S06;1248,37;1,06;0;1323,27;EUR;C03-Lucía
F2024-002350;2;17/03/2024;CLI0182;S15;3,00;81,79;0;245,37;EUR;C02-Javier
F2024-002350;3;17/03/2024;CLI0182;S05;142,58;3,11;0;443,42;EUR;C05-Rocío
F2024-002351;1;17/08/2024;CLI0228;S06;1705,61;1,06;0;1807,95;EUR;C05-Rocío
F2024-002352;1;13/10/2024;CLI0205;S05;343,52;3,33;5;1086,73;EUR;C03-Lucía
F2024-002352;2;13/10/2024;CLI0205;S06;1814,37;1,12;5;1930,49;EUR;C02-Javier
F2024-002352;3;13/10/2024;CLI0205;S13;1,00;751,32;0;751,32;USD;C02-Javier
F2024-002353;1;03/01/2024;CLI0058;S07;1198,45;1,65;0;1977,44;EUR;C03-Lucía
F2024-002353;2;03/01/2024;CLI0058;S07;269,32;1,62;0;436,30;EUR;C02-Javier
F2024-002353;3;03/01/2024;CLI0058;S08;873,31;2,31;0;2017,35;EUR;C02-Javier
F2024-002353;4;03/01/2024;CLI0058;S07;117,14;1,58;0;185,08;EUR;C05-Rocío
F2024-002354;1;15/03/2024;CLI0253;S07;117,64;1,56;0;183,52;EUR;C02-Javier
F2024-002355;1;23/10/2024;CLI0045;S06;2303,08;1,12;0;2579,45;EUR;C02-Javier
F2024-002355;2;23/10/2024;CLI0045;S06;4596,78;1,12;0;5148,39;EUR;C05-Rocío
F2024-002355;3;23/10/2024;CLI0045;S14;7,00;217,91;0;1525,37;EUR;C05-Rocío
F2024-002356;1;25/06/2024;CLI0076;S09;52,49;41,80;0;2194,08;EUR;C01-Marta
F2024-002357;1;14/03/2024;CLI0370;S06;1999,63;1,15;0;2299,57;EUR;C04-Andrés
F2024-002357;2;14/03/2024;CLI0370;S05;555,40;3,19;10;1594,55;EUR;C04-Andrés
F2024-002358;1;03/12/2024;CLI0366;S05;108,83;3,10;5;320,50;EUR;C03-Lucía
F2024-002358;2;03/12/2024;CLI0366;S14;11,00;202,48;0;2227,28;EUR;C04-Andrés
F2024-002358;3;03/12/2024;CLI0366;S05;66,96;3,29;5;209,28;EUR;C03-Lucía
F2024-002358;4;03/12/2024;CLI0366;S14;14,00;201,20;0;2816,80;EUR;C02-Javier
F2024-002359;1;06/10/2024;CLI0163;S14;15,00;217,67;0;3265,05;EUR;C05-Rocío
F2024-002359;2;06/10/2024;CLI0163;S02;658,31;6,55;0;4311,93;EUR;C01-Marta
F2024-002360;1;15/07/2024;CLI0051;S05;84,07;3,05;10;230,77;EUR;C02-Javier
F2024-002360;2;15/07/2024;CLI0051;S05;111,56;3,31;0;369,26;EUR;C01-Marta
F2024-002360;3;15/07/2024;CLI0051;S06;700,77;1,08;15;643,31;EUR;C02-Javier
F2024-002361;1;22/10/2024;CLI0158;S15;4,00;87,06;0;348,24;EUR;C03-Lucía
F2024-002361;2;22/10/2024;CLI0158;S09;134,68;42,54;0;5729,29;EUR;C03-Lucía
F2024-002361;3;22/10/2024;CLI0158;S09;207,03;43,94;0;9096,90;EUR;C05-Rocío
F2024-002361;4;22/10/2024;CLI0158;S09;193,43;43,32;10;7541,45;EUR;C02-Javier
F2024-002362;1;04/08/2024;CLI0329;S15;3,00;86,32;15;220,12;EUR;C05-Rocío
F2024-002362;2;04/08/2024;CLI0329;S01;52,38;98,55;0;5162,05;EUR;C04-Andrés
F2024-002363;1;14/09/2024;CLI0379;S08;2168,98;2,35;0;5097,10;EUR;C04-Andrés
F2024-002364;1;11/08/2024;CLI0219;S06;578,96;1,05;15;516,72;EUR;C03-Lucía
F2024-002365;1;02/03/2024;CLI0386;S11;28,37;24,65;0;699,32;EUR;C04-Andrés
F2024-002365;2;02/03/2024;CLI0386;S02;879,18;6,72;0;5908,09;EUR;C05-Rocío
F2024-002366;1;22/08/2024;CLI0350;S05;894,89;3,15;15;2396,07;EUR;C03-Lucía
F2024-002367;1;18/05/2024;CLI0162;S12;3,00;122,41;0;367,23;EUR;C02-Javier
F2024-002367;2;18/05/2024;CLI0162;S04;349,95;14,25;0;4986,79;EUR;C05-Rocío
F2024-002368;1;11/07/2024;CLI0095;S09;148,41;43,25;0;6418,73;EUR;C04-Andrés
F2024-002368;2;11/07/2024;CLI0095;S13;1,00;623,05;0;623,05;EUR;C05-Rocío
F2024-002368;3;11/07/2024;CLI0095;S09;156,26;42,88;0;6700,43;EUR;C04-Andrés
F2024-002368;4;11/07/2024;CLI0095;S09;33,49;44,10;0;1476,91;EUR;C05-Rocío
F2024-002369;1;19/08/2024;CLI0095;S09;49,98;43,41;5;2061,15;EUR;C01-Marta
F2024-002369;2;19/08/2024;CLI0095;S09;146,80;41,11;0;6034,95;EUR;C05-Rocío
F2024-002369;3;19/08/2024;CLI0095;S09;76,51;42,60;0;3259,33;EUR;C04-Andrés
F2024-002370;1;03/10/2024;CLI0324;S10;305,31;8,19;10;2250,44;EUR;C03-Lucía
F2024-002370;2;03/10/2024;CLI0324;S15;2,00;83,48;0;166,96;EUR;C04-Andrés
F2024-002371;1;20/05/2024;CLI0044;S08;510,38;2,30;0;1173,87;EUR;C01-Marta
F2024-002371;2;20/05/2024;CLI0044;S07;302,50;1,58;5;454,05;EUR;C05-Rocío
F2024-002371;3;20/05/2024;CLI0044;S08;3201,49;2,32;0;7427,46;EUR;C05-Rocío
F2024-002371;4;20/05/2024;CLI0044;S14;6,00;201,19;0;1207,14;EUR;C03-Lucía
F2024-002372;1;26/05/2024;CLI0212;S03;57,06;37,69;0;2150,59;EUR;C04-Andrés
F2024-002372;2;26/05/2024;CLI0212;S12;4,00;125,39;0;501,56;EUR;C04-Andrés
F2024-002372;3;26/05/2024;CLI0212;S04;1282,08;14,34;0;18385,03;EUR;C01-Marta
F2024-002372;4;26/05/2024;CLI0212;S12;3,00;122,58;0;367,74;EUR;C04-Andrés
F2024-002373;1;23/05/2024;CLI0142;S05;136,87;3,31;0;453,04;EUR;C02-Javier
F2024-002373;2;23/05/2024;CLI0142;S15;1,00;83,29;5;79,13;EUR;C03-Lucía
F2024-002374;1;25/03/2024;CLI0309;S12;2,00;117,65;0;235,30;EUR;C04-Andrés
F2024-002374;2;25/03/2024;CLI0309;S03;29,56;43,61;0;1289,23;USD;C01-Marta
F2024-002374;3;25/03/2024;CLI0309;S12;3,00;130,46;0;391,39;USD;C05-Rocío
F2024-002374;4;25/03/2024;CLI0309;S15;3,00;91,20;0;273,61;USD;C01-Marta
F2024-002375;1;16/09/2024;CLI0287;S14;11,00;218,32;0;2401,52;EUR;C05-Rocío
F2024-002375;2;16/09/2024;CLI0287;S10;1541,41;8,83;0;13610,65;EUR;C04-Andrés
F2024-002376;1;12/11/2024;CLI0101;S10;262,97;8,57;0;2253,65;EUR;C02-Javier
F2024-002376;2;12/11/2024;CLI0101;S10;439,16;8,53;5;3558,73;EUR;C05-Rocío
F2024-002377;1;09/04/2024;CLI0158;S09;211,52;40,65;10;7738,46;EUR;C04-Andrés
F2024-002378;1;10/07/2024;CLI0051;S05;239,90;3,33;0;798,87;EUR;C03-Lucía
F2024-002379;1;21/04/2024;CLI0306;S15;4,00;84,35;5;320,53;EUR;C01-Marta
F2024-002379;2;21/04/2024;CLI0306;S11;25,65;25,14;15;548,11;EUR;C05-Rocío
F2024-002380;1;10/04/2024;CLI0291;S10;392,92;8,56;0;3363,40;EUR;C02-Javier
F2024-002380;2;10/04/2024;CLI0291;S15;3,00;82,44;10;222,59;EUR;C03-Lucía
F2024-002380;3;10/04/2024;CLI0291;S15;3,00;82,05;0;246,15;EUR;C03-Lucía
F2024-002380;4;10/04/2024;CLI0291;S15;3,00;84,50;0;253,50;EUR;C03-Lucía
F2024-002381;1;17/08/2024;CLI0211;S05;864,39;3,26;0;2817,91;EUR;C01-Marta
F2024-002382;1;07/03/2024;CLI0212;S12;2,00;120,00;0;240,00;EUR;C01-Marta
F2024-002382;2;07/03/2024;CLI0212;S15;4,00;87,33;0;349,32;EUR;C01-Marta
F2024-002382;3;07/03/2024;CLI0212;S03;27,68;39,24;0;1086,16;EUR;C02-Javier
F2024-002383;1;06/01/2024;CLI0212;S04;63,88;13,77;0;879,63;EUR;C02-Javier
F2024-002384;1;11/04/2024;CLI0291;S15;3,00;82,87;0;248,61;EUR;C01-Marta
F2024-002384;2;11/04/2024;CLI0291;S10;99,74;8,74;0;871,73;EUR;C05-Rocío
F2024-002384;3;11/04/2024;CLI0291;S14;7,00;212,28;0;1485,96;EUR;C03-Lucía
F2024-002384;4;11/04/2024;CLI0291;S10;255,03;8,84;0;2254,47;EUR;C04-Andrés
F2024-002385;1;06/04/2024;CLI0051;S15;1,00;83,21;15;70,73;EUR;C03-Lucía
F2024-002386;1;13/02/2024;CLI0268;S08;931,44;2,48;0;2309,97;EUR;C02-Javier
F2024-002387;1;25/05/2024;CLI0285;S10;200,15;8,66;5;1646,63;EUR;C01-Marta
F2024-002388;1;05/09/2024;CLI0215;S15;4,00;84,51;0;338,04;EUR;C01-Marta
F2024-002389;1;01/12/2024;CLI0370;S06;788,87;1,10;0;867,76;EUR;C03-Lucía
F2024-002389;2;01/12/2024;CLI0370;S06;3968,69;1,07;5;;EUR;C05-Rocío
F2024-002390;1;2024-01-12;CLI0167;S15;4,00;83,18;0;332,72;EUR;C02-Javier
F2024-002391;1;22/03/2024;CLI0149;S07;700,60;1,63;10;1027,78;EUR;C04-Andrés
F2024-002391;2;22/03/2024;CLI0149;S13;1,00;657,78;0;657,78;EUR;C02-Javier
F2024-002392;1;04/11/2024;CLI0095;S14;7,00;206,26;5;1371,63;EUR;C01-Marta
F2024-002392;2;04/11/2024;CLI0095;S09;111,26;42,63;15;4031,56;EUR;C01-Marta
F2024-002392;3;04/11/2024;CLI0095;S09;35,82;42,39;0;1518,41;EUR;C04-Andrés
F2024-002393;1;13/12/2024;CLI0315;S13;1,00;669,29;0;669,29;EUR;C04-Andrés
F2024-002393;2;13/12/2024;CLI0315;S08;2346,89;2,51;0;5890,69;EUR;C04-Andrés
F2024-002394;1;10/08/2024;CLI0138;S15;4,00;88,92;0;355,68;EUR;C02-Javier
F2024-002394;2;10/08/2024;CLI0138;S09;197,39;42,61;0;8410,79;EUR;C02-Javier
F2024-002394;3;10/08/2024;CLI0138;S09;253,13;41,12;0;10408,71;EUR;C01-Marta
F2024-002394;4;10/08/2024;CLI0138;S13;1,00;633,34;0;633,34;EUR;C01-Marta
F2024-002395;1;06/03/2024;CLI0053;S08;2680,34;2,49;0;6674,05;EUR;C01-Marta
F2024-002395;2;06/03/2024;CLI0053;S07;2019,74;1,57;5;3012,44;EUR;C05-Rocío
F2024-002395;3;06/03/2024;CLI0053;S15;4,00;83,38;10;300,17;EUR;C02-Javier
F2024-002395;4;06/03/2024;CLI0053;S14;16,00;211,98;15;2882,93;EUR;C04-Andrés
F2024-002396;1;21/11/2024;CLI0303;S06;1051,52;1,05;0;1104,10;EUR;C01-Marta
F2024-002396;2;21/11/2024;CLI0303;S05;602,11;3,22;0;1938,79;EUR;C02-Javier
F2024-002396;3;21/11/2024;CLI0303;S06;1192,39;1,15;0;1371,25;EUR;C02-Javier
F2024-002397;1;08/06/2024;CLI0095;S09;32,69;41,27;5;1281,66;EUR;C04-Andrés
F2024-002397;2;08/06/2024;CLI0095;S09;178,52;40,48;5;6865,17;EUR;C01-Marta
F2024-002398;1;03/04/2024;CLI0310;S04;143,59;14,25;0;2046,16;EUR;C02-Javier
F2024-002398;2;03/04/2024;CLI0310;S04;1241,30;13,82;0;17154,77;EUR;C03-Lucía
F2024-002399;1;27/09/2024;CLI0228;S06;3878,87;1,05;15;3461,89;EUR;C02-Javier
F2024-002399;2;27/09/2024;CLI0228;S13;1,00;677,18;0;677,18;EUR;C04-Andrés
F2024-002400;1;16/12/2024;CLI0276;S01;130,29;95,67;0;12464,84;EUR;C05-Rocío
F2024-002400;2;16/12/2024;CLI0276;S11;26,30;24,98;0;656,97;EUR;C04-Andrés
F2024-002401;1;08/05/2024;CLI0113;S09;52,24;42,21;0;2205,05;EUR;C03-Lucía
F2024-002401;2;08/05/2024;CLI0113;S09;116,26;43,40;0;5045,68;EUR;C02-Javier
F2024-002401;3;08/05/2024;CLI0113;S09;174,37;40,91;0;7133,48;EUR;C03-Lucía
F2024-002402;1;24/04/2024;CLI0299;S07;372,81;1,67;5;591,46;EUR;C01-Marta
F2024-002402;2;24/04/2024;CLI0299;S07;114,63;1,58;0;181,12;EUR;C05-Rocío
F2024-002403;1;03/02/2024;CLI0370;S06;636,74;1,10;15;595,35;EUR;C05-Rocío
F2024-002403;2;03/02/2024;CLI0370;S05;31,66;3,12;15;83,96;EUR;C03-Lucía
F2024-002403;3;03/02/2024;CLI0370;S05;265,29;3,33;10;795,07;EUR;C03-Lucía
F2024-002404;1;10/07/2024;CLI0303;S14;12,00;202,78;0;2433,36;EUR;C05-Rocío
F2024-002404;2;10/07/2024;CLI0303;S05;1105,84;3,12;5;3277,71;EUR;C03-Lucía
F2024-002405;1;09/03/2024;CLI0078;S10;973,79;8,85;0;8618,04;EUR;C04-Andrés
F2024-002406;1;21/08/2024;CLI0291;S10;270,74;8,28;15;1905,47;EUR;C01-Marta
F2024-002406;2;21/08/2024;CLI0291;S10;412,20;8,43;0;3474,85;EUR;C05-Rocío
F2024-002406;3;21/08/2024;CLI0291;S10;400,88;8,62;10;3110,03;EUR;C04-Andrés
F2024-002407;1;16/07/2024;CLI0102;S05;102,46;3,66;0;374,74;USD;C01-Marta
F2024-002407;2;16/07/2024;CLI0102;S05;34,35;3,28;0;112,67;EUR;C01-Marta
F2024-002407;3;16/07/2024;CLI0102;S06;1177,32;1,31;0;1537,85;USD;C05-Rocío
F2024-002407;4;16/07/2024;CLI0102;S06;2337,63;1,29;0;3026,92;USD;C04-Andrés
F2024-002408;1;16/12/2024;CLI0356;S10;206,91;8,11;5;1594,14;EUR;C01-Marta
F2024-002408;2;16/12/2024;CLI0356;S13;1,00;658,18;0;658,18;EUR;C05-Rocío
F2024-002408;3;16/12/2024;CLI0356;S13;1,00;618,49;10;556,64;EUR;C04-Andrés
F2024-002408;4;16/12/2024;CLI0356;S10;161,33;8,13;10;1180,45;EUR;C03-Lucía
F2024-002409;1;09/08/2024;CLI0126;S10;210,17;8,67;0;1822,17;EUR;C01-Marta
F2024-002410;1;22/06/2024;CLI0356;S14;15,00;210,74;0;3161,10;EUR;C04-Andrés
F2024-002410;2;22/06/2024;CLI0356;S10;491,23;8,60;5;4013,35;EUR;C02-Javier
F2024-002410;3;22/06/2024;CLI0356;S10;186,59;8,17;5;1448,22;EUR;C05-Rocío
F2024-002410;4;22/06/2024;CLI0356;S14;11,00;214,98;5;2246,54;EUR;C05-Rocío
F2024-002411;1;13/02/2024;CLI0208;S03;8,37;39,64;0;331,79;EUR;C01-Marta
F2024-002412;1;21/02/2024;CLI0092;S05;246,26;3,30;0;812,66;EUR;C05-Rocío
F2024-002412;2;21/02/2024;CLI0092;S05;1000,66;3,06;0;3062,02;EUR;C04-Andrés
F2024-002412;3;21/02/2024;CLI0092;S06;4179,85;1,09;0;4556,04;EUR;C02-Javier
F2024-002412;4;21/02/2024;CLI0092;S05;738,97;3,26;15;2047,69;EUR;C02-Javier
F2024-002413;1;06/02/2024;CLI0066;S09;423,51;39,92;5;16061,19;EUR;C02-Javier
F2024-002413;2;06/02/2024;CLI0066;S09;146,08;40,55;0;5923,54;EUR;C03-Lucía
F2024-002414;1;06/02/2024;CLI0218;S14;6,00;208,85;0;1253,10;EUR;C05-Rocío
F2024-002414;2;06/02/2024;CLI0218;S10;128,22;8,15;0;1044,99;EUR;C04-Andrés
F2024-002414;3;06/02/2024;CLI0218;S15;4,00;84,65;0;338,60;EUR;C05-Rocío
F2024-002415;1;16/11/2024;CLI0136;S02;145,85;6,20;5;859,06;EUR;C05-Rocío
F2024-002416;1;21/11/2024;CLI0331;S02;146,77;6,42;5;895,15;EUR;C02-Javier
F2024-002416;2;21/11/2024;CLI0331;S11;18,80;26,05;5;465,25;EUR;C02-Javier
F2024-002417;1;24/09/2024;CLI0228;S14;15,00;204,39;0;3065,85;EUR;C01-Marta
F2024-002417;2;24/09/2024;CLI0228;S06;2245,27;1,07;0;2402,44;EUR;C04-Andrés
F2024-002417;3;24/09/2024;CLI0228;S06;4144,45;1,11;0;4600,34;EUR;C02-Javier
F2024-002417;4;24/09/2024;CLI0228;S06;1164,65;1,12;15;1108,75;EUR;C03-Lucía
F2024-002418;1;15/02/2024;CLI0376;S09;148,41;41,93;5;5911,69;EUR;C05-Rocío
F2024-002419;1;17/03/2024;CLI0054;S07;201,53;1,62;0;326,48;EUR;C02-Javier
F2024-002419;2;17/03/2024;CLI0054;S07;291,59;1,60;0;466,54;EUR;C01-Marta
F2024-002419;3;17/03/2024;CLI0054;S08;1195,78;2,49;0;2977,49;EUR;C05-Rocío
F2024-002420;1;15/09/2024;CLI0295;S15;2,00;87,97;0;175,94;EUR;C02-Javier
F2024-002420;2;15/09/2024;CLI0295;S05;1380,55;3,10;0;4279,70;EUR;C05-Rocío
F2024-002421;1;18/03/2024;CLI0389;S07;630,11;1,56;0;982,97;EUR;C04-Andrés
F2024-002421;2;18/03/2024;CLI0389;S07;74,99;1,63;0;122,23;EUR;C01-Marta
F2024-002421;3;18/03/2024;CLI0389;S07;1506,87;1,65;5;2362,02;EUR;C04-Andrés
F2024-002422;1;05/04/2024;CLI0183;S13;1,00;662,66;0;662,66;EUR;C03-Lucía
F2024-002423;1;04/11/2024;CLI0291;S10;201,59;8,27;0;1667,15;EUR;C02-Javier
F2024-002423;2;04/11/2024;CLI0291;S13;1,00;634,87;5;603,13;EUR;C02-Javier
F2024-002423;3;04/11/2024;CLI0291;S10;91,93;8,23;0;756,58;EUR;C01-Marta
F2024-002424;1;19/08/2024;CLI0388;S10;1013,76;8,38;0;8495,31;EUR;C04-Andrés
F2024-002424;2;19/08/2024;CLI0388;S10;292,02;8,14;0;2377,04;EUR;C05-Rocío
F2024-002424;3;19/08/2024;CLI0388;S10;596,95;8,23;0;4912,90;EUR;C05-Rocío
F2024-002424;4;19/08/2024;CLI0388;S15;1,00;81,79;0;81,79;EUR;C02-Javier
F2024-002425;1;06/11/2024;CLI0095;S15;1,00;85,88;0;85,88;EUR;C05-Rocío
F2024-002425;2;06/11/2024;CLI0095;S09;116,09;42,93;5;4734,56;EUR;C03-Lucía
F2024-002425;3;2024-11-06;CLI0095;S09;117,83;39,92;0;4703,77;EUR;C03-Lucía
F2024-002425;4;06/11/2024;CLI0095;S09;148,81;42,15;15;5331,49;EUR;C05-Rocío
F2024-002426;1;14/08/2024;CLI0128;S15;1,00;81,33;5;77,26;EUR;C01-Marta
F2024-002426;2;14/08/2024;CLI0128;S08;623,40;2,36;0;1471,22;EUR;C04-Andrés
F2024-002426;3;14/08/2024;CLI0128;S07;159,82;1,56;0;249,32;EUR;C01-Marta
F2024-002426;4;14/08/2024;CLI0128;S07;427,81;1,60;0;684,50;EUR;C04-Andrés
F2024-002427;1;06/08/2024;CLI0045;S05;130,33;3,23;0;420,97;EUR;C01-Marta
F2024-002427;2;06/08/2024;CLI0045;S06;1271,17;1,07;0;1360,15;EUR;C01-Marta
F2024-002427;3;06/08/2024;CLI0045;S06;434,37;1,08;0;469,12;EUR;C03-Lucía
F2024-002427;4;06/08/2024;CLI0045;S05;877,99;3,12;5;2602,36;EUR;C04-Andrés
F2024-002428;1;25/10/2024;CLI0096;S08;2899,18;2,36;5;6499,96;EUR;C04-Andrés
F2024-002428;2;25/10/2024;CLI0096;S08;2179,55;2,35;0;5121,94;EUR;C04-Andrés
F2024-002428;3;25/10/2024;CLI0096;S13;1,00;630,13;0;630,13;EUR;C05-Rocío
F2024-002429;1;09/08/2024;CLI0113;S09;77,90;40,07;0;3121,45;EUR;C05-Rocío
F2024-002429;2;09/08/2024;CLI0113;S09;145,00;42,06;5;5793,77;EUR;C01-Marta
F2024-002430;1;14/04/2024;CLI0120;S11;40,43;25,66;0;1037,43;EUR;C05-Rocío
F2024-002430;2;14/04/2024;CLI0120;S02;2279,87;6,60;0;15047,14;EUR;C02-Javier
F2024-002430;3;14/04/2024;CLI0120;S02;157,53;6,75;15;903,83;EUR;C03-Lucía
F2024-002430;4;14/04/2024;CLI0120;S02;225,39;6,68;10;1355,04;EUR;C04-Andrés
F2024-002431;1;22/04/2024;CLI0138;S09;117,02;41,60;5;4624,63;EUR;C02-Javier
F2024-002431;2;22/04/2024;CLI0138;S09;99,59;44,03;0;4384,95;EUR;C04-Andrés
F2024-002431;3;22/04/2024;CLI0138;S09;113,16;42,67;0;4828,54;EUR;C01-Marta
F2024-002431;4;22/04/2024;CLI0138;S09;736,70;41,85;5;29289,35;EUR;C01-Marta
F2024-002432;1;11/04/2024;CLI0051;S05;1149,15;3,25;0;3734,74;EUR;C03-Lucía
F2024-002432;2;11/04/2024;CLI0051;S06;413,08;1,10;0;454,39;EUR;C01-Marta
F2024-002433;1;08/12/2024;CLI0296;S06;1545,94;1,13;5;1659,57;EUR;C02-Javier
F2024-002433;2;08/12/2024;CLI0296;S06;1701,10;1,05;0;1786,15;EUR;C04-Andrés
F2024-002434;1;27/02/2024;CLI0368;S10;754,31;8,29;0;6253,23;EUR;C02-Javier
F2024-002434;2;27/02/2024;CLI0368;S10;223,20;8,79;5;1863,83;EUR;C05-Rocío
F2024-002435;1;27/12/2024;CLI0366;S15;1,00;88,24;15;75,00;EUR;C04-Andrés
F2024-002435;2;27/12/2024;CLI0366;S05;296,31;3,20;0;948,19;EUR;C01-Marta
F2024-002435;3;27/12/2024;CLI0366;S14;10,00;207,79;5;1974,00;EUR;C04-Andrés
F2024-002436;1;05/04/2024;CLI0214;S13;1,00;631,32;5;599,75;EUR;C03-Lucía
F2024-002436;2;05/04/2024;CLI0214;S02;1344,13;6,82;0;9166,97;EUR;C04-Andrés
F2024-002437;1;11/09/2024;CLI0055;S15;2,00;84,85;0;169,70;EUR;C05-Rocío
F2024-002437;2;11/09/2024;CLI0055;S09;139,32;40,49;5;5359,01;EUR;C02-Javier
F2024-002437;3;11/09/2024;CLI0055;S14;2,00;208,79;0;417,58;EUR;C05-Rocío
F2024-002437;4;2024-09-11;CLI0055;S09;61,51;41,41;0;2547,13;EUR;C01-Marta
F2024-002438;1;11/06/2024;CLI0169;S09;101,05;41,61;0;4204,69;EUR;C05-Rocío
F2024-002438;2;11/06/2024;CLI0169;S09;136,34;41,12;0;5606,30;EUR;C04-Andrés
F2024-002439;1;22/09/2024;CLI0095;S09;61,01;40,11;0;2447,11;EUR;C03-Lucía
F2024-002439;2;22/09/2024;CLI0095;S09;178,32;42,39;15;6425,14;EUR;C02-Javier
F2024-002439;3;22/09/2024;CLI0095;S09;432,68;40,77;0;17640,36;EUR;C01-Marta
F2024-002440;1;24/06/2024;CLI0239;S10;41,43;8,33;0;345,11;EUR;C03-Lucía
F2024-002440;2;24/06/2024;CLI0239;S10;160,38;8,13;0;1303,89;EUR;C04-Andrés
F2024-002440;3;24/06/2024;CLI0239;S10;420,47;8,44;0;3548,77;EUR;C04-Andrés
F2024-002441;1;26/09/2024;CLI0122;S07;357,66;1,54;0;550,80;EUR;C05-Rocío
F2024-002441;2;26/09/2024;CLI0122;S07;1842,05;1,65;0;3039,38;EUR;C04-Andrés
F2024-002441;3;26/09/2024;CLI0122;S08;935,39;2,32;0;2170,10;EUR;C02-Javier
F2024-002441;4;26/09/2024;CLI0122;S08;1493,22;2,41;0;3598,66;EUR;C01-Marta
F2024-002442;1;08/08/2024;CLI0110;S15;2,00;81,50;0;163,00;EUR;C02-Javier
F2024-002442;2;08/08/2024;CLI0110;S07;384,04;1,60;0;614,46;EUR;C02-Javier
F2024-002442;3;08/08/2024;CLI0110;S08;1923,68;2,28;0;4385,99;EUR;C05-Rocío
F2024-002442;4;08/08/2024;CLI0110;S08;360,23;2,34;0;842,94;EUR;C03-Lucía
F2024-002443;1;28/11/2024;CLI0114;S09;203,85;43,14;0;8794,09;EUR;C03-Lucía
F2024-002443;2;28/11/2024;CLI0114;S15;2,00;85,97;5;163,34;EUR;C02-Javier
F2024-002443;3;28/11/2024;CLI0114;S09;65,25;41,30;0;2694,82;EUR;C04-Andrés
F2024-002444;1;25/05/2024;CLI0111;S11;114,84;25,24;0;2898,56;EUR;C05-Rocío
F2024-002444;2;25/05/2024;CLI0111;S01;34,81;92,09;0;3205,65;EUR;C02-Javier
F2024-002444;3;25/05/2024;CLI0111;S15;2,00;85,53;0;171,06;EUR;C05-Rocío
F2024-002444;4;25/05/2024;CLI0111;S15;2,00;81,81;0;163,62;EUR;C04-Andrés
F2024-002445;1;01/01/2024;CLI0228;S06;2257,88;1,08;0;2438,51;EUR;C03-Lucía
F2024-002445;2;01/01/2024;CLI0228;S06;377,32;1,10;10;373,55;EUR;C05-Rocío
F2024-002445;3;01/01/2024;CLI0228;S06;2005,28;1,12;15;1909,03;EUR;C01-Marta
F2024-002445;4;01/01/2024;CLI0228;S05;231,04;3,06;10;636,28;EUR;C04-Andrés
F2024-002446;1;15/05/2024;CLI0051;S06;241,69;1,10;0;265,86;EUR;C02-Javier
F2024-002446;2;15/05/2024;CLI0051;S15;4,00;81,42;0;325,68;EUR;C05-Rocío
F2024-002446;3;15/05/2024;CLI0051;S06;2120,99;1,08;0;2290,67;EUR;C02-Javier
F2024-002447;1;19/06/2024;CLI0345;S09;204,04;40,42;0;8247,30;EUR;C03-Lucía
F2024-002447;2;19/06/2024;CLI0345;S13;1,00;623,44;0;623,44;EUR;C02-Javier
F2024-002448;1;21/04/2024;CLI0356;S10;2130,72;8,39;0;17876,74;EUR;C01-Marta
F2024-002448;2;21/04/2024;CLI0356;S10;396,75;8,62;0;3419,98;EUR;C04-Andrés
F2024-002448;3;21/04/2024;CLI0356;S10;146,20;8,45;15;1050,08;EUR;C03-Lucía
F2024-002449;1;04/02/2024;CLI0262;S11;19,35;26,60;5;489,04;USD;C04-Andrés
F2024-002450;1;07/03/2024;CLI0244;S13;1,00;677,49;5;643,62;EUR;C02-Javier
F2024-002451;1;22/09/2024;CLI0267;S09;126,64;40,12;5;4826,76;EUR;C01-Marta
F2024-002451;2;22/09/2024;CLI0267;S09;35,45;43,73;0;1550,23;EUR;C02-Javier
F2024-002451;3;22/09/2024;CLI0267;S09;96,35;42,11;0;4057,30;EUR;C05-Rocío
F2024-002452;1;24/08/2024;CLI0238;S13;1,00;641,02;15;544,87;EUR;C03-Lucía
F2024-002452;2;24/08/2024;CLI0238;S13;1,00;652,07;5;619,47;EUR;C01-Marta
F2024-002453;1;01/09/2024;CLI0255;S05;487,38;3,12;0;1520,63;EUR;C04-Andrés
F2024-002453;2;01/09/2024;CLI0255;S15;3,00;84,14;0;252,42;EUR;C04-Andrés
F2024-002453;3;01/09/2024;CLI0255;S06;1047,83;1,10;0;1152,61;EUR;C04-Andrés
F2024-002454;1;16/03/2024;CLI0310;S12;1,00;117,96;5;112,06;EUR;C01-Marta
F2024-002454;2;16/03/2024;CLI0310;S04;715,56;14,61;0;10454,33;EUR;C04-Andrés
F2024-002454;3;16/03/2024;CLI0310;S12;4,00;116,56;5;442,93;EUR;C02-Javier
F2024-002455;1;03/02/2024;CLI0327;S06;4838,00;1,07;0;5176,66;EUR;C01-Marta
F2024-002456;1;10/06/2024;CLI0333;S01;37,23;97,29;0;3622,11;EUR;C05-Rocío
F2024-002456;2;10/06/2024;CLI0333;S14;8,00;216,74;0;1733,92;EUR;C01-Marta
F2024-002456;3;10/06/2024;CLI0333;S02;247,59;6,25;0;1547,44;EUR;C04-Andrés
F2024-002457;1;08/07/2024;CLI0129;S10;312,43;8,92;0;2786,88;EUR;C05-Rocío
F2024-002458;1;20/04/2024;CLI0158;S09;203,33;40,32;5;7788,35;EUR;C05-Rocío
F2024-002458;2;20/04/2024;CLI0158;S13;1,00;633,34;5;601,67;EUR;C02-Javier
F2024-002458;3;20/04/2024;CLI0158;S14;13,00;218,95;10;2561,72;EUR;C05-Rocío
F2024-002459;1;24/06/2024;CLI0361;S06;639,69;1,13;5;686,71;EUR;C01-Marta
F2024-002459;2;24/06/2024;CLI0361;S05;683,96;3,34;5;2170,21;EUR;C04-Andrés
F2024-002459;3;24/06/2024;CLI0361;S15;1,00;86,81;0;86,81;EUR;C03-Lucía
F2024-002460;1;14/04/2024;CLI0251;S15;1,00;88,13;0;88,13;EUR;C01-Marta
F2024-002461;1;23/10/2024;CLI0095;S09;241,08;42,21;5;9667,19;EUR;C01-Marta
F2024-002461;2;23/10/2024;CLI0095;S14;4,00;208,79;10;751,64;EUR;C05-Rocío
F2024-002461;3;23/10/2024;CLI0095;S09;84,98;41,04;10;3138,82;EUR;C04-Andrés
F2024-002461;4;23/10/2024;CLI0095;S09;64,98;43,82;0;2847,42;EUR;C02-Javier
F2024-002462;1;25/11/2024;CLI0350;S06;485,20;1,07;0;519,16;EUR;C01-Marta
F2024-002462;2;25/11/2024;CLI0350;S05;513,34;3,09;0;1586,22;EUR;C01-Marta
F2024-002462;3;25/11/2024;CLI0350;S13;1,00;626,65;10;563,99;EUR;C03-Lucía
F2024-002462;4;25/11/2024;CLI0350;S05;377,06;3,35;10;1136,84;EUR;C05-Rocío
F2024-002463;1;26/07/2024;CLI0166;S13;1,00;650,11;5;617,60;EUR;C04-Andrés
F2024-002463;2;26/07/2024;CLI0166;S05;511,77;3,56;0;1819,45;USD;C03-Lucía
F2024-002463;3;26/07/2024;CLI0166;S06;884,48;1,29;0;1145,29;USD;C04-Andrés
F2024-002464;1;06/08/2024;CLI0397;S07;770,49;1,64;5;1200,42;EUR;C04-Andrés
F2024-002464;2;06/08/2024;CLI0397;S08;3955,62;2,43;5;9131,55;EUR;C03-Lucía
F2024-002464;3;06/08/2024;CLI0397;S08;1369,61;2,52;0;3451,42;EUR;C02-Javier
F2024-002465;1;20/12/2024;CLI0207;S10;122,29;8,84;0;1081,04;EUR;C03-Lucía
F2024-002466;1;07/03/2024;CLI0320;S08;664,24;2,51;15;1417,16;EUR;C04-Andrés
F2024-002467;1;07/08/2024;CLI0325;S02;489,63;6,34;0;3104,25;EUR;C04-Andrés
F2024-002467;2;07/08/2024;CLI0325;S02;91,44;6,20;5;538,58;EUR;C05-Rocío
F2024-002468;1;27/02/2024;CLI0230;S14;16,00;212,26;0;3396,16;EUR;C03-Lucía
F2024-002469;1;11/03/2024;CLI0351;S06;2421,13;1,05;5;2415,08;EUR;C05-Rocío
F2024-002469;2;11/03/2024;CLI0351;S06;1198,83;1,10;0;1318,71;EUR;C03-Lucía
F2024-002469;3;11/03/2024;CLI0351;S05;973,55;3,14;5;2904,10;EUR;C04-Andrés
F2024-002470;1;21/06/2024;CLI0149;S08;2649,68;2,43;10;5794,85;EUR;C04-Andrés
F2024-002470;2;21/06/2024;CLI0149;S14;12,00;200,02;0;2400,24;EUR;C04-Andrés
F2024-002470;3;21/06/2024;CLI0149;S07;156,23;1,62;0;253,09;EUR;C04-Andrés
F2024-002470;4;21/06/2024;CLI0149;S13;1,00;652,94;15;555,00;EUR;C04-Andrés
F2024-002471;1;05/02/2024;CLI0164;S09;73,29;46,55;0;3411,65;USD;C01-Marta
F2024-002471;2;05/02/2024;CLI0164;S09;104,68;42,97;0;4498,10;EUR;C01-Marta
F2024-002471;3;05/02/2024;CLI0164;S09;75,88;47,78;0;3625,50;USD;C05-Rocío
F2024-002471;4;05/02/2024;CLI0164;S14;4,00;209,85;5;797,43;EUR;C04-Andrés
F2024-002472;1;27/03/2024;CLI0157;S04;129,98;15,49;0;2013,79;USD;C05-Rocío
F2024-002472;2;27/03/2024;CLI0157;S12;3,00;125,20;0;375,60;EUR;C03-Lucía
F2024-002472;3;27/03/2024;CLI0157;S03;79,69;42,54;0;3389,75;USD;C03-Lucía
F2024-002472;4;27/03/2024;CLI0157;S14;10,00;209,50;0;2095,00;EUR;C05-Rocío
F2024-002473;1;16/10/2024;CLI0078;S15;4,00;85,23;0;340,92;EUR;C03-Lucía
F2024-002473;2;16/10/2024;CLI0078;S13;1,00;680,47;0;680,47;EUR;C05-Rocío
F2024-002473;3;16/10/2024;CLI0078;S10;1314,56;8,39;5;10477,70;EUR;C05-Rocío
F2024-002474;1;02/08/2024;CLI0306;S01;52,78;97,09;10;4611,97;EUR;C05-Rocío
F2024-002474;2;02/08/2024;CLI0306;S14;16,00;204,67;0;3274,72;EUR;C02-Javier
F2024-002474;3;02/08/2024;CLI0306;S01;200,64;92,68;5;17665,55;EUR;C02-Javier
F2024-002475;1;10/05/2024;CLI0152;S11;32,21;24,81;0;799,13;EUR;C05-Rocío
F2024-002475;2;10/05/2024;CLI0152;S13;1,00;667,79;0;667,79;EUR;C03-Lucía
F2024-002475;3;10/05/2024;CLI0152;S02;969,24;6,29;5;5791,69;EUR;C03-Lucía
F2024-002475;4;10/05/2024;CLI0152;S01;64,62;91,98;0;5943,75;EUR;C01-Marta
F2024-002476;1;02/05/2024;CLI0241;S04;559,40;13,86;0;7753,28;EUR;C03-Lucía
F2024-002476;2;02/05/2024;CLI0241;S04;259,10;14,67;5;3610,95;EUR;C05-Rocío
F2024-002476;3;02/05/2024;CLI0241;S15;4,00;88,05;5;334,59;EUR;C05-Rocío
F2024-002476;4;02/05/2024;CLI0241;S04;2840,44;14,67;0;41669,25;EUR;C05-Rocío
F2024-002477;1;14/12/2024;CLI0158;S09;93,09;42,97;5;3800,07;EUR;C05-Rocío
F2024-002477;2;14/12/2024;CLI0158;S09;332,35;40,58;0;13486,76;EUR;C04-Andrés
F2024-002477;3;14/12/2024;CLI0158;S09;115,34;42,57;0;4910,02;EUR;C02-Javier
F2024-002478;1;02/05/2024;CLI0024;S05;49,00;3,12;5;145,24;EUR;C01-Marta
F2024-002478;2;02/05/2024;CLI0024;S05;672,66;3,30;5;2108,79;EUR;C05-Rocío
F2024-002479;1;01/08/2024;CLI0051;S05;65,12;3,06;5;189,30;EUR;C04-Andrés
F2024-002479;2;01/08/2024;CLI0051;S05;210,69;3,05;10;578,34;EUR;C02-Javier
F2024-002480;1;18/02/2024;CLI0044;S07;477,08;1,61;0;768,10;EUR;C04-Andrés
F2024-002481;1;20/05/2024;CLI0212;S04;413,65;14,57;0;6026,88;EUR;C02-Javier
F2024-002481;2;20/05/2024;CLI0212;S04;39,95;14,10;0;563,30;EUR;C01-Marta
F2024-002481;3;20/05/2024;CLI0212;S12;3,00;121,64;0;364,92;EUR;C01-Marta
F2024-002482;1;19/12/2024;cli0076;S09;346,87;43,19;5;14232,25;EUR;C02-Javier
F2024-002482;2;19/12/2024;CLI0076;S15;4,00;84,64;0;;EUR;C03-Lucía
F2024-002482;3;19/12/2024;CLI0076;S09;73,49;43,54;0;3199,75;EUR;C01-Marta
F2024-002482;4;19/12/2024;CLI0076;S09;141,78;40,34;0;5719,41;EUR;C01-Marta
F2024-002483;1;09/11/2024;CLI0095;S09;84,35;40,97;5;3283,03;EUR;C03-Lucía
F2024-002483;2;09/11/2024;CLI0095;S09;76,07;41,98;0;3193,42;EUR;C05-Rocío
F2024-002484;1;17/08/2024;CLI0142;S15;2,00;85,19;15;144,82;EUR;C04-Andrés
F2024-002484;2;17/08/2024;CLI0142;S14;8,00;212,85;10;1532,52;EUR;C01-Marta
F2024-002484;3;17/08/2024;CLI0142;S05;251,59;3,14;10;710,99;EUR;C05-Rocío
F2024-002484;4;17/08/2024;CLI0142;S06;2765,06;1,08;0;2986,26;EUR;C03-Lucía
F2024-002485;1;18/05/2024;CLI0107;S06;2371,22;1,08;0;2560,92;EUR;C02-Javier
F2024-002485;2;18/05/2024;CLI0107;S06;2932,01;1,09;0;3195,89;EUR;C02-Javier
F2024-002485;3;18/05/2024;cli0107;S05;367,87;3,10;5;1083,38;EUR;C02-Javier
F2024-002486;1;20/11/2024;CLI0027;S14;9,00;205,50;5;1757,02;EUR;C03-Lucía
F2024-002487;1;21/08/2024;CLI0138;S09;261,57;42,27;0;11056,56;EUR;C04-Andrés
F2024-002487;2;21/08/2024;CLI0138;S15;3,00;85,40;0;256,20;EUR;C03-Lucía
F2024-002487;3;21/08/2024;CLI0138;S09;42,98;42,14;0;1811,18;EUR;C04-Andrés
F2024-002487;4;2024-08-21;CLI0138;S09;89,41;42,33;0;3784,73;EUR;C03-Lucía
F2024-002488;1;15/02/2024;CLI0087;S10;291,99;8,75;0;2554,91;EUR;C03-Lucía
F2024-002488;2;15/02/2024;CLI0087;S15;3,00;98,41;5;280,45;USD;C01-Marta
F2024-002488;3;15/02/2024;CLI0087;S13;1,00;699,38;0;699,38;USD;C05-Rocío
F2024-002489;1;09/03/2024;CLI0377;S02;341,60;7,47;0;2553,28;USD;C02-Javier
F2024-002490;1;07/12/2024;CLI0097;S09;369,15;41,87;0;15456,31;EUR;C03-Lucía
F2024-002490;2;07/12/2024;CLI0097;S09;282,41;43,38;0;12250,95;EUR;C04-Andrés
F2024-002491;1;07/09/2024;CLI0094;S08;1615,52;2,38;0;3844,94;EUR;C05-Rocío
F2024-002491;2;07/09/2024;CLI0094;S07;656,41;1,62;0;1063,38;EUR;C02-Javier
F2024-002491;3;07/09/2024;CLI0094;S07;1403,83;1,64;5;2187,17;EUR;C05-Rocío
F2024-002492;1;05/09/2024;CLI0095;S09;157,82;43,29;0;6832,03;EUR;C02-Javier
F2024-002492;1;05/09/2024;CLI0095;S09;157,82;43,29;0;6832,03;EUR;C02-Javier
F2024-002492;2;05/09/2024;CLI0095;S09;34,51;42,47;0;1465,64;EUR;C05-Rocío
F2024-002493;1;22/01/2024;CLI0279;S05;357,90;3,30;0;1181,07;EUR;C05-Rocío
F2024-002493;2;22/01/2024;CLI0279;S15;3,00;85,03;5;242,34;EUR;C03-Lucía
F2024-002494;1;04/04/2024;CLI0212;S14;14,00;203,80;0;2853,20;EUR;C04-Andrés
F2024-002494;2;04/04/2024;CLI0212;S03;42,92;39,86;0;1710,79;EUR;C02-Javier
F2024-002495;1;18/08/2024;CLI0116;S06;8273,58;1,11;0;9183,67;EUR;C03-Lucía
F2024-002496;1;01/09/2024;CLI0377;S02;397,70;6,81;0;2708,34;EUR;C02-Javier
F2024-002496;2;01/09/2024;cli0377;S01;54,44;101,07;0;5502,41;USD;C03-Lucía
F2024-002496;3;01/09/2024;CLI0377;S11;37,42;27,48;10;925,40;USD;C05-Rocío
F2024-002497;1;20/11/2024;CLI0095;S15;1,00;83,62;0;83,62;EUR;C04-Andrés
F2024-002498;1;06/04/2024;CLI0207;S10;193,67;8,14;5;1497,65;EUR;C05-Rocío
F2024-002499;1;23/12/2024;CLI0082;S10;347,37;8,80;0;3056,86;EUR;C03-Lucía
F2024-002499;2;23/12/2024;CLI0082;S10;120,25;8,67;0;1042,57;EUR;C03-Lucía
F2024-002499;3;23/12/2024;CLI0082;S10;1579,06;8,38;5;12570,90;EUR;C05-Rocío
F2024-002499;4;23/12/2024;CLI0082;S10;112,46;8,28;5;884,61;EUR;C03-Lucía
F2024-002500;1;16/11/2024;CLI0400;S05;77,12;3,13;0;241,39;EUR;C01-Marta
F2024-002500;2;16/11/2024;CLI0400;S05;774,02;3,07;0;2376,24;EUR;C02-Javier
F2024-002500;3;16/11/2024;CLI0400;S14;6,00;199,70;5;1138,29;EUR;C05-Rocío
F2024-002500;4;16/11/2024;CLI0400;S06;2213,29;1,05;5;2207,76;EUR;C01-Marta
F2024-002501;1;17/02/2024;CLI0317;S10;1504,09;8,59;10;11628,12;EUR;C02-Javier
F2024-002501;2;17/02/2024;CLI0317;S10;344,79;8,16;10;2532,14;EUR;C03-Lucía
F2024-002501;3;17/02/2024;CLI0317;S10;600,98;8,78;0;5276,60;EUR;C02-Javier
F2024-002501;4;17/02/2024;CLI0317;S13;1,00;623,81;5;592,62;EUR;C01-Marta
F2024-002502;1;22/02/2024;CLI0051;S14;10,00;206,68;15;1756,78;EUR;C01-Marta
F2024-002503;1;20/10/2024;CLI0169;S14;7,00;200,97;5;1336,45;EUR;C04-Andrés
F2024-002503;2;20/10/2024;CLI0169;S09;58,08;41,13;5;2269,39;EUR;C02-Javier
F2024-002503;3;20/10/2024;CLI0169;S14;12,00;219,23;0;2630,76;EUR;C01-Marta
F2024-002504;1;23/05/2024;CLI0095;S09;112,40;42,84;10;4333,69;EUR;C05-Rocío
F2024-002504;2;23/05/2024;CLI0095;S09;188,60;43,88;0;8275,77;EUR;C01-Marta
F2024-002505;1;26/03/2024;CLI0380;S05;243,14;3,22;0;782,91;EUR;C02-Javier
F2024-002505;2;26/03/2024;CLI0380;S13;1,00;640,73;0;640,73;EUR;C02-Javier
F2024-002505;3;26/03/2024;CLI0380;S05;213,31;3,04;0;648,46;EUR;C02-Javier
F2024-002506;1;17/12/2024;CLI0229;S08;484,12;2,46;5;1131,39;EUR;C03-Lucía
F2024-002507;1;24/01/2024;CLI0037;S09;91,61;40,70;0;3728,53;EUR;C03-Lucía
F2024-002507;2;24/01/2024;CLI0037;S09;57,03;43,18;0;2462,56;EUR;C02-Javier
F2024-002508;1;24/06/2024;CLI0013;S13;1,00;679,52;0;679,52;EUR;C04-Andrés
F2024-002508;2;24/06/2024;CLI0013;S09;145,52;43,48;0;6327,21;EUR;C01-Marta
F2024-002509;1;21/02/2024;CLI0342;S14;5,00;203,01;5;964,30;EUR;C04-Andrés
F2024-002509;2;21/02/2024;CLI0342;S13;1,00;669,37;0;669,37;EUR;C02-Javier
F2024-002510;1;22/03/2024;CLI0061;S01;102,36;93,65;0;9586,01;EUR;C03-Lucía
F2024-002511;1;27/11/2024;CLI0350;S05;821,81;3,29;5;2568,57;EUR;C03-Lucía
F2024-002512;1;27/05/2024;CLI0101;S13;1,00;725,15;5;688,89;USD;C01-Marta
F2024-002512;2;27/05/2024;CLI0101;S10;287,47;9,10;15;2223,36;USD;C05-Rocío
F2024-002512;3;27/05/2024;CLI0101;S15;4,00;84,35;10;303,66;EUR;C03-Lucía
F2024-002513;1;20/02/2024;CLI0051;S13;1,00;643,61;0;643,61;EUR;C01-Marta
F2024-002513;2;20/02/2024;CLI0051;S15;3,00;83,21;0;249,63;EUR;C01-Marta
F2024-002513;3;20/02/2024;CLI0051;S05;209,79;3,16;0;662,94;EUR;C01-Marta
F2024-002514;1;20/07/2024;CLI0095;S13;1,00;666,52;10;599,87;EUR;C05-Rocío
F2024-002515;1;21/10/2024;CLI0095;S13;1,00;651,59;0;651,59;EUR;C05-Rocío
F2024-002516;1;26/05/2024;CLI0301;S07;354,39;1,65;0;584,74;EUR;C04-Andrés
F2024-002517;1;14/02/2024;CLI0356;S10;315,83;8,35;5;2505,32;EUR;C01-Marta
F2024-002517;2;14/02/2024;CLI0356;S10;280,42;8,37;10;2112,40;EUR;C03-Lucía
F2024-002517;3;14/02/2024;CLI0356;S13;1,00;620,51;5;589,48;EUR;C03-Lucía
F2024-002517;4;14/02/2024;CLI0356;S10;174,65;8,89;0;1552,64;EUR;C04-Andrés
F2024-002518;1;17/08/2024;CLI0263;S01;66,20;99,14;5;6234,91;EUR;C01-Marta
F2024-002518;2;17/08/2024;CLI0263;S15;1,00;89,20;15;75,82;EUR;C01-Marta
F2024-002519;1;17/05/2024;CLI0095;S15;2,00;81,74;0;163,48;EUR;C05-Rocío
F2024-002519;2;17/05/2024;CLI0095;S09;129,11;42,71;0;5514,29;EUR;C04-Andrés
F2024-002519;3;17/05/2024;CLI0095;S09;58,28;42,42;15;2101,40;EUR;C05-Rocío
F2024-002519;4;17/05/2024;CLI0095;S09;126,98;40,20;0;5104,60;EUR;C01-Marta
F2024-002520;1;28/05/2024;CLI0087;S10;727,57;9,17;0;6669,39;USD;C04-Andrés
F2024-002520;2;28/05/2024;CLI0087;S10;298,90;9,35;5;2654,09;USD;C03-Lucía
F2024-002520;3;28/05/2024;CLI0087;S10;150,81;8,89;5;1273,67;EUR;C05-Rocío
F2024-002521;1;11/03/2024;CLI0370;S06;8369,84;1,13;5;8985,02;EUR;C05-Rocío
F2024-002522;1;26/05/2024;CLI0095;S09;78,50;40,93;0;3213,01;EUR;C02-Javier
F2024-002523;1;24/04/2024;CLI0273;S10;339,56;8,36;0;2838,72;EUR;C03-Lucía
F2024-002523;2;24/04/2024;CLI0273;S10;765,38;8,67;0;6635,84;EUR;C03-Lucía
F2024-002523;3;24/04/2024;CLI0273;S10;140,74;8,19;5;1095,03;EUR;C02-Javier
F2024-002524;1;23/11/2024;CLI0207;S10;298,58;8,24;5;2337,28;EUR;C04-Andrés
F2024-002525;1;25/07/2024;CLI0151;S10;581,38;8,16;5;4506,86;EUR;C05-Rocío
F2024-002525;2;25/07/2024;CLI0151;S10;820,48;8,68;0;7121,77;EUR;C03-Lucía
F2024-002526;1;22/11/2024;CLI0103;S08;1855,09;2,43;0;4507,87;EUR;C05-Rocío
F2024-002526;2;22/11/2024;CLI0103;S08;1220,37;2,39;0;2916,68;EUR;C05-Rocío
F2024-002526;3;22/11/2024;CLI0103;S14;6,00;208,46;0;1250,76;EUR;C04-Andrés
F2024-002527;1;25/08/2024;CLI0034;S09;36,28;40,99;15;1264,05;EUR;C02-Javier
F2024-002527;2;25/08/2024;CLI0034;S09;325,69;44,03;15;12189,11;EUR;C03-Lucía
F2024-002527;3;25/08/2024;CLI0034;S14;13,00;208,64;0;2712,32;EUR;C01-Marta
F2024-002527;4;25/08/2024;CLI0034;S13;1,00;641,15;0;641,15;EUR;C03-Lucía
F2024-002528;1;02/08/2024;CLI0064;S10;783,19;8,51;0;6664,95;EUR;C03-Lucía
F2024-002528;2;02/08/2024;CLI0064;S10;529,73;8,18;0;4333,19;EUR;C04-Andrés
F2024-002529;1;2024-12-26;CLI0040;S07;379,62;1,66;0;630,17;EUR;C03-Lucía
F2024-002529;2;26/12/2024;CLI0040;S08;1372,10;2,34;5;3050,18;EUR;C05-Rocío
F2024-002530;1;07/05/2024;CLI0372;S14;9,00;219,11;0;1971,99;EUR;C05-Rocío
F2024-002530;2;07/05/2024;CLI0372;S09;205,17;40,23;0;8253,99;EUR;C03-Lucía
F2024-002531;1;07/05/2024;CLI0120;S14;3,00;215,12;10;580,82;EUR;C03-Lucía
F2024-002531;2;07/05/2024;CLI0120;S01;93,40;94,44;15;7497,59;EUR;C01-Marta
F2024-002531;3;07/05/2024;CLI0120;S02;603,95;6,80;0;4106,86;EUR;C02-Javier
F2024-002531;4;07/05/2024;CLI0120;S11;50,82;25,03;0;1272,02;EUR;C03-Lucía
F2024-002532;1;21/01/2024;CLI0373;S01;48,18;91,06;0;4387,27;EUR;C01-Marta
F2024-002532;2;21/01/2024;CLI0373;S02;140,20;6,58;0;922,52;EUR;C05-Rocío
F2024-002533;1;03/11/2024;CLI0051;S05;976,29;3,19;10;2802,93;EUR;C04-Andrés
F2024-002534;1;11/10/2024;CLI0269;S14;3,00;207,04;0;621,12;EUR;C02-Javier
F2024-002535;1;02/02/2024;CLI0359;S13;1,00;679,95;0;679,95;EUR;C04-Andrés
F2024-002535;2;02/02/2024;CLI0359;S05;3791,95;3,21;0;12172,16;EUR;C01-Marta
F2024-002535;3;02/02/2024;CLI0359;S05;243,03;3,14;0;763,11;EUR;C05-Rocío
F2024-002536;1;05/02/2024;CLI0395;S01;94,59;98,81;0;9346,44;EUR;C04-Andrés
F2024-002536;2;05/02/2024;CLI0395;S01;210,44;93,05;0;19581,44;EUR;C02-Javier
F2024-002536;3;05/02/2024;CLI0395;S15;1,00;85,48;0;85,48;EUR;C01-Marta
F2024-002537;1;04/08/2024;CLI0136;S15;3,00;84,95;0;254,85;EUR;C01-Marta
F2024-002537;2;04/08/2024;CLI0136;S01;52,35;93,02;0;4869,60;EUR;C02-Javier
F2024-002537;3;04/08/2024;CLI0136;S15;3,00;87,37;5;249,00;EUR;C04-Andrés
F2024-002537;4;04/08/2024;CLI0136;S11;15,58;25,14;0;391,68;EUR;C01-Marta
F2024-002538;1;28/09/2024;CLI0291;S14;2,00;203,26;0;406,52;EUR;C03-Lucía
F2024-002539;1;13/12/2024;CLI0368;S10;433,62;8,60;0;3729,13;EUR;C02-Javier
F2024-002540;1;02/04/2024;CLI0088;S10;37,80;8,44;5;303,08;EUR;C03-Lucía
F2024-002540;2;02/04/2024;CLI0088;S10;266,51;8,59;0;2289,32;EUR;C04-Andrés
F2024-002540;3;02/04/2024;CLI0088;S10;346,29;8,64;0;2991,95;EUR;C03-Lucía
F2024-002540;4;02/04/2024;CLI0088;S10;117,40;8,72;0;1023,73;EUR;C01-Marta
F2024-002541;1;04/09/2024;CLI0101;S10;251,32;8,53;10;1929,38;EUR;C03-Lucía
F2024-002541;2;04/09/2024;CLI0101;S14;2,00;219,14;0;438,28;EUR;C05-Rocío
F2024-002541;3;04/09/2024;CLI0101;S14;10,00;235,44;0;2354,42;USD;C01-Marta
F2024-002541;4;04/09/2024;CLI0101;S10;117,83;9,30;0;1096,18;USD;C05-Rocío
F2024-002542;1;19/05/2024;CLI0391;S12;3,00;114,72;0;344,16;EUR;C03-Lucía
F2024-002543;1;22/05/2024;CLI0264;S07;603,15;1,59;0;959,01;EUR;C01-Marta
F2024-002544;1;05/01/2024;CLI0078;S10;42,57;8,63;0;367,38;EUR;C04-Andrés
F2024-002544;2;05/01/2024;CLI0078;S15;4,00;80,92;0;323,68;EUR;C02-Javier
F2024-002544;3;05/01/2024;CLI0078;S10;4550,16;8,31;0;37811,83;EUR;C04-Andrés
F2024-002545;1;06/06/2024;CLI0350;S13;1,00;657,43;0;657,43;EUR;C02-Javier
F2024-002545;2;06/06/2024;CLI0350;S05;448,12;3,14;0;1407,10;EUR;C02-Javier
F2024-002546;1;26/12/2024;CLI0274;S08;1659,54;2,47;10;3689,16;EUR;C04-Andrés
F2024-002546;2;26/12/2024;CLI0274;S07;404,81;1,61;15;553,98;EUR;C04-Andrés
F2024-002547;1;28/02/2024;CLI0154;S10;1899,77;8,18;0;15540,12;EUR;C05-Rocío
F2024-002547;2;28/02/2024;CLI0154;S13;1,00;661,33;0;661,33;EUR;C05-Rocío
F2024-002548;1;28/04/2024;CLI0292;S15;1,00;82,11;0;82,11;EUR;C05-Rocío
F2024-002548;2;28/04/2024;CLI0292;S06;2021,50;1,11;0;2243,87;EUR;C04-Andrés
F2024-002548;3;28/04/2024;CLI0292;S14;3,00;205,86;0;617,58;EUR;C01-Marta
F2024-002549;1;18/06/2024;CLI0366;S06;1817,76;1,08;15;1668,70;EUR;C05-Rocío
F2024-002549;2;18/06/2024;CLI0366;S05;88,44;3,31;5;278,10;EUR;C04-Andrés
F2024-002549;3;18/06/2024;CLI0366;S15;3,00;84,43;0;253,29;EUR;C02-Javier
F2024-002550;1;21/03/2024;CLI0310;S13;1,00;631,73;5;600,14;EUR;C04-Andrés
F2024-002551;1;05/06/2024;CLI0101;S10;327,58;9,34;0;3058,36;USD;C03-Lucía
F2024-002552;1;07/09/2024;CLI0400;S05;644,02;3,06;0;1970,70;EUR;C01-Marta
F2024-002552;2;07/09/2024;CLI0400;S06;547,36;1,05;0;574,73;EUR;C02-Javier
F2024-002552;3;07/09/2024;CLI0400;S06;2012,43;1,09;0;2193,55;EUR;C01-Marta
F2024-002553;1;03/06/2024;CLI0101;S13;1,00;729,20;0;729,20;USD;C02-Javier
F2024-002554;1;15/10/2024;CLI0008;S01;44,91;92,86;15;3544,79;EUR;C02-Javier
F2024-002555;1;03/05/2024;CLI0186;S05;462,87;3,09;0;1430,27;EUR;C05-Rocío
F2024-002555;2;2024-05-03;CLI0186;S15;4,00;81,59;5;310,04;EUR;C01-Marta
F2024-002555;3;03/05/2024;CLI0186;S05;75,97;3,18;5;229,51;EUR;C05-Rocío
F2024-002556;1;03/04/2024;CLI0212;S14;8,00;214,40;0;1715,20;EUR;C02-Javier
F2024-002556;2;03/04/2024;CLI0212;S04;221,24;14,02;0;3101,78;EUR;C05-Rocío
F2024-002557;1;04/12/2024;CLI0051;S06;2723,84;1,13;10;2770,15;EUR;C03-Lucía
F2024-002558;1;14/02/2024;CLI0146;S09;54,31;41,77;5;2155,10;EUR;C01-Marta
F2024-002558;2;14/02/2024;CLI0146;S13;1,00;671,14;0;671,14;EUR;C04-Andrés
F2024-002559;1;22/12/2024;CLI0148;S08;5723,16;2,37;0;13563,89;EUR;C05-Rocío
F2024-002559;2;22/12/2024;CLI0148;S08;1813,36;2,40;0;4352,06;EUR;C05-Rocío
F2024-002559;3;22/12/2024;CLI0148;S07;143,06;1,57;5;213,37;EUR;C01-Marta
F2024-002560;1;01/03/2024;CLI0241;S03;44,94;38,11;0;1712,66;EUR;C02-Javier
F2024-002560;2;01/03/2024;CLI0241;S13;1,00;641,39;0;641,39;EUR;C02-Javier
F2024-002560;3;01/03/2024;CLI0241;S12;3,00;116,59;0;349,77;EUR;C05-Rocío
F2024-002561;1;28/11/2024;CLI0104;S14;8,00;200,98;0;1607,84;EUR;C03-Lucía
F2024-002561;2;28/11/2024;CLI0104;S15;1,00;81,19;5;77,13;EUR;C02-Javier
F2024-002561;3;28/11/2024;CLI0104;S13;1,00;631,48;5;599,91;EUR;C01-Marta
F2024-002562;1;24/06/2024;CLI0273;S10;119,10;8,43;0;1004,01;EUR;C05-Rocío
F2024-002562;2;24/06/2024;CLI0273;S10;2970,23;8,83;5;24915,77;EUR;C02-Javier
F2024-002563;1;11/04/2024;CLI0026;S10;816,18;8,56;5;6637,18;EUR;C03-Lucía
F2024-002563;2;11/04/2024;CLI0026;S10;790,38;8,22;0;6496,92;EUR;C04-Andrés
F2024-002564;1;26/08/2024;CLI0158;S13;1,00;675,83;0;675,83;EUR;C03-Lucía
F2024-002565;1;23/01/2024;CLI0366;S05;193,49;3,11;10;541,58;EUR;C03-Lucía
F2024-002566;1;01/01/2024;CLI0071;S11;31,10;25,30;0;786,83;EUR;C05-Rocío
F2024-002567;1;02/10/2024;CLI0006;S10;360,52;8,59;5;2942,02;EUR;C02-Javier
F2024-002568;1;13/09/2024;CLI0222;S13;1,00;666,05;0;666,05;EUR;C04-Andrés
F2024-002568;2;13/09/2024;CLI0222;S13;1,00;662,52;0;662,52;EUR;C04-Andrés
F2024-002569;1;18/02/2024;CLI0247;S10;1311,51;8,59;5;10702,58;EUR;C02-Javier
F2024-002569;2;18/02/2024;CLI0247;S10;194,10;8,28;0;1607,15;EUR;C04-Andrés
F2024-002570;1;14/04/2024;CLI0051;S05;1612,38;3,27;10;4745,23;EUR;C03-Lucía
F2024-002570;2;14/04/2024;CLI0051;S14;2,00;210,96;0;421,92;EUR;C02-Javier
F2024-002570;3;14/04/2024;CLI0051;S05;203,35;3,21;0;652,75;EUR;C03-Lucía
F2024-002570;4;14/04/2024;CLI0051;S14;5,00;199,98;0;999,90;EUR;C03-Lucía
F2024-002571;1;06/09/2024;CLI0095;S14;10,00;214,71;15;1825,03;EUR;C02-Javier
F2024-002571;2;06/09/2024;CLI0095;S09;236,40;42,16;0;9966,62;EUR;C02-Javier
F2024-002571;3;06/09/2024;cli0095;S09;111,40;40,75;0;4539,55;EUR;C04-Andrés
F2024-002572;1;09/09/2024;CLI0383;S09;577,52;42,92;5;23547,80;EUR;C03-Lucía
F2024-002572;2;09/09/2024;CLI0383;S09;229,33;40,24;5;8766,83;EUR;C04-Andrés
F2024-002572;3;09/09/2024;CLI0383;S13;1,00;617,80;0;617,80;EUR;C01-Marta
F2024-002573;1;15/03/2024;CLI0051;S05;111,14;3,17;10;317,08;EUR;C05-Rocío
F2024-002573;2;15/03/2024;CLI0051;S14;13,00;208,42;10;2438,51;EUR;C03-Lucía
F2024-002573;3;15/03/2024;CLI0051;S06;2215,82;1,07;0;2370,93;EUR;C03-Lucía
F2024-002574;1;13/04/2024;CLI0235;S10;825,80;8,24;5;6464,36;EUR;C01-Marta
F2024-002574;2;13/04/2024;CLI0235;S10;433,73;8,61;0;3734,42;EUR;C05-Rocío
F2024-002575;1;15/09/2024;CLI0201;S11;23,61;25,10;15;503,72;EUR;C02-Javier
F2024-002575;2;15/09/2024;CLI0201;S13;1,00;672,91;15;571,97;EUR;C04-Andrés
F2024-002576;1;17/12/2024;CLI0376;S14;9,00;211,24;0;1901,16;EUR;C05-Rocío
F2024-002576;2;17/12/2024;CLI0376;S09;152,50;40,00;5;5795,00;EUR;C05-Rocío
F2024-002576;3;17/12/2024;CLI0376;S13;1,00;626,90;0;626,90;EUR;C02-Javier
F2024-002577;1;19/01/2024;CLI0078;S10;120,38;8,40;5;960,63;EUR;C01-Marta
F2024-002577;2;19/01/2024;CLI0078;S15;3,00;81,05;0;243,15;EUR;C05-Rocío
F2024-002577;3;19/01/2024;CLI0078;S10;1967,86;8,18;0;16097,09;EUR;C01-Marta
F2024-002577;4;19/01/2024;CLI0078;S10;235,48;8,92;0;2100,48;EUR;C02-Javier
F2024-002578;1;23/12/2024;CLI0307;S09;47,33;41,23;0;1951,42;EUR;C02-Javier
F2024-002578;2;23/12/2024;CLI0307;S09;177,75;42,54;5;7183,41;EUR;C05-Rocío
F2024-002578;3;23/12/2024;CLI0307;S09;73,18;40,86;0;2990,13;EUR;C05-Rocío
F2024-002579;1;05/10/2024;CLI0158;S09;61,10;40,75;10;2240,84;EUR;C02-Javier
F2024-002580;1;25/07/2024;CLI0170;S06;2018,56;1,10;0;2220,42;EUR;C01-Marta
F2024-002580;2;25/07/2024;CLI0170;S05;147,05;3,11;15;388,73;EUR;C04-Andrés
F2024-002580;3;25/07/2024;CLI0170;S06;4740,50;1,05;0;4977,53;EUR;C03-Lucía
F2024-002581;1;05/01/2024;CLI0263;S01;101,64;96,29;0;9786,92;EUR;C02-Javier
F2024-002581;2;05/01/2024;CLI0263;S02;203,73;6,41;10;1175,32;EUR;C04-Andrés
F2024-002581;3;05/01/2024;CLI0263;S02;777,22;6,81;5;5028,22;EUR;C01-Marta
F2024-002582;1;11/04/2024;CLI0141;S10;266,83;8,67;0;2313,42;EUR;C01-Marta
F2024-002583;1;23/08/2024;CLI0184;S01;31,52;92,74;0;2923,16;EUR;C04-Andrés
F2024-002583;2;23/08/2024;CLI0184;S02;63,52;6,73;0;427,49;EUR;C03-Lucía
F2024-002584;1;28/09/2024;CLI0113;S09;79,25;42,02;0;3330,09;EUR;C03-Lucía
F2024-002584;2;28/09/2024;CLI0113;S09;134,58;42,44;10;5140,42;EUR;C05-Rocío
F2024-002584;3;28/09/2024;CLI0113;S09;53,93;40,05;0;2159,90;EUR;C03-Lucía
F2024-002585;1;10/01/2024;CLI0274;S07;129,39;1,61;0;208,32;EUR;C02-Javier
F2024-002585;2;10/01/2024;CLI0274;S07;465,43;1,54;10;645,09;EUR;C05-Rocío
F2024-002585;3;10/01/2024;CLI0274;S08;1539,24;2,45;15;3205,47;EUR;C02-Javier
F2024-002586;1;26/09/2024;CLI0254;S10;542,95;8,79;5;4533,90;EUR;C02-Javier
F2024-002587;1;05/07/2024;CLI0362;S15;4,00;82,61;5;313,92;EUR;C03-Lucía
F2024-002587;2;05/07/2024;CLI0362;S14;6,00;217,53;0;1305,18;EUR;C01-Marta
F2024-002587;3;05/07/2024;CLI0362;S13;1,00;626,24;5;594,93;EUR;C03-Lucía
F2024-002588;1;13/01/2024;CLI0051;S05;660,26;3,17;15;1779,07;EUR;C04-Andrés
F2024-002588;2;13/01/2024;CLI0051;S15;1,00;88,68;15;75,38;EUR;C02-Javier
F2024-002588;3;13/01/2024;CLI0051;S06;865,15;1,08;5;887,64;EUR;C04-Andrés
F2024-002589;1;04/01/2024;CLI0317;S10;98,28;8,87;0;871,74;EUR;C01-Marta
F2024-002589;2;04/01/2024;CLI0317;S10;343,85;8,91;0;3063,70;EUR;C01-Marta
F2024-002589;3;04/01/2024;CLI0317;S10;105,49;8,53;15;764,86;EUR;C01-Marta
F2024-002589;4;04/01/2024;CLI0317;S10;593,29;8,31;0;4930,24;EUR;C01-Marta
F2024-002590;1;27/09/2024;CLI0186;S05;227,42;3,20;0;727,74;EUR;C05-Rocío
F2024-002591;1;21/05/2024;CLI0205;S05;1219,25;3,24;0;3950,37;EUR;C02-Javier
F2024-002591;2;21/05/2024;CLI0205;S14;15,00;242,61;0;3639,19;USD;C01-Marta
F2024-002592;1;07/08/2024;CLI0102;S06;704,26;1,21;5;810,74;USD;C05-Rocío
F2024-002592;2;07/08/2024;CLI0102;S05;40,16;3,52;0;141,45;USD;C05-Rocío
F2024-002593;1;21/05/2024;CLI0396;S05;167,86;3,25;0;545,55;EUR;C05-Rocío
F2024-002593;2;21/05/2024;CLI0396;S06;856,08;1,12;0;958,81;EUR;C05-Rocío
F2024-002594;1;18/06/2024;CLI0158;S09;62,17;41,11;5;2428,02;EUR;C03-Lucía
F2024-002595;1;06/11/2024;CLI0395;S01;21,50;96,19;0;2068,09;EUR;C04-Andrés
F2024-002595;2;06/11/2024;CLI0395;S01;125,92;94,73;0;11928,40;EUR;C03-Lucía
F2024-002595;3;06/11/2024;CLI0395;S02;482,56;6,72;10;2918,52;EUR;C03-Lucía
F2024-002596;1;11/04/2024;CLI0212;S03;32,03;38,96;5;1185,49;EUR;C02-Javier
F2024-002596;2;11/04/2024;CLI0212;S04;182,88;14,23;0;2602,38;EUR;C04-Andrés
F2024-002596;3;11/04/2024;CLI0212;S12;3,00;117,90;5;336,02;EUR;C01-Marta
F2024-002597;1;11/10/2024;CLI0079;S05;233,46;3,09;5;685,32;EUR;C05-Rocío
F2024-002597;2;11/10/2024;CLI0079;S05;217,71;3,12;5;645,29;EUR;C03-Lucía
F2024-002597;3;11/10/2024;cli0079;S05;3764,98;3,36;0;12650,33;EUR;C03-Lucía
F2024-002598;1;10/12/2024;CLI0350;S15;1,00;81,30;15;69,10;EUR;C03-Lucía
F2024-002598;2;10/12/2024;CLI0350;S13;1,00;630,01;5;598,51;EUR;C02-Javier
F2024-002598;3;10/12/2024;CLI0350;S06;995,91;1,11;0;1105,46;EUR;C03-Lucía
F2024-002599;1;28/05/2024;CLI0291;S10;252,40;8,53;0;2152,97;EUR;C03-Lucía
F2024-002599;2;28/05/2024;CLI0291;S10;274,81;8,48;5;2213,87;EUR;C04-Andrés
F2024-002600;1;12/05/2024;CLI0212;S04;2651,22;13,49;0;35764,96;EUR;C04-Andrés
F2024-002600;2;12/05/2024;CLI0212;S04;190,18;14,28;5;2579,98;EUR;C03-Lucía
F2024-002601;1;13/05/2024;CLI0115;S11;104,84;25,92;0;2717,45;EUR;C01-Marta
F2024-002601;2;13/05/2024;CLI0115;S11;26,99;23,96;5;614,35;EUR;C03-Lucía
F2024-002602;1;10/07/2024;CLI0273;S10;423,67;8,12;0;3440,20;EUR;C02-Javier
F2024-002602;2;10/07/2024;CLI0273;S10;122,31;8,79;0;1075,10;EUR;C03-Lucía
F2024-002603;1;24/09/2024;CLI0370;S05;884,00;3,35;15;2517,19;EUR;C01-Marta
F2024-002603;2;24/09/2024;CLI0370;S05;904,53;3,07;0;2776,91;EUR;C03-Lucía
F2024-002604;1;02/02/2024;CLI0242;S13;1,00;645,48;0;645,48;EUR;C04-Andrés
F2024-002604;2;02/02/2024;CLI0242;S12;2,00;123,92;0;247,84;EUR;C02-Javier
F2024-002605;1;13/11/2024;CLI0178;S10;439,27;8,62;0;3786,51;EUR;C03-Lucía
F2024-002605;2;13/11/2024;CLI0178;S10;609,44;8,81;0;5369,17;EUR;C03-Lucía
F2024-002605;3;13/11/2024;CLI0178;S10;84,57;8,58;0;725,61;EUR;C04-Andrés
F2024-002605;4;13/11/2024;CLI0178;S10;450,30;8,12;0;3656,44;EUR;C04-Andrés
F2024-002606;1;07/09/2024;CLI0207;S10;1618,68;8,35;0;13515,98;EUR;C04-Andrés
F2024-002606;2;07/09/2024;CLI0207;S13;1,00;672,20;0;672,20;EUR;C02-Javier
F2024-002606;3;07/09/2024;CLI0207;S10;527,03;8,14;5;4075,52;EUR;C03-Lucía
F2024-002607;1;20/09/2024;CLI0207;S10;188,45;8,18;0;1541,52;EUR;C03-Lucía
F2024-002608;1;15/12/2024;CLI0279;S05;877,97;3,21;0;2818,28;EUR;C01-Marta
F2024-002609;1;09/11/2024;CLI0051;S06;744,75;1,08;0;804,33;EUR;C02-Javier
F2024-002609;2;09/11/2024;CLI0051;S05;266,24;3,08;15;697,02;EUR;C02-Javier
F2024-002609;3;09/11/2024;CLI0051;S05;232,93;3,05;15;603,87;EUR;C05-Rocío
F2024-002609;4;09/11/2024;CLI0051;S06;634,53;1,12;0;710,67;EUR;C02-Javier
F2024-002610;1;14/02/2024;CLI0158;S09;193,87;39,94;0;7743,17;EUR;C02-Javier
F2024-002610;2;14/02/2024;CLI0158;S13;1,00;620,65;0;620,65;EUR;C05-Rocío
F2024-002611;1;04/10/2024;CLI0136;S11;76,57;24,35;0;1864,48;EUR;C03-Lucía
F2024-002611;2;04/10/2024;CLI0136;S11;173,84;24,00;0;4172,16;EUR;C03-Lucía
F2024-002611;3;04/10/2024;CLI0136;S14;15,00;211,87;0;3178,05;EUR;C03-Lucía
F2024-002612;1;23/08/2024;CLI0317;S15;1,00;87,83;0;87,83;EUR;C03-Lucía
F2024-002613;1;20/12/2024;CLI0158;S13;1,00;651,68;5;619,10;EUR;C03-Lucía
F2024-002613;2;20/12/2024;CLI0158;S09;79,10;40,61;0;3212,25;EUR;C04-Andrés
F2024-002613;3;20/12/2024;CLI0158;S09;109,72;41,05;0;4504,01;EUR;C03-Lucía
F2024-002613;4;20/12/2024;CLI0158;S09;147,09;43,75;15;5469,91;EUR;C01-Marta
F2024-002614;1;23/11/2024;CLI0051;S15;2,00;81,25;0;162,50;EUR;C01-Marta
F2024-002614;2;23/11/2024;CLI0051;S05;832,72;3,16;0;2631,40;EUR;C03-Lucía
F2024-002614;3;23/11/2024;CLI0051;S05;653,08;3,18;10;1869,11;EUR;C03-Lucía
F2024-002614;4;23/11/2024;CLI0051;S05;159,61;3,05;0;486,81;EUR;C01-Marta
F2024-002615;1;08/04/2024;CLI0112;S11;24,68;25,43;0;627,61;EUR;C04-Andrés
F2024-002615;2;08/04/2024;CLI0112;S02;391,98;7,74;5;2880,79;USD;C04-Andrés
F2024-002615;3;08/04/2024;CLI0112;S13;1,00;747,51;0;747,51;USD;C04-Andrés
F2024-002616;1;07/05/2024;CLI0051;S13;1,00;648,64;0;648,64;EUR;C03-Lucía
F2024-002616;2;07/05/2024;CLI0051;S13;1,00;662,73;15;563,32;EUR;C01-Marta
F2024-002616;3;07/05/2024;CLI0051;S06;156,99;1,05;0;164,84;EUR;C03-Lucía
F2024-002616;4;07/05/2024;CLI0051;S05;346,64;3,17;0;1098,85;EUR;C04-Andrés
F2024-002617;1;27/11/2024;CLI0297;S10;1468,02;8,39;0;12316,69;EUR;C02-Javier
F2024-002617;2;27/11/2024;CLI0297;S10;515,46;8,40;5;4113,37;EUR;C05-Rocío
F2024-002617;3;27/11/2024;CLI0297;S10;269,47;8,10;5;2073,57;EUR;C05-Rocío
F2024-002617;4;27/11/2024;CLI0297;S13;1,00;663,98;0;663,98;EUR;C05-Rocío
F2024-002618;1;07/05/2024;cli0306;S14;12,00;208,06;0;2496,72;EUR;C05-Rocío
F2024-002619;1;26/08/2024;CLI0073;S15;2,00;82,28;0;164,56;EUR;C01-Marta
F2024-002619;2;26/08/2024;CLI0073;S15;4,00;84,41;0;337,64;EUR;C01-Marta
F2024-002619;3;26/08/2024;CLI0073;S14;8,00;205,88;0;1647,04;EUR;C03-Lucía
F2024-002620;1;28/06/2024;CLI0078;S10;555,21;8,25;5;4351,46;EUR;C05-Rocío
F2024-002620;2;28/06/2024;CLI0078;S10;447,19;8,21;5;3487,86;EUR;C03-Lucía
F2024-002620;3;28/06/2024;CLI0078;S10;219,40;8,55;0;1875,87;EUR;C05-Rocío
F2024-002621;1;01/10/2024;CLI0016;S11;18,68;25,71;0;480,26;EUR;C03-Lucía
F2024-002622;1;10/12/2024;CLI0370;S06;1374,53;1,06;15;1238,45;EUR;C02-Javier
F2024-002622;2;10/12/2024;CLI0370;S05;631,56;3,17;10;1801,84;EUR;C03-Lucía
F2024-002623;1;08/10/2024;CLI0370;S14;4,00;207,61;0;830,44;EUR;C02-Javier
F2024-002624;1;26/07/2024;CLI0207;S15;1,00;82,98;0;82,98;EUR;C02-Javier
F2024-002625;1;03/05/2024;CLI0370;S05;50,05;3,27;15;139,11;EUR;C01-Marta
F2024-002625;2;03/05/2024;CLI0370;S05;689,84;3,26;0;2248,88;EUR;C05-Rocío
F2024-002625;3;03/05/2024;CLI0370;S05;585,04;3,32;0;1942,33;EUR;C05-Rocío
F2024-002625;4;03/05/2024;CLI0370;S05;1718,28;3,35;15;4892,80;EUR;C01-Marta
F2024-002626;1;15/04/2024;CLI0161;S09;184,99;41,83;0;7738,13;EUR;C02-Javier
F2024-002626;2;15/04/2024;CLI0161;S09;171,84;43,97;5;7178,01;EUR;C01-Marta
F2024-002626;3;15/04/2024;CLI0161;S09;194,56;47,48;0;9237,01;USD;C01-Marta
F2024-002627;1;13/05/2024;CLI0024;S14;6,00;208,15;0;1248,90;EUR;C03-Lucía
F2024-002628;1;02/10/2024;CLI0215;S07;240,25;1,65;0;396,41;EUR;C04-Andrés
F2024-002629;1;08/04/2024;CLI0179;S05;627,42;3,35;0;2101,86;EUR;C05-Rocío
F2024-002629;2;08/04/2024;CLI0179;S13;1,00;656,65;5;623,82;EUR;C04-Andrés
F2024-002629;3;08/04/2024;CLI0179;S05;1991,08;3,32;5;6279,87;EUR;C02-Javier
F2024-002629;4;08/04/2024;CLI0179;S15;2,00;81,73;5;155,29;EUR;C01-Marta
F2024-002630;1;12/01/2024;CLI0395;S11;92,85;24,20;5;2134,62;EUR;C05-Rocío
F2024-002630;2;12/01/2024;CLI0395;S02;273,74;6,51;0;1782,05;EUR;C03-Lucía
F2024-002630;3;12/01/2024;CLI0395;S01;24,73;91,73;0;2268,48;EUR;C03-Lucía
F2024-002631;1;20/03/2024;CLI0113;S09;109,15;42,23;10;4148,46;EUR;C04-Andrés
F2024-002631;2;20/03/2024;CLI0113;S09;380,69;41,44;5;14987,00;EUR;C04-Andrés
F2024-002631;3;20/03/2024;CLI0113;S13;1,00;658,67;10;592,80;EUR;C05-Rocío
F2024-002632;1;14/02/2024;CLI0244;S09;87,92;41,63;0;3660,11;EUR;C05-Rocío
F2024-002632;2;14/02/2024;CLI0244;S09;88,64;41,46;5;3491,26;EUR;C04-Andrés
F2024-002633;1;25/04/2024;CLI0051;S14;3,00;218,13;15;556,23;EUR;C02-Javier
F2024-002634;1;05/12/2024;CLI0218;S14;5,00;203,33;0;1016,65;EUR;C03-Lucía
F2024-002634;2;05/12/2024;CLI0218;S10;1647,69;8,59;0;14153,66;EUR;C05-Rocío
F2024-002634;3;05/12/2024;CLI0218;S10;62,95;8,77;0;552,07;EUR;C05-Rocío
F2024-002635;1;02/08/2024;CLI0114;S09;97,47;43,63;0;4252,62;EUR;C02-Javier
F2024-002636;1;02/01/2024;CLI0207;S10;561,08;8,44;0;4735,52;EUR;C03-Lucía
F2024-002636;2;02/01/2024;CLI0207;S14;16,00;219,60;0;3513,60;EUR;C02-Javier
F2024-002637;1;06/10/2024;CLI0327;S15;3,00;81,23;0;243,69;EUR;C03-Lucía
F2024-002637;2;06/10/2024;CLI0327;S13;1,00;674,01;0;674,01;EUR;C02-Javier
F2024-002638;1;26/02/2024;CLI0175;S13;1,00;653,50;5;620,82;EUR;C02-Javier
F2024-002638;2;26/02/2024;CLI0175;S10;204,80;8,24;0;1687,55;EUR;C01-Marta
F2024-002639;1;10/03/2024;CLI0008;S02;402,59;6,75;5;2581,61;EUR;C02-Javier
F2024-002639;2;10/03/2024;CLI0008;S11;25,85;24,89;10;579,07;EUR;C02-Javier
F2024-002640;1;28/02/2024;CLI0207;S10;307,26;8,50;0;2611,71;EUR;C03-Lucía
F2024-002640;2;28/02/2024;CLI0207;S10;1829,49;8,69;0;15898,27;EUR;C01-Marta
F2024-002641;1;23/07/2024;CLI0299;S08;615,07;2,40;0;1476,17;EUR;C02-Javier
F2024-002641;2;23/07/2024;CLI0299;S08;415,77;2,41;5;951,91;EUR;C03-Lucía
F2024-002641;3;23/07/2024;CLI0299;S07;549,02;1,62;5;844,94;EUR;C05-Rocío
F2024-002642;1;23/04/2024;CLI0094;S07;164,20;1,62;0;266,00;EUR;C04-Andrés
F2024-002642;2;23/04/2024;CLI0094;S07;372,11;1,65;0;613,98;EUR;C03-Lucía
F2024-002642;3;23/04/2024;CLI0094;S14;6,00;218,12;0;1308,72;EUR;C01-Marta
F2024-002642;4;23/04/2024;CLI0094;S07;163,52;1,61;5;250,10;EUR;C05-Rocío
F2024-002643;1;11/05/2024;CLI0213;S10;106,30;8,23;5;831,11;EUR;C04-Andrés
F2024-002643;2;11/05/2024;CLI0213;S10;237,77;8,72;0;2073,35;EUR;C04-Andrés
F2024-002643;3;11/05/2024;CLI0213;S10;130,02;8,92;0;1159,78;EUR;C04-Andrés
F2024-002644;1;22/11/2024;CLI0212;S12;4,00;125,31;0;501,24;EUR;C04-Andrés
F2024-002644;2;22/11/2024;CLI0212;S14;6,00;204,56;5;1165,99;EUR;C02-Javier
F2024-002645;1;15/02/2024;CLI0212;S03;23,63;39,80;0;940,47;EUR;C05-Rocío
F2024-002645;2;15/02/2024;CLI0212;S04;121,09;13,49;0;1633,50;EUR;C03-Lucía
F2024-002646;1;08/07/2024;CLI0294;S05;165,53;3,19;0;528,04;EUR;C02-Javier
F2024-002646;2;08/07/2024;CLI0294;S05;91,73;3,20;0;293,54;EUR;C03-Lucía
F2024-002646;3;08/07/2024;CLI0294;S06;5119,02;1,12;5;5446,64;EUR;C01-Marta
F2024-002646;4;08/07/2024;CLI0294;S06;2699,11;1,15;5;2948,78;EUR;C03-Lucía
F2024-002647;1;08/11/2024;CLI0175;S15;3,00;82,60;5;235,41;EUR;C02-Javier
F2024-002648;1;06/04/2024;CLI0207;S14;5,00;202,11;0;1010,55;EUR;C02-Javier
F2024-002648;2;06/04/2024;CLI0207;S10;473,29;8,42;0;3985,10;EUR;C03-Lucía
F2024-002648;3;06/04/2024;CLI0207;S10;635,82;8,25;5;4983,24;EUR;C05-Rocío
F2024-002649;1;02/09/2024;CLI0082;S10;480,54;8,63;0;4147,06;EUR;C01-Marta
F2024-002649;2;02/09/2024;CLI0082;S10;282,98;8,44;5;2268,93;EUR;C02-Javier
F2024-002650;1;20/01/2024;CLI0024;S06;1337,97;1,11;5;1410,89;EUR;C04-Andrés
F2024-002650;2;20/01/2024;CLI0024;S06;4431,82;1,13;0;5007,96;EUR;C02-Javier
F2024-002651;1;17/07/2024;CLI0247;S10;3929,15;8,31;15;27753,55;EUR;C04-Andrés
F2024-002652;1;27/03/2024;CLI0145;S10;274,83;8,35;0;2294,83;EUR;C05-Rocío
F2024-002652;2;27/03/2024;CLI0145;S15;3,00;81,84;0;245,52;EUR;C01-Marta
F2024-002652;3;27/03/2024;CLI0145;S15;4,00;83,38;5;316,84;EUR;C01-Marta
F2024-002653;1;10/02/2024;CLI0114;S09;88,11;40,71;0;3586,96;EUR;C02-Javier
F2024-002654;1;13/06/2024;CLI0095;S09;115,19;42,29;15;4140,68;EUR;C05-Rocío
F2024-002654;2;13/06/2024;CLI0095;S09;132,40;41,65;0;5514,46;EUR;C02-Javier
F2024-002654;3;13/06/2024;CLI0095;S09;53,02;42,53;15;1916,70;EUR;C05-Rocío
F2024-002654;4;13/06/2024;CLI0095;S09;157,02;42,67;0;6700,04;EUR;C05-Rocío
F2024-002655;1;01/06/2024;CLI0103;S07;150,99;1,64;0;247,62;EUR;C01-Marta
F2024-002655;2;01/06/2024;CLI0103;S14;4,00;212,75;0;851,00;EUR;C03-Lucía
F2024-002655;3;01/06/2024;CLI0103;S07;267,16;1,55;0;414,10;EUR;C04-Andrés
F2024-002655;4;01/06/2024;CLI0103;S07;186,66;1,58;0;294,92;EUR;C04-Andrés
F2024-002656;1;04/10/2024;CLI0390;S15;1,00;82,44;0;82,44;EUR;C05-Rocío
F2024-002657;1;06/09/2024;CLI0061;S11;7,28;25,68;0;186,95;EUR;C03-Lucía
F2024-002657;2;06/09/2024;CLI0061;S01;579,03;90,33;5;49688,59;EUR;C05-Rocío
F2024-002657;3;06/09/2024;CLI0061;S02;849,32;6,18;0;5248,80;EUR;C03-Lucía
F2024-002658;1;27/09/2024;CLI0333;S02;655,02;6,23;0;4080,77;EUR;C02-Javier
F2024-002658;2;27/09/2024;CLI0333;S11;18,85;24,94;0;470,12;EUR;C03-Lucía
F2024-002659;1;09/10/2024;CLI0024;S15;2,00;88,82;0;177,64;EUR;C03-Lucía
F2024-002659;2;09/10/2024;CLI0024;S06;4782,45;1,11;0;5308,52;EUR;C02-Javier
F2024-002659;3;09/10/2024;CLI0024;S05;58,79;3,17;5;177,05;EUR;C05-Rocío
F2024-002659;4;09/10/2024;cli0024;S06;4647,37;1,12;0;5205,05;EUR;C02-Javier
F2024-002660;1;28/03/2024;CLI0159;S13;1,00;620,60;0;620,60;EUR;C01-Marta
F2024-002660;2;28/03/2024;CLI0159;S04;636,88;14,59;5;8827,48;EUR;C03-Lucía
F2024-002661;1;24/02/2024;CLI0068;S13;1,00;655,18;0;655,18;EUR;C04-Andrés
F2024-002661;2;24/02/2024;CLI0068;S15;2,00;88,27;0;176,54;EUR;C03-Lucía
F2024-002661;3;24/02/2024;CLI0068;S05;1935,86;3,14;0;6078,60;EUR;C01-Marta
F2024-002662;1;02/04/2024;CLI0295;S05;366,33;3,23;0;1183,25;EUR;C02-Javier
F2024-002663;1;13/04/2024;CLI0158;S09;60,25;41,71;15;2136,07;EUR;C04-Andrés
F2024-002663;2;13/04/2024;CLI0158;S09;199,55;42,82;0;8544,73;EUR;C02-Javier
F2024-002663;3;13/04/2024;CLI0158;S15;4,00;88,78;10;319,61;EUR;C04-Andrés
F2024-002664;1;19/05/2024;CLI0341;S05;1468,31;3,05;5;4254,43;EUR;C03-Lucía
F2024-002665;1;25/05/2024;CLI0027;S06;1967,00;1,08;0;2124,36;EUR;C01-Marta
F2024-002665;2;25/05/2024;CLI0027;S15;3,00;82,55;0;247,65;EUR;C05-Rocío
F2024-002666;1;02/05/2024;CLI0383;S09;50,46;44,00;0;2220,24;EUR;C01-Marta
F2024-002667;1;01/10/2024;CLI0034;S09;232,53;43,60;15;8617,56;EUR;C05-Rocío
F2024-002667;2;01/10/2024;CLI0034;S09;183,40;40,19;5;7002,30;EUR;C05-Rocío
F2024-002667;3;01/10/2024;cli0034;S09;215,89;43,84;0;9464,62;EUR;C03-Lucía
F2024-002668;1;13/08/2024;CLI0377;S11;17,02;28,47;15;411,89;USD;C03-Lucía
F2024-002668;2;13/08/2024;CLI0377;S02;645,34;6,31;0;4072,10;EUR;C04-Andrés
F2024-002669;1;18/08/2024;CLI0347;S13;1,00;629,61;5;598,13;EUR;C02-Javier
F2024-002670;1;27/12/2024;CLI0032;S07;66,15;1,61;0;106,50;EUR;C03-Lucía
F2024-002671;1;05/06/2024;CLI0097;S09;129,29;42,38;10;4931,38;EUR;C02-Javier
F2024-002671;2;05/06/2024;CLI0097;S09;176,01;41,95;0;7383,62;EUR;C02-Javier
F2024-002671;3;05/06/2024;CLI0097;S09;92,71;41,76;0;3871,57;EUR;C02-Javier
F2024-002672;1;05/11/2024;CLI0158;S14;11,00;210,49;5;2199,62;EUR;C02-Javier
F2024-002672;2;05/11/2024;CLI0158;S09;60,51;40,02;15;2058,37;EUR;C01-Marta
F2024-002672;3;05/11/2024;CLI0158;S14;15,00;211,34;0;3170,10;EUR;C03-Lucía
F2024-002673;1;11/06/2024;CLI0201;S11;10,50;23,94;0;251,37;EUR;C03-Lucía
F2024-002673;2;11/06/2024;CLI0201;S14;14,00;212,65;0;2977,10;EUR;C03-Lucía
F2024-002674;1;27/02/2024;CLI0293;S10;408,49;8,90;0;3635,56;EUR;C03-Lucía
F2024-002674;2;27/02/2024;CLI0293;S10;574,18;8,21;0;4714,02;EUR;C05-Rocío
F2024-002674;3;27/02/2024;CLI0293;S10;150,59;8,35;0;1257,43;EUR;C02-Javier
F2024-002675;1;02/09/2024;CLI0341;S05;112,03;3,05;5;324,61;EUR;C04-Andrés
F2024-002676;1;10/05/2024;CLI0032;S07;68,64;1,58;0;108,45;EUR;C02-Javier
F2024-002676;2;10/05/2024;CLI0032;S08;1934,89;2,28;0;4411,55;EUR;C03-Lucía
F2024-002676;3;10/05/2024;CLI0032;S14;11,00;208,08;5;2174,44;EUR;C01-Marta
F2024-002677;1;10/08/2024;CLI0052;S08;1195,31;2,43;10;2614,14;EUR;C02-Javier
F2024-002678;1;17/10/2024;CLI0034;S09;133,30;42,79;10;5133,52;EUR;C01-Marta
F2024-002678;2;17/10/2024;CLI0034;S09;37,53;41,28;15;1316,85;EUR;C02-Javier
F2024-002678;3;17/10/2024;CLI0034;S14;9,00;212,42;0;1911,78;EUR;C05-Rocío
F2024-002679;1;25/12/2024;CLI0086;S10;274,81;8,20;0;2253,44;EUR;C03-Lucía
F2024-002679;2;25/12/2024;CLI0086;S15;2,00;85,50;0;171,00;EUR;C04-Andrés
F2024-002679;3;25/12/2024;CLI0086;S10;1314,53;8,49;0;11160,36;EUR;C02-Javier
F2024-002680;1;16/03/2024;CLI0025;S08;684,65;2,49;5;1619,54;EUR;C05-Rocío
F2024-002681;1;24/06/2024;CLI0344;S15;4,00;85,26;0;341,04;EUR;C03-Lucía
F2024-002681;2;24/06/2024;CLI0344;S15;3,00;87,25;0;261,75;EUR;C05-Rocío
F2024-002681;3;24/06/2024;CLI0344;S08;754,42;2,30;0;1735,17;EUR;C01-Marta
F2024-002682;1;19/02/2024;CLI0016;S01;146,84;96,19;10;12712,09;EUR;C03-Lucía
F2024-002682;2;19/02/2024;CLI0016;S11;31,46;24,50;0;770,77;EUR;C02-Javier
F2024-002682;3;19/02/2024;CLI0016;S02;504,95;6,62;15;2841,35;EUR;C05-Rocío
F2024-002682;4;19/02/2024;CLI0016;S02;296,85;6,64;10;1773,98;EUR;C04-Andrés
F2024-002683;1;16/12/2024;CLI0207;S15;3,00;87,13;5;248,32;EUR;C03-Lucía
F2024-002684;1;11/12/2024;CLI0207;S10;278,41;8,37;0;2330,29;EUR;C04-Andrés
F2024-002684;2;11/12/2024;CLI0207;S10;191,11;8,81;0;1683,68;EUR;C01-Marta
F2024-002684;3;11/12/2024;CLI0207;S14;8,00;219,18;5;1665,77;EUR;C02-Javier
F2024-002684;4;11/12/2024;CLI0207;S10;576,44;8,79;0;5066,91;EUR;C04-Andrés
F2024-002685;1;09/03/2024;CLI0158;S09;67,95;42,03;0;2855,94;EUR;C04-Andrés
F2024-002685;2;09/03/2024;CLI0158;S09;68,95;41,61;0;2869,01;EUR;C02-Javier
F2024-002685;3;09/03/2024;CLI0158;S09;152,83;43,58;10;5994,30;EUR;C01-Marta
F2024-002685;4;09/03/2024;CLI0158;S09;185,17;43,75;0;8101,19;EUR;C05-Rocío
F2024-002686;1;05/05/2024;CLI0095;S13;1,00;669,28;0;669,28;EUR;C04-Andrés
F2024-002687;1;26/01/2024;CLI0207;S10;2240,59;8,50;0;19045,01;EUR;C02-Javier
F2024-002687;2;26/01/2024;CLI0207;S10;322,75;8,34;5;2557,15;EUR;C05-Rocío
F2024-002687;3;26/01/2024;CLI0207;S10;109,26;8,53;5;885,39;EUR;C04-Andrés
F2024-002688;1;21/11/2024;CLI0247;S10;398,75;8,54;0;3405,32;EUR;C03-Lucía
F2024-002688;2;21/11/2024;CLI0247;S13;1,00;620,62;0;620,62;EUR;C01-Marta
F2024-002688;3;21/11/2024;CLI0247;S10;490,82;8,88;0;4358,48;EUR;C05-Rocío
F2024-002689;1;18/10/2024;CLI0016;S01;148,58;98,55;10;13178,30;EUR;C04-Andrés
F2024-002689;2;18/10/2024;CLI0016;S01;98,26;97,05;0;9536,13;EUR;C05-Rocío
F2024-002690;1;08/08/2024;CLI0071;S11;28,78;23,81;5;650,99;EUR;C04-Andrés
F2024-002691;1;16/02/2024;CLI0207;S10;398,32;8,40;0;3345,89;EUR;C03-Lucía
F2024-002691;2;16/02/2024;CLI0207;S10;1155,90;8,67;0;10021,65;EUR;C04-Andrés
F2024-002691;3;16/02/2024;CLI0207;S13;1,00;622,20;0;622,20;EUR;C03-Lucía
F2024-002691;4;16/02/2024;CLI0207;S10;1119,66;8,29;0;9281,98;EUR;C04-Andrés
F2024-002692;1;03/06/2024;CLI0094;S13;1,00;627,24;0;627,24;EUR;C05-Rocío
F2024-002692;2;03/06/2024;CLI0094;S07;88,33;1,55;0;136,91;EUR;C01-Marta
F2024-002693;1;08/09/2024;CLI0094;S07;299,06;1,61;5;457,41;EUR;C04-Andrés
F2024-002693;2;08/09/2024;CLI0094;S08;1269,79;2,42;0;3072,89;EUR;C02-Javier
F2024-002693;3;08/09/2024;CLI0094;S13;1,00;620,29;5;589,28;EUR;C05-Rocío
F2024-002694;1;20/08/2024;CLI0384;S10;639,58;8,11;0;5186,99;EUR;C01-Marta
F2024-002695;1;11/04/2024;CLI0102;S06;1393,21;1,21;0;1682,58;USD;C04-Andrés
F2024-002695;2;11/04/2024;CLI0102;S06;5621,92;1,28;5;6815,22;USD;C05-Rocío
F2024-002696;1;19/09/2024;CLI0247;S10;1764,55;8,59;0;15157,48;EUR;C05-Rocío
F2024-002696;2;19/09/2024;CLI0247;S10;1429,80;8,48;10;10912,23;EUR;C05-Rocío
F2024-002696;3;19/09/2024;CLI0247;S10;545,50;8,49;0;4631,30;EUR;C02-Javier
F2024-002697;1;19/07/2024;CLI0287;S10;532,27;8,55;0;;EUR;C05-Rocío
F2024-002697;2;19/07/2024;CLI0287;S10;311,47;8,10;0;2522,91;EUR;C04-Andrés
F2024-002697;3;19/07/2024;CLI0287;S10;769,21;8,38;0;6445,98;EUR;C01-Marta
F2024-002698;1;11/09/2024;CLI0051;S13;1,00;662,45;0;;EUR;C04-Andrés
F2024-002698;2;11/09/2024;CLI0051;S05;250,69;3,35;15;713,84;EUR;C01-Marta
F2024-002698;3;11/09/2024;CLI0051;S05;1230,85;3,04;15;3180,52;EUR;C05-Rocío
F2024-002699;1;25/07/2024;CLI0047;S13;1,00;676,41;5;642,59;EUR;C05-Rocío
F2024-002699;2;25/07/2024;cli0047;S15;3,00;86,36;5;246,13;EUR;C05-Rocío
F2024-002700;1;13/03/2024;CLI0024;S05;9,94;3,29;0;32,70;EUR;C05-Rocío
F2024-002700;2;13/03/2024;CLI0024;S05;519,90;3,33;0;1731,27;EUR;C04-Andrés
F2024-002700;3;13/03/2024;CLI0024;S06;1079,57;1,11;5;1138,41;EUR;C05-Rocío
F2024-002701;1;16/05/2024;CLI0158;S09;35,80;41,43;0;1483,19;EUR;C05-Rocío
F2024-002701;2;16/05/2024;CLI0158;S09;70,59;42,78;0;3019,84;EUR;C01-Marta
F2024-002702;1;12/04/2024;CLI0067;S10;401,53;8,37;0;3360,81;EUR;C02-Javier
F2024-002703;1;24/04/2024;CLI0051;S05;358,14;3,08;0;1103,07;EUR;C01-Marta
F2024-002703;2;24/04/2024;CLI0051;S06;3620,75;1,11;0;4019,03;EUR;C03-Lucía
F2024-002703;3;24/04/2024;CLI0051;S06;1823,72;1,12;5;1940,44;EUR;C01-Marta
F2024-002703;4;24/04/2024;CLI0051;S05;1602,59;3,11;10;4485,65;EUR;C05-Rocío
F2024-002704;1;26/01/2024;CLI0212;S14;4,00;216,91;5;824,26;EUR;C02-Javier
F2024-002704;2;26/01/2024;CLI0212;S03;31,86;39,19;5;1186,16;EUR;C02-Javier
F2024-002705;1;06/08/2024;CLI0008;S11;37,67;24,33;0;916,51;EUR;C02-Javier
F2024-002705;2;06/08/2024;CLI0008;S13;1,00;654,23;10;588,81;EUR;C03-Lucía
F2024-002705;3;06/08/2024;CLI0008;S01;40,66;91,04;15;3146,43;EUR;C03-Lucía
F2024-002705;4;06/08/2024;CLI0008;S13;1,00;678,38;0;678,38;EUR;C05-Rocío
F2024-002706;1;19/08/2024;CLI0023;S10;1680,38;8,22;0;13812,72;EUR;C04-Andrés
F2024-002707;1;12/09/2024;CLI0323;S13;1,00;640,75;0;640,75;EUR;C03-Lucía
F2024-002707;2;12/09/2024;CLI0323;S06;3162,16;1,05;0;3320,27;EUR;C01-Marta
F2024-002708;1;13/01/2024;CLI0342;S10;1335,40;8,18;5;10377,39;EUR;C04-Andrés
F2024-002708;2;13/01/2024;CLI0342;S10;337,18;8,33;5;2668,27;EUR;C05-Rocío
F2024-002708;3;13/01/2024;CLI0342;S10;53,15;8,84;0;469,85;EUR;C02-Javier
F2024-002708;4;13/01/2024;CLI0342;S10;174,52;8,77;0;1530,54;EUR;C03-Lucía
F2024-002709;1;2024-06-15;CLI0101;S10;57,75;9,51;0;549,03;USD;C05-Rocío
F2024-002709;2;15/06/2024;CLI0101;S10;254,90;8,62;5;2087,38;EUR;C01-Marta
F2024-002709;3;15/06/2024;CLI0101;S10;535,63;9,32;0;4994,66;USD;C05-Rocío
F2024-002709;4;15/06/2024;CLI0101;S10;1761,83;8,42;0;14834,61;EUR;C04-Andrés
F2024-002710;1;15/10/2024;CLI0349;S13;1,00;672,38;5;638,76;EUR;C01-Marta
F2024-002710;2;15/10/2024;CLI0349;S08;1395,63;2,49;0;3475,12;EUR;C03-Lucía
F2024-002710;3;15/10/2024;CLI0349;S07;259,89;1,56;5;385,16;EUR;C02-Javier
F2024-002710;4;15/10/2024;CLI0349;S08;871,50;2,34;0;2039,31;EUR;C04-Andrés
F2024-002711;1;20/02/2024;CLI0273;S10;103,99;8,85;5;874,30;EUR;C03-Lucía
F2024-002711;2;20/02/2024;CLI0273;S13;1,00;656,01;5;623,21;EUR;C02-Javier
F2024-002711;3;20/02/2024;CLI0273;S15;2,00;85,94;0;171,88;EUR;C04-Andrés
F2024-002711;4;20/02/2024;CLI0273;S13;1,00;644,56;5;612,33;EUR;C03-Lucía
F2024-002712;1;28/12/2024;CLI0216;S10;434,78;8,89;0;3865,19;EUR;C05-Rocío
F2024-002712;2;28/12/2024;CLI0216;S10;200,22;8,16;0;1633,80;EUR;C03-Lucía
F2024-002712;3;28/12/2024;CLI0216;S10;160,92;8,64;0;1390,35;EUR;C02-Javier
F2024-002712;4;28/12/2024;CLI0216;S10;12163,72;8,22;0;99985,78;EUR;C03-Lucía
F2024-002713;1;15/06/2024;CLI0207;S10;291,54;8,26;0;2408,12;EUR;C01-Marta
F2024-002713;2;15/06/2024;CLI0207;S10;1113,23;8,29;0;9228,68;EUR;C02-Javier
F2024-002713;3;15/06/2024;CLI0207;S10;1166,68;8,89;0;10371,79;EUR;C03-Lucía
F2024-002714;1;21/05/2024;CLI0320;S07;288,70;1,56;0;450,37;EUR;C05-Rocío
F2024-002714;2;21/05/2024;CLI0320;S07;365,38;1,59;10;522,86;EUR;C02-Javier
F2024-002714;3;21/05/2024;CLI0320;S13;1,00;656,94;0;656,94;EUR;C01-Marta
F2024-002714;4;21/05/2024;CLI0320;S07;358,90;1,54;0;552,71;EUR;C05-Rocío
F2024-002715;1;15/07/2024;CLI0051;S14;11,00;212,36;5;2219,16;EUR;C02-Javier
F2024-002715;2;15/07/2024;CLI0051;S14;12,00;201,99;0;2423,88;EUR;C03-Lucía
F2024-002716;1;14/08/2024;CLI0054;S07;277,99;1,61;0;447,56;EUR;C01-Marta
F2024-002716;2;14/08/2024;CLI0054;S08;4809,25;2,36;5;10782,34;EUR;C04-Andrés
F2024-002716;3;14/08/2024;CLI0054;S07;105,81;1,67;0;176,70;EUR;C02-Javier
F2024-002716;4;14/08/2024;CLI0054;S15;1,00;85,43;0;85,43;EUR;C05-Rocío
F2024-002717;1;13/09/2024;CLI0113;S09;43,16;42,95;0;1853,72;EUR;C05-Rocío
F2024-002717;2;13/09/2024;CLI0113;S13;1,00;656,20;0;656,20;EUR;C04-Andrés
F2024-002718;1;09/07/2024;CLI0212;S03;46,82;39,55;0;1851,73;EUR;C04-Andrés
F2024-002718;2;09/07/2024;CLI0212;S13;1,00;650,14;5;617,63;EUR;C04-Andrés
F2024-002718;3;09/07/2024;CLI0212;S03;50,96;39,07;0;1991,01;EUR;C03-Lucía
F2024-002718;4;09/07/2024;CLI0212;S13;1,00;680,49;0;680,49;EUR;C01-Marta
F2024-002719;1;16/09/2024;CLI0277;S14;11,00;201,75;5;2108,29;EUR;C04-Andrés
F2024-002719;2;16/09/2024;CLI0277;S01;53,33;95,33;5;4829,75;EUR;C01-Marta
F2024-002719;3;16/09/2024;CLI0277;S11;18,63;27,62;0;514,59;USD;C04-Andrés
F2024-002719;4;16/09/2024;CLI0277;S02;474,92;7,21;5;3254,04;USD;C02-Javier
F2024-002720;1;03/02/2024;CLI0051;S13;1,00;627,19;15;533,11;EUR;C05-Rocío
F2024-002720;2;03/02/2024;CLI0051;S13;1,00;655,93;10;590,34;EUR;C04-Andrés
F2024-002721;1;01/02/2024;CLI0056;S13;1,00;676,76;5;642,92;EUR;C03-Lucía
F2024-002722;1;28/10/2024;CLI0114;S09;264,98;42,13;0;11163,61;EUR;C04-Andrés
F2024-002722;2;28/10/2024;CLI0114;S09;204,18;40,75;5;7904,32;EUR;C05-Rocío
F2024-002722;3;28/10/2024;CLI0114;S15;4,00;87,37;0;349,48;EUR;C02-Javier
F2024-002723;1;08/12/2024;CLI0207;S10;497,57;8,18;0;4070,12;EUR;C01-Marta
F2024-002724;1;14/09/2024;CLI0165;S10;71,00;8,70;5;586,81;EUR;C04-Andrés
F2024-002724;2;14/09/2024;CLI0165;S10;549,58;8,41;0;4621,97;EUR;C02-Javier
F2024-002724;3;14/09/2024;CLI0165;S10;496,58;8,41;0;4176,24;EUR;C01-Marta
F2024-002724;4;14/09/2024;CLI0165;S10;177,45;8,18;0;1451,54;EUR;C04-Andrés
F2024-002725;1;11/01/2024;CLI0101;S10;156,86;9,56;15;1274,95;USD;C02-Javier
F2024-002725;2;11/01/2024;CLI0101;S10;399,60;9,47;10;3407,58;USD;C05-Rocío
F2024-002725;2;11/01/2024;CLI0101;S10;399,60;9,47;10;3407,58;USD;C05-Rocío
F2024-002725;3;11/01/2024;CLI0101;S10;382,83;8,98;5;3267,29;USD;C05-Rocío
F2024-002726;1;28/04/2024;CLI0149;S07;541,80;1,55;15;713,82;EUR;C05-Rocío
F2024-002726;2;28/04/2024;CLI0149;S07;600,12;1,55;5;883,68;EUR;C03-Lucía
F2024-002727;1;08/10/2024;CLI0340;S13;1,00;672,39;0;672,39;EUR;C01-Marta
F2024-002727;2;08/10/2024;CLI0340;S08;597,06;2,49;0;1486,68;EUR;C04-Andrés
F2024-002727;3;08/10/2024;CLI0340;S08;637,29;2,37;0;1510,38;EUR;C04-Andrés
F2024-002728;1;17/06/2024;CLI0108;S10;241,67;8,74;0;2112,20;EUR;C05-Rocío
F2024-002728;2;17/06/2024;CLI0108;S10;153,46;8,92;5;1300,42;EUR;C04-Andrés
F2024-002728;3;17/06/2024;CLI0108;S10;795,63;8,44;0;6715,12;EUR;C03-Lucía
F2024-002729;1;18/11/2024;CLI0177;S06;3353,34;1,06;0;3554,54;EUR;C03-Lucía
F2024-002729;2;18/11/2024;CLI0177;S06;2034,51;1,07;0;2176,93;EUR;C03-Lucía
F2024-002730;1;16/08/2024;CLI0051;S14;4,00;211,75;0;847,00;EUR;C04-Andrés
F2024-002730;2;16/08/2024;CLI0051;S06;1601,23;1,12;0;1793,38;EUR;C01-Marta
F2024-002730;3;16/08/2024;CLI0051;S14;16,00;210,10;0;3361,60;EUR;C02-Javier
F2024-002730;4;16/08/2024;CLI0051;S05;519,01;3,22;0;1671,21;EUR;C02-Javier
F2024-002731;1;11/12/2024;CLI0094;S08;1907,93;2,51;0;4788,90;EUR;C03-Lucía
F2024-002731;2;11/12/2024;CLI0094;S08;1204,98;2,29;0;;EUR;C05-Rocío
F2024-002732;1;15/09/2024;CLI0122;S14;15,00;209,44;0;3141,60;EUR;C04-Andrés
F2024-002732;2;15/09/2024;CLI0122;S07;1080,83;1,56;0;1686,09;EUR;C02-Javier
F2024-002732;3;15/09/2024;CLI0122;S14;9,00;218,07;0;1962,63;EUR;C05-Rocío
F2024-002732;4;15/09/2024;CLI0122;S08;564,82;2,50;0;1412,05;EUR;C04-Andrés
F2024-002733;1;13/10/2024;CLI0095;S09;91,11;41,19;0;3752,82;EUR;C04-Andrés
F2024-002733;2;13/10/2024;cli0095;S09;201,85;40,77;0;8229,42;EUR;C03-Lucía
F2024-002734;1;14/11/2024;CLI0051;S05;277,37;3,15;5;830,03;EUR;C02-Javier
F2024-002734;2;14/11/2024;CLI0051;S05;164,37;3,10;0;509,55;EUR;C04-Andrés
F2024-002734;3;14/11/2024;cli0051;S06;1323,45;1,09;5;1370,43;EUR;C01-Marta
F2024-002734;4;14/11/2024;CLI0051;S06;532,27;1,11;15;502,20;EUR;C03-Lucía
F2024-002735;1;03/05/2024;CLI0158;S09;85,34;42,29;15;3067,67;EUR;C03-Lucía
F2024-002735;2;03/05/2024;CLI0158;S14;3,00;201,37;10;543,70;EUR;C03-Lucía
F2024-002735;3;03/05/2024;CLI0158;S09;173,23;41,98;15;6181,37;EUR;C02-Javier
F2024-002736;1;06/04/2024;CLI0177;S05;74,07;3,35;0;248,13;EUR;C02-Javier
F2024-002736;2;06/04/2024;CLI0177;S05;134,58;3,23;0;434,69;EUR;C01-Marta
F2024-002737;1;23/05/2024;CLI0068;S06;499,66;1,12;0;559,62;EUR;C03-Lucía
F2024-002737;2;23/05/2024;CLI0068;S05;1465,92;3,05;0;4471,06;EUR;C03-Lucía
F2024-002738;1;03/07/2024;CLI0217;S10;374,34;8,27;0;3095,79;EUR;C03-Lucía
F2024-002738;2;03/07/2024;CLI0217;S10;268,80;8,77;5;2239,51;EUR;C03-Lucía
F2024-002738;3;03/07/2024;CLI0217;S10;146,75;8,41;0;1234,17;EUR;C01-Marta
F2024-002738;4;03/07/2024;CLI0217;S14;15,00;220,23;0;3303,45;EUR;C04-Andrés
F2024-002739;1;07/05/2024;CLI0094;S08;1212,27;2,51;0;3042,80;EUR;C02-Javier
F2024-002739;2;07/05/2024;CLI0094;S13;1,00;622,14;5;591,03;EUR;C04-Andrés
F2024-002740;1;04/08/2024;CLI0377;S02;686,87;6,79;5;4430,65;EUR;C05-Rocío
F2024-002740;2;04/08/2024;CLI0377;S14;6,00;228,45;5;1302,15;USD;C05-Rocío
F2024-002740;3;04/08/2024;CLI0377;S02;272,26;6,43;15;1488,04;EUR;C02-Javier
F2024-002740;4;04/08/2024;CLI0377;S01;43,54;107,80;5;4459,05;USD;C01-Marta
F2024-002741;1;18/05/2024;CLI0082;S10;603,79;8,34;0;5035,61;EUR;C04-Andrés
F2024-002741;2;18/05/2024;CLI0082;S10;366,15;8,14;0;2980,46;EUR;C04-Andrés
F2024-002741;3;18/05/2024;CLI0082;S10;264,75;8,67;5;2180,61;EUR;C05-Rocío
F2024-002741;4;18/05/2024;CLI0082;S10;2891,82;8,75;0;25303,43;EUR;C05-Rocío
F2024-002742;1;24/12/2024;CLI0067;S13;1,00;648,69;0;648,69;EUR;C04-Andrés
F2024-002742;2;24/12/2024;CLI0067;S15;4,00;84,88;0;339,52;EUR;C01-Marta
F2024-002743;1;23/04/2024;CLI0265;S11;67,24;25,08;5;1602,06;EUR;C01-Marta
F2024-002743;2;23/04/2024;CLI0265;S01;107,20;97,36;0;10436,99;EUR;C05-Rocío
F2024-002744;1;25/06/2024;CLI0241;S12;2,00;122,11;0;244,22;EUR;C03-Lucía
F2024-002744;2;25/06/2024;CLI0241;S04;222,23;14,17;5;2991,55;EUR;C03-Lucía
F2024-002745;1;15/06/2024;CLI0070;S09;33,77;40,76;0;1376,47;EUR;C05-Rocío
F2024-002745;2;15/06/2024;CLI0070;S09;80,17;42,15;0;3379,17;EUR;C04-Andrés
F2024-002745;3;15/06/2024;CLI0070;S09;73,41;40,73;0;2989,99;EUR;C01-Marta
F2024-002746;1;01/01/2024;CLI0158;S09;97,59;39,95;0;3898,72;EUR;C02-Javier
F2024-002746;2;01/01/2024;CLI0158;S09;81,43;43,24;0;3521,03;EUR;C05-Rocío
F2024-002747;1;21/04/2024;CLI0120;S02;855,94;6,72;0;5751,92;EUR;C02-Javier
F2024-002747;2;21/04/2024;CLI0120;S11;95,84;25,91;5;2359,05;EUR;C05-Rocío
F2024-002747;3;21/04/2024;CLI0120;S11;43,34;25,53;0;1106,47;EUR;C04-Andrés
F2024-002748;1;23/03/2024;CLI0076;S14;4,00;213,12;0;852,48;EUR;C02-Javier
F2024-002748;2;23/03/2024;CLI0076;S09;121,04;42,36;0;5127,25;EUR;C01-Marta
F2024-002748;3;23/03/2024;CLI0076;S09;124,53;42,16;0;5250,18;EUR;C04-Andrés
F2024-002748;4;23/03/2024;CLI0076;S15;3,00;85,41;0;256,23;EUR;C01-Marta
F2024-002749;1;25/01/2024;CLI0158;S09;147,90;42,09;10;5602,60;EUR;C02-Javier
F2024-002749;2;25/01/2024;CLI0158;S09;243,49;41,63;0;10136,49;EUR;C02-Javier
F2024-002750;1;18/06/2024;CLI0083;S01;216,21;97,68;0;21119,39;EUR;C02-Javier
F2024-002750;2;18/06/2024;CLI0083;S01;167,08;91,45;0;15279,47;EUR;C04-Andrés
F2024-002750;3;18/06/2024;CLI0083;S14;6,00;216,16;0;1296,96;EUR;C04-Andrés
F2024-002750;4;18/06/2024;CLI0083;S02;627,00;6,41;0;4019,07;EUR;C01-Marta
F2024-002751;1;23/06/2024;CLI0232;S10;2093,30;8,11;0;16976,66;EUR;C02-Javier
F2024-002751;2;23/06/2024;CLI0232;S10;64,68;8,71;0;563,36;EUR;C03-Lucía
F2024-002752;1;03/10/2024;CLI0076;S09;146,29;42,37;5;5888,39;EUR;C03-Lucía
F2024-002752;2;03/10/2024;CLI0076;S15;3,00;83,77;0;251,31;EUR;C02-Javier
F2024-002752;3;03/10/2024;CLI0076;S09;215,71;40,09;0;8647,81;EUR;C01-Marta
F2024-002752;4;03/10/2024;CLI0076;S09;107,15;43,12;0;4620,31;EUR;C05-Rocío
F2024-002753;1;03/03/2024;CLI0306;S01;65,50;98,51;0;6452,41;EUR;C02-Javier
F2024-002753;2;03/03/2024;CLI0306;S01;77,72;96,88;0;7529,51;EUR;C05-Rocío
F2024-002753;3;03/03/2024;CLI0306;S01;96,44;99,64;10;8648,35;EUR;C02-Javier
F2024-002753;4;03/03/2024;CLI0306;S01;79,80;93,16;0;7434,17;EUR;C05-Rocío
F2024-002754;1;16/04/2024;CLI0054;S07;156,92;1,65;0;258,92;EUR;C02-Javier
F2024-002755;1;02/06/2024;CLI0051;S05;1745,52;3,10;0;5411,11;EUR;C03-Lucía
F2024-002756;1;18/02/2024;CLI0190;S11;56,89;24,47;0;1392,10;EUR;C04-Andrés
F2024-002757;1;25/08/2024;CLI0095;S09;18,32;41,78;10;688,87;EUR;C02-Javier
F2024-002757;2;25/08/2024;CLI0095;S09;86,46;43,10;0;3726,43;EUR;C04-Andrés
F2024-002757;3;25/08/2024;CLI0095;S09;98,04;41,47;10;3659,15;EUR;C03-Lucía
F2024-002758;1;07/06/2024;CLI0386;S01;80,81;94,37;5;7244,74;EUR;C05-Rocío
F2024-002758;2;07/06/2024;CLI0386;S11;10,91;24,29;0;265,00;EUR;C05-Rocío
F2024-002758;3;07/06/2024;CLI0386;S11;48,24;26,20;0;1263,89;EUR;C01-Marta
F2024-002759;1;10/02/2024;CLI0124;S05;626,15;3,13;0;1959,85;EUR;C01-Marta
F2024-002760;1;06/07/2024;CLI0269;S05;198,71;3,08;0;612,03;EUR;C02-Javier
F2024-002760;2;06/07/2024;CLI0269;S05;766,06;3,16;0;2420,75;EUR;C01-Marta
F2024-002760;3;06/07/2024;CLI0269;S06;1192,79;1,05;0;1252,43;EUR;C05-Rocío
F2024-002761;1;14/07/2024;CLI0129;S10;533,34;8,67;0;4624,06;EUR;C01-Marta
F2024-002761;2;14/07/2024;CLI0129;S10;504,40;8,92;0;4499,25;EUR;C04-Andrés
F2024-002761;3;14/07/2024;CLI0129;S10;63,34;8,26;5;497,03;EUR;C04-Andrés
F2024-002762;1;26/02/2024;CLI0053;S08;624,15;2,42;5;1434,92;EUR;C05-Rocío
F2024-002762;2;26/02/2024;CLI0053;S14;8,00;202,16;15;1374,69;EUR;C04-Andrés
F2024-002762;3;26/02/2024;CLI0053;S07;322,87;1,60;15;439,10;EUR;C01-Marta
F2024-002762;4;26/02/2024;CLI0053;S07;60,91;1,63;0;99,28;EUR;C05-Rocío
F2024-002763;1;27/09/2024;CLI0299;S08;3481,96;2,36;5;7806,55;EUR;C05-Rocío
F2024-002764;1;11/12/2024;CLI0341;S06;605,91;1,05;0;636,21;EUR;C05-Rocío
F2024-002765;1;22/07/2024;CLI0219;S06;1489,07;1,10;15;1392,28;EUR;C05-Rocío
F2024-002765;2;22/07/2024;CLI0219;S15;3,00;88,41;0;265,23;EUR;C03-Lucía
F2024-002765;3;22/07/2024;CLI0219;S13;1,00;673,73;5;640,04;EUR;C01-Marta
F2024-002766;1;03/04/2024;CLI0010;S11;26,69;26,12;0;697,14;EUR;C05-Rocío
F2024-002766;2;03/04/2024;CLI0010;S11;18,13;25,14;0;455,79;EUR;C03-Lucía
F2024-002766;3;03/04/2024;CLI0010;S02;144,06;6,21;0;894,61;EUR;C02-Javier
F2024-002766;4;03/04/2024;CLI0010;S11;50,44;24,34;0;1227,71;EUR;C04-Andrés
F2024-002767;1;22/02/2024;CLI0136;S02;403,66;6,20;5;2377,56;EUR;C04-Andrés
F2024-002767;2;22/02/2024;CLI0136;S01;16,68;90,31;0;1506,37;EUR;C03-Lucía
F2024-002767;3;22/02/2024;CLI0136;S11;47,76;24,32;0;1161,52;EUR;C02-Javier
F2024-002768;1;17/11/2024;CLI0400;S06;971,36;1,11;5;1024,30;EUR;C02-Javier
F2024-002769;1;12/10/2024;CLI0025;S07;89,62;1,56;0;139,81;EUR;C03-Lucía
F2024-002769;2;12/10/2024;CLI0025;S07;703,00;1,67;5;1115,31;EUR;C02-Javier
F2024-002769;3;12/10/2024;CLI0025;S07;1317,15;1,65;5;2064,63;EUR;C05-Rocío
F2024-002769;4;12/10/2024;CLI0025;S14;3,00;201,62;0;604,86;EUR;C03-Lucía
F2024-002770;1;25/05/2024;CLI0301;S13;1,00;646,44;0;646,44;EUR;C02-Javier
F2024-002771;1;18/06/2024;CLI0075;S14;5,00;216,24;0;1081,20;EUR;C02-Javier
F2024-002771;2;18/06/2024;CLI0075;S07;546,05;1,53;5;793,68;EUR;C04-Andrés
F2024-002771;3;18/06/2024;CLI0075;S08;2295,95;2,45;0;5625,08;EUR;C05-Rocío
F2024-002772;1;05/06/2024;CLI0380;S06;936,62;1,11;0;1039,65;EUR;C01-Marta
F2024-002772;2;05/06/2024;CLI0380;S15;2,00;86,87;5;165,05;EUR;C04-Andrés
F2024-002773;1;21/11/2024;CLI0126;S10;284,80;8,12;0;2312,58;EUR;C05-Rocío
F2024-002774;1;22/11/2024;CLI0362;S02;1186,51;6,60;0;7830,97;EUR;C02-Javier
F2024-002774;2;22/11/2024;cli0362;S13;1,00;649,85;0;649,85;EUR;C05-Rocío
F2024-002774;3;22/11/2024;CLI0362;S01;179,94;94,65;0;17031,32;EUR;C04-Andrés
F2024-002774;4;22/11/2024;CLI0362;S13;1,00;671,41;0;671,41;EUR;C04-Andrés
F2024-002775;1;06/09/2024;CLI0368;S10;423,14;8,71;0;3685,55;EUR;C01-Marta
F2024-002776;1;08/06/2024;CLI0054;S07;224,63;1,58;0;354,92;EUR;C01-Marta
F2024-002776;2;08/06/2024;CLI0054;S13;1,00;679,12;0;679,12;EUR;C03-Lucía
F2024-002776;3;08/06/2024;CLI0054;S15;3,00;87,11;0;261,33;EUR;C05-Rocío
F2024-002777;1;28/08/2024;CLI0076;S09;87,13;44,02;0;3835,46;EUR;C03-Lucía
F2024-002777;2;28/08/2024;CLI0076;S09;54,15;41,63;0;2254,26;EUR;C01-Marta
F2024-002777;3;28/08/2024;CLI0076;S13;1,00;638,24;0;638,24;EUR;C02-Javier
F2024-002777;4;28/08/2024;CLI0076;S09;295,08;42,84;0;12641,23;EUR;C05-Rocío
F2024-002778;1;04/04/2024;cli0087;S10;348,98;9,78;0;3411,47;USD;C01-Marta
F2024-002778;2;04/04/2024;CLI0087;S10;524,08;8,78;5;4371,35;EUR;C04-Andrés
F2024-002778;3;04/04/2024;CLI0087;S10;389,16;8,29;5;3064,83;EUR;C05-Rocío
F2024-002778;4;04/04/2024;CLI0087;S10;239,82;8,38;0;2009,69;EUR;C01-Marta
F2024-002779;1;02/02/2024;CLI0238;S03;86,26;38,42;10;2982,70;EUR;C05-Rocío
F2024-002780;1;23/01/2024;CLI0111;S11;46,77;24,52;0;1146,80;EUR;C02-Javier
F2024-002780;2;23/01/2024;CLI0111;S02;148,76;6,51;0;968,43;EUR;C04-Andrés
F2024-002780;3;23/01/2024;CLI0111;S13;1,00;622,31;0;622,31;EUR;C05-Rocío
F2024-002781;1;11/01/2024;CLI0051;S06;1431,83;1,08;0;1546,38;EUR;C04-Andrés
F2024-002781;2;11/01/2024;CLI0051;S06;1449,24;1,08;10;1408,66;EUR;C02-Javier
F2024-002781;3;11/01/2024;CLI0051;S06;359,43;1,10;10;355,84;EUR;C03-Lucía
F2024-002782;1;17/08/2024;CLI0136;S14;6,00;213,22;0;1279,32;EUR;C05-Rocío
F2024-002783;1;05/02/2024;CLI0318;S05;4457,30;3,29;5;13931,29;EUR;C04-Andrés
F2024-002783;2;05/02/2024;CLI0318;S14;11,00;213,86;0;2352,46;EUR;C03-Lucía
F2024-002784;1;05/02/2024;CLI0095;S09;91,14;40,54;0;3694,82;EUR;C05-Rocío
F2024-002784;2;05/02/2024;CLI0095;S13;1,00;678,67;0;678,67;EUR;C01-Marta
F2024-002785;1;17/09/2024;CLI0051;S05;316,63;3,17;0;1003,72;EUR;C02-Javier
F2024-002785;2;17/09/2024;CLI0051;S06;984,32;1,09;0;1072,91;EUR;C02-Javier
F2024-002786;1;18/09/2024;CLI0258;S06;3440,68;1,11;0;3819,15;EUR;C02-Javier
F2024-002786;2;18/09/2024;CLI0258;S05;632,98;3,11;5;1870,14;EUR;C04-Andrés
F2024-002787;1;04/10/2024;CLI0225;S14;15,00;207,65;0;3114,75;EUR;C05-Rocío
F2024-002787;2;04/10/2024;CLI0225;S06;1228,23;1,05;0;1289,64;EUR;C04-Andrés
F2024-002787;3;04/10/2024;CLI0225;S13;1,00;630,88;5;599,34;EUR;C05-Rocío
F2024-002788;1;09/02/2024;CLI0158;S09;81,29;40,07;15;2768,70;EUR;C03-Lucía
F2024-002788;2;09/02/2024;CLI0158;S14;12,00;209,08;10;2258,06;EUR;C02-Javier
F2024-002788;3;09/02/2024;CLI0158;S09;150,06;42,69;0;6406,06;EUR;C01-Marta
F2024-002788;4;09/02/2024;CLI0158;S15;2,00;87,25;0;174,50;EUR;C05-Rocío
F2024-002789;1;28/09/2024;CLI0078;S10;132,05;8,14;0;1074,89;EUR;C03-Lucía
F2024-002789;2;28/09/2024;CLI0078;S14;2,00;218,22;5;414,62;EUR;C04-Andrés
F2024-002790;1;16/03/2024;CLI0049;S08;7355,53;2,30;0;16917,72;EUR;C01-Marta
F2024-002790;1;16/03/2024;CLI0049;S08;7355,53;2,30;0;16917,72;EUR;C01-Marta
F2024-002790;2;16/03/2024;CLI0049;S08;1781,92;2,47;5;4181,28;EUR;C04-Andrés
F2024-002790;3;16/03/2024;CLI0049;S08;693,44;2,49;0;1726,67;EUR;C03-Lucía
F2024-002790;4;16/03/2024;CLI0049;S08;5065,61;2,49;0;12613,37;EUR;C04-Andrés
F2024-002791;1;05/03/2024;CLI0071;S11;9,96;24,78;0;246,81;EUR;C04-Andrés
F2024-002791;2;05/03/2024;CLI0071;S13;1,00;646,38;0;646,38;EUR;C04-Andrés
F2024-002791;3;05/03/2024;CLI0071;S01;71,51;93,13;0;6659,73;EUR;C01-Marta
F2024-002792;1;06/03/2024;CLI0158;S09;327,66;42,52;15;11842,29;EUR;C05-Rocío
F2024-002792;2;06/03/2024;CLI0158;S15;4,00;82,91;5;315,06;EUR;C01-Marta
F2024-002792;3;06/03/2024;CLI0158;S09;245,27;41,70;5;9716,37;EUR;C04-Andrés
F2024-002792;4;06/03/2024;CLI0158;S09;72,33;42,27;0;3057,39;EUR;C05-Rocío
F2024-002793;1;09/06/2024;CLI0280;S02;950,21;6,67;0;6337,90;EUR;C03-Lucía
F2024-002793;2;09/06/2024;CLI0280;S11;51,78;25,71;0;1331,26;EUR;C03-Lucía
F2024-002794;1;27/08/2024;CLI0095;S09;49,48;40,21;0;1989,59;EUR;C01-Marta
F2024-002794;2;27/08/2024;CLI0095;S09;130,59;41,84;0;5463,89;EUR;C03-Lucía
F2024-002794;3;27/08/2024;CLI0095;S09;121,41;41,25;15;4256,94;EUR;C01-Marta
F2024-002795;1;03/11/2024;CLI0207;S10;227,20;8,69;0;1974,37;EUR;C04-Andrés
F2024-002795;2;03/11/2024;CLI0207;S10;465,72;8,44;0;3930,68;EUR;C02-Javier
F2024-002796;1;14/03/2024;CLI0149;S07;2521,16;1,54;15;3300,20;EUR;C03-Lucía
F2024-002797;1;19/10/2024;CLI0095;S09;44,89;42,24;0;1896,15;EUR;C01-Marta
F2024-002797;2;19/10/2024;CLI0095;S09;198,33;40,23;10;7180,93;EUR;C03-Lucía
F2024-002797;3;19/10/2024;CLI0095;S09;102,27;40,23;0;4114,32;EUR;C03-Lucía
F2024-002798;1;17/01/2024;CLI0078;S10;92,59;8,35;0;773,13;EUR;C03-Lucía
F2024-002798;2;17/01/2024;CLI0078;S15;4,00;84,04;0;336,16;EUR;C04-Andrés
F2024-002799;1;15/10/2024;CLI0370;S15;2,00;88,78;5;168,68;EUR;C05-Rocío
F2024-002799;2;15/10/2024;CLI0370;S05;40,74;3,19;10;116,96;EUR;C04-Andrés
F2024-002800;1;28/12/2024;CLI0270;S09;201,27;43,01;5;8223,79;EUR;C02-Javier
F2024-002800;2;28/12/2024;CLI0270;S09;81,47;42,39;0;3453,51;EUR;C04-Andrés
F2024-002800;3;28/12/2024;CLI0270;S14;10,00;210,24;5;1997,28;EUR;C03-Lucía
F2024-002800;3;28/12/2024;CLI0270;S14;10,00;210,24;5;1997,28;EUR;C03-Lucía
F2024-002801;1;21/01/2024;CLI0095;S09;115,14;40,86;5;4469,39;EUR;C05-Rocío
F2024-002801;2;21/01/2024;CLI0095;S09;101,08;40,74;10;3706,20;EUR;C04-Andrés
F2024-002801;3;21/01/2024;CLI0095;S09;300,65;40,56;10;10974,93;EUR;C02-Javier
F2024-002801;4;21/01/2024;CLI0095;S09;109,99;41,90;5;4378,15;EUR;C05-Rocío
F2024-002802;1;09/05/2024;CLI0354;S01;313,98;91,17;0;28625,56;EUR;C01-Marta
F2024-002802;2;09/05/2024;CLI0354;S01;161,57;97,74;5;15002,26;EUR;C03-Lucía
F2024-002802;3;09/05/2024;CLI0354;S02;532,29;6,45;0;3433,27;EUR;C01-Marta
F2024-002802;4;2024-05-09;CLI0354;S02;330,33;6,23;0;2057,96;EUR;C03-Lucía
F2024-002803;1;15/09/2024;CLI0094;S13;1,00;638,12;0;638,12;EUR;C01-Marta
F2024-002803;2;15/09/2024;CLI0094;S08;3320,95;2,44;0;8103,12;EUR;C05-Rocío
F2024-002803;3;15/09/2024;CLI0094;S08;852,61;2,39;0;2037,74;EUR;C05-Rocío
F2024-002804;1;16/06/2024;CLI0131;S10;342,42;8,83;5;2872,39;EUR;C05-Rocío
F2024-002804;2;16/06/2024;CLI0131;S10;291,37;8,42;0;2453,34;EUR;C02-Javier
F2024-002805;1;04/06/2024;CLI0326;S06;417,60;1,10;0;459,36;EUR;C02-Javier
F2024-002805;2;04/06/2024;CLI0326;S06;2563,28;1,06;0;2717,08;EUR;C04-Andrés
F2024-002806;1;20/01/2024;CLI0101;S10;271,06;8,74;5;2250,61;EUR;C01-Marta
F2024-002806;2;20/01/2024;CLI0101;S10;587,22;8,38;10;4428,81;EUR;C01-Marta
F2024-002806;3;2024-01-20;CLI0101;S14;4,00;231,51;0;926,06;USD;C02-Javier
F2024-002807;1;16/05/2024;CLI0288;S15;1,00;87,64;0;87,64;EUR;C04-Andrés
F2024-002807;2;16/05/2024;CLI0288;S06;1025,81;1,10;5;1071,97;EUR;C01-Marta
F2024-002807;3;16/05/2024;CLI0288;S05;196,05;3,20;0;627,36;EUR;C04-Andrés
F2024-002808;1;25/02/2024;CLI0157;S13;1,00;702,37;0;702,37;USD;C03-Lucía
F2024-002808;2;25/02/2024;CLI0157;S04;269,85;14,10;0;3804,89;EUR;C03-Lucía
F2024-002808;3;25/02/2024;CLI0157;S12;2,00;126,50;0;253,01;USD;C01-Marta
F2024-002808;4;25/02/2024;CLI0157;S12;2,00;115,72;0;231,44;EUR;C01-Marta
F2024-002809;1;07/11/2024;CLI0158;S09;132,52;40,68;0;5390,91;EUR;C02-Javier
F2024-002810;1;14/01/2024;CLI0159;S12;1,00;114,93;15;97,69;EUR;C04-Andrés
F2024-002811;1;14/04/2024;CLI0207;S10;88,63;8,76;0;776,40;EUR;C03-Lucía
F2024-002811;2;14/04/2024;CLI0207;S10;231,33;8,75;0;2024,14;EUR;C04-Andrés
F2024-002811;3;14/04/2024;CLI0207;S10;143,25;8,82;0;1263,47;EUR;C01-Marta
F2024-002812;1;03/06/2024;CLI0071;S11;52,32;25,67;0;1343,05;EUR;C05-Rocío
F2024-002812;2;03/06/2024;CLI0071;S01;185,98;95,58;0;17775,97;EUR;C01-Marta
F2024-002812;3;03/06/2024;CLI0071;S02;309,90;6,25;0;1936,87;EUR;C03-Lucía
F2024-002813;1;14/06/2024;CLI0067;S10;2838,28;8,70;0;24693,04;EUR;C01-Marta
F2024-002813;2;14/06/2024;CLI0067;S10;96,73;8,11;5;745,26;EUR;C02-Javier
F2024-002813;3;14/06/2024;CLI0067;S10;625,91;8,44;0;5282,68;EUR;C02-Javier
F2024-002814;1;19/01/2024;CLI0013;S09;85,15;43,50;0;3704,03;EUR;C04-Andrés
F2024-002814;2;19/01/2024;CLI0013;S09;206,01;40,55;0;8353,71;EUR;C01-Marta
F2024-002814;3;19/01/2024;CLI0013;S09;64,18;43,07;0;2764,23;EUR;C02-Javier
F2024-002814;4;19/01/2024;CLI0013;S15;3,00;83,12;0;249,36;EUR;C03-Lucía
F2024-002815;1;14/07/2024;CLI0207;S15;1,00;82,41;5;78,29;EUR;C02-Javier
F2024-002815;2;14/07/2024;CLI0207;S10;130,04;8,38;0;1089,74;EUR;C03-Lucía
F2024-002816;1;28/11/2024;CLI0329;S01;61,81;92,10;5;5408,07;EUR;C01-Marta
F2024-002816;2;28/11/2024;CLI0329;S11;35,21;25,86;0;910,53;EUR;C04-Andrés
F2024-002816;3;28/11/2024;CLI0329;S11;21,95;26,05;10;514,62;EUR;C04-Andrés
F2024-002816;4;28/11/2024;CLI0329;S15;3,00;81,24;15;207,16;EUR;C03-Lucía
F2024-002817;1;12/08/2024;CLI0395;S11;38,46;24,09;0;926,50;EUR;C01-Marta
F2024-002817;2;12/08/2024;CLI0395;S14;5,00;213,93;5;1016,17;EUR;C02-Javier
F2024-002818;1;19/09/2024;CLI0052;S08;10025,49;2,35;10;21203,91;EUR;C02-Javier
F2024-002818;2;19/09/2024;CLI0052;S13;1,00;658,53;0;658,53;EUR;C04-Andrés
F2024-002819;1;16/05/2024;CLI0368;S13;1,00;655,99;0;655,99;EUR;C04-Andrés
F2024-002819;2;16/05/2024;CLI0368;S13;1,00;650,66;0;650,66;EUR;C04-Andrés
F2024-002819;3;16/05/2024;CLI0368;S10;1354,79;8,91;0;12071,18;EUR;C03-Lucía
F2024-002819;4;16/05/2024;CLI0368;S10;341,72;8,16;0;2788,44;EUR;C02-Javier
F2024-002820;1;20/11/2024;CLI0241;S04;317,59;13,52;0;4293,82;EUR;C05-Rocío
F2024-002821;1;09/07/2024;CLI0278;S07;133,63;1,57;0;209,80;EUR;C01-Marta
F2024-002822;1;14/10/2024;CLI0012;S07;507,67;1,54;0;781,81;EUR;C02-Javier
F2024-002822;2;14/10/2024;CLI0012;S08;1266,74;2,41;0;3052,84;EUR;C03-Lucía
F2024-002822;3;14/10/2024;CLI0012;S08;344,08;2,31;5;755,08;EUR;C02-Javier
F2024-002822;4;14/10/2024;CLI0012;S07;381,88;1,59;0;607,19;EUR;C03-Lucía
F2024-002823;1;23/01/2024;CLI0207;S10;565,60;8,77;0;4960,31;EUR;C01-Marta
F2024-002824;1;25/12/2024;CLI0395;S02;264,33;6,42;0;1697,00;EUR;C05-Rocío
F2024-002824;2;25/12/2024;CLI0395;S01;77,38;91,94;10;6402,89;EUR;C04-Andrés
F2024-002824;3;25/12/2024;CLI0395;S15;1,00;86,25;0;86,25;EUR;C02-Javier
F2024-002824;4;25/12/2024;CLI0395;S01;124,00;97,00;15;10223,80;EUR;C01-Marta
F2024-002825;1;26/11/2024;CLI0296;S13;1,00;664,20;15;564,57;EUR;C01-Marta
F2024-002826;1;16/02/2024;CLI0006;S10;396,40;8,34;0;3305,98;EUR;C04-Andrés
F2024-002826;2;16/02/2024;CLI0006;S14;12,00;219,48;5;2502,07;EUR;C02-Javier
F2024-002827;1;11/11/2024;CLI0247;S14;10,00;212,96;15;1810,16;EUR;C05-Rocío
F2024-002827;2;11/11/2024;CLI0247;S14;15,00;206,78;10;2791,53;EUR;C04-Andrés
F2024-002828;1;04/04/2024;CLI0212;S13;1,00;678,49;0;678,49;EUR;C05-Rocío
F2024-002828;2;04/04/2024;CLI0212;S12;4,00;122,90;5;467,02;EUR;C03-Lucía
F2024-002829;1;27/02/2024;CLI0095;S09;129,92;43,26;0;5620,34;EUR;C02-Javier
F2024-002830;1;25/02/2024;CLI0146;S09;68,94;44,04;5;2884,31;EUR;C04-Andrés
F2024-002831;1;09/03/2024;CLI0306;S15;4,00;83,37;15;283,46;EUR;C04-Andrés
F2024-002832;1;17/11/2024;CLI0342;S10;543,65;8,65;0;4702,57;EUR;C02-Javier
F2024-002832;2;17/11/2024;CLI0342;S10;72,92;8,42;0;613,99;EUR;C03-Lucía
F2024-002832;3;17/11/2024;CLI0342;S10;1545,65;8,77;5;12877,58;EUR;C05-Rocío
F2024-002832;4;17/11/2024;CLI0342;S10;593,83;8,39;5;4733,12;EUR;C05-Rocío
F2024-002833;1;20/05/2024;CLI0274;S07;186,98;1,56;0;291,69;EUR;C02-Javier
F2024-002833;2;20/05/2024;CLI0274;S08;1244,72;2,33;0;2900,20;EUR;C05-Rocío
F2024-002833;3;20/05/2024;CLI0274;S07;229,69;1,64;0;376,69;EUR;C02-Javier
F2024-002834;1;13/05/2024;CLI0241;S15;4,00;86,19;0;344,76;EUR;C01-Marta
F2024-002834;2;13/05/2024;CLI0241;S14;4,00;211,52;0;846,08;EUR;C05-Rocío
F2024-002835;1;06/02/2024;CLI0380;S05;118,07;3,34;5;374,64;EUR;C01-Marta
F2024-002835;2;06/02/2024;CLI0380;S06;1318,94;1,12;5;1403,35;EUR;C01-Marta
F2024-002835;3;06/02/2024;CLI0380;S05;227,37;3,13;0;711,67;EUR;C01-Marta
F2024-002836;1;21/11/2024;CLI0009;S09;65,20;45,82;0;2987,25;USD;C01-Marta
F2024-002836;2;21/11/2024;CLI0009;S14;12,00;244,90;5;2791,86;USD;C02-Javier
F2024-002836;3;21/11/2024;CLI0009;S09;51,55;43,57;5;2133,73;EUR;C05-Rocío
F2024-002836;4;21/11/2024;CLI0009;S09;62,18;43,50;0;2704,83;EUR;C04-Andrés
F2024-002837;1;26/01/2024;CLI0200;S11;80,32;26,20;0;2104,38;EUR;C01-Marta
F2024-002837;2;26/01/2024;CLI0200;S11;28,11;24,30;0;683,07;EUR;C05-Rocío
F2024-002837;3;26/01/2024;CLI0200;S02;1038,04;6,65;5;6557,82;EUR;C03-Lucía
F2024-002837;4;26/01/2024;CLI0200;S02;1779,25;6,31;0;11227,07;EUR;C03-Lucía
F2024-002838;1;08/03/2024;CLI0112;S15;4,00;95,17;0;380,68;USD;C04-Andrés
F2024-002838;2;08/03/2024;CLI0112;S01;89,43;91,02;0;8139,92;EUR;C04-Andrés
F2024-002838;3;08/03/2024;CLI0112;S02;560,55;7,00;0;3922,10;USD;C03-Lucía
F2024-002838;4;08/03/2024;CLI0112;S02;784,13;7,35;0;5765,15;USD;C03-Lucía
F2024-002839;1;08/06/2024;CLI0318;S06;1361,81;1,14;0;1552,46;EUR;C05-Rocío
F2024-002839;2;08/06/2024;CLI0318;S06;1839,27;1,05;5;1834,67;EUR;C04-Andrés
F2024-002840;1;07/04/2024;CLI0212;S04;286,40;14,30;0;4095,52;EUR;C05-Rocío
F2024-002841;1;13/11/2024;CLI0375;S01;114,07;94,53;0;10783,04;EUR;C02-Javier
F2024-002841;2;2024-11-13;CLI0375;S13;1,00;630,51;0;630,51;EUR;C02-Javier
F2024-002841;3;13/11/2024;CLI0375;S02;80,99;6,53;5;502,42;EUR;C02-Javier
F2024-002841;4;13/11/2024;CLI0375;S02;1093,90;6,21;0;6793,12;EUR;C03-Lucía
F2024-002842;1;02/11/2024;CLI0291;S10;272,03;8,34;0;2268,73;EUR;C03-Lucía
F2024-002842;2;02/11/2024;CLI0291;S10;202,89;8,91;0;1807,75;EUR;C04-Andrés
F2024-002842;3;02/11/2024;CLI0291;S10;938,77;8,37;15;6678,88;EUR;C03-Lucía
F2024-002842;4;02/11/2024;CLI0291;S10;396,64;8,89;0;3526,13;EUR;C01-Marta
F2024-002843;1;22/02/2024;CLI0244;S09;126,77;40,94;5;4930,47;EUR;C03-Lucía
F2024-002843;2;22/02/2024;CLI0244;S09;30,31;43,83;5;1262,06;EUR;C02-Javier
F2024-002843;3;22/02/2024;CLI0244;S09;67,98;40,32;5;2603,91;EUR;C03-Lucía
F2024-002843;4;22/02/2024;CLI0244;S09;73,20;42,84;0;3135,89;EUR;C03-Lucía
F2024-002844;1;27/07/2024;CLI0207;S10;171,75;8,87;0;1523,42;EUR;C05-Rocío
F2024-002844;2;27/07/2024;CLI0207;S10;266,28;8,39;0;2234,09;EUR;C01-Marta
F2024-002845;1;08/05/2024;CLI0094;S08;6875,57;2,42;0;16638,88;EUR;C01-Marta
F2024-002845;2;2024-05-08;CLI0094;S07;665,27;1,65;0;1097,70;EUR;C03-Lucía
F2024-002845;3;08/05/2024;CLI0094;S07;739,25;1,58;5;1109,61;EUR;C02-Javier
F2024-002846;1;09/06/2024;CLI0286;S15;3,00;83,62;5;238,32;EUR;C01-Marta
F2024-002846;2;09/06/2024;CLI0286;S01;53,00;98,27;0;5208,31;EUR;C02-Javier
F2024-002847;1;06/07/2024;CLI0025;S07;1156,11;1,54;5;1691,39;EUR;C04-Andrés
F2024-002848;1;16/12/2024;CLI0201;S02;226,99;6,37;15;1229,04;EUR;C01-Marta
F2024-002848;2;16/12/2024;CLI0201;S11;114,20;25,25;0;2883,55;EUR;C03-Lucía
F2024-002848;3;16/12/2024;CLI0201;S15;2,00;84,45;0;168,90;EUR;C02-Javier
F2024-002849;1;26/10/2024;CLI0370;S05;699,51;3,23;0;2259,42;EUR;C02-Javier
F2024-002849;2;26/10/2024;CLI0370;S06;687,78;1,09;0;749,68;EUR;C03-Lucía
F2024-002849;3;26/10/2024;CLI0370;S06;1003,49;1,08;0;1083,77;EUR;C05-Rocío
F2024-002849;4;26/10/2024;CLI0370;S06;359,34;1,11;0;398,87;EUR;C04-Andrés
F2024-002850;1;07/11/2024;CLI0207;S10;133,50;8,43;0;1125,40;EUR;C01-Marta
F2024-002851;1;20/09/2024;CLI0095;S09;83,74;41,18;10;3103,57;EUR;C04-Andrés
F2024-002851;2;20/09/2024;cli0095;S13;1,00;646,45;0;646,45;EUR;C02-Javier
F2024-002852;1;19/10/2024;CLI0141;S10;382,79;8,21;0;3142,71;EUR;C02-Javier
F2024-002852;2;19/10/2024;CLI0141;S15;2,00;83,89;0;167,78;EUR;C04-Andrés
F2024-002852;3;19/10/2024;CLI0141;S10;73,64;8,92;0;656,87;EUR;C01-Marta
F2024-002853;1;28/05/2024;CLI0299;S08;558,58;2,36;0;1318,25;EUR;C02-Javier
F2024-002853;2;28/05/2024;CLI0299;S15;1,00;82,54;0;82,54;EUR;C03-Lucía
F2024-002853;3;28/05/2024;CLI0299;S08;911,96;2,45;0;2234,30;EUR;C03-Lucía
F2024-002853;4;28/05/2024;CLI0299;S07;435,81;1,66;0;723,44;EUR;C03-Lucía
F2024-002854;1;02/01/2024;CLI0325;S11;36,32;24,53;0;890,93;EUR;C04-Andrés
F2024-002854;2;02/01/2024;CLI0325;S11;18,67;24,30;0;453,68;EUR;C02-Javier
F2024-002855;1;03/05/2024;CLI0005;S09;128,78;41,97;0;5404,90;EUR;C02-Javier
F2024-002856;1;02/08/2024;CLI0341;S05;1251,25;3,05;5;3625,50;EUR;C02-Javier
F2024-002856;2;02/08/2024;CLI0341;S06;1215,49;1,05;0;1276,26;EUR;C05-Rocío
F2024-002856;3;02/08/2024;CLI0341;S06;419,17;1,11;0;465,28;EUR;C02-Javier
F2024-002856;4;02/08/2024;CLI0341;S06;1036,38;1,14;0;1181,47;EUR;C01-Marta
F2024-002857;1;10/08/2024;CLI0207;S10;1821,17;8,88;5;15363,39;EUR;C01-Marta
F2024-002857;2;10/08/2024;CLI0207;S15;3,00;89,18;0;267,54;EUR;C03-Lucía
F2024-002858;1;15/03/2024;CLI0201;S13;1,00;682,30;15;579,95;EUR;C03-Lucía
F2024-002858;2;15/03/2024;CLI0201;S01;80,63;91,82;0;7403,45;EUR;C04-Andrés
F2024-002858;3;15/03/2024;CLI0201;S01;120,88;95,80;0;11580,30;EUR;C02-Javier
F2024-002859;1;20/05/2024;CLI0194;S14;16,00;201,57;15;2741,35;EUR;C01-Marta
F2024-002859;2;20/05/2024;CLI0194;S01;127,25;94,15;10;10782,53;EUR;C04-Andrés
F2024-002860;1;21/04/2024;CLI0278;S08;1167,19;2,48;0;2894,63;EUR;C02-Javier
F2024-002861;1;08/10/2024;CLI0287;S14;14,00;210,40;0;2945,60;EUR;C02-Javier
F2024-002862;1;12/05/2024;CLI0158;S09;46,65;40,51;15;1606,32;EUR;C05-Rocío
F2024-002862;2;12/05/2024;CLI0158;S09;114,21;41,46;0;4735,15;EUR;C02-Javier
F2024-002863;1;27/03/2024;CLI0280;S02;1181,31;6,78;5;7608,82;EUR;C01-Marta
F2024-002863;2;27/03/2024;CLI0280;S02;233,78;6,31;0;1475,15;EUR;C02-Javier
F2024-002863;3;27/03/2024;CLI0280;S11;67,83;24,74;0;1678,11;EUR;C03-Lucía
F2024-002864;1;22/05/2024;CLI0379;S08;2118,17;2,35;0;4977,70;EUR;C02-Javier
F2024-002864;2;22/05/2024;CLI0379;S15;1,00;87,34;0;87,34;EUR;C04-Andrés
F2024-002865;1;13/07/2024;CLI0224;S05;334,84;3,33;0;1115,02;EUR;C05-Rocío
F2024-002865;2;13/07/2024;CLI0224;S14;2,00;216,55;0;433,10;EUR;C05-Rocío
F2024-002866;1;10/07/2024;CLI0222;S11;76,16;23,84;5;1724,87;EUR;C05-Rocío
F2024-002867;1;15/02/2024;CLI0219;S05;435,21;3,28;0;1427,49;EUR;C02-Javier
F2024-002868;1;10/11/2024;CLI0073;S05;376,05;3,28;0;1233,44;EUR;C04-Andrés
F2024-002868;2;10/11/2024;CLI0073;S06;1959,46;1,08;0;2116,22;EUR;C03-Lucía
F2024-002868;3;10/11/2024;CLI0073;S06;4192,42;1,13;0;4737,43;EUR;C05-Rocío
F2024-002868;4;10/11/2024;CLI0073;S05;630,85;3,63;5;2177,95;USD;C02-Javier
F2024-002869;1;26/06/2024;CLI0158;S13;1,00;677,12;10;609,41;EUR;C04-Andrés
F2024-002869;2;26/06/2024;CLI0158;S09;109,49;43,18;0;4727,78;EUR;C05-Rocío
F2024-002870;1;07/12/2024;CLI0341;S15;4,00;81,93;5;311,33;EUR;C01-Marta
F2024-002870;2;07/12/2024;CLI0341;S05;125,31;3,15;0;394,73;EUR;C01-Marta
F2024-002870;3;07/12/2024;CLI0341;S05;400,28;3,10;0;1240,87;EUR;C02-Javier
F2024-002871;1;13/02/2024;CLI0089;S06;2139,43;1,13;0;2417,56;EUR;C04-Andrés
F2024-002871;2;13/02/2024;CLI0089;S06;1107,60;1,13;5;1189,01;EUR;C04-Andrés
F2024-002871;3;13/02/2024;CLI0089;S06;409,72;1,15;0;471,18;EUR;C05-Rocío
F2024-002871;4;13/02/2024;CLI0089;S06;1663,39;1,13;15;1597,69;EUR;C03-Lucía
F2024-002872;1;08/04/2024;CLI0201;S01;251,28;92,10;15;19671,45;EUR;C01-Marta
F2024-002872;2;08/04/2024;CLI0201;S01;47,46;90,71;0;4305,10;EUR;C01-Marta
F2024-002872;3;08/04/2024;CLI0201;S02;38,63;6,51;0;251,48;EUR;C01-Marta
F2024-002872;4;08/04/2024;CLI0201;S11;25,29;26,14;5;628,03;EUR;C02-Javier
F2024-002873;1;04/11/2024;CLI0051;S05;174,10;3,32;5;549,11;EUR;C02-Javier
F2024-002873;2;04/11/2024;CLI0051;S05;361,93;3,26;5;1120,90;EUR;C04-Andrés
F2024-002873;3;04/11/2024;CLI0051;S06;914,88;1,05;0;960,62;EUR;C05-Rocío
F2024-002874;1;10/03/2024;CLI0370;S05;122,64;3,07;5;357,68;EUR;C05-Rocío
F2024-002874;2;10/03/2024;CLI0370;S06;979,22;1,13;0;1106,52;EUR;C03-Lucía
F2024-002874;3;10/03/2024;CLI0370;S06;915,29;1,10;10;906,14;EUR;C01-Marta
F2024-002874;4;10/03/2024;CLI0370;S06;7140,32;1,11;0;7925,76;EUR;C05-Rocío
F2024-002875;1;03/12/2024;CLI0207;S10;253,49;8,27;0;2096,36;EUR;C01-Marta
F2024-002876;1;08/08/2024;CLI0389;S08;1744,26;2,34;5;3877,49;EUR;C03-Lucía
F2024-002876;2;08/08/2024;CLI0389;S08;713,98;2,28;0;1627,87;EUR;C03-Lucía
F2024-002877;1;16/09/2024;CLI0207;S10;121,98;8,62;5;998,89;EUR;C03-Lucía
F2024-002877;2;16/09/2024;CLI0207;S10;132,92;8,91;0;1184,32;EUR;C03-Lucía
F2024-002877;3;16/09/2024;CLI0207;S10;78,92;8,51;0;671,61;EUR;C04-Andrés
F2024-002877;4;16/09/2024;CLI0207;S10;573,73;8,21;0;4710,32;EUR;C04-Andrés
F2024-002878;1;13/11/2024;CLI0325;S01;112,42;98,03;0;11020,53;EUR;C05-Rocío
F2024-002878;2;13/11/2024;CLI0325;S01;199,08;96,66;0;19243,07;EUR;C03-Lucía
F2024-002879;1;17/07/2024;CLI0312;S08;318,57;2,28;5;690,02;EUR;C01-Marta
F2024-002879;2;17/07/2024;CLI0312;S07;293,30;1,64;5;456,96;EUR;C04-Andrés
F2024-002879;3;17/07/2024;CLI0312;S07;93,76;1,62;0;151,89;EUR;C01-Marta
F2024-002879;4;17/07/2024;CLI0312;S07;411,71;1,67;5;653,18;EUR;C04-Andrés
F2024-002880;1;19/04/2024;CLI0207;S10;380,68;8,66;0;3296,69;EUR;C02-Javier
F2024-002880;2;19/04/2024;CLI0207;S13;1,00;650,72;5;618,18;EUR;C01-Marta
F2024-002880;3;19/04/2024;CLI0207;S10;175,00;8,28;0;1449,00;EUR;C02-Javier
F2024-002880;4;19/04/2024;CLI0207;S14;10,00;217,22;0;2172,20;EUR;C02-Javier
F2024-002881;1;14/02/2024;CLI0212;S12;1,00;119,04;0;119,04;EUR;C04-Andrés
F2024-002881;2;14/02/2024;CLI0212;S04;95,67;14,11;0;1349,90;EUR;C02-Javier
F2024-002881;3;14/02/2024;CLI0212;S03;20,02;39,89;0;798,60;EUR;C05-Rocío
F2024-002881;4;14/02/2024;CLI0212;S03;16,69;38,70;0;645,90;EUR;C01-Marta
F2024-002882;1;19/04/2024;CLI0370;S05;357,17;3,14;0;1121,51;EUR;C05-Rocío
F2024-002882;2;19/04/2024;CLI0370;S05;602,45;3,16;5;1808,55;EUR;C05-Rocío
F2024-002883;1;23/02/2024;CLI0212;S04;159,84;14,62;0;2336,86;EUR;C01-Marta
F2024-002883;2;23/02/2024;CLI0212;S12;3,00;118,46;0;355,38;EUR;C05-Rocío
F2024-002883;3;23/02/2024;CLI0212;S15;2,00;88,14;0;176,28;EUR;C05-Rocío
F2024-002884;1;25/03/2024;CLI0051;S06;1220,79;1,12;0;1367,28;EUR;C04-Andrés
F2024-002884;2;25/03/2024;CLI0051;S06;4688,51;1,13;15;4503,31;EUR;C03-Lucía
F2024-002884;3;25/03/2024;CLI0051;S06;274,62;1,15;0;315,81;EUR;C05-Rocío
F2024-002885;1;09/12/2024;cli0227;S08;6363,77;2,32;0;14763,95;EUR;C01-Marta
F2024-002886;1;12/02/2024;CLI0320;S07;181,89;1,67;0;303,76;EUR;C02-Javier
F2024-002886;2;12/02/2024;CLI0320;S07;249,56;1,54;0;384,32;EUR;C04-Andrés
F2024-002886;3;12/02/2024;CLI0320;S08;8895,18;2,33;10;18653,19;EUR;C04-Andrés
F2024-002886;4;12/02/2024;CLI0320;S08;2808,98;2,34;5;6244,36;EUR;C05-Rocío
F2024-002887;1;26/06/2024;CLI0207;S10;335,97;8,57;0;2879,26;EUR;C05-Rocío
F2024-002887;2;26/06/2024;CLI0207;S10;252,75;8,29;0;2095,30;EUR;C03-Lucía
F2024-002888;1;07/09/2024;CLI0366;S06;819,22;1,06;15;738,12;EUR;C05-Rocío
F2024-002889;1;10/01/2024;CLI0160;S08;460,92;2,44;0;1124,64;EUR;C02-Javier
F2024-002889;2;10/01/2024;CLI0160;S13;1,00;637,57;0;637,57;EUR;C01-Marta
F2024-002889;3;10/01/2024;CLI0160;S15;3,00;82,61;0;247,83;EUR;C01-Marta
F2024-002890;1;12/03/2024;CLI0162;S03;25,03;38,69;10;871,57;EUR;C03-Lucía
F2024-002890;2;12/03/2024;CLI0162;S14;3,00;215,28;0;645,84;EUR;C01-Marta
F2024-002890;3;12/03/2024;CLI0162;S04;311,44;13,94;0;4341,47;EUR;C05-Rocío
F2024-002890;4;12/03/2024;CLI0162;S03;132,49;37,19;5;4680,94;EUR;C01-Marta
F2024-002891;1;23/01/2024;CLI0212;S03;60,66;39,80;0;2414,27;EUR;C05-Rocío
F2024-002891;2;23/01/2024;CLI0212;S03;70,97;39,39;5;2655,73;EUR;C04-Andrés
F2024-002891;3;23/01/2024;CLI0212;S03;38,00;39,56;0;1503,28;EUR;C01-Marta
F2024-002891;4;23/01/2024;CLI0212;S04;1102,27;13,78;0;15189,28;EUR;C05-Rocío
F2024-002892;1;17/10/2024;CLI0296;S06;1143,42;1,08;0;1234,89;EUR;C05-Rocío
F2024-002893;1;21/02/2024;CLI0212;S04;278,47;14,00;0;3898,58;EUR;C05-Rocío
F2024-002893;2;21/02/2024;CLI0212;S15;2,00;87,21;5;165,70;EUR;C03-Lucía
F2024-002894;1;17/02/2024;CLI0058;S07;231,32;1,56;0;360,86;EUR;C03-Lucía
F2024-002895;1;27/01/2024;CLI0136;S01;39,88;90,93;0;3626,29;EUR;C02-Javier
F2024-002895;2;27/01/2024;CLI0136;S01;47,78;99,67;0;4762,23;EUR;C04-Andrés
F2024-002895;3;27/01/2024;CLI0136;S13;1,00;668,66;0;668,66;EUR;C04-Andrés
F2024-002895;4;27/01/2024;CLI0136;S11;44,76;24,20;0;1083,19;EUR;C01-Marta
F2024-002895;4;27/01/2024;CLI0136;S11;44,76;24,20;0;1083,19;EUR;C01-Marta
F2024-002896;1;20/02/2024;CLI0381;S11;24,46;26,05;5;605,32;EUR;C03-Lucía
F2024-002897;1;22/05/2024;CLI0158;S09;115,44;42,30;0;4883,11;EUR;C05-Rocío
F2024-002897;2;22/05/2024;CLI0158;S09;180,19;39,92;0;7193,18;EUR;C04-Andrés
F2024-002898;1;19/12/2024;CLI0057;S07;95,48;1,79;0;170,59;USD;C01-Marta
F2024-002899;1;09/06/2024;CLI0245;S06;907,22;1,08;0;979,80;EUR;C02-Javier
F2024-002900;1;10/08/2024;CLI0285;S14;15,00;216,31;0;3244,65;EUR;C05-Rocío
F2024-002900;2;10/08/2024;CLI0285;S10;2374,68;8,66;0;20564,73;EUR;C01-Marta
F2024-002900;3;10/08/2024;CLI0285;S15;4,00;81,36;5;309,17;EUR;C03-Lucía
F2024-002900;4;10/08/2024;CLI0285;S13;1,00;666,72;0;666,72;EUR;C02-Javier
F2024-002901;1;07/12/2024;CLI0070;S09;115,45;44,00;0;5079,80;EUR;C03-Lucía
F2024-002901;2;07/12/2024;CLI0070;S09;68,71;44,08;0;3028,74;EUR;C02-Javier
F2024-002901;3;07/12/2024;CLI0070;S09;79,98;41,78;0;3341,56;EUR;C05-Rocío
F2024-002901;4;07/12/2024;CLI0070;S09;86,93;41,62;5;3437,13;EUR;C04-Andrés
F2024-002902;1;28/07/2024;CLI0095;S09;170,61;40,59;0;6925,06;EUR;C04-Andrés
F2024-002902;2;28/07/2024;CLI0095;S09;76,83;43,93;10;3037,63;EUR;C03-Lucía
F2024-002903;1;25/02/2024;CLI0350;S06;1454,48;1,15;0;1672,65;EUR;C01-Marta
F2024-002903;2;25/02/2024;CLI0350;S14;16,00;201,42;0;3222,72;EUR;C05-Rocío
F2024-002904;1;10/08/2024;CLI0324;S14;13,00;211,26;10;2471,74;EUR;C02-Javier
F2024-002904;2;10/08/2024;CLI0324;S10;217,62;8,13;0;1769,25;EUR;C05-Rocío
F2024-002905;1;03/12/2024;CLI0076;S09;125,35;41,04;0;5144,36;EUR;C04-Andrés
F2024-002905;2;03/12/2024;CLI0076;S14;5,00;202,27;0;1011,35;EUR;C02-Javier
F2024-002905;3;03/12/2024;CLI0076;S14;4,00;216,75;0;867,00;EUR;C02-Javier
F2024-002905;4;03/12/2024;CLI0076;S15;2,00;88,95;0;177,90;EUR;C02-Javier
F2024-002906;1;22/02/2024;CLI0063;S05;1676,17;3,33;5;5302,56;EUR;C01-Marta
F2024-002906;2;22/02/2024;CLI0063;S05;289,97;3,05;5;840,19;EUR;C03-Lucía
F2024-002906;3;22/02/2024;CLI0063;S05;303,12;3,26;0;988,17;EUR;C01-Marta
F2024-002906;4;22/02/2024;CLI0063;S15;1,00;82,32;0;;EUR;C02-Javier
F2024-002907;1;14/09/2024;CLI0226;S10;193,36;8,56;5;1572,40;EUR;C01-Marta
F2024-002907;2;14/09/2024;CLI0226;S10;379,34;8,79;0;3334,40;EUR;C05-Rocío
F2024-002907;3;14/09/2024;CLI0226;S10;1236,18;8,83;0;10915,47;EUR;C02-Javier
F2024-002908;1;15/09/2024;CLI0051;S06;1692,50;1,09;15;1568,10;EUR;C02-Javier
F2024-002908;2;15/09/2024;CLI0051;S14;16,00;203,85;0;3261,60;EUR;C03-Lucía
F2024-002908;3;15/09/2024;CLI0051;S05;212,35;3,25;0;690,14;EUR;C05-Rocío
F2024-002909;1;18/05/2024;CLI0342;S10;362,75;8,09;0;2934,65;EUR;C01-Marta
F2024-002909;2;18/05/2024;CLI0342;S10;59,85;8,35;5;474,76;EUR;C01-Marta
F2024-002910;1;11/01/2024;CLI0351;S06;2059,80;1,10;0;2265,78;EUR;C03-Lucía
F2024-002910;2;11/01/2024;CLI0351;S06;1346,29;1,08;0;1453,99;EUR;C04-Andrés
F2024-002910;3;11/01/2024;CLI0351;S15;2,00;89,18;0;178,36;EUR;C05-Rocío
F2024-002911;1;14/06/2024;CLI0349;S07;286,17;1,64;0;469,32;EUR;C05-Rocío
F2024-002911;2;14/06/2024;CLI0349;S07;346,99;1,66;0;576,00;EUR;C01-Marta
F2024-002911;3;14/06/2024;CLI0349;S07;680,10;1,62;0;1101,76;EUR;C01-Marta
F2024-002912;1;26/10/2024;CLI0158;S09;354,20;40,35;10;12862,77;EUR;C02-Javier
F2024-002912;2;26/10/2024;CLI0158;S09;111,82;40,13;5;4262,97;EUR;C02-Javier
F2024-002912;3;26/10/2024;CLI0158;S09;113,96;43,79;0;4990,31;EUR;C03-Lucía
F2024-002912;4;26/10/2024;CLI0158;S13;1,00;621,82;5;590,73;EUR;C03-Lucía
F2024-002913;1;15/02/2024;CLI0136;S02;171,40;6,70;0;1148,38;EUR;C02-Javier
F2024-002913;2;15/02/2024;CLI0136;S11;31,18;25,50;0;795,09;EUR;C04-Andrés
F2024-002913;3;15/02/2024;CLI0136;S01;49,12;90,42;0;4441,43;EUR;C03-Lucía
F2024-002913;4;15/02/2024;CLI0136;S01;104,43;92,76;0;9686,93;EUR;C02-Javier
F2024-002914;1;06/01/2024;CLI0212;S12;1,00;121,13;0;121,13;EUR;C02-Javier
F2024-002914;2;06/01/2024;CLI0212;S12;4,00;120,06;0;480,24;EUR;C02-Javier
F2024-002914;3;06/01/2024;CLI0212;S15;3,00;81,21;0;243,63;EUR;C01-Marta
F2024-002914;4;06/01/2024;CLI0212;S04;540,04;13,38;5;6864,45;EUR;C04-Andrés
F2024-002915;1;23/12/2024;CLI0094;S08;452,46;2,30;0;1040,66;EUR;C02-Javier
F2024-002915;2;23/12/2024;CLI0094;S08;923,48;2,42;0;2234,82;EUR;C03-Lucía
F2024-002915;3;23/12/2024;CLI0094;S08;2617,51;2,40;5;5967,92;EUR;C02-Javier
F2024-002915;4;23/12/2024;CLI0094;S08;7379,43;2,38;0;17563,04;EUR;C05-Rocío
F2024-002916;1;17/09/2024;CLI0326;S05;428,27;3,31;5;1346,70;EUR;C04-Andrés
F2024-002916;2;17/09/2024;CLI0326;S06;1607,41;1,05;0;1687,78;EUR;C04-Andrés
F2024-002916;3;17/09/2024;CLI0326;S05;166,13;3,16;5;498,72;EUR;C02-Javier
F2024-002916;4;17/09/2024;CLI0326;S05;239,28;3,23;0;772,87;EUR;C01-Marta
F2024-002917;1;28/06/2024;cli0169;S09;39,27;41,30;0;1621,85;EUR;C01-Marta
F2024-002917;2;28/06/2024;CLI0169;S09;98,59;41,98;0;4138,81;EUR;C01-Marta
F2024-002917;3;28/06/2024;CLI0169;S09;531,59;42,88;0;22794,58;EUR;C01-Marta
F2024-002917;4;28/06/2024;CLI0169;S09;96,43;42,56;0;4104,06;EUR;C02-Javier
F2024-002918;1;17/03/2024;CLI0212;S12;4,00;117,99;0;471,96;EUR;C02-Javier
F2024-002918;2;17/03/2024;CLI0212;S03;91,28;39,27;0;3584,57;EUR;C05-Rocío
F2024-002918;3;17/03/2024;CLI0212;S03;56,52;38,84;0;2195,24;EUR;C03-Lucía
F2024-002918;4;17/03/2024;CLI0212;S12;2,00;116,69;0;233,38;EUR;C04-Andrés
F2024-002919;1;22/06/2024;CLI0158;S09;67,66;40,99;0;2773,38;EUR;C02-Javier
F2024-002919;2;22/06/2024;CLI0158;S09;76,48;40,39;10;2780,12;EUR;C05-Rocío
F2024-002920;1;16/01/2024;CLI0158;S09;124,87;44,00;0;5494,28;EUR;C03-Lucía
F2024-002920;2;16/01/2024;CLI0158;S09;52,66;40,58;15;1816,40;EUR;C02-Javier
F2024-002921;1;17/11/2024;CLI0299;S13;1,00;675,29;0;675,29;EUR;C05-Rocío
F2024-002921;2;17/11/2024;CLI0299;S07;23,02;1,57;0;36,14;EUR;C03-Lucía
F2024-002921;3;17/11/2024;CLI0299;S14;13,00;202,71;5;2503,47;EUR;C04-Andrés
F2024-002921;4;17/11/2024;CLI0299;S15;3,00;86,15;0;258,45;EUR;C04-Andrés
F2024-002922;1;27/08/2024;CLI0221;S10;307,53;8,52;0;2620,16;EUR;C02-Javier
F2024-002922;2;27/08/2024;CLI0221;S15;1,00;86,01;0;86,01;EUR;C05-Rocío
F2024-002922;3;27/08/2024;CLI0221;S10;321,10;8,49;0;2726,14;EUR;C01-Marta
F2024-002923;1;15/09/2024;CLI0175;S10;2525,15;8,52;0;21514,28;EUR;C02-Javier
F2024-002924;1;17/07/2024;CLI0051;S14;8,00;211,67;0;1693,36;EUR;C02-Javier
F2024-002924;2;17/07/2024;CLI0051;S05;374,33;3,10;0;1160,42;EUR;C04-Andrés
F2024-002924;3;17/07/2024;CLI0051;S05;102,64;3,13;15;273,07;EUR;C01-Marta
F2024-002925;1;18/03/2024;CLI0295;S05;258,52;3,12;0;806,58;EUR;C03-Lucía
F2024-002925;2;18/03/2024;CLI0295;S06;441,74;1,15;0;508,00;EUR;C05-Rocío
F2024-002925;3;18/03/2024;CLI0295;S05;786,48;3,11;0;2445,95;EUR;C04-Andrés
F2024-002925;4;18/03/2024;CLI0295;S06;5311,05;1,09;0;5789,04;EUR;C04-Andrés
F2024-002926;1;10/08/2024;CLI0136;S01;35,90;99,17;0;3560,20;EUR;C05-Rocío
F2024-002926;2;10/08/2024;CLI0136;S13;1,00;620,41;0;620,41;EUR;C05-Rocío
F2024-002926;3;10/08/2024;CLI0136;S11;28,68;24,61;5;670,52;EUR;C03-Lucía
F2024-002926;4;10/08/2024;CLI0136;S13;1,00;658,93;0;658,93;EUR;C03-Lucía
F2024-002927;1;14/02/2024;CLI0237;S09;135,27;41,71;5;5360,01;EUR;C02-Javier
F2024-002927;2;14/02/2024;CLI0237;S13;1,00;618,98;0;618,98;EUR;C05-Rocío
F2024-002927;3;14/02/2024;CLI0237;S13;1,00;617,59;0;617,59;EUR;C01-Marta
F2024-002927;4;14/02/2024;CLI0237;S09;86,08;42,20;5;3450,95;EUR;C04-Andrés
F2024-002928;1;14/05/2024;CLI0247;S14;2,00;218,18;10;392,72;EUR;C02-Javier
F2024-002929;1;12/01/2024;CLI0317;S10;203,55;8,23;10;1507,69;EUR;C05-Rocío
F2024-002929;2;12/01/2024;CLI0317;S13;1,00;626,13;15;532,21;EUR;C01-Marta
F2024-002929;3;12/01/2024;CLI0317;S10;255,27;8,75;0;2233,61;EUR;C03-Lucía
F2024-002930;1;14/09/2024;CLI0008;S01;36,07;98,57;10;3199,88;EUR;C02-Javier
F2024-002930;2;14/09/2024;CLI0008;S15;3,00;85,74;10;231,50;EUR;C05-Rocío
F2024-002931;1;10/01/2024;CLI0247;S10;192,16;8,74;0;1679,48;EUR;C05-Rocío
F2024-002931;2;10/01/2024;CLI0247;S15;3,00;83,00;0;249,00;EUR;C02-Javier
F2024-002932;1;21/02/2024;CLI0324;S15;3,00;83,45;0;250,35;EUR;C02-Javier
F2024-002932;2;21/02/2024;CLI0324;S10;159,97;8,40;0;1343,75;EUR;C04-Andrés
F2024-002932;3;21/02/2024;CLI0324;S10;727,55;8,35;0;6075,04;EUR;C03-Lucía
F2024-002932;4;21/02/2024;CLI0324;S10;2156,94;8,72;0;18808,52;EUR;C02-Javier
F2024-002933;1;27/09/2024;CLI0341;S05;1084,59;3,18;0;3449,00;EUR;C01-Marta
F2024-002934;1;19/07/2024;CLI0386;S01;195,35;91,03;0;17782,71;EUR;C04-Andrés
F2024-002934;2;19/07/2024;CLI0386;S11;33,42;25,35;5;804,84;EUR;C03-Lucía
F2024-002935;1;17/09/2024;CLI0324;S10;1210,12;8,63;0;10443,34;EUR;C05-Rocío
F2024-002935;2;17/09/2024;CLI0324;S10;1388,10;8,65;0;12007,07;EUR;C03-Lucía
F2024-002936;1;03/01/2024;CLI0051;S05;612,13;3,29;5;1913,21;EUR;C03-Lucía
F2024-002936;2;03/01/2024;CLI0051;S06;2733,82;1,11;5;2882,81;EUR;C05-Rocío
F2024-002937;1;17/11/2024;CLI0380;S14;14,00;209,51;0;2933,14;EUR;C03-Lucía
F2024-002937;2;17/11/2024;CLI0380;S06;2482,99;1,06;0;2631,97;EUR;C05-Rocío
F2024-002937;3;17/11/2024;CLI0380;S05;1845,24;3,19;0;5886,32;EUR;C04-Andrés
F2024-002938;1;07/06/2024;CLI0172;S10;826,31;8,16;5;6405,56;EUR;C04-Andrés
F2024-002938;2;07/06/2024;CLI0172;S10;357,00;8,27;0;2952,39;EUR;C03-Lucía
F2024-002938;3;07/06/2024;CLI0172;S13;1,00;677,90;5;644,00;EUR;C04-Andrés
F2024-002938;4;07/06/2024;CLI0172;S15;3,00;81,18;0;243,54;EUR;C02-Javier
F2024-002939;1;16/06/2024;CLI0078;S10;294,85;8,74;0;2576,99;EUR;C05-Rocío
F2024-002940;1;09/01/2024;CLI0051;S05;167,22;3,29;15;467,63;EUR;C03-Lucía
F2024-002941;1;14/03/2024;CLI0328;S06;3526,47;1,24;0;4386,55;USD;C03-Lucía
F2024-002941;2;14/03/2024;CLI0328;S15;3,00;82,56;5;235,30;EUR;C05-Rocío
F2024-002941;3;14/03/2024;CLI0328;S05;131,61;3,45;5;431,85;USD;C05-Rocío
F2024-002941;4;14/03/2024;CLI0328;S06;620,08;1,05;0;651,08;EUR;C05-Rocío
F2024-002942;1;21/12/2024;CLI0207;S10;230,77;8,71;0;2010,01;EUR;C05-Rocío
F2024-002943;1;27/03/2024;CLI0095;S09;39,95;42,42;10;1525,21;EUR;C05-Rocío
F2024-002943;2;27/03/2024;CLI0095;S09;101,81;42,87;0;4364,59;EUR;C03-Lucía
F2024-002944;1;17/03/2024;CLI0078;S10;4537,82;8,68;0;39388,28;EUR;C04-Andrés
F2024-002944;2;17/03/2024;CLI0078;S10;589,21;8,11;0;4778,49;EUR;C02-Javier
F2024-002944;3;17/03/2024;CLI0078;S10;50,00;8,82;0;;EUR;C03-Lucía
F2024-002944;3;17/03/2024;CLI0078;S10;50,00;8,82;0;;EUR;C03-Lucía
F2024-002944;4;17/03/2024;CLI0078;S10;248,48;8,92;0;2216,44;EUR;C01-Marta
F2024-002945;1;25/02/2024;CLI0212;S03;44,48;39,67;0;1764,52;EUR;C01-Marta
F2024-002945;2;25/02/2024;CLI0212;S14;13,00;216,54;0;2815,02;EUR;C01-Marta
F2024-002945;3;25/02/2024;CLI0212;S03;31,58;38,21;0;1206,67;EUR;C04-Andrés
F2024-002946;1;21/10/2024;CLI0056;S10;112,89;8,08;0;912,15;EUR;C04-Andrés
F2024-002947;1;24/08/2024;CLI0145;S10;170,36;8,13;0;1385,03;EUR;C05-Rocío
F2024-002948;1;17/09/2024;CLI0051;S13;1,00;628,21;0;628,21;EUR;C01-Marta
F2024-002948;2;17/09/2024;CLI0051;S05;2928,17;3,15;15;7840,18;EUR;C02-Javier
F2024-002949;1;16/09/2024;CLI0113;S09;170,83;40,17;0;6862,24;EUR;C04-Andrés
F2024-002949;2;16/09/2024;CLI0113;S09;85,10;41,47;0;3529,10;EUR;C02-Javier
F2024-002949;3;16/09/2024;CLI0113;S14;5,00;215,82;0;1079,10;EUR;C02-Javier
F2024-002950;1;11/11/2024;CLI0322;S06;941,49;1,07;10;906,65;EUR;C01-Marta
F2024-002951;1;20/01/2024;CLI0373;S11;40,09;24,28;5;924,72;EUR;C01-Marta
F2024-002951;2;20/01/2024;CLI0373;S01;67,65;96,07;0;6499,14;EUR;C04-Andrés
F2024-002951;3;20/01/2024;CLI0373;S02;867,49;6,32;0;5482,54;EUR;C01-Marta
F2024-002952;1;10/10/2024;CLI0105;S15;1,00;94,90;0;94,90;USD;C03-Lucía
F2024-002952;2;10/10/2024;CLI0105;S10;925,09;8,47;5;7443,74;EUR;C04-Andrés
F2024-002952;3;10/10/2024;CLI0105;S10;310,88;9,54;5;2818,65;USD;C04-Andrés
F2024-002953;1;20/06/2024;CLI0001;S06;1867,81;1,14;0;2129,30;EUR;C03-Lucía
F2024-002953;2;20/06/2024;CLI0001;S06;1094,29;1,09;5;1133,14;EUR;C03-Lucía
F2024-002953;3;20/06/2024;CLI0001;S05;311,54;3,08;0;959,54;EUR;C04-Andrés
F2024-002954;1;01/09/2024;CLI0126;S14;11,00;212,17;0;2333,87;EUR;C04-Andrés
F2024-002955;1;06/12/2024;CLI0367;S06;2151,11;1,06;0;2280,18;EUR;C04-Andrés
F2024-002955;2;06/12/2024;CLI0367;S15;1,00;88,98;0;88,98;EUR;C04-Andrés
F2024-002955;3;06/12/2024;CLI0367;S13;1,00;681,68;0;681,68;EUR;C05-Rocío
F2024-002955;4;06/12/2024;CLI0367;S05;342,11;3,36;0;1149,49;EUR;C04-Andrés
F2024-002956;1;21/03/2024;CLI0012;S08;645,83;2,33;5;1429,54;EUR;C05-Rocío
F2024-002956;2;21/03/2024;cli0012;S08;5723,97;2,40;5;13050,65;EUR;C03-Lucía
F2024-002956;3;21/03/2024;CLI0012;S14;15,00;213,54;0;3203,10;EUR;C01-Marta
F2024-002957;1;24/12/2024;CLI0139;S05;59,87;3,10;0;185,60;EUR;C05-Rocío
F2024-002957;2;24/12/2024;CLI0139;S06;1411,14;1,09;0;1538,14;EUR;C01-Marta
F2024-002958;1;23/10/2024;CLI0368;S10;1553,03;8,18;5;12068,60;EUR;C03-Lucía
F2024-002958;2;23/10/2024;CLI0368;S10;374,28;8,57;0;3207,58;EUR;C02-Javier
F2024-002959;1;20/09/2024;CLI0143;S10;591,35;8,45;15;4247,37;EUR;C04-Andrés
F2024-002959;2;20/09/2024;CLI0143;S14;4,00;216,90;0;867,60;EUR;C05-Rocío
F2024-002959;3;20/09/2024;CLI0143;S10;669,12;8,38;0;;EUR;C02-Javier
F2024-002959;4;20/09/2024;CLI0143;S10;1141,75;8,23;5;8926,77;EUR;C05-Rocío
F2024-002960;1;06/07/2024;CLI0370;S06;1557,03;1,06;5;1567,93;EUR;C02-Javier
F2024-002961;1;24/07/2024;CLI0244;S09;30,87;43,90;0;1355,19;EUR;C01-Marta
F2024-002961;2;24/07/2024;CLI0244;S09;284,68;42,57;5;11512,89;EUR;C04-Andrés
F2024-002961;3;24/07/2024;CLI0244;S09;137,49;41,40;5;5407,48;EUR;C04-Andrés
F2024-002961;4;24/07/2024;CLI0244;S09;132,39;42,18;0;5584,21;EUR;C05-Rocío
F2024-002962;1;15/09/2024;CLI0274;S08;2254,41;2,49;10;5052,13;EUR;C04-Andrés
F2024-002962;2;15/09/2024;CLI0274;S14;8,00;216,63;0;1733,04;EUR;C04-Andrés
F2024-002962;3;15/09/2024;CLI0274;S07;127,95;1,54;0;197,04;EUR;C01-Marta
F2024-002962;4;15/09/2024;CLI0274;S07;118,94;1,65;0;196,25;EUR;C05-Rocío
F2024-002963;1;04/11/2024;CLI0379;S08;2253,67;2,42;0;5453,88;EUR;C04-Andrés
F2024-002963;2;04/11/2024;CLI0379;S07;141,10;1,52;0;214,47;EUR;C05-Rocío
F2024-002964;1;24/07/2024;CLI0068;S06;985,33;1,11;0;1093,72;EUR;C01-Marta
F2024-002964;2;24/07/2024;CLI0068;S06;2007,46;1,10;0;2208,21;EUR;C05-Rocío
F2024-002964;3;24/07/2024;CLI0068;S05;959,04;3,19;0;3059,34;EUR;C01-Marta
F2024-002965;1;28/02/2024;CLI0087;S10;72,12;8,46;0;610,14;EUR;C03-Lucía
F2024-002965;2;28/02/2024;CLI0087;S14;11,00;242,62;5;2535,36;USD;C02-Javier
F2024-002965;3;28/02/2024;CLI0087;S10;630,75;8,20;0;5172,15;EUR;C05-Rocío
F2024-002966;1;02/05/2024;CLI0142;S05;94,48;3,08;5;276,45;EUR;C03-Lucía
F2024-002966;2;02/05/2024;CLI0142;S05;257,86;3,22;0;830,31;EUR;C03-Lucía
F2024-002966;3;02/05/2024;CLI0142;S14;12,00;201,82;0;2421,84;EUR;C02-Javier
F2024-002966;4;02/05/2024;CLI0142;S05;123,18;3,31;15;346,57;EUR;C04-Andrés
F2024-002967;1;03/10/2024;CLI0207;S13;1,00;626,98;0;626,98;EUR;C05-Rocío
F2024-002967;2;03/10/2024;CLI0207;S10;121,21;8,50;0;1030,28;EUR;C01-Marta
F2024-002968;1;16/07/2024;CLI0272;S09;132,55;40,92;5;5152,75;EUR;C05-Rocío
F2024-002968;2;16/07/2024;CLI0272;S09;156,85;43,52;0;6826,11;EUR;C04-Andrés
F2024-002968;3;16/07/2024;CLI0272;S15;4,00;87,27;0;349,08;EUR;C01-Marta
F2024-002969;1;11/02/2024;CLI0242;S03;209,69;36,84;0;7724,98;EUR;C04-Andrés
F2024-002969;2;11/02/2024;CLI0242;S12;3,00;119,58;0;358,74;EUR;C01-Marta
F2024-002969;3;11/02/2024;CLI0242;S13;1,00;673,09;0;673,09;EUR;C01-Marta
F2024-002969;4;11/02/2024;CLI0242;S04;32,10;13,31;0;427,25;EUR;C04-Andrés
F2024-002970;1;10/09/2024;CLI0198;S13;1,00;622,03;0;622,03;EUR;C01-Marta
F2024-002970;2;10/09/2024;CLI0198;S01;98,49;93,37;0;9196,01;EUR;C03-Lucía
F2024-002970;3;10/09/2024;CLI0198;S14;2,00;211,24;0;422,48;EUR;C01-Marta
F2024-002971;1;21/09/2024;CLI0380;S05;92,31;3,12;5;273,61;EUR;C03-Lucía
F2024-002971;2;21/09/2024;CLI0380;S06;1228,92;1,10;0;1351,81;EUR;C04-Andrés
F2024-002971;3;21/09/2024;CLI0380;S14;13,00;202,79;0;2636,27;EUR;C03-Lucía
F2024-002971;4;21/09/2024;CLI0380;S06;683,13;1,12;0;765,11;EUR;C02-Javier
F2024-002972;1;13/05/2024;CLI0341;S15;2,00;85,28;5;162,03;EUR;C01-Marta
F2024-002972;2;13/05/2024;CLI0341;S14;4,00;204,90;5;778,62;EUR;C01-Marta
F2024-002972;3;13/05/2024;CLI0341;S05;1008,59;3,04;0;3066,11;EUR;C05-Rocío
F2024-002972;4;13/05/2024;CLI0341;S06;2892,80;1,10;0;3182,08;EUR;C05-Rocío
F2024-002973;1;24/09/2024;CLI0311;S13;1,00;648,04;0;648,04;EUR;C05-Rocío
F2024-002974;1;12/05/2024;CLI0212;S12;4,00;122,52;0;490,08;EUR;C03-Lucía
F2024-002974;2;12/05/2024;CLI0212;S03;87,05;39,60;0;3447,18;EUR;C05-Rocío
F2024-002974;3;12/05/2024;CLI0212;S12;4,00;117,00;0;468,00;EUR;C02-Javier
F2024-002974;4;12/05/2024;CLI0212;S03;54,54;38,05;0;2075,25;EUR;C04-Andrés
F2024-002975;1;03/12/2024;CLI0323;S06;634,40;1,05;0;666,12;EUR;C03-Lucía
F2024-002975;2;03/12/2024;CLI0323;S15;1,00;86,15;0;86,15;EUR;C05-Rocío
F2024-002975;3;03/12/2024;CLI0323;S05;623,83;3,23;0;2014,97;EUR;C04-Andrés
F2024-002976;1;21/06/2024;CLI0101;S10;339,80;8,46;10;2587,24;EUR;C02-Javier
F2024-002977;1;09/03/2024;CLI0322;S05;3370,01;3,28;0;11053,63;EUR;C05-Rocío
F2024-002977;2;09/03/2024;CLI0322;S06;1319,18;1,13;10;1341,61;EUR;C02-Javier
F2024-002977;3;09/03/2024;CLI0322;S05;5900,66;3,07;5;17209,27;EUR;C01-Marta
F2024-002977;4;09/03/2024;CLI0322;S14;13,00;216,27;0;2811,51;EUR;C04-Andrés
F2024-002978;1;03/08/2024;CLI0310;S04;150,35;13,55;0;2037,24;EUR;C05-Rocío
F2024-002978;2;03/08/2024;CLI0310;S03;15,30;38,53;5;560,03;EUR;C01-Marta
F2024-002978;3;03/08/2024;CLI0310;S04;389,03;14,39;0;5598,14;EUR;C01-Marta
F2024-002979;1;23/04/2024;CLI0207;S10;809,76;8,66;0;7012,52;EUR;C01-Marta
F2024-002979;2;23/04/2024;CLI0207;S10;573,78;8,48;0;4865,65;EUR;C04-Andrés
F2024-002979;3;23/04/2024;CLI0207;S13;1,00;681,33;0;681,33;EUR;C04-Andrés
F2024-002980;1;12/05/2024;CLI0149;S07;231,62;1,64;5;360,86;EUR;C03-Lucía
F2024-002980;2;12/05/2024;CLI0149;S08;393,83;2,38;15;796,72;EUR;C01-Marta
F2024-002980;3;12/05/2024;CLI0149;S08;1109,78;2,40;0;2663,47;EUR;C04-Andrés
F2024-002980;4;12/05/2024;CLI0149;S07;195,41;1,67;0;326,33;EUR;C04-Andrés
F2024-002981;1;14/10/2024;CLI0051;S05;277,08;3,33;10;830,41;EUR;C01-Marta
F2024-002981;2;14/10/2024;CLI0051;S14;11,00;218,05;0;2398,55;EUR;C02-Javier
F2024-002981;3;14/10/2024;CLI0051;S05;621,20;3,19;0;1981,63;EUR;C02-Javier
F2024-002981;4;14/10/2024;CLI0051;S06;2923,84;1,12;15;2783,50;EUR;C01-Marta
F2024-002982;1;14/09/2024;CLI0100;S08;500,21;2,37;0;1185,50;EUR;C03-Lucía
F2024-002983;1;05/08/2024;CLI0152;S13;1,00;673,77;0;673,77;EUR;C01-Marta
F2024-002984;1;05/12/2024;CLI0136;S11;14,98;25,10;0;376,00;EUR;C05-Rocío
F2024-002984;2;05/12/2024;CLI0136;S01;275,19;97,49;0;26828,27;EUR;C05-Rocío
F2024-002984;3;05/12/2024;CLI0136;S01;30,37;96,82;0;2940,42;EUR;C05-Rocío
F2024-002985;1;22/10/2024;CLI0170;S15;3,00;82,33;0;246,99;EUR;C02-Javier
F2024-002985;2;22/10/2024;CLI0170;S06;852,62;1,11;15;804,45;EUR;C03-Lucía
F2024-002985;3;22/10/2024;CLI0170;S06;1549,02;1,10;5;1618,73;EUR;C04-Andrés
F2024-002985;4;22/10/2024;CLI0170;S05;691,45;3,11;5;2042,89;EUR;C04-Andrés
F2024-002986;1;22/09/2024;CLI0192;S13;1,00;735,98;0;735,98;USD;C02-Javier
F2024-002986;2;22/09/2024;CLI0192;S10;326,25;8,21;0;2678,51;EUR;C03-Lucía
F2024-002987;1;26/05/2024;CLI0089;S06;1110,60;1,08;5;1139,48;EUR;C02-Javier
F2024-002987;2;26/05/2024;CLI0089;S06;1925,67;1,14;5;2085,50;EUR;C02-Javier
F2024-002988;1;20/11/2024;CLI0008;S02;346,29;6,82;10;2125,53;EUR;C03-Lucía
F2024-002989;1;22/01/2024;CLI0207;S10;1629,62;8,59;0;13998,44;EUR;C01-Marta
F2024-002989;2;22/01/2024;CLI0207;S13;1,00;668,82;5;635,38;EUR;C04-Andrés
F2024-002989;3;22/01/2024;CLI0207;S10;65,42;8,49;0;555,42;EUR;C02-Javier
F2024-002989;4;22/01/2024;CLI0207;S10;712,96;8,61;0;6138,59;EUR;C03-Lucía
F2024-002990;1;23/02/2024;CLI0380;S14;7,00;204,34;0;1430,38;EUR;C04-Andrés
F2024-002990;2;23/02/2024;CLI0380;S05;333,37;3,35;0;1116,79;EUR;C02-Javier
F2024-002990;3;23/02/2024;CLI0380;S13;1,00;644,27;0;644,27;EUR;C01-Marta
F2024-002991;1;15/08/2024;CLI0101;S10;517,48;9,84;0;5092,75;USD;C05-Rocío
F2024-002991;2;15/08/2024;CLI0101;S10;558,41;8,15;10;4095,94;EUR;C04-Andrés
F2024-002992;1;25/05/2024;CLI0264;S07;434,54;1,55;0;673,54;EUR;C02-Javier
F2024-002992;2;25/05/2024;CLI0264;S07;1891,53;1,56;0;2950,79;EUR;C03-Lucía
F2024-002992;3;25/05/2024;CLI0264;S08;550,69;2,30;0;1266,59;EUR;C01-Marta
F2024-002992;4;25/05/2024;CLI0264;S07;297,07;1,65;0;490,17;EUR;C05-Rocío
F2024-002993;1;18/07/2024;CLI0194;S01;39,77;94,28;5;3562,04;EUR;C02-Javier
F2024-002993;2;18/07/2024;CLI0194;S11;15,74;27,24;15;364,41;USD;C04-Andrés
F2024-002993;3;18/07/2024;CLI0194;S11;17,65;24,11;0;425,54;EUR;C03-Lucía
F2024-002993;4;18/07/2024;CLI0194;S15;4,00;93,63;0;374,51;USD;C02-Javier
F2024-002994;1;04/03/2024;CLI0183;S12;4,00;118,19;5;449,12;EUR;C03-Lucía
F2024-002995;1;17/12/2024;CLI0113;S09;353,88;40,26;0;14247,21;EUR;C03-Lucía
F2024-002995;2;17/12/2024;CLI0113;S09;69,74;43,84;0;3057,40;EUR;C02-Javier
F2024-002996;1;27/08/2024;CLI0325;S02;166,69;6,66;0;1110,16;EUR;C01-Marta
F2024-002996;2;27/08/2024;CLI0325;S02;571,56;6,20;5;3366,49;EUR;C05-Rocío
F2024-002996;3;27/08/2024;CLI0325;S01;233,17;99,66;0;23237,72;EUR;C04-Andrés
F2024-002997;1;08/06/2024;CLI0149;S08;1065,19;2,34;15;2118,66;EUR;C05-Rocío
F2024-002998;1;25/07/2024;CLI0103;S08;371,30;2,47;0;917,11;EUR;C03-Lucía
F2024-002998;2;25/07/2024;CLI0103;S08;1597,91;2,37;5;3597,69;EUR;C03-Lucía
F2024-002998;3;25/07/2024;CLI0103;S08;1795,87;2,45;0;4399,88;EUR;C02-Javier
F2024-002999;1;21/10/2024;CLI0312;S08;3591,67;2,49;0;8943,26;EUR;C04-Andrés
F2024-002999;2;21/10/2024;CLI0312;S08;3544,14;2,48;0;8789,47;EUR;C04-Andrés
F2024-002999;3;21/10/2024;CLI0312;S07;251,96;1,66;0;418,25;EUR;C03-Lucía
F2024-002999;4;21/10/2024;CLI0312;S08;3034,29;2,50;10;6827,15;EUR;C05-Rocío
F2024-003000;1;02/07/2024;CLI0367;S05;180,27;3,22;5;551,45;EUR;C02-Javier
F2024-003000;2;02/07/2024;CLI0367;S06;1778,02;1,06;0;1884,70;EUR;C05-Rocío
F2024-003001;1;28/06/2024;CLI0298;S02;145,82;6,58;0;959,50;EUR;C05-Rocío
F2024-003002;1;01/07/2024;CLI0261;S08;3288,76;2,51;0;8254,79;EUR;C05-Rocío
F2024-003002;2;01/07/2024;CLI0261;S15;1,00;83,25;0;83,25;EUR;C02-Javier
F2024-003002;3;01/07/2024;CLI0261;S08;1230,62;2,39;0;2941,18;EUR;C01-Marta
F2024-003002;4;01/07/2024;CLI0261;S07;4280,39;1,62;5;6587,52;EUR;C01-Marta
F2024-003003;1;09/01/2024;CLI0241;S03;22,70;36,55;0;829,68;EUR;C04-Andrés
F2024-003003;2;09/01/2024;CLI0241;S13;1,00;647,24;5;614,88;EUR;C01-Marta
F2024-003003;3;09/01/2024;CLI0241;S13;1,00;629,17;0;629,17;EUR;C01-Marta
F2024-003003;4;09/01/2024;CLI0241;S03;12,54;39,73;0;498,21;EUR;C05-Rocío
F2024-003004;1;23/02/2024;CLI0382;S10;138,95;8,75;0;1215,81;EUR;C05-Rocío
F2024-003004;2;23/02/2024;CLI0382;S10;239,97;8,88;0;2130,93;EUR;C02-Javier
F2024-003004;3;23/02/2024;CLI0382;S10;217,22;8,39;0;1822,48;EUR;C01-Marta
F2024-003005;1;02/10/2024;CLI0076;S15;1,00;89,16;5;84,70;EUR;C02-Javier
F2024-003005;2;02/10/2024;CLI0076;S09;50,83;42,85;5;2069,16;EUR;C02-Javier
F2024-003005;3;02/10/2024;CLI0076;S09;124,98;43,24;0;5404,14;EUR;C05-Rocío
F2024-003005;4;02/10/2024;CLI0076;S09;107,52;42,55;5;4346,23;EUR;C03-Lucía
F2024-003006;1;22/10/2024;CLI0351;S06;1464,38;1,13;5;1572,01;EUR;C02-Javier
F2024-003006;2;22/10/2024;CLI0351;S05;365,16;3,30;5;1144,78;EUR;C05-Rocío
F2024-003006;3;2024-10-22;CLI0351;S05;3116,68;3,24;5;9593,14;EUR;C04-Andrés
F2024-003006;3;2024-10-22;CLI0351;S05;3116,68;3,24;5;9593,14;EUR;C04-Andrés
F2024-003006;4;22/10/2024;CLI0351;S06;3094,70;1,14;0;3527,96;EUR;C01-Marta
F2024-003007;1;15/12/2024;CLI0175;S10;323,67;8,46;0;2738,25;EUR;C02-Javier
F2024-003007;2;15/12/2024;CLI0175;S14;5,00;214,10;0;1070,50;EUR;C03-Lucía
F2024-003008;1;23/09/2024;CLI0395;S11;17,03;25,85;15;374,19;EUR;C03-Lucía
F2024-003009;1;25/10/2024;CLI0253;S14;8,00;210,84;0;1686,72;EUR;C05-Rocío
F2024-003009;2;25/10/2024;CLI0253;S13;1,00;674,81;0;674,81;EUR;C03-Lucía
F2024-003010;1;06/06/2024;CLI0322;S06;568,73;1,12;10;573,28;EUR;C03-Lucía
F2024-003010;2;06/06/2024;CLI0322;S13;1,00;666,36;5;633,04;EUR;C04-Andrés
F2024-003010;3;06/06/2024;CLI0322;S06;318,03;1,10;5;332,34;EUR;C02-Javier
F2024-003010;4;06/06/2024;CLI0322;S06;2752,20;1,08;0;2972,38;EUR;C03-Lucía
F2024-003011;1;24/10/2024;CLI0174;S07;138,76;1,58;0;219,24;EUR;C03-Lucía
F2024-003011;2;24/10/2024;CLI0174;S15;1,00;87,69;0;87,69;EUR;C05-Rocío
F2024-003011;3;24/10/2024;CLI0174;S08;178,27;2,32;0;413,59;EUR;C01-Marta
F2024-003011;4;24/10/2024;CLI0174;S07;578,66;1,55;0;896,92;EUR;C01-Marta
F2024-003012;1;15/09/2024;CLI0356;S10;375,63;8,78;5;3133,13;EUR;C05-Rocío
F2024-003013;1;02/06/2024;CLI0399;S14;14,00;213,39;0;2987,46;EUR;C02-Javier
F2024-003014;1;18/02/2024;CLI0207;S10;1145,51;8,89;0;10183,58;EUR;C05-Rocío
F2024-003014;2;18/02/2024;CLI0207;S10;286,03;8,72;0;2494,18;EUR;C03-Lucía
F2024-003015;1;18/04/2024;CLI0207;S10;103,65;8,73;0;904,86;EUR;C03-Lucía
F2024-003015;2;18/04/2024;CLI0207;S10;417,19;8,27;0;3450,16;EUR;C02-Javier
F2024-003015;3;18/04/2024;CLI0207;S15;4,00;81,38;5;309,24;EUR;C05-Rocío
F2024-003016;1;24/08/2024;CLI0299;S15;1,00;87,25;0;87,25;EUR;C05-Rocío
F2024-003016;2;24/08/2024;CLI0299;S13;1,00;623,40;0;623,40;EUR;C01-Marta
F2024-003016;3;24/08/2024;CLI0299;S07;378,65;1,66;0;628,56;EUR;C02-Javier
F2024-003017;1;22/07/2024;CLI0104;S10;345,65;8,30;5;2725,45;EUR;C03-Lucía
F2024-003018;1;06/10/2024;CLI0207;S10;191,53;8,75;0;1675,89;EUR;C02-Javier
F2024-003018;2;06/10/2024;CLI0207;S10;143,51;8,78;0;1260,02;EUR;C05-Rocío
F2024-003018;3;06/10/2024;CLI0207;S10;173,58;8,29;5;1367,03;EUR;C05-Rocío
F2024-003018;4;06/10/2024;CLI0207;S10;130,88;8,63;0;1129,49;EUR;C05-Rocío
F2024-003019;1;21/06/2024;CLI0272;S09;82,18;40,50;0;3328,29;EUR;C02-Javier
F2024-003019;2;21/06/2024;CLI0272;S09;92,60;41,65;0;3856,79;EUR;C04-Andrés
F2024-003019;3;21/06/2024;CLI0272;S09;104,89;42,05;0;4410,62;EUR;C05-Rocío
F2024-003020;1;13/05/2024;CLI0328;S05;444,13;3,10;0;1376,80;EUR;C02-Javier
F2024-003020;2;13/05/2024;CLI0328;S05;309,88;3,70;0;1148,10;USD;C02-Javier
F2024-003021;1;27/03/2024;CLI0029;S08;962,39;2,35;5;2148,54;EUR;C04-Andrés
F2024-003021;2;27/03/2024;CLI0029;S15;2,00;83,83;15;142,51;EUR;C05-Rocío
F2024-003021;3;27/03/2024;CLI0029;S08;1366,12;2,37;0;3237,70;EUR;C02-Javier
F2024-003022;1;17/07/2024;CLI0224;S06;1986,36;1,06;0;2105,54;EUR;C03-Lucía
F2024-003022;2;17/07/2024;CLI0224;S06;429,83;1,13;5;461,42;EUR;C02-Javier
F2024-003022;3;17/07/2024;CLI0224;S06;2410,22;1,14;5;2610,27;EUR;C02-Javier
F2024-003023;1;22/03/2024;CLI0048;S10;653,46;8,40;0;5489,06;EUR;C03-Lucía
F2024-003023;2;22/03/2024;CLI0048;S10;327,55;8,12;5;2526,72;EUR;C05-Rocío
F2024-003024;1;08/06/2024;CLI0095;S15;2,00;84,79;15;144,14;EUR;C01-Marta
F2024-003024;2;08/06/2024;CLI0095;S09;253,28;40,27;5;9689,61;EUR;C02-Javier
F2024-003025;1;16/05/2024;CLI0209;S05;505,98;3,18;0;1609,02;EUR;C02-Javier
F2024-003025;2;16/05/2024;CLI0209;S13;1,00;678,17;0;678,17;EUR;C04-Andrés
F2024-003026;1;27/10/2024;CLI0212;S04;1388,66;14,01;0;19455,13;EUR;C02-Javier
F2024-003027;1;01/12/2024;CLI0078;S10;412,79;8,81;0;3636,68;EUR;C01-Marta
F2024-003027;2;01/12/2024;CLI0078;S10;241,27;8,84;5;2026,19;EUR;C03-Lucía
F2024-003027;3;01/12/2024;CLI0078;S10;1807,45;8,58;0;15507,92;EUR;C02-Javier
F2024-003027;4;01/12/2024;CLI0078;S10;143,23;8,55;0;1224,62;EUR;C02-Javier
F2024-003028;1;13/04/2024;CLI0280;S02;690,87;6,55;0;4525,20;EUR;C04-Andrés
F2024-003028;2;13/04/2024;CLI0280;S01;180,11;98,13;0;17674,19;EUR;C04-Andrés
F2024-003028;3;13/04/2024;CLI0280;S15;2,00;82,10;0;164,20;EUR;C05-Rocío
F2024-003029;1;21/06/2024;CLI0224;S05;175,03;3,08;0;539,09;EUR;C01-Marta
F2024-003029;2;21/06/2024;CLI0224;S06;808,99;1,06;0;857,53;EUR;C01-Marta
F2024-003029;3;21/06/2024;CLI0224;S13;1,00;633,56;0;633,56;EUR;C02-Javier
F2024-003029;4;21/06/2024;CLI0224;S14;2,00;209,24;0;418,48;EUR;C03-Lucía
F2024-003030;1;22/12/2024;CLI0094;S15;4,00;82,11;0;328,44;EUR;C04-Andrés
F2024-003030;2;22/12/2024;CLI0094;S08;1562,57;2,43;0;3797,05;EUR;C01-Marta
F2024-003030;3;22/12/2024;CLI0094;S08;5984,56;2,29;0;13704,64;EUR;C04-Andrés
F2024-003031;1;04/10/2024;CLI0094;S15;3,00;84,53;0;253,59;EUR;C01-Marta
F2024-003031;2;04/10/2024;CLI0094;S08;753,06;2,33;5;1666,90;EUR;C04-Andrés
F2024-003031;3;04/10/2024;CLI0094;S07;1084,53;1,64;0;1778,63;EUR;C03-Lucía
F2024-003032;1;24/06/2024;CLI0111;S14;11,00;200,34;0;2203,74;EUR;C02-Javier
F2024-003032;2;24/06/2024;CLI0111;S02;51,48;6,42;0;330,50;EUR;C01-Marta
F2024-003032;3;24/06/2024;CLI0111;S02;474,72;6,45;0;3061,94;EUR;C01-Marta
F2024-003032;4;24/06/2024;CLI0111;S01;163,50;94,62;5;14696,85;EUR;C03-Lucía
F2024-003033;1;01/12/2024;CLI0051;S13;1,00;680,30;5;646,28;EUR;C01-Marta
F2024-003033;2;01/12/2024;CLI0051;S06;1751,57;1,15;5;1913,59;EUR;C03-Lucía
F2024-003034;1;11/04/2024;CLI0282;S15;3,00;89,19;5;254,19;EUR;C02-Javier
F2024-003034;2;11/04/2024;CLI0282;S07;475,33;1,62;0;770,03;EUR;C03-Lucía
F2024-003034;3;11/04/2024;CLI0282;S08;3674,71;2,32;0;8525,33;EUR;C03-Lucía
F2024-003034;4;11/04/2024;CLI0282;S15;1,00;95,48;5;90,70;USD;C05-Rocío
F2024-003035;1;14/05/2024;CLI0286;S14;8,00;201,84;0;1614,72;EUR;C01-Marta
F2024-003035;2;14/05/2024;CLI0286;S02;898,32;6,76;5;5769,01;EUR;C05-Rocío
F2024-003035;3;14/05/2024;CLI0286;S11;15,05;24,75;5;353,86;EUR;C02-Javier
F2024-003035;4;14/05/2024;CLI0286;S02;355,91;6,68;15;2020,86;EUR;C04-Andrés
F2024-003036;1;09/03/2024;CLI0113;S09;280,81;40,92;15;9767,13;EUR;C02-Javier
F2024-003037;1;24/04/2024;CLI0207;S10;743,11;8,14;0;6048,92;EUR;C05-Rocío
F2024-003037;2;24/04/2024;CLI0207;S10;139,66;8,50;0;;EUR;C02-Javier
F2024-003038;1;12/07/2024;CLI0188;S11;32,80;24,03;0;788,18;EUR;C05-Rocío
F2024-003038;2;12/07/2024;CLI0188;S14;8,00;212,07;0;1696,56;EUR;C05-Rocío
F2024-003039;1;20/02/2024;CLI0317;S10;166,81;8,49;10;1274,60;EUR;C01-Marta
F2024-003040;1;08/02/2024;CLI0320;S07;1005,97;1,55;15;1325,37;EUR;C01-Marta
F2024-003041;1;09/10/2024;CLI0312;S15;2,00;81,10;5;154,09;EUR;C04-Andrés
F2024-003042;1;11/06/2024;CLI0006;S10;554,09;8,57;5;4511,12;EUR;C01-Marta
F2024-003042;2;11/06/2024;CLI0006;S10;195,88;8,31;0;1627,76;EUR;C01-Marta
F2024-003043;1;07/04/2024;CLI0313;S10;195,53;8,89;0;1738,26;EUR;C04-Andrés
F2024-003043;2;07/04/2024;CLI0313;S10;269,67;8,62;5;2208,33;EUR;C01-Marta
F2024-003043;3;07/04/2024;CLI0313;S10;233,73;8,59;0;2007,74;EUR;C05-Rocío
F2024-003043;4;07/04/2024;CLI0313;S10;69,66;8,37;5;553,90;EUR;C03-Lucía
F2024-003044;1;17/12/2024;CLI0034;S09;240,79;42,18;0;10156,52;EUR;C02-Javier
F2024-003044;2;17/12/2024;CLI0034;S15;4,00;87,42;0;349,68;EUR;C04-Andrés
F2024-003045;1;03/01/2024;CLI0338;S09;140,55;42,26;0;5939,64;EUR;C01-Marta
F2024-003045;2;03/01/2024;CLI0338;S14;11,00;206,30;5;2155,84;EUR;C01-Marta
F2024-003045;3;03/01/2024;CLI0338;S09;102,33;42,70;5;4151,02;EUR;C01-Marta
F2024-003045;4;03/01/2024;CLI0338;S09;138,36;42,09;0;5823,57;EUR;C05-Rocío
F2024-003046;1;04/02/2024;CLI0291;S10;281,57;8,87;0;2497,53;EUR;C03-Lucía
F2024-003046;2;04/02/2024;CLI0291;S10;913,19;8,82;15;6846,19;EUR;C05-Rocío
F2024-003047;1;07/02/2024;CLI0154;S14;7,00;212,05;0;1484,35;EUR;C04-Andrés
F2024-003048;1;04/02/2024;CLI0322;S05;321,14;3,23;0;1037,28;EUR;C04-Andrés
F2024-003049;1;20/06/2024;CLI0092;S05;359,89;3,12;10;1010,57;EUR;C04-Andrés
F2024-003049;2;20/06/2024;CLI0092;S05;468,82;3,28;0;1537,73;EUR;C02-Javier
F2024-003049;3;20/06/2024;CLI0092;S06;466,55;1,05;0;489,88;EUR;C05-Rocío
F2024-003050;1;18/02/2024;CLI0073;S05;478,39;3,39;5;1540,24;USD;C02-Javier
F2024-003051;1;23/01/2024;CLI0323;S06;1562,03;1,08;0;1686,99;EUR;C05-Rocío
F2024-003051;2;23/01/2024;CLI0323;S05;235,04;3,20;0;752,13;EUR;C02-Javier
F2024-003051;3;23/01/2024;CLI0323;S05;1624,47;3,05;0;4954,63;EUR;C04-Andrés
F2024-003052;1;23/11/2024;CLI0115;S01;167,95;94,10;15;13433,48;EUR;C04-Andrés
F2024-003052;2;23/11/2024;CLI0115;S11;29,14;24,86;0;724,42;EUR;C03-Lucía
F2024-003052;3;23/11/2024;CLI0115;S02;181,58;6,29;15;970,82;EUR;C03-Lucía
F2024-003053;1;11/02/2024;CLI0089;S15;3,00;87,39;10;235,95;EUR;C04-Andrés
F2024-003053;2;11/02/2024;CLI0089;S06;915,09;1,06;5;921,50;EUR;C02-Javier
F2024-003054;1;26/05/2024;CLI0258;S13;1,00;638,69;0;638,69;EUR;C04-Andrés
F2024-003054;2;26/05/2024;CLI0258;S14;6,00;218,97;5;1248,13;EUR;C03-Lucía
F2024-003055;1;28/06/2024;CLI0394;S13;1,00;680,07;0;680,07;EUR;C01-Marta
F2024-003056;1;25/01/2024;CLI0068;S05;977,17;3,22;0;3146,49;EUR;C04-Andrés
F2024-003056;2;25/01/2024;CLI0068;S15;4,00;80,92;0;323,68;EUR;C05-Rocío
F2024-003057;1;26/07/2024;CLI0045;S05;369,69;3,32;0;1227,37;EUR;C05-Rocío
F2024-003057;2;26/07/2024;CLI0045;S15;1,00;80,78;0;80,78;EUR;C04-Andrés
F2024-003057;3;2024-07-26;CLI0045;S06;736,77;1,14;0;839,92;EUR;C03-Lucía
F2024-003058;1;17/05/2024;CLI0149;S07;197,50;1,54;0;304,15;EUR;C02-Javier
F2024-003058;2;17/05/2024;CLI0149;S07;1436,02;1,55;0;2225,83;EUR;C04-Andrés
F2024-003058;3;17/05/2024;CLI0149;S08;7415,41;2,31;0;17129,60;EUR;C04-Andrés
F2024-003059;1;16/05/2024;CLI0211;S06;578,38;1,14;5;626,39;EUR;C02-Javier
F2024-003059;2;16/05/2024;CLI0211;S05;3359,38;3,36;0;11287,52;EUR;C01-Marta
F2024-003060;1;2024-05-27;CLI0051;S05;1449,72;3,09;15;3807,69;EUR;C05-Rocío
F2024-003060;2;27/05/2024;CLI0051;S06;5543,95;1,09;0;6042,91;EUR;C04-Andrés
F2024-003060;3;27/05/2024;CLI0051;S05;501,04;3,13;0;1568,26;EUR;C04-Andrés
F2024-003061;1;28/03/2024;CLI0095;S09;162,84;42,61;15;5897,82;EUR;C04-Andrés
F2024-003061;2;28/03/2024;CLI0095;S09;193,84;40,04;10;6985,22;EUR;C01-Marta
F2024-003061;3;28/03/2024;CLI0095;S09;43,97;40,89;15;1528,24;EUR;C01-Marta
F2024-003061;4;28/03/2024;CLI0095;S09;84,52;40,60;15;2916,79;EUR;C03-Lucía
F2024-003062;1;05/11/2024;CLI0051;S06;1120,99;1,10;0;1233,09;EUR;C01-Marta
F2024-003063;1;23/07/2024;CLI0051;S06;2865,19;1,10;10;2836,54;EUR;C03-Lucía
F2024-003064;1;27/07/2024;CLI0188;S01;110,25;94,44;0;10412,01;EUR;C04-Andrés
F2024-003064;2;27/07/2024;CLI0188;S02;1453,18;6,46;0;9387,54;EUR;C04-Andrés
F2024-003065;1;13/03/2024;CLI0161;S09;66,02;43,00;0;2838,86;EUR;C01-Marta
F2024-003065;2;13/03/2024;CLI0161;S13;1,00;617,97;0;617,97;EUR;C04-Andrés
F2024-003065;3;13/03/2024;CLI0161;S09;49,73;40,38;0;2008,10;EUR;C04-Andrés
F2024-003065;4;13/03/2024;CLI0161;S15;4,00;95,78;0;383,12;USD;C04-Andrés
F2024-003066;1;06/01/2024;CLI0290;S10;94,15;8,91;15;713,05;EUR;C05-Rocío
F2024-003066;2;06/01/2024;CLI0290;S13;1,00;679,32;5;645,35;EUR;C04-Andrés
F2024-003067;1;01/03/2024;CLI0299;S08;347,48;2,42;5;798,86;EUR;C05-Rocío
F2024-003067;2;01/03/2024;CLI0299;S07;868,49;1,58;0;1372,21;EUR;C04-Andrés
F2024-003067;3;01/03/2024;CLI0299;S08;1458,94;2,44;5;3381,82;EUR;C04-Andrés
F2024-003067;4;01/03/2024;CLI0299;S08;155,54;2,47;0;384,18;EUR;C03-Lucía
F2024-003068;1;20/03/2024;CLI0056;S13;1,00;629,13;0;629,13;EUR;C01-Marta
F2024-003068;2;20/03/2024;CLI0056;S10;1030,50;8,41;5;8233,18;EUR;C05-Rocío
F2024-003068;3;20/03/2024;CLI0056;S10;233,84;8,90;0;2081,18;EUR;C05-Rocío
F2024-003068;4;20/03/2024;CLI0056;S10;375,70;8,40;0;3155,88;EUR;C04-Andrés
F2024-003069;1;10/10/2024;CLI0095;S09;169,64;43,62;5;7029,71;EUR;C04-Andrés
F2024-003070;1;08/03/2024;CLI0190;S15;1,00;87,98;5;83,58;EUR;C04-Andrés
F2024-003070;2;08/03/2024;CLI0190;S02;114,08;6,67;0;760,91;EUR;C03-Lucía
F2024-003070;3;08/03/2024;CLI0190;S15;1,00;84,71;0;84,71;EUR;C01-Marta
F2024-003070;4;08/03/2024;CLI0190;S02;129,41;6,32;0;817,87;EUR;C03-Lucía
F2024-003071;1;28/11/2024;CLI0120;S01;81,78;91,51;0;7483,69;EUR;C04-Andrés
F2024-003071;2;28/11/2024;CLI0120;S02;543,72;6,45;15;2980,94;EUR;C03-Lucía
F2024-003071;3;28/11/2024;CLI0120;S11;16,62;26,22;10;392,20;EUR;C04-Andrés
F2024-003071;4;28/11/2024;CLI0120;S11;28,68;25,54;0;732,49;EUR;C03-Lucía
F2024-003072;1;16/02/2024;CLI0114;S09;57,64;41,57;0;2396,09;EUR;C05-Rocío
F2024-003072;2;16/02/2024;CLI0114;S09;32,94;41,89;0;;EUR;C04-Andrés
F2024-003072;3;16/02/2024;CLI0114;S13;1,00;626,34;0;626,34;EUR;C04-Andrés
F2024-003072;4;16/02/2024;CLI0114;S09;182,91;43,49;0;7954,76;EUR;C01-Marta
F2024-003073;1;13/11/2024;CLI0120;S01;234,49;98,34;0;23059,75;EUR;C04-Andrés
F2024-003074;1;18/11/2024;CLI0109;S08;3065,29;2,44;0;7479,31;EUR;C01-Marta
F2024-003074;2;18/11/2024;CLI0109;S07;1089,74;1,66;0;1808,97;EUR;C02-Javier
F2024-003075;1;03/06/2024;CLI0051;S15;4,00;81,82;15;278,19;EUR;C03-Lucía
F2024-003076;1;06/03/2024;CLI0113;S09;363,41;42,41;15;13100,39;EUR;C03-Lucía
F2024-003076;2;06/03/2024;CLI0113;S09;55,30;43,94;10;2186,89;EUR;C02-Javier
F2024-003077;1;08/01/2024;CLI0238;S12;2,00;117,57;15;199,87;EUR;C04-Andrés
F2024-003077;2;08/01/2024;CLI0238;S15;3,00;87,68;10;236,74;EUR;C04-Andrés
F2024-003078;1;24/03/2024;CLI0207;S10;280,93;8,41;0;2362,62;EUR;C02-Javier
F2024-003078;2;24/03/2024;CLI0207;S15;3,00;85,27;0;255,81;EUR;C01-Marta
F2024-003078;3;24/03/2024;CLI0207;S13;1,00;619,29;0;619,29;EUR;C01-Marta
F2024-003079;1;05/08/2024;CLI0068;S05;933,73;3,22;0;3006,61;EUR;C04-Andrés
F2024-003080;1;11/09/2024;CLI0207;S10;605,18;8,21;0;4968,53;EUR;C01-Marta
F2024-003080;2;11/09/2024;CLI0207;S10;56,13;8,66;0;486,09;EUR;C05-Rocío
F2024-003080;3;11/09/2024;CLI0207;S10;207,32;8,92;5;1756,83;EUR;C05-Rocío
F2024-003080;3;11/09/2024;CLI0207;S10;207,32;8,92;5;1756,83;EUR;C05-Rocío
F2024-003080;4;11/09/2024;CLI0207;S15;1,00;81,39;5;77,32;EUR;C01-Marta
F2024-003081;1;14/09/2024;CLI0306;S02;787,62;6,66;15;4458,72;EUR;C03-Lucía
F2024-003081;2;14/09/2024;CLI0306;S01;60,91;96,50;0;5877,81;EUR;C02-Javier
F2024-003081;3;14/09/2024;CLI0306;S01;53,76;94,20;0;5064,19;EUR;C02-Javier
F2024-003081;4;14/09/2024;CLI0306;S15;1,00;85,75;0;85,75;EUR;C02-Javier
F2024-003082;1;26/10/2024;CLI0347;S07;317,99;1,65;0;524,68;EUR;C05-Rocío
F2024-003082;2;26/10/2024;CLI0347;S07;156,66;1,53;0;239,69;EUR;C03-Lucía
F2024-003082;3;26/10/2024;CLI0347;S07;1598,04;1,63;0;2604,81;EUR;C01-Marta
F2024-003082;4;26/10/2024;CLI0347;S08;1036,69;2,45;0;2539,89;EUR;C02-Javier
F2024-003083;1;01/10/2024;CLI0212;S04;469,23;13,33;0;6254,84;EUR;C04-Andrés
F2024-003083;2;01/10/2024;CLI0212;S12;3,00;117,66;0;352,98;EUR;C04-Andrés
F2024-003083;3;01/10/2024;CLI0212;S12;2,00;122,21;0;244,42;EUR;C03-Lucía
F2024-003084;1;14/02/2024;CLI0263;S11;44,56;25,59;0;1140,29;EUR;C04-Andrés
F2024-003084;2;14/02/2024;CLI0263;S11;16,90;24,68;0;417,09;EUR;C04-Andrés
F2024-003085;1;04/09/2024;CLI0306;S13;1,00;675,77;10;608,19;EUR;C05-Rocío
F2024-003085;2;04/09/2024;CLI0306;S11;15,48;26,06;10;363,07;EUR;C05-Rocío
F2024-003085;3;04/09/2024;CLI0306;S14;7,00;203,12;10;1279,66;EUR;C02-Javier
F2024-003086;1;09/12/2024;CLI0267;S14;15,00;202,22;0;3033,30;EUR;C02-Javier
F2024-003086;2;09/12/2024;CLI0267;S09;81,20;42,94;0;3486,73;EUR;C01-Marta
F2024-003086;3;09/12/2024;CLI0267;S09;324,35;42,57;0;13807,58;EUR;C04-Andrés
F2024-003086;4;09/12/2024;CLI0267;S09;77,90;43,88;0;3418,25;EUR;C03-Lucía
F2024-003087;1;02/09/2024;CLI0149;S13;1,00;674,03;0;674,03;EUR;C03-Lucía
F2024-003088;1;23/01/2024;CLI0386;S11;51,83;24,61;0;1275,54;EUR;C05-Rocío
F2024-003088;2;23/01/2024;CLI0386;S02;818,50;6,80;0;5565,80;EUR;C05-Rocío
F2024-003088;3;23/01/2024;CLI0386;S13;1,00;629,96;0;629,96;EUR;C04-Andrés
F2024-003088;4;23/01/2024;CLI0386;S02;263,89;6,30;0;1662,51;EUR;C04-Andrés
F2024-003089;1;11/04/2024;CLI0247;S10;73,30;8,16;0;598,13;EUR;C05-Rocío
F2024-003090;1;27/06/2024;CLI0290;S10;201,73;8,12;0;1638,05;EUR;C01-Marta
F2024-003091;1;24/11/2024;CLI0095;S09;110,63;43,60;0;4823,47;EUR;C03-Lucía
F2024-003091;2;24/11/2024;CLI0095;S13;1,00;620,28;0;620,28;EUR;C02-Javier
F2024-003092;1;03/05/2024;CLI0020;S13;1,00;654,77;0;654,77;EUR;C01-Marta
F2024-003092;2;03/05/2024;CLI0020;S05;82,13;3,14;5;244,99;EUR;C03-Lucía
F2024-003092;3;03/05/2024;CLI0020;S06;448,80;1,14;0;511,63;EUR;C02-Javier
F2024-003093;1;25/06/2024;CLI0051;S06;1743,57;1,09;0;1900,49;EUR;C04-Andrés
F2024-003093;2;25/06/2024;CLI0051;S06;1813,18;1,11;0;2012,63;EUR;C03-Lucía
F2024-003093;3;25/06/2024;CLI0051;S05;950,52;3,24;15;2617,73;EUR;C04-Andrés
F2024-003094;1;22/03/2024;CLI0095;S09;124,11;42,36;0;5257,30;EUR;C03-Lucía
F2024-003095;1;24/05/2024;CLI0212;S04;388,73;14,07;0;5469,43;EUR;C04-Andrés
F2024-003095;2;24/05/2024;CLI0212;S12;2,00;114,21;5;217,00;EUR;C02-Javier
F2024-003096;1;11/10/2024;CLI0102;S05;236,85;3,08;0;729,50;EUR;C03-Lucía
F2024-003096;2;11/10/2024;CLI0102;S06;5093,12;1,28;0;6504,32;USD;C03-Lucía
F2024-003096;2;11/10/2024;CLI0102;S06;5093,12;1,28;0;6504,32;USD;C03-Lucía
F2024-003097;1;20/01/2024;CLI0300;S13;1,00;646,58;5;614,25;EUR;C05-Rocío
F2024-003097;2;20/01/2024;CLI0300;S09;184,30;43,98;0;8105,51;EUR;C01-Marta
F2024-003098;1;15/09/2024;CLI0048;S10;273,24;8,90;5;2310,24;EUR;C02-Javier
F2024-003098;2;15/09/2024;CLI0048;S10;88,77;8,41;0;746,56;EUR;C01-Marta
F2024-003098;3;15/09/2024;CLI0048;S13;1,00;645,27;0;645,27;EUR;C05-Rocío
F2024-003099;1;09/01/2024;CLI0158;S09;144,14;42,87;15;5252,39;EUR;C05-Rocío
F2024-003099;2;09/01/2024;CLI0158;S09;154,44;40,64;0;6276,44;EUR;C04-Andrés
F2024-003100;1;19/08/2024;CLI0056;S10;500,41;8,77;0;4388,60;EUR;C03-Lucía
F2024-003100;2;19/08/2024;CLI0056;S10;352,60;8,09;0;2852,53;EUR;C05-Rocío
F2024-003101;1;04/11/2024;CLI0134;S06;1200,06;1,05;0;1260,06;EUR;C03-Lucía
F2024-003101;2;04/11/2024;CLI0134;S06;1503,34;1,12;0;1683,74;EUR;C04-Andrés
F2024-003101;3;04/11/2024;CLI0134;S06;2710,86;1,06;0;2873,51;EUR;C01-Marta
F2024-003102;1;16/12/2024;CLI0396;S13;1,00;625,57;5;594,29;EUR;C01-Marta
F2024-003102;2;16/12/2024;cli0396;S14;15,00;212,67;5;3030,55;EUR;C05-Rocío
F2024-003103;1;22/02/2024;CLI0207;S10;364,92;8,19;0;2988,69;EUR;C01-Marta
F2024-003103;2;22/02/2024;CLI0207;S15;3,00;81,64;0;244,92;EUR;C03-Lucía
F2024-003103;3;22/02/2024;CLI0207;S15;1,00;80,84;0;80,84;EUR;C01-Marta
F2024-003103;4;22/02/2024;CLI0207;S14;9,00;213,53;0;1921,77;EUR;C02-Javier
F2024-003104;1;24/10/2024;CLI0140;S08;4378,38;2,50;5;10398,65;EUR;C05-Rocío
F2024-003104;2;24/10/2024;CLI0140;S07;692,53;1,59;0;1101,12;EUR;C03-Lucía
F2024-003104;3;24/10/2024;CLI0140;S07;53,06;1,65;5;83,17;EUR;C03-Lucía
F2024-003105;1;28/04/2024;CLI0094;S13;1,00;629,04;5;597,59;EUR;C03-Lucía
F2024-003105;2;28/04/2024;CLI0094;S08;697,98;2,34;5;1551,61;EUR;C05-Rocío
F2024-003105;3;28/04/2024;CLI0094;S08;1049,04;2,33;0;2444,26;EUR;C03-Lucía
F2024-003106;1;19/08/2024;CLI0111;S11;105,77;24,54;0;2595,60;EUR;C01-Marta
F2024-003106;2;19/08/2024;CLI0111;S15;4,00;85,58;0;342,32;EUR;C05-Rocío
F2024-003107;1;16/08/2024;CLI0101;S10;870,95;8,09;15;5989,09;EUR;C04-Andrés
F2024-003108;1;23/02/2024;CLI0370;S05;983,64;3,27;15;2734,03;EUR;C05-Rocío
F2024-003108;2;23/02/2024;CLI0370;S05;283,67;3,24;15;781,23;EUR;C05-Rocío
F2024-003109;1;20/03/2024;CLI0201;S01;38,33;99,20;0;3802,34;EUR;C03-Lucía
F2024-003109;2;20/03/2024;CLI0201;S14;2,00;209,87;10;377,77;EUR;C02-Javier
F2024-003109;3;20/03/2024;CLI0201;S14;16,00;218,76;0;3500,16;EUR;C05-Rocío
F2024-003110;1;01/02/2024;CLI0158;S15;2,00;87,49;15;148,73;EUR;C05-Rocío
F2024-003110;2;01/02/2024;CLI0158;S09;191,28;41,49;0;7936,21;EUR;C03-Lucía
F2024-003110;3;01/02/2024;CLI0158;S13;1,00;630,85;15;536,22;EUR;C02-Javier
F2024-003110;4;01/02/2024;CLI0158;S09;103,11;43,12;0;4446,10;EUR;C03-Lucía
F2024-003111;1;17/02/2024;CLI0208;S15;3,00;86,88;0;260,64;EUR;C05-Rocío
F2024-003112;1;11/01/2024;CLI0051;S06;1323,97;1,11;15;1249,17;EUR;C02-Javier
F2024-003112;2;11/01/2024;CLI0051;S05;462,38;3,22;0;1488,86;EUR;C01-Marta
F2024-003112;3;11/01/2024;CLI0051;S05;3760,84;3,24;5;11575,87;EUR;C02-Javier
F2024-003112;4;11/01/2024;CLI0051;S06;345,87;1,10;0;380,46;EUR;C01-Marta
F2024-003113;1;01/10/2024;CLI0125;S11;29,13;25,03;5;692,67;EUR;C04-Andrés
F2024-003113;2;01/10/2024;CLI0125;S11;32,60;25,28;0;824,13;EUR;C01-Marta
F2024-003113;3;01/10/2024;CLI0125;S14;16,00;201,47;0;3223,52;EUR;C04-Andrés
F2024-003113;3;01/10/2024;CLI0125;S14;16,00;201,47;0;3223,52;EUR;C04-Andrés
F2024-003114;1;08/04/2024;CLI0356;S10;613,70;8,23;0;5050,75;EUR;C04-Andrés
F2024-003114;2;08/04/2024;CLI0356;S14;7,00;218,04;0;1526,28;EUR;C05-Rocío
F2024-003114;3;08/04/2024;CLI0356;S14;12,00;203,45;0;2441,40;EUR;C05-Rocío
F2024-003115;1;27/02/2024;CLI0388;S15;1,00;84,73;5;80,49;EUR;C05-Rocío
F2024-003115;2;27/02/2024;CLI0388;S10;159,80;8,32;0;1329,54;EUR;C04-Andrés
F2024-003115;3;27/02/2024;CLI0388;S13;1,00;640,30;0;640,30;EUR;C02-Javier
F2024-003115;4;27/02/2024;CLI0388;S13;1,00;650,44;0;650,44;EUR;C03-Lucía
F2024-003116;1;12/10/2024;CLI0212;S12;1,00;125,68;0;125,68;EUR;C01-Marta
F2024-003116;2;12/10/2024;CLI0212;S03;14,91;39,22;5;555,53;EUR;C04-Andrés
F2024-003116;3;12/10/2024;CLI0212;S12;2,00;114,88;0;229,76;EUR;C01-Marta
F2024-003117;1;02/12/2024;cli0144;S02;3159,62;6,73;5;20201,03;EUR;C04-Andrés
F2024-003117;2;02/12/2024;CLI0144;S11;43,06;25,17;0;1083,82;EUR;C01-Marta
F2024-003117;3;02/12/2024;CLI0144;S02;404,34;6,63;0;2680,77;EUR;C05-Rocío
F2024-003118;1;02/08/2024;CLI0095;S09;83,26;43,39;0;3612,65;EUR;C03-Lucía
F2024-003118;2;02/08/2024;CLI0095;S13;1,00;655,24;5;622,48;EUR;C02-Javier
F2024-003118;3;02/08/2024;CLI0095;S09;263,78;40,37;0;10648,80;EUR;C01-Marta
F2024-003118;4;2024-08-02;CLI0095;S09;290,72;42,03;0;12218,96;EUR;C05-Rocío
F2024-003119;1;22/03/2024;CLI0096;S08;1971,31;2,41;5;4513,31;EUR;C04-Andrés
F2024-003119;2;22/03/2024;CLI0096;S08;1501,55;2,36;0;3543,66;EUR;C01-Marta
F2024-003119;3;22/03/2024;CLI0096;S07;480,84;1,59;0;764,54;EUR;C01-Marta
F2024-003119;4;22/03/2024;CLI0096;S14;9,00;204,38;0;1839,42;EUR;C05-Rocío
F2024-003120;1;22/12/2024;CLI0192;S10;1351,21;10,13;0;13685,87;USD;C01-Marta
F2024-003121;1;16/05/2024;CLI0356;S10;163,63;8,68;0;1420,31;EUR;C03-Lucía
F2024-003121;2;16/05/2024;CLI0356;S10;204,40;8,75;15;1520,22;EUR;C03-Lucía
F2024-003122;1;18/11/2024;CLI0103;S08;1940,33;2,49;5;4589,85;EUR;C02-Javier
F2024-003122;2;18/11/2024;CLI0103;S07;392,42;1,53;0;600,40;EUR;C01-Marta
F2024-003122;3;18/11/2024;CLI0103;S08;2473,52;2,30;0;5689,10;EUR;C03-Lucía
F2024-003123;1;09/02/2024;CLI0291;S10;123,26;8,42;10;934,06;EUR;C03-Lucía
F2024-003123;2;09/02/2024;CLI0291;S10;55,37;8,28;10;412,62;EUR;C01-Marta
F2024-003123;3;09/02/2024;CLI0291;S10;1761,28;8,41;0;14812,36;EUR;C03-Lucía
F2024-003124;1;26/03/2024;CLI0094;S07;336,45;1,58;0;531,59;EUR;C03-Lucía
F2024-003124;2;26/03/2024;CLI0094;S15;1,00;83,11;0;83,11;EUR;C04-Andrés
F2024-003125;1;14/02/2024;CLI0291;S10;113,40;8,80;10;898,13;EUR;C04-Andrés
F2024-003125;2;14/02/2024;CLI0291;S10;894,47;8,32;15;6325,69;EUR;C03-Lucía
F2024-003126;1;07/09/2024;CLI0205;S13;1,00;751,98;0;751,98;USD;C05-Rocío
F2024-003126;2;07/09/2024;CLI0205;S05;237,04;3,69;0;875,79;USD;C02-Javier
F2024-003127;1;10/09/2024;CLI0306;S15;2,00;87,25;5;165,78;EUR;C04-Andrés
F2024-003128;1;20/08/2024;CLI0168;S10;70,35;8,23;0;578,98;EUR;C01-Marta
F2024-003128;2;20/08/2024;CLI0168;S10;212,47;8,42;5;1699,55;EUR;C04-Andrés
F2024-003128;3;2024-08-20;CLI0168;S14;2,00;199,92;0;399,84;EUR;C02-Javier
F2024-003128;4;20/08/2024;CLI0168;S10;253,22;8,60;5;2068,81;EUR;C05-Rocío
F2024-003129;1;08/08/2024;CLI0261;S07;144,68;1,63;5;224,04;EUR;C02-Javier
F2024-003129;2;08/08/2024;CLI0261;S07;718,83;1,61;0;1157,32;EUR;C04-Andrés
F2024-003129;3;08/08/2024;CLI0261;S15;3,00;85,25;5;242,96;EUR;C02-Javier
F2024-003129;4;08/08/2024;CLI0261;S07;894,43;1,59;0;1422,14;EUR;C04-Andrés
F2024-003130;1;17/06/2024;CLI0207;S10;756,16;8,45;0;6389,55;EUR;C02-Javier
F2024-003130;2;17/06/2024;CLI0207;S13;1,00;646,99;0;646,99;EUR;C03-Lucía
F2024-003131;1;06/04/2024;CLI0212;S14;12,00;210,92;0;2531,04;EUR;C04-Andrés
F2024-003131;2;06/04/2024;CLI0212;S15;4,00;84,46;0;337,84;EUR;C04-Andrés
F2024-003132;1;05/08/2024;CLI0162;S04;166,95;13,93;0;2325,61;EUR;C02-Javier
F2024-003132;2;05/08/2024;CLI0162;S15;3,00;84,86;10;229,12;EUR;C03-Lucía
F2024-003133;1;15/07/2024;CLI0048;S10;456,32;8,34;0;3805,71;EUR;C01-Marta
F2024-003133;2;15/07/2024;CLI0048;S10;72,56;8,79;0;637,80;EUR;C05-Rocío
F2024-003133;3;15/07/2024;CLI0048;S10;556,97;8,74;0;4867,92;EUR;C05-Rocío
F2024-003133;3;15/07/2024;CLI0048;S10;556,97;8,74;0;4867,92;EUR;C05-Rocío
F2024-003134;1;15/12/2024;CLI0053;S07;3228,26;1,64;0;5294,35;EUR;C03-Lucía
F2024-003134;2;15/12/2024;CLI0053;S08;126,67;2,50;10;285,01;EUR;C04-Andrés
F2024-003134;3;15/12/2024;CLI0053;S08;575,03;2,50;0;1437,57;EUR;C05-Rocío
F2024-003134;4;15/12/2024;CLI0053;S07;558,01;1,64;15;777,87;EUR;C03-Lucía
F2024-003135;1;01/01/2024;CLI0368;S10;25610,61;8,80;0;225373,37;EUR;C04-Andrés
F2024-003136;1;10/03/2024;CLI0225;S06;1216,65;1,08;0;1313,98;EUR;C05-Rocío
F2024-003136;2;10/03/2024;CLI0225;S05;488,64;3,04;5;1411,19;EUR;C04-Andrés
F2024-003136;3;10/03/2024;CLI0225;S05;204,13;3,16;10;580,55;EUR;C01-Marta
F2024-003136;4;10/03/2024;CLI0225;S05;1224,97;3,13;0;3834,16;EUR;C02-Javier
F2024-003137;1;16/06/2024;CLI0267;S09;77,78;40,82;5;3016,23;EUR;C01-Marta
F2024-003137;2;16/06/2024;CLI0267;S15;2,00;83,99;0;167,98;EUR;C04-Andrés
F2024-003137;3;16/06/2024;CLI0267;S09;112,30;43,23;0;4854,73;EUR;C01-Marta
F2024-003137;4;16/06/2024;CLI0267;S09;151,81;40,57;0;6158,93;EUR;C03-Lucía
F2024-003138;1;12/05/2024;CLI0051;S05;251,27;3,19;0;801,55;EUR;C01-Marta
F2024-003138;2;12/05/2024;CLI0051;S05;491,85;3,18;10;1407,67;EUR;C05-Rocío
F2024-003138;3;12/05/2024;CLI0051;S06;3127,00;1,11;10;3123,87;EUR;C01-Marta
F2024-003138;4;12/05/2024;CLI0051;S14;11,00;217,18;0;2388,98;EUR;C03-Lucía
F2024-003139;1;04/09/2024;CLI0186;S05;181,16;3,15;0;570,65;EUR;C01-Marta
F2024-003139;2;04/09/2024;CLI0186;S15;3,00;84,22;0;252,66;EUR;C05-Rocío
F2024-003139;3;04/09/2024;CLI0186;S05;407,16;3,13;0;1274,41;EUR;C02-Javier
F2024-003139;4;04/09/2024;CLI0186;S14;6,00;204,22;5;1164,05;EUR;C03-Lucía
F2024-003140;1;04/11/2024;CLI0370;S06;5773,89;1,14;0;6582,23;EUR;C05-Rocío
F2024-003140;2;04/11/2024;CLI0370;S06;1391,98;1,10;0;1531,18;EUR;C01-Marta
F2024-003140;3;04/11/2024;CLI0370;S06;934,76;1,06;0;990,85;EUR;C05-Rocío
F2024-003140;4;04/11/2024;CLI0370;S05;326,67;3,07;0;1002,88;EUR;C05-Rocío
F2024-003141;1;08/04/2024;CLI0094;S07;186,65;1,67;0;311,71;EUR;C01-Marta
F2024-003142;1;12/04/2024;CLI0057;S07;287,61;1,67;0;480,31;EUR;C02-Javier
F2024-003143;1;08/08/2024;CLI0136;S02;669,27;6,79;5;4317,13;EUR;C01-Marta
F2024-003143;2;08/08/2024;CLI0136;S15;1,00;85,37;0;85,37;EUR;C02-Javier
F2024-003144;1;12/04/2024;CLI0344;S07;26,38;1,56;0;41,15;EUR;C03-Lucía
F2024-003144;2;12/04/2024;CLI0344;S14;16,00;200,89;5;3053,53;EUR;C05-Rocío
F2024-003144;3;12/04/2024;CLI0344;S13;1,00;624,65;0;624,65;EUR;C03-Lucía
F2024-003145;1;07/05/2024;CLI0212;S12;2,00;118,78;0;237,56;EUR;C02-Javier
F2024-003145;2;07/05/2024;CLI0212;S03;12,12;39,61;5;456,07;EUR;C03-Lucía
F2024-003145;3;07/05/2024;CLI0212;S03;26,97;36,68;0;989,26;EUR;C02-Javier
F2024-003146;1;12/12/2024;CLI0107;S05;768,59;3,22;5;2351,12;EUR;C03-Lucía
F2024-003146;2;12/12/2024;CLI0107;S06;572,19;1,08;0;617,97;EUR;C03-Lucía
F2024-003146;3;12/12/2024;CLI0107;S06;2026,69;1,13;0;2290,16;EUR;C04-Andrés
F2024-003146;4;12/12/2024;CLI0107;S06;267,48;1,08;0;288,88;EUR;C02-Javier
F2024-003147;1;11/02/2024;CLI0159;S03;10,09;39,73;5;380,83;EUR;C02-Javier
F2024-003148;1;11/11/2024;CLI0299;S07;74,57;1,67;0;124,53;EUR;C02-Javier
F2024-003149;1;15/11/2024;CLI0158;S09;172,09;43,06;0;7410,20;EUR;C01-Marta
F2024-003149;2;15/11/2024;CLI0158;S09;54,22;42,79;0;2320,07;EUR;C02-Javier
F2024-003149;3;15/11/2024;CLI0158;S09;156,31;40,02;5;5942,75;EUR;C02-Javier
F2024-003150;1;09/07/2024;CLI0067;S10;810,77;8,47;5;6523,86;EUR;C05-Rocío
F2024-003151;1;10/12/2024;CLI0325;S01;194,57;98,20;0;19106,77;EUR;C01-Marta
F2024-003152;1;24/11/2024;CLI0395;S11;26,79;24,28;0;650,46;EUR;C02-Javier
F2024-003152;2;24/11/2024;CLI0395;S11;43,90;24,26;15;905,26;EUR;C03-Lucía
F2024-003152;3;24/11/2024;CLI0395;S02;1193,53;6,56;5;7438,08;EUR;C04-Andrés
F2024-003152;4;24/11/2024;CLI0395;S11;27,98;25,00;15;594,57;EUR;C04-Andrés
F2024-003153;1;21/09/2024;CLI0114;S09;130,97;43,73;0;5727,32;EUR;C02-Javier
F2024-003153;2;21/09/2024;CLI0114;S13;1,00;634,40;5;602,68;EUR;C05-Rocío
F2024-003153;3;21/09/2024;CLI0114;S09;134,16;40,97;0;5496,54;EUR;C03-Lucía
F2024-003154;1;27/01/2024;CLI0255;S05;943,35;3,35;0;3160,22;EUR;C03-Lucía
F2024-003154;2;27/01/2024;CLI0255;S05;1874,38;3,66;0;6854,24;USD;C02-Javier
F2024-003155;1;18/08/2024;CLI0245;S05;1135,53;3,20;0;3633,70;EUR;C04-Andrés
F2024-003155;2;18/08/2024;CLI0245;S06;857,37;1,05;5;855,23;EUR;C01-Marta
F2024-003155;3;18/08/2024;CLI0245;S15;2,00;86,07;0;172,14;EUR;C03-Lucía
F2024-003155;4;18/08/2024;CLI0245;S05;380,79;3,35;5;1211,86;EUR;C05-Rocío
F2024-003156;1;04/09/2024;CLI0158;S09;65,95;40,13;0;2646,57;EUR;C03-Lucía
F2024-003156;2;04/09/2024;CLI0158;S15;3,00;88,67;10;239,41;EUR;C01-Marta
F2024-003156;3;04/09/2024;CLI0158;S09;138,86;41,56;0;5771,02;EUR;C01-Marta
F2024-003157;1;12/02/2024;CLI0153;S03;45,30;38,62;5;1662,01;EUR;C01-Marta
F2024-003158;1;14/09/2024;CLI0097;S09;109,47;42,30;0;4630,58;EUR;C03-Lucía
F2024-003159;1;05/07/2024;CLI0368;S13;1,00;648,27;5;615,86;EUR;C04-Andrés
F2024-003160;1;25/07/2024;CLI0311;S07;581,21;1,60;0;929,94;EUR;C05-Rocío
F2024-003160;2;25/07/2024;CLI0311;S08;737,35;2,41;0;1777,01;EUR;C03-Lucía
F2024-003161;1;26/10/2024;CLI0094;S14;10,00;208,03;0;2080,30;EUR;C04-Andrés
F2024-003162;1;14/02/2024;CLI0310;S12;1,00;121,76;0;121,76;EUR;C04-Andrés
F2024-003162;2;14/02/2024;CLI0310;S04;189,11;13,80;5;2479,23;EUR;C04-Andrés
F2024-003162;3;2024-02-14;CLI0310;S03;33,64;36,17;0;1216,76;EUR;C03-Lucía
F2024-003163;1;08/09/2024;CLI0005;S15;3,00;83,70;0;251,10;EUR;C05-Rocío
F2024-003163;2;08/09/2024;CLI0005;S09;421,80;39,97;5;16016,38;EUR;C05-Rocío
F2024-003164;1;12/04/2024;CLI0242;S15;1,00;80,90;5;76,86;EUR;C01-Marta
F2024-003164;2;12/04/2024;CLI0242;S12;3,00;115,24;0;345,72;EUR;C04-Andrés
F2024-003164;3;12/04/2024;CLI0242;S04;880,28;13,56;0;11936,60;EUR;C01-Marta
F2024-003164;4;12/04/2024;CLI0242;S12;1,00;122,15;0;122,15;EUR;C04-Andrés
F2024-003165;1;19/09/2024;CLI0322;S05;236,45;3,21;10;683,10;EUR;C02-Javier
F2024-003165;2;19/09/2024;CLI0322;S06;2871,74;1,09;0;3130,20;EUR;C01-Marta
F2024-003165;3;19/09/2024;CLI0322;S15;4,00;88,84;0;355,36;EUR;C01-Marta
F2024-003166;1;11/02/2024;CLI0207;S10;143,97;8,84;5;1209,06;EUR;C02-Javier
F2024-003166;2;11/02/2024;CLI0207;S15;2,00;86,96;5;165,22;EUR;C01-Marta
F2024-003166;3;11/02/2024;CLI0207;S10;451,61;8,26;0;3730,30;EUR;C03-Lucía
F2024-003167;1;05/02/2024;cli0362;S14;16,00;209,50;0;3352,00;EUR;C02-Javier
F2024-003167;2;05/02/2024;CLI0362;S13;1,00;637,40;0;637,40;EUR;C05-Rocío
F2024-003167;3;05/02/2024;CLI0362;S01;179,71;95,58;5;16317,85;EUR;C04-Andrés
F2024-003168;1;13/06/2024;CLI0078;S13;1,00;658,41;5;625,49;EUR;C01-Marta
F2024-003168;2;13/06/2024;CLI0078;S13;1,00;656,60;0;656,60;EUR;C01-Marta
F2024-003168;3;13/06/2024;CLI0078;S10;281,88;8,43;0;2376,25;EUR;C01-Marta
F2024-003168;4;13/06/2024;CLI0078;S10;670,16;8,17;0;5475,21;EUR;C05-Rocío
F2024-003169;1;16/08/2024;CLI0370;S06;194,30;1,07;10;187,11;EUR;C01-Marta
F2024-003170;1;11/12/2024;CLI0158;S09;115,62;41,94;10;4364,19;EUR;C04-Andrés
F2024-003170;2;11/12/2024;CLI0158;S09;106,66;43,41;0;4630,11;EUR;C04-Andrés
F2024-003171;1;23/02/2024;CLI0113;S09;55,16;41,28;0;2277,00;EUR;C03-Lucía
F2024-003171;2;23/02/2024;CLI0113;S09;41,18;43,19;0;1778,56;EUR;C05-Rocío
F2024-003172;1;08/11/2024;CLI0371;S10;1665,04;8,89;5;14062,10;EUR;C04-Andrés
F2024-003172;2;08/11/2024;CLI0371;S13;1,00;626,27;0;626,27;EUR;C03-Lucía
F2024-003172;3;08/11/2024;CLI0371;S13;1,00;656,31;0;656,31;EUR;C04-Andrés
F2024-003172;4;08/11/2024;CLI0371;S13;1,00;640,49;5;608,47;EUR;C03-Lucía
F2024-003173;1;22/10/2024;CLI0356;S10;301,34;8,15;0;2455,92;EUR;C04-Andrés
F2024-003173;2;22/10/2024;CLI0356;S10;328,41;8,53;10;2521,20;EUR;C01-Marta
F2024-003174;1;24/07/2024;CLI0356;S10;122,41;8,44;0;1033,14;EUR;C05-Rocío
F2024-003174;2;24/07/2024;CLI0356;S15;3,00;84,61;0;253,83;EUR;C01-Marta
F2024-003174;3;24/07/2024;CLI0356;S10;561,15;8,92;0;5005,46;EUR;C01-Marta
F2024-003175;1;04/02/2024;CLI0267;S15;2,00;88,24;0;176,48;EUR;C01-Marta
F2024-003176;1;19/11/2024;CLI0292;S13;1,00;620,05;0;620,05;EUR;C05-Rocío
F2024-003176;2;19/11/2024;CLI0292;S06;1194,61;1,10;0;1314,07;EUR;C03-Lucía
F2024-003177;1;14/03/2024;CLI0242;S15;4,00;88,05;5;334,59;EUR;C03-Lucía
F2024-003177;2;14/03/2024;CLI0242;S04;251,61;13,56;0;3411,83;EUR;C04-Andrés
F2024-003178;1;23/04/2024;CLI0101;S10;143,16;9,70;15;1179,85;USD;C03-Lucía
F2024-003178;2;23/04/2024;CLI0101;S14;11,00;200,06;0;2200,66;EUR;C01-Marta
F2024-003178;3;23/04/2024;CLI0101;S10;792,86;9,75;10;6959,31;USD;C02-Javier
F2024-003179;1;23/11/2024;CLI0110;S08;1009,46;2,34;0;2362,14;EUR;C04-Andrés
F2024-003180;1;26/05/2024;CLI0094;S07;545,23;1,67;0;910,53;EUR;C04-Andrés
F2024-003181;1;04/10/2024;CLI0223;S05;142,17;3,21;0;456,37;EUR;C02-Javier
F2024-003181;2;04/10/2024;CLI0223;S15;2,00;98,39;5;186,94;USD;C02-Javier
F2024-003182;1;26/04/2024;CLI0054;S15;1,00;83,62;0;83,62;EUR;C03-Lucía
F2024-003183;1;21/01/2024;CLI0096;S08;2729,39;2,36;5;6119,29;EUR;C01-Marta
F2024-003184;1;12/03/2024;CLI0237;S09;169,16;40,96;0;6928,79;EUR;C02-Javier
F2024-003184;2;12/03/2024;CLI0237;S09;121,82;41,05;0;5000,71;EUR;C01-Marta
F2024-003185;1;20/06/2024;CLI0337;S07;170,75;1,65;0;281,74;EUR;C03-Lucía
F2024-003185;2;20/06/2024;CLI0337;S08;2873,83;2,36;5;6443,13;EUR;C05-Rocío
F2024-003186;1;14/03/2024;cli0242;S12;3,00;115,43;0;346,29;EUR;C02-Javier
F2024-003187;1;01/06/2024;CLI0296;S05;168,23;3,33;15;476,18;EUR;C02-Javier
F2024-003188;1;21/05/2024;CLI0158;S13;1,00;667,50;15;567,38;EUR;C05-Rocío
F2024-003188;2;21/05/2024;CLI0158;S09;89,58;43,07;10;3472,39;EUR;C05-Rocío
F2024-003188;3;21/05/2024;CLI0158;S14;3,00;219,61;15;560,01;EUR;C05-Rocío
F2024-003189;1;18/01/2024;CLI0273;S10;119,10;8,26;0;983,77;EUR;C04-Andrés
F2024-003190;1;24/03/2024;CLI0094;S13;1,00;669,73;0;669,73;EUR;C02-Javier
F2024-003190;2;24/03/2024;CLI0094;S13;1,00;679,81;5;645,82;EUR;C05-Rocío
F2024-003190;3;24/03/2024;CLI0094;S08;1433,94;2,48;0;3556,17;EUR;C05-Rocío
F2024-003190;4;24/03/2024;CLI0094;S13;1,00;676,69;0;676,69;EUR;C03-Lucía
F2024-003191;1;28/01/2024;CLI0272;S09;116,72;44,08;0;5145,02;EUR;C02-Javier
F2024-003191;2;28/01/2024;CLI0272;S09;84,54;40,07;0;3387,52;EUR;C04-Andrés
F2024-003191;3;28/01/2024;CLI0272;S09;185,14;43,29;5;7613,98;EUR;C03-Lucía
F2024-003192;1;22/11/2024;CLI0320;S13;1,00;650,10;15;552,59;EUR;C01-Marta
F2024-003192;2;22/11/2024;CLI0320;S08;1795,01;2,45;0;4397,77;EUR;C01-Marta
F2024-003192;3;22/11/2024;CLI0320;S15;1,00;83,50;0;83,50;EUR;C02-Javier
F2024-003193;1;21/08/2024;CLI0021;S07;111,25;1,59;0;176,89;EUR;C03-Lucía
F2024-003194;1;11/03/2024;CLI0095;S09;64,57;43,81;15;2404,49;EUR;C04-Andrés
F2024-003194;2;11/03/2024;CLI0095;S09;127,30;42,33;0;5388,61;EUR;C03-Lucía
F2024-003194;3;11/03/2024;CLI0095;S14;11,00;218,93;0;2408,23;EUR;C02-Javier
F2024-003195;1;15/04/2024;CLI0320;S13;1,00;644,54;5;612,31;EUR;C01-Marta
F2024-003196;1;01/08/2024;CLI0212;S03;27,81;38,38;5;1013,98;EUR;C05-Rocío
F2024-003197;1;15/02/2024;CLI0101;S10;620,00;8,53;0;5288,60;EUR;C01-Marta
F2024-003198;1;09/11/2024;CLI0325;S02;522,52;6,39;0;3338,90;EUR;C02-Javier
F2024-003198;1;09/11/2024;CLI0325;S02;522,52;6,39;0;3338,90;EUR;C02-Javier
F2024-003198;2;09/11/2024;CLI0325;S11;40,54;24,10;0;977,01;EUR;C04-Andrés
F2024-003198;3;09/11/2024;CLI0325;S11;19,74;25,35;5;475,39;EUR;C02-Javier
F2024-003199;1;01/10/2024;CLI0306;S13;1,00;632,26;15;537,42;EUR;C03-Lucía
F2024-003199;2;01/10/2024;CLI0306;S15;3,00;83,82;10;226,31;EUR;C02-Javier
F2024-003199;3;01/10/2024;CLI0306;S15;3,00;88,82;5;253,14;EUR;C04-Andrés
F2024-003200;1;09/06/2024;CLI0067;S10;1890,21;8,58;0;16218,00;EUR;C05-Rocío
F2024-003200;2;09/06/2024;CLI0067;S10;467,08;8,55;0;3993,53;EUR;C04-Andrés
F2024-003200;3;09/06/2024;CLI0067;S10;1317,96;8,86;5;11093,27;EUR;C04-Andrés
F2024-003200;4;09/06/2024;CLI0067;S13;1,00;626,20;0;626,20;EUR;C05-Rocío
F2024-003201;1;05/08/2024;CLI0056;S10;165,37;8,47;0;1400,68;EUR;C02-Javier
F2024-003201;2;05/08/2024;CLI0056;S10;30,99;8,28;5;243,77;EUR;C01-Marta
F2024-003201;3;05/08/2024;CLI0056;S10;182,29;8,54;5;1478,92;EUR;C05-Rocío
F2024-003202;1;12/11/2024;CLI0053;S07;380,72;1,67;5;604,01;EUR;C01-Marta
F2024-003202;2;12/11/2024;CLI0053;S08;1711,40;2,37;0;4056,02;EUR;C03-Lucía
F2024-003203;1;25/12/2024;CLI0366;S13;1,00;681,99;0;681,99;EUR;C02-Javier
F2024-003203;2;25/12/2024;CLI0366;S06;2014,74;1,06;0;2135,62;EUR;C03-Lucía
F2024-003204;1;08/05/2024;CLI0092;S06;2824,14;1,13;0;3191,28;EUR;C04-Andrés
F2024-003204;2;08/05/2024;CLI0092;S06;1491,55;1,12;15;1419,96;EUR;C04-Andrés
F2024-003204;3;08/05/2024;CLI0092;S05;119,34;3,04;0;362,79;EUR;C01-Marta
F2024-003205;1;18/01/2024;CLI0048;S10;84,44;8,35;0;705,07;EUR;C05-Rocío
F2024-003205;2;18/01/2024;CLI0048;S10;68,75;8,45;5;551,89;EUR;C04-Andrés
F2024-003205;3;18/01/2024;CLI0048;S10;49,75;8,21;0;408,45;EUR;C02-Javier
F2024-003206;1;06/04/2024;CLI0247;S14;7,00;202,27;15;1203,51;EUR;C03-Lucía
F2024-003206;2;06/04/2024;CLI0247;S13;1,00;660,01;0;660,01;EUR;C02-Javier
F2024-003207;1;28/04/2024;CLI0309;S04;342,61;15,39;0;5273,62;USD;C04-Andrés
F2024-003207;2;28/04/2024;CLI0309;S15;1,00;92,78;0;92,78;USD;C05-Rocío
F2024-003207;3;28/04/2024;CLI0309;S12;1,00;122,63;0;122,63;EUR;C05-Rocío
F2024-003207;4;28/04/2024;CLI0309;S03;42,67;36,70;0;1565,99;EUR;C05-Rocío
F2024-003208;1;03/04/2024;CLI0051;S05;42,72;3,16;0;135,00;EUR;C05-Rocío
F2024-003208;2;03/04/2024;CLI0051;S06;2952,18;1,05;0;3099,79;EUR;C04-Andrés
F2024-003209;1;07/09/2024;CLI0368;S10;1482,44;8,11;5;11421,46;EUR;C04-Andrés
F2024-003209;2;07/09/2024;CLI0368;S10;1364,77;8,64;0;;EUR;C01-Marta
F2024-003209;3;07/09/2024;CLI0368;S13;1,00;651,47;0;651,47;EUR;C04-Andrés
F2024-003209;4;07/09/2024;CLI0368;S10;1090,58;8,37;0;9128,15;EUR;C05-Rocío
F2024-003210;1;21/11/2024;CLI0200;S14;11,00;204,22;0;2246,42;EUR;C03-Lucía
F2024-003210;2;21/11/2024;CLI0200;S11;27,99;25,50;0;713,75;EUR;C05-Rocío
F2024-003210;3;21/11/2024;CLI0200;S02;550,88;6,48;5;3391,22;EUR;C02-Javier
F2024-003211;1;03/03/2024;CLI0051;S06;1880,02;1,08;0;2030,42;EUR;C05-Rocío
F2024-003211;2;03/03/2024;CLI0051;S06;3714,02;1,14;0;4233,98;EUR;C02-Javier
F2024-003211;3;03/03/2024;CLI0051;S06;2161,79;1,12;0;2421,20;EUR;C02-Javier
F2024-003211;4;03/03/2024;CLI0051;S14;11,00;216,82;0;2385,02;EUR;C04-Andrés
F2024-003212;1;02/05/2024;CLI0024;S06;1559,30;1,10;0;1715,23;EUR;C01-Marta
F2024-003213;1;19/11/2024;CLI0087;S10;201,55;10,06;0;2028,51;USD;C01-Marta
F2024-003213;2;19/11/2024;CLI0087;S10;161,13;8,28;0;1334,16;EUR;C01-Marta
F2024-003213;3;19/11/2024;CLI0087;S10;160,49;9,79;0;1571,65;USD;C05-Rocío
F2024-003214;1;27/09/2024;CLI0286;S11;200,25;24,65;0;4936,16;EUR;C03-Lucía
F2024-003214;2;27/09/2024;CLI0286;S02;352,57;6,30;0;2221,19;EUR;C01-Marta
F2024-003214;3;27/09/2024;CLI0286;S15;1,00;83,99;0;83,99;EUR;C01-Marta
F2024-003215;1;24/01/2024;CLI0174;S08;1404,73;2,31;0;3244,93;EUR;C04-Andrés
F2024-003215;2;24/01/2024;CLI0174;S07;193,99;1,53;5;281,96;EUR;C05-Rocío
F2024-003215;3;24/01/2024;CLI0174;S08;1128,59;2,50;0;2821,47;EUR;C05-Rocío
F2024-003216;1;19/03/2024;CLI0078;S14;11,00;206,83;0;2275,13;EUR;C05-Rocío
F2024-003216;1;19/03/2024;CLI0078;S14;11,00;206,83;0;2275,13;EUR;C05-Rocío
F2024-003216;2;19/03/2024;CLI0078;S10;1058,27;8,21;0;8688,40;EUR;C05-Rocío
F2024-003216;3;19/03/2024;CLI0078;S10;147,01;8,33;5;1163,36;EUR;C02-Javier
F2024-003217;1;06/08/2024;CLI0211;S15;4,00;89,23;0;356,92;EUR;C01-Marta
F2024-003217;2;06/08/2024;CLI0211;S15;3,00;84,22;0;252,66;EUR;C03-Lucía
F2024-003218;1;01/02/2024;CLI0101;S10;3940,16;8,89;5;33276,62;EUR;C02-Javier
F2024-003218;1;01/02/2024;CLI0101;S10;3940,16;8,89;5;33276,62;EUR;C02-Javier
F2024-003219;1;04/04/2024;CLI0360;S09;111,19;42,77;0;4755,60;EUR;C01-Marta
F2024-003219;2;04/04/2024;CLI0360;S09;362,02;40,38;5;13887,45;EUR;C04-Andrés
F2024-003219;3;04/04/2024;CLI0360;S09;215,43;43,99;5;9002,93;EUR;C03-Lucía
F2024-003220;1;14/07/2024;CLI0173;S05;671,20;3,18;5;2027,70;EUR;C05-Rocío
F2024-003221;1;25/12/2024;CLI0051;S06;1275,52;1,15;0;1466,85;EUR;C01-Marta
F2024-003221;2;25/12/2024;CLI0051;S06;1125,48;1,09;15;1042,76;EUR;C04-Andrés
F2024-003221;3;25/12/2024;CLI0051;S06;528,14;1,05;10;499,09;EUR;C03-Lucía
F2024-003222;1;28/08/2024;CLI0188;S13;1,00;676,37;0;676,37;EUR;C03-Lucía
F2024-003222;2;28/08/2024;CLI0188;S01;44,50;96,71;0;4303,59;EUR;C02-Javier
F2024-003222;3;28/08/2024;CLI0188;S13;1,00;665,75;0;665,75;EUR;C03-Lucía
F2024-003222;4;28/08/2024;CLI0188;S15;1,00;85,73;0;85,73;EUR;C01-Marta
F2024-003223;1;23/01/2024;CLI0051;S05;607,05;3,07;15;1584,10;EUR;C02-Javier
F2024-003223;2;23/01/2024;CLI0051;S05;125,38;3,05;0;382,41;EUR;C02-Javier
F2024-003223;3;23/01/2024;CLI0051;S13;1,00;637,82;0;637,82;EUR;C03-Lucía
F2024-003223;4;23/01/2024;CLI0051;S05;255,17;3,07;10;705,03;EUR;C02-Javier
F2024-003224;1;21/07/2024;CLI0115;S13;1,00;670,05;0;670,05;EUR;C03-Lucía
F2024-003224;2;21/07/2024;CLI0115;S14;4,00;215,22;5;817,84;EUR;C05-Rocío
F2024-003225;1;02/06/2024;CLI0301;S08;1425,54;2,34;0;3335,76;EUR;C04-Andrés
F2024-003226;1;08/04/2024;CLI0095;S14;12,00;207,16;0;2485,92;EUR;C03-Lucía
F2024-003227;1;01/12/2024;CLI0027;S05;1103,20;3,25;0;3585,40;EUR;C05-Rocío
F2024-003227;2;01/12/2024;CLI0027;S05;292,24;3,31;5;918,95;EUR;C01-Marta
F2024-003227;3;01/12/2024;CLI0027;S05;142,85;3,07;0;438,55;EUR;C02-Javier
F2024-003227;4;01/12/2024;CLI0027;S14;16,00;210,76;0;3372,16;EUR;C01-Marta
F2024-003228;1;17/06/2024;CLI0158;S09;87,34;43,56;10;3424,08;EUR;C05-Rocío
F2024-003228;2;17/06/2024;CLI0158;S09;122,49;40,00;10;4409,64;EUR;C03-Lucía
F2024-003228;3;17/06/2024;CLI0158;S09;71,97;42,11;15;2576,06;EUR;C03-Lucía
F2024-003229;1;27/01/2024;CLI0291;S10;118,46;8,84;15;890,11;EUR;C03-Lucía
F2024-003229;2;27/01/2024;CLI0291;S10;323,45;8,85;0;2862,53;EUR;C04-Andrés
F2024-003229;3;27/01/2024;CLI0291;S10;1228,32;8,20;10;9065,00;EUR;C03-Lucía
F2024-003229;4;27/01/2024;cli0291;S15;4,00;85,95;0;343,80;EUR;C01-Marta
F2024-003230;1;21/03/2024;CLI0336;S05;552,73;3,21;0;1774,26;EUR;C03-Lucía
F2024-003230;2;21/03/2024;CLI0336;S06;2387,90;1,06;0;2531,17;EUR;C01-Marta
F2024-003230;3;21/03/2024;CLI0336;S13;1,00;636,17;5;604,36;EUR;C04-Andrés
F2024-003230;4;21/03/2024;CLI0336;S14;15,00;220,47;5;3141,70;EUR;C03-Lucía
F2024-003231;1;10/02/2024;CLI0149;S07;289,91;1,67;0;484,15;EUR;C03-Lucía
F2024-003231;2;10/02/2024;CLI0149;S14;13,00;210,30;15;2323,82;EUR;C05-Rocío
F2024-003232;1;22/11/2024;CLI0354;S13;1,00;637,63;5;605,75;EUR;C01-Marta
F2024-003233;1;23/02/2024;CLI0056;S15;2,00;86,53;0;173,06;EUR;C03-Lucía
F2024-003233;2;23/02/2024;CLI0056;S14;16,00;220,34;5;3349,17;EUR;C02-Javier
F2024-003233;3;23/02/2024;CLI0056;S13;1,00;662,42;5;629,30;EUR;C02-Javier
F2024-003233;4;23/02/2024;CLI0056;S10;508,02;8,82;0;4480,74;EUR;C02-Javier
F2024-003234;1;27/01/2024;CLI0225;S05;861,13;3,28;0;2824,51;EUR;C05-Rocío
F2024-003234;2;27/01/2024;CLI0225;S05;234,37;3,07;10;647,56;EUR;C01-Marta
F2024-003234;3;27/01/2024;CLI0225;S06;288,75;1,10;10;285,86;EUR;C01-Marta
F2024-003235;1;16/04/2024;CLI0194;S02;440,65;6,29;15;2355,94;EUR;C03-Lucía
F2024-003235;2;16/04/2024;CLI0194;S13;1,00;719,67;15;611,71;USD;C01-Marta
F2024-003236;1;07/04/2024;CLI0095;S09;148,63;40,23;10;5381,45;EUR;C01-Marta
F2024-003236;2;07/04/2024;CLI0095;S09;258,90;41,19;0;10664,09;EUR;C04-Andrés
F2024-003236;3;07/04/2024;CLI0095;S09;116,93;42,97;0;5024,48;EUR;C04-Andrés
F2024-003237;1;08/06/2024;CLI0311;S08;2276,37;2,35;0;5349,47;EUR;C02-Javier
F2024-003237;2;08/06/2024;CLI0311;S07;52,89;1,63;0;86,21;EUR;C03-Lucía
F2024-003237;3;08/06/2024;CLI0311;S14;11,00;210,21;0;2312,31;EUR;C01-Marta
F2024-003237;4;08/06/2024;CLI0311;S07;103,93;1,67;5;164,88;EUR;C05-Rocío
F2024-003238;1;24/11/2024;CLI0312;S08;935,15;2,43;0;2272,41;EUR;C05-Rocío
F2024-003238;2;24/11/2024;CLI0312;S07;180,22;1,60;10;259,52;EUR;C01-Marta
F2024-003239;1;21/08/2024;CLI0149;S15;3,00;86,38;0;259,14;EUR;C03-Lucía
F2024-003239;2;21/08/2024;CLI0149;S15;2,00;89,08;10;160,34;EUR;C01-Marta
F2024-003239;3;21/08/2024;CLI0149;S14;9,00;199,61;0;1796,49;EUR;C04-Andrés
F2024-003239;4;21/08/2024;CLI0149;S08;888,36;2,41;15;1819,81;EUR;C04-Andrés
F2024-003240;1;27/08/2024;CLI0242;S03;39,63;37,67;0;1492,86;EUR;C05-Rocío
F2024-003240;2;27/08/2024;CLI0242;S04;561,25;14,32;0;8037,10;EUR;C05-Rocío
F2024-003241;1;03/03/2024;CLI0051;S06;3477,01;1,08;0;3755,17;EUR;C02-Javier
F2024-003241;2;03/03/2024;CLI0051;S05;62,86;3,07;0;192,98;EUR;C05-Rocío
F2024-003241;3;03/03/2024;CLI0051;S05;341,84;3,19;15;926,90;EUR;C04-Andrés
F2024-003242;1;09/07/2024;CLI0095;S09;97,76;42,29;15;3514,13;EUR;C01-Marta
F2024-003242;2;09/07/2024;CLI0095;S09;93,16;41,43;15;3280,68;EUR;C05-Rocío
F2024-003242;3;09/07/2024;CLI0095;S09;61,31;40,18;15;2093,92;EUR;C05-Rocío
F2024-003243;1;03/01/2024;CLI0097;S09;43,12;43,83;0;1889,95;EUR;C05-Rocío
F2024-003244;1;08/02/2024;CLI0268;S13;1,00;658,24;5;625,33;EUR;C05-Rocío
F2024-003245;1;04/04/2024;CLI0067;S13;1,00;636,94;0;636,94;EUR;C05-Rocío
F2024-003245;2;04/04/2024;CLI0067;S14;16,00;200,78;0;3212,48;EUR;C03-Lucía
F2024-003245;3;04/04/2024;CLI0067;S10;88,72;8,34;5;702,93;EUR;C02-Javier
F2024-003246;1;28/11/2024;CLI0369;S12;1,00;120,52;0;120,52;EUR;C05-Rocío
F2024-003246;2;28/11/2024;CLI0369;S12;2,00;123,76;5;235,14;EUR;C01-Marta
F2024-003246;3;28/11/2024;CLI0369;S03;95,27;38,09;0;3628,83;EUR;C01-Marta
F2024-003247;1;10/07/2024;CLI0101;S10;1207,13;8,23;0;9934,68;EUR;C04-Andrés
F2024-003247;2;10/07/2024;CLI0101;S10;233,14;9,84;0;2293,26;USD;C04-Andrés
F2024-003247;3;10/07/2024;CLI0101;S10;403,06;8,28;0;3337,34;EUR;C01-Marta
F2024-003247;4;10/07/2024;cli0101;S15;1,00;86,22;0;86,22;EUR;C01-Marta
F2024-003248;1;18/11/2024;CLI0350;S06;1428,88;1,07;10;1376,01;EUR;C02-Javier
F2024-003248;2;18/11/2024;CLI0350;S05;188,41;3,15;0;593,49;EUR;C04-Andrés
F2024-003248;3;18/11/2024;CLI0350;S05;196,23;3,09;0;606,35;EUR;C04-Andrés
F2024-003249;1;21/11/2024;CLI0094;S07;975,54;1,67;0;1629,15;EUR;C01-Marta
F2024-003249;2;21/11/2024;CLI0094;S15;2,00;89,09;0;178,18;EUR;C01-Marta
F2024-003249;3;21/11/2024;CLI0094;S08;1273,76;2,48;5;3000,98;EUR;C01-Marta
F2024-003250;1;02/05/2024;CLI0142;S06;1324,10;1,14;10;1358,53;EUR;C02-Javier
F2024-003250;2;02/05/2024;CLI0142;S13;1,00;618,98;5;588,03;EUR;C01-Marta
F2024-003250;3;02/05/2024;CLI0142;S13;1,00;657,49;0;657,49;EUR;C05-Rocío
F2024-003251;1;15/07/2024;CLI0024;S05;165,29;3,20;5;502,48;EUR;C04-Andrés
F2024-003251;2;15/07/2024;CLI0024;S06;3076,75;1,08;0;3322,89;EUR;C05-Rocío
F2024-003251;3;15/07/2024;CLI0024;S06;5687,41;1,13;0;6426,77;EUR;C03-Lucía
F2024-003251;4;15/07/2024;CLI0024;S05;860,07;3,26;0;2803,83;EUR;C03-Lucía
F2024-003252;1;09/10/2024;CLI0163;S02;633,71;6,46;0;4093,77;EUR;C04-Andrés
F2024-003252;2;09/10/2024;CLI0163;S01;18,64;92,63;0;1726,62;EUR;C03-Lucía
F2024-003252;3;09/10/2024;CLI0163;S02;317,73;6,65;0;2112,90;EUR;C03-Lucía
F2024-003253;1;19/01/2024;CLI0317;S14;3,00;217,84;15;555,49;EUR;C01-Marta
F2024-003253;2;19/01/2024;CLI0317;S10;387,72;8,75;5;3222,92;EUR;C03-Lucía
F2024-003253;3;19/01/2024;CLI0317;S13;1,00;629,91;5;598,41;EUR;C04-Andrés
F2024-003253;4;19/01/2024;CLI0317;S10;179,89;8,84;0;1590,23;EUR;C05-Rocío
F2024-003254;1;18/05/2024;CLI0092;S06;579,17;1,15;0;666,05;EUR;C04-Andrés
F2024-003254;2;18/05/2024;CLI0092;S06;1686,71;1,11;10;1685,02;EUR;C01-Marta
F2024-003254;3;18/05/2024;CLI0092;S06;2282,49;1,06;15;2056,52;EUR;C05-Rocío
F2024-003254;4;18/05/2024;CLI0092;S13;1,00;638,87;10;574,98;EUR;C03-Lucía
F2024-003255;1;25/06/2024;CLI0379;S07;171,79;1,63;0;280,02;EUR;C04-Andrés
F2024-003255;2;25/06/2024;CLI0379;S14;8,00;211,67;0;1693,36;EUR;C05-Rocío
F2024-003255;3;25/06/2024;CLI0379;S07;313,89;1,65;0;517,92;EUR;C02-Javier
F2024-003256;1;27/03/2024;CLI0356;S15;1,00;83,84;0;83,84;EUR;C02-Javier
F2024-003256;2;27/03/2024;CLI0356;S10;200,29;8,17;10;1472,73;EUR;C04-Andrés
F2024-003257;1;03/01/2024;CLI0342;S10;628,99;8,62;5;5150,80;EUR;C05-Rocío
F2024-003257;2;03/01/2024;CLI0342;S10;1071,33;8,26;0;8849,19;EUR;C02-Javier
F2024-003257;3;03/01/2024;CLI0342;S10;166,70;8,90;0;1483,63;EUR;C03-Lucía
F2024-003258;1;12/02/2024;CLI0380;S14;14,00;212,68;0;2977,52;EUR;C05-Rocío
F2024-003258;2;12/02/2024;CLI0380;S06;1796,50;1,11;0;1994,12;EUR;C01-Marta
F2024-003259;1;11/04/2024;CLI0158;S09;30,27;42,24;5;1214,67;EUR;C03-Lucía
F2024-003259;2;11/04/2024;CLI0158;S09;182,19;41,97;0;7646,51;EUR;C05-Rocío
F2024-003259;3;11/04/2024;CLI0158;S09;31,47;43,27;0;1361,71;EUR;C05-Rocío
F2024-003259;4;11/04/2024;CLI0158;S09;165,09;42,13;0;6955,24;EUR;C05-Rocío
F2024-003260;1;28/02/2024;CLI0306;S11;26,69;25,06;0;668,85;EUR;C02-Javier
F2024-003260;2;28/02/2024;CLI0306;S01;89,58;95,14;15;7244,25;EUR;C03-Lucía
F2024-003260;3;28/02/2024;CLI0306;S11;33,66;25,97;0;874,15;EUR;C01-Marta
F2024-003261;1;04/10/2024;CLI0174;S08;1542,33;2,43;0;3747,86;EUR;C03-Lucía
F2024-003261;2;04/10/2024;CLI0174;S15;3,00;83,64;5;238,37;EUR;C04-Andrés
F2024-003262;1;12/10/2024;CLI0158;S15;4,00;83,40;0;333,60;EUR;C01-Marta
F2024-003263;1;21/07/2024;CLI0060;S15;1,00;81,86;5;77,77;EUR;C05-Rocío
F2024-003263;2;21/07/2024;CLI0060;S02;511,44;6,24;5;3031,82;EUR;C01-Marta
F2024-003263;3;21/07/2024;CLI0060;S13;1,00;669,12;0;669,12;EUR;C02-Javier
F2024-003263;4;21/07/2024;CLI0060;S02;871,63;6,46;0;5630,73;EUR;C01-Marta
F2024-003264;1;19/09/2024;CLI0207;S10;444,04;8,35;0;3707,73;EUR;C01-Marta
F2024-003264;2;19/09/2024;cli0207;S10;3312,25;8,83;5;27784,81;EUR;C05-Rocío
F2024-003264;3;19/09/2024;CLI0207;S10;46,20;8,51;0;393,16;EUR;C02-Javier
F2024-003264;4;19/09/2024;CLI0207;S10;524,25;8,91;0;4671,07;EUR;C03-Lucía
F2024-003265;1;05/11/2024;CLI0158;S13;1,00;621,78;10;559,60;EUR;C01-Marta
F2024-003265;2;05/11/2024;CLI0158;S15;4,00;88,78;10;319,61;EUR;C04-Andrés
F2024-003265;3;05/11/2024;CLI0158;S14;15,00;211,55;0;3173,25;EUR;C02-Javier
F2024-003265;4;05/11/2024;CLI0158;S09;73,58;40,24;0;2960,86;EUR;C02-Javier
F2024-003266;1;17/01/2024;CLI0212;S15;1,00;89,19;5;84,73;EUR;C02-Javier
F2024-003266;2;17/01/2024;CLI0212;S04;135,30;14,38;5;1848,33;EUR;C01-Marta
F2024-003266;3;17/01/2024;CLI0212;S12;1,00;119,75;0;119,75;EUR;C02-Javier
F2024-003267;1;03/07/2024;CLI0213;S10;1116,39;8,25;0;9210,22;EUR;C02-Javier
F2024-003267;2;03/07/2024;CLI0213;S10;569,99;8,82;0;5027,31;EUR;C01-Marta
F2024-003267;3;03/07/2024;CLI0213;S13;1,00;645,36;0;645,36;EUR;C01-Marta
F2024-003268;1;03/06/2024;CLI0101;S10;937,95;8,56;15;6824,52;EUR;C05-Rocío
F2024-003268;2;03/06/2024;CLI0101;S10;135,45;8,61;0;1166,22;EUR;C02-Javier
F2024-003268;3;03/06/2024;CLI0101;S10;154,04;8,91;0;1372,50;EUR;C03-Lucía
F2024-003269;1;24/08/2024;CLI0362;S01;58,16;92,47;0;5378,06;EUR;C04-Andrés
F2024-003269;2;24/08/2024;CLI0362;S01;189,56;97,46;0;18474,52;EUR;C03-Lucía
F2024-003270;1;01/02/2024;CLI0159;S03;50,19;39,71;10;1793,74;EUR;C01-Marta
F2024-003270;2;01/02/2024;CLI0159;S12;3,00;121,93;5;347,50;EUR;C03-Lucía
F2024-003271;1;11/08/2024;CLI0072;S06;2328,00;1,07;0;2490,96;EUR;C05-Rocío
F2024-003272;1;10/11/2024;CLI0207;S10;1002,78;8,58;0;8603,85;EUR;C05-Rocío
F2024-003272;2;10/11/2024;CLI0207;S14;7,00;202,33;0;1416,31;EUR;C03-Lucía
F2024-003273;1;07/08/2024;CLI0368;S10;345,86;8,57;0;2964,02;EUR;C04-Andrés
F2024-003273;2;07/08/2024;CLI0368;S14;16,00;201,38;5;3060,98;EUR;C05-Rocío
F2024-003273;3;07/08/2024;CLI0368;S10;835,49;8,14;0;6800,89;EUR;C02-Javier
F2024-003273;4;07/08/2024;CLI0368;S10;359,28;8,54;0;3068,25;EUR;C02-Javier
F2024-003274;1;27/11/2024;CLI0018;S10;164,49;8,20;0;1348,82;EUR;C02-Javier
F2024-003274;2;27/11/2024;CLI0018;S10;330,80;8,84;0;2924,27;EUR;C05-Rocío
F2024-003274;3;27/11/2024;CLI0018;S10;1465,07;8,54;0;12511,70;EUR;C01-Marta
F2024-003275;1;25/05/2024;CLI0380;S05;245,69;3,13;0;769,01;EUR;C04-Andrés
F2024-003276;1;10/07/2024;CLI0207;S10;162,02;8,62;5;1326,78;EUR;C01-Marta
F2024-003276;2;10/07/2024;CLI0207;S10;1139,75;8,59;0;9790,45;EUR;C01-Marta
F2024-003276;3;10/07/2024;CLI0207;S10;794,63;8,79;0;6984,80;EUR;C03-Lucía
F2024-003277;1;15/11/2024;CLI0125;S01;54,64;92,40;5;4796,30;EUR;C05-Rocío
F2024-003277;2;15/11/2024;CLI0125;S14;16,00;213,52;5;3245,50;EUR;C05-Rocío
F2024-003277;3;15/11/2024;CLI0125;S11;34,36;24,20;0;831,51;EUR;C04-Andrés
F2024-003277;4;15/11/2024;CLI0125;S02;287,75;6,60;0;1899,15;EUR;C03-Lucía
F2024-003278;1;16/02/2024;CLI0327;S05;205,52;3,22;0;661,77;EUR;C05-Rocío
F2024-003279;1;08/09/2024;CLI0200;S02;396,89;6,56;0;2603,60;EUR;C03-Lucía
F2024-003279;2;08/09/2024;CLI0200;S15;1,00;88,20;0;88,20;EUR;C01-Marta
F2024-003279;3;08/09/2024;CLI0200;S02;4350,90;6,78;0;29499,10;EUR;C01-Marta
F2024-003280;1;19/02/2024;CLI0045;S05;173,99;3,25;0;565,47;EUR;C02-Javier
F2024-003280;2;19/02/2024;CLI0045;S15;3,00;87,79;5;250,20;EUR;C05-Rocío
F2024-003280;3;19/02/2024;CLI0045;S06;1816,86;1,08;0;1962,21;EUR;C02-Javier
F2024-003281;1;28/05/2024;CLI0215;S15;3,00;81,25;0;243,75;EUR;C03-Lucía
F2024-003281;2;28/05/2024;cli0215;S07;448,41;1,56;0;699,52;EUR;C05-Rocío
F2024-003282;1;07/01/2024;CLI0114;S09;47,45;41,62;0;1974,87;EUR;C03-Lucía
F2024-003282;2;07/01/2024;CLI0114;S09;73,37;40,48;5;2821,52;EUR;C02-Javier
F2024-003282;3;07/01/2024;CLI0114;S09;163,93;43,73;0;7168,66;EUR;C05-Rocío
F2024-003282;4;07/01/2024;CLI0114;S09;168,34;43,40;0;7305,96;EUR;C05-Rocío
F2024-003283;1;13/06/2024;CLI0201;S01;95,51;90,31;0;8625,51;EUR;C05-Rocío
F2024-003283;2;13/06/2024;CLI0201;S11;42,22;25,10;15;900,76;EUR;C03-Lucía
F2024-003283;3;13/06/2024;CLI0201;S11;113,80;26,00;15;2514,98;EUR;C01-Marta
F2024-003284;1;09/08/2024;CLI0136;S13;1,00;626,82;0;626,82;EUR;C03-Lucía
F2024-003284;2;09/08/2024;CLI0136;S15;4,00;87,46;0;349,84;EUR;C05-Rocío
F2024-003285;1;28/02/2024;CLI0306;S01;77,49;95,29;10;6645,62;EUR;C04-Andrés
F2024-003285;2;28/02/2024;CLI0306;S01;36,86;94,57;15;2962,97;EUR;C05-Rocío
F2024-003285;3;28/02/2024;CLI0306;S14;6,00;217,00;0;1302,00;EUR;C04-Andrés
F2024-003286;1;19/09/2024;CLI0094;S07;121,88;1,57;5;181,78;EUR;C04-Andrés
F2024-003286;2;2024-09-19;CLI0094;S14;6,00;212,83;0;1276,98;EUR;C05-Rocío
F2024-003286;3;19/09/2024;CLI0094;S08;1288,18;2,34;5;2863,62;EUR;C02-Javier
F2024-003287;1;10/04/2024;CLI0051;S15;2,00;81,09;0;162,18;EUR;C05-Rocío
F2024-003287;2;10/04/2024;CLI0051;S14;10,00;218,17;0;2181,70;EUR;C02-Javier
F2024-003288;1;10/05/2024;CLI0128;S07;1770,71;1,73;0;3070,82;USD;C05-Rocío
F2024-003288;2;10/05/2024;CLI0128;S15;2,00;94,04;0;188,09;USD;C04-Andrés
F2024-003288;3;10/05/2024;CLI0128;S14;12,00;210,16;0;2521,92;EUR;C02-Javier
F2024-003288;4;10/05/2024;CLI0128;S07;261,72;1,77;0;462,73;USD;C05-Rocío
F2024-003289;1;24/01/2024;CLI0221;S10;49,40;8,12;0;401,13;EUR;C03-Lucía
F2024-003289;2;24/01/2024;CLI0221;S15;2,00;88,78;5;168,68;EUR;C02-Javier
F2024-003289;3;24/01/2024;CLI0221;S10;133,69;8,51;0;1137,70;EUR;C04-Andrés
F2024-003289;4;24/01/2024;CLI0221;S10;397,81;8,09;5;3057,37;EUR;C02-Javier
F2024-003290;1;15/01/2024;CLI0095;S14;6,00;210,90;10;1138,86;EUR;C04-Andrés
F2024-003290;2;15/01/2024;CLI0095;S09;97,83;42,14;0;4122,56;EUR;C01-Marta
F2024-003290;3;15/01/2024;CLI0095;S09;153,62;39,97;10;5526,17;EUR;C05-Rocío
F2024-003290;4;15/01/2024;CLI0095;S09;146,25;43,34;15;5387,70;EUR;C02-Javier
F2024-003291;1;04/12/2024;CLI0177;S06;317,44;1,06;0;336,49;EUR;C04-Andrés
F2024-003291;2;04/12/2024;CLI0177;S06;1312,67;1,14;0;1496,44;EUR;C01-Marta
F2024-003291;3;04/12/2024;CLI0177;S06;836,25;1,06;0;886,43;EUR;C05-Rocío
F2024-003291;4;04/12/2024;CLI0177;S05;105,28;3,07;0;323,21;EUR;C05-Rocío
F2024-003292;1;07/03/2024;CLI0370;S06;1600,07;1,11;15;1509,67;EUR;C05-Rocío
F2024-003292;2;07/03/2024;CLI0370;S05;133,48;3,26;15;369,87;EUR;C02-Javier
F2024-003292;3;07/03/2024;CLI0370;S05;269,61;3,26;10;791,04;EUR;C02-Javier
F2024-003292;4;07/03/2024;CLI0370;S13;1,00;633,03;0;633,03;EUR;C02-Javier
F2024-003293;1;28/05/2024;CLI0319;S15;1,00;81,41;0;81,41;EUR;C03-Lucía
F2024-003294;1;02/06/2024;CLI0287;S10;353,24;8,79;0;3104,98;EUR;C04-Andrés
F2024-003294;2;02/06/2024;CLI0287;S10;2174,51;8,54;0;18570,32;EUR;C02-Javier
F2024-003294;3;02/06/2024;CLI0287;S15;3,00;84,10;0;252,30;EUR;C02-Javier
F2024-003295;1;04/03/2024;CLI0095;S15;3,00;88,06;0;264,18;EUR;C03-Lucía
F2024-003296;1;13/12/2024;CLI0101;S14;10,00;218,12;5;2072,14;EUR;C05-Rocío
F2024-003296;2;13/12/2024;CLI0101;S10;588,19;8,23;0;4840,80;EUR;C01-Marta
F2024-003296;3;13/12/2024;CLI0101;S10;835,44;8,59;5;6817,61;EUR;C02-Javier
F2024-003296;4;13/12/2024;CLI0101;S10;122,43;10,13;15;1054,03;USD;C02-Javier
F2024-003297;1;12/12/2024;CLI0078;S10;605,80;8,26;0;5003,91;EUR;C04-Andrés
F2024-003297;2;12/12/2024;CLI0078;S14;3,00;215,85;5;615,17;EUR;C02-Javier
F2024-003297;3;12/12/2024;CLI0078;S10;1665,50;8,87;0;14772,98;EUR;C02-Javier
F2024-003298;1;09/03/2024;CLI0370;S05;833,68;3,08;10;2310,96;EUR;C04-Andrés
F2024-003298;2;09/03/2024;CLI0370;S05;174,76;3,31;10;520,61;EUR;C01-Marta
F2024-003299;1;13/09/2024;CLI0302;S10;845,40;8,87;0;7498,70;EUR;C04-Andrés
F2024-003299;2;13/09/2024;CLI0302;S10;635,66;8,44;0;5364,97;EUR;C04-Andrés
F2024-003299;3;13/09/2024;CLI0302;S10;697,30;8,12;5;5378,97;EUR;C05-Rocío
F2024-003299;4;13/09/2024;CLI0302;S10;1330,13;8,08;5;10210,08;EUR;C04-Andrés
F2024-003300;1;04/05/2024;CLI0391;S12;3,00;117,47;5;334,79;EUR;C01-Marta
F2024-003300;2;04/05/2024;CLI0391;S12;3,00;123,27;0;369,81;EUR;C02-Javier
F2024-003300;3;04/05/2024;CLI0391;S04;457,92;14,15;0;6479,57;EUR;C01-Marta
F2024-003300;4;04/05/2024;CLI0391;S12;1,00;117,50;5;111,62;EUR;C04-Andrés
F2024-003301;1;28/10/2024;CLI0149;S08;887,92;2,32;15;1750,98;EUR;C05-Rocío
F2024-003302;1;18/07/2024;CLI0384;S10;165,50;8,59;0;1421,64;EUR;C01-Marta
F2024-003302;2;18/07/2024;CLI0384;S10;172,99;8,85;0;1530,96;EUR;C04-Andrés
F2024-003303;1;12/07/2024;CLI0051;S05;99,24;3,13;0;310,62;EUR;C02-Javier
F2024-003303;2;12/07/2024;CLI0051;S06;1006,76;1,09;0;1097,37;EUR;C04-Andrés
F2024-003303;3;12/07/2024;CLI0051;S14;12,00;205,34;10;2217,67;EUR;C01-Marta
F2024-003304;1;14/09/2024;CLI0084;S01;54,91;92,96;0;5104,43;EUR;C01-Marta
F2024-003305;1;23/10/2024;CLI0079;S05;729,68;3,13;0;2283,90;EUR;C05-Rocío
F2024-003306;1;12/03/2024;CLI0095;S09;44,30;43,69;5;1838,69;EUR;C05-Rocío
F2024-003306;2;12/03/2024;CLI0095;S15;2,00;88,61;10;159,50;EUR;C05-Rocío
F2024-003307;1;06/11/2024;CLI0043;S05;116,03;3,27;0;379,42;EUR;C01-Marta
F2024-003307;2;06/11/2024;CLI0043;S06;775,14;1,14;0;883,66;EUR;C03-Lucía
F2024-003307;3;06/11/2024;CLI0043;S05;167,71;3,12;0;523,26;EUR;C02-Javier
F2024-003307;4;06/11/2024;CLI0043;S13;1,00;646,32;0;646,32;EUR;C05-Rocío
F2024-003308;1;20/06/2024;CLI0158;S13;1,00;673,78;10;606,40;EUR;C03-Lucía
F2024-003308;2;20/06/2024;CLI0158;S09;75,54;41,30;0;3119,80;EUR;C03-Lucía
F2024-003309;1;24/02/2024;CLI0163;S01;84,31;92,60;0;7807,11;EUR;C01-Marta
F2024-003309;2;24/02/2024;CLI0163;S11;49,08;24,68;0;1211,29;EUR;C05-Rocío
F2024-003310;1;22/11/2024;CLI0286;S02;112,95;6,63;0;748,86;EUR;C02-Javier
F2024-003310;2;2024-11-22;CLI0286;S02;257,01;6,64;0;1706,55;EUR;C01-Marta
F2024-003311;1;26/03/2024;CLI0207;S14;2,00;215,71;0;431,42;EUR;C03-Lucía
F2024-003311;2;26/03/2024;CLI0207;S10;136,41;8,70;0;1186,77;EUR;C04-Andrés
F2024-003311;3;26/03/2024;CLI0207;S10;50,69;8,23;0;417,18;EUR;C04-Andrés
F2024-003312;1;17/02/2024;CLI0092;S13;1,00;624,57;0;624,57;EUR;C01-Marta
F2024-003312;2;17/02/2024;CLI0092;S15;4,00;84,83;0;339,32;EUR;C03-Lucía
F2024-003312;3;17/02/2024;CLI0092;S05;413,48;3,28;5;1288,40;EUR;C04-Andrés
F2024-003312;4;17/02/2024;CLI0092;S05;285,84;3,05;0;871,81;EUR;C02-Javier
F2024-003313;1;22/12/2024;CLI0341;S06;9347,07;1,06;5;9412,50;EUR;C04-Andrés
F2024-003313;2;22/12/2024;CLI0341;S05;170,64;3,10;0;528,98;EUR;C01-Marta
F2024-003313;3;22/12/2024;CLI0341;S05;409,52;3,29;5;1279,95;EUR;C04-Andrés
F2024-003314;1;13/06/2024;CLI0257;S14;2,00;210,64;5;400,22;EUR;C02-Javier
F2024-003314;2;13/06/2024;CLI0257;S06;1026,79;1,08;0;1108,93;EUR;C03-Lucía
F2024-003314;3;13/06/2024;CLI0257;S06;5489,47;1,15;0;6312,89;EUR;C03-Lucía
F2024-003314;4;13/06/2024;CLI0257;S14;11,00;206,56;0;2272,16;EUR;C04-Andrés
F2024-003315;1;22/03/2024;CLI0172;S10;119,89;8,09;0;969,91;EUR;C04-Andrés
F2024-003315;2;22/03/2024;CLI0172;S10;165,47;8,52;0;1409,80;EUR;C04-Andrés
F2024-003315;3;22/03/2024;CLI0172;S10;246,50;8,32;0;2050,88;EUR;C04-Andrés
F2024-003315;4;22/03/2024;CLI0172;S10;391,65;8,44;0;3305,53;EUR;C05-Rocío
F2024-003316;1;23/09/2024;CLI0350;S06;5415,03;1,11;5;5710,15;EUR;C01-Marta
F2024-003316;2;23/09/2024;CLI0350;S05;553,37;3,20;10;1593,71;EUR;C03-Lucía
F2024-003316;3;23/09/2024;CLI0350;S05;339,52;3,29;0;1117,02;EUR;C04-Andrés
F2024-003316;4;23/09/2024;CLI0350;S05;324,80;3,13;0;1016,62;EUR;C04-Andrés
F2024-003317;1;09/12/2024;CLI0204;S13;1,00;654,55;5;621,82;EUR;C03-Lucía
F2024-003318;1;19/04/2024;CLI0378;S03;54,14;38,92;5;2001,77;EUR;C02-Javier
F2024-003318;2;19/04/2024;CLI0378;S03;112,30;39,09;0;4389,81;EUR;C02-Javier
F2024-003318;3;19/04/2024;CLI0378;S13;1,00;666,66;0;666,66;EUR;C03-Lucía
F2024-003318;4;19/04/2024;CLI0378;S04;58,43;14,24;5;790,44;EUR;C04-Andrés
F2024-003319;1;02/01/2024;CLI0211;S05;208,86;3,27;0;682,97;EUR;C04-Andrés
F2024-003320;1;06/11/2024;CLI0105;S10;300,94;8,81;5;2518,72;EUR;C05-Rocío
F2024-003320;2;06/11/2024;CLI0105;S15;2,00;91,48;0;182,95;USD;C03-Lucía
F2024-003320;3;06/11/2024;CLI0105;S13;1,00;668,59;0;668,59;EUR;C01-Marta
F2024-003320;4;06/11/2024;CLI0105;S10;416,10;9,46;0;3938,19;USD;C05-Rocío
F2024-003321;1;07/07/2024;CLI0370;S14;2,00;203,03;0;406,06;EUR;C04-Andrés
F2024-003321;2;07/07/2024;CLI0370;S13;1,00;645,52;0;645,52;EUR;C02-Javier
F2024-003321;3;07/07/2024;CLI0370;S06;2411,32;1,07;0;2580,11;EUR;C04-Andrés
F2024-003321;4;07/07/2024;CLI0370;S05;168,66;3,34;10;506,99;EUR;C03-Lucía
F2024-003322;1;24/03/2024;CLI0130;S13;1,00;619,70;0;619,70;EUR;C04-Andrés
F2024-003323;1;13/10/2024;CLI0386;S15;1,00;88,82;5;84,38;EUR;C02-Javier
F2024-003324;1;15/08/2024;CLI0158;S09;100,69;42,01;15;3595,49;EUR;C05-Rocío
F2024-003324;2;15/08/2024;CLI0158;S15;3,00;87,79;0;263,37;EUR;C05-Rocío
F2024-003324;3;15/08/2024;CLI0158;S09;146,41;43,60;15;5425,95;EUR;C02-Javier
F2024-003325;1;20/08/2024;CLI0216;S10;149,36;8,33;0;1244,17;EUR;C01-Marta
F2024-003325;2;20/08/2024;CLI0216;S10;128,37;8,76;0;1124,52;EUR;C01-Marta
F2024-003326;1;13/11/2024;CLI0207;S10;125,45;8,82;0;1106,47;EUR;C01-Marta
F2024-003326;2;13/11/2024;CLI0207;S14;3,00;219,08;0;657,24;EUR;C05-Rocío
F2024-003326;3;13/11/2024;CLI0207;S15;4,00;83,83;5;318,55;EUR;C04-Andrés
F2024-003327;1;10/08/2024;CLI0159;S14;14,00;218,12;15;2595,63;EUR;C02-Javier
F2024-003328;1;24/10/2024;CLI0399;S13;1,00;639,17;0;639,17;EUR;C04-Andrés
F2024-003328;2;24/10/2024;CLI0399;S10;101,57;8,46;0;859,28;EUR;C02-Javier
F2024-003329;1;06/01/2024;CLI0124;S05;4265,89;3,29;0;14034,78;EUR;C02-Javier
F2024-003329;2;06/01/2024;CLI0124;S05;67,84;3,20;0;217,09;EUR;C01-Marta
F2024-003329;3;06/01/2024;CLI0124;S06;2873,52;1,13;0;3247,08;EUR;C04-Andrés
F2024-003329;4;06/01/2024;CLI0124;S05;828,97;3,31;0;2743,89;EUR;C01-Marta
F2024-003330;1;24/06/2024;CLI0317;S10;66,67;8,25;5;522,53;EUR;C04-Andrés
F2024-003330;2;24/06/2024;CLI0317;S10;200,04;8,53;5;1621,02;EUR;C04-Andrés
F2024-003331;1;19/09/2024;CLI0046;S06;1223,08;1,14;5;1324,60;EUR;C05-Rocío
F2024-003331;2;19/09/2024;CLI0046;S15;2,00;83,71;0;167,42;EUR;C04-Andrés
F2024-003332;1;17/01/2024;CLI0255;S06;1915,99;1,23;5;2245,19;USD;C01-Marta
F2024-003333;1;12/08/2024;CLI0207;S10;389,22;8,12;0;3160,47;EUR;C01-Marta
F2024-003334;1;18/12/2024;CLI0088;S10;177,88;8,63;0;1535,10;EUR;C01-Marta
F2024-003334;2;18/12/2024;CLI0088;S10;152,23;8,11;5;1172,86;EUR;C03-Lucía
F2024-003335;1;04/06/2024;CLI0231;S09;321,27;42,88;5;13087,25;EUR;C04-Andrés
F2024-003335;2;04/06/2024;CLI0231;S15;3,00;83,48;0;250,44;EUR;C05-Rocío
F2024-003336;1;12/12/2024;CLI0025;S14;2,00;214,15;0;428,30;EUR;C03-Lucía
F2024-003336;2;12/12/2024;CLI0025;S07;1739,13;1,56;0;2713,04;EUR;C02-Javier
F2024-003336;3;12/12/2024;CLI0025;S07;246,72;1,58;5;370,33;EUR;C04-Andrés
F2024-003336;4;12/12/2024;CLI0025;S07;93,45;1,55;0;144,85;EUR;C03-Lucía
F2024-003337;1;06/02/2024;CLI0078;S13;1,00;642,29;0;642,29;EUR;C02-Javier
F2024-003338;1;20/10/2024;CLI0310;S04;1185,80;14,49;5;16323,13;EUR;C02-Javier
F2024-003338;2;20/10/2024;CLI0310;S13;1,00;620,81;5;589,77;EUR;C05-Rocío
F2024-003338;3;20/10/2024;CLI0310;S12;4,00;118,34;5;449,69;EUR;C04-Andrés
F2024-003338;4;20/10/2024;CLI0310;S12;3,00;116,75;5;332,74;EUR;C03-Lucía
F2024-003339;1;10/03/2024;CLI0159;S15;1,00;89,18;0;89,18;EUR;C01-Marta
F2024-003339;2;10/03/2024;CLI0159;S12;4,00;114,98;0;459,92;EUR;C01-Marta
F2024-003340;1;05/09/2024;CLI0177;S13;1,00;630,42;0;630,42;EUR;C03-Lucía
F2024-003340;2;05/09/2024;CLI0177;S06;1011,33;1,05;0;1061,90;EUR;C05-Rocío
F2024-003340;3;05/09/2024;CLI0177;S15;2,00;83,20;0;166,40;EUR;C02-Javier
F2024-003340;4;05/09/2024;CLI0177;S06;810,33;1,08;0;875,16;EUR;C01-Marta
F2024-003341;1;22/12/2024;CLI0158;S09;46,50;41,28;0;1919,52;EUR;C04-Andrés
F2024-003341;2;22/12/2024;CLI0158;S09;329,79;40,74;10;12092,08;EUR;C04-Andrés
F2024-003341;3;22/12/2024;CLI0158;S09;92,11;40,71;10;3374,82;EUR;C04-Andrés
F2024-003342;1;19/06/2024;CLI0201;S01;54,24;99,16;15;4571,67;EUR;C01-Marta
F2024-003343;1;12/11/2024;CLI0158;S14;11,00;219,64;5;2295,24;EUR;C05-Rocío
F2024-003344;1;10/09/2024;CLI0087;S10;1245,33;8,47;0;10547,95;EUR;C02-Javier
F2024-003344;2;10/09/2024;CLI0087;S10;150,64;9,60;0;1446,42;USD;C03-Lucía
F2024-003344;3;10/09/2024;CLI0087;S10;694,85;9,03;0;6272,10;USD;C05-Rocío
F2024-003344;4;10/09/2024;CLI0087;S13;1,00;727,53;0;727,53;USD;C03-Lucía
F2024-003345;1;20/10/2024;CLI0070;S13;1,00;658,30;0;658,30;EUR;C03-Lucía
F2024-003346;1;09/04/2024;CLI0158;S09;98,98;43,53;5;4093,17;EUR;C04-Andrés
F2024-003346;2;09/04/2024;CLI0158;S09;56,45;40,69;0;2296,95;EUR;C05-Rocío
F2024-003347;1;03/06/2024;CLI0241;S13;1,00;642,01;0;642,01;EUR;C02-Javier
F2024-003347;2;03/06/2024;CLI0241;S13;1,00;660,85;0;660,85;EUR;C01-Marta
F2024-003348;1;26/01/2024;CLI0008;S11;52,34;24,35;0;1274,48;EUR;C03-Lucía
F2024-003348;2;26/01/2024;CLI0008;S11;40,11;25,26;0;1013,18;EUR;C02-Javier
F2024-003348;3;26/01/2024;CLI0008;S02;290,80;6,48;0;1884,38;EUR;C02-Javier
F2024-003348;4;26/01/2024;CLI0008;S01;38,45;92,97;0;3574,70;EUR;C01-Marta
F2024-003349;1;12/09/2024;CLI0004;S14;13,00;209,15;5;2583,00;EUR;C03-Lucía
F2024-003349;2;12/09/2024;CLI0004;S13;1,00;654,40;0;654,40;EUR;C01-Marta
F2024-003349;3;12/09/2024;CLI0004;S09;110,28;43,03;0;4745,35;EUR;C04-Andrés
F2024-003349;4;12/09/2024;CLI0004;S13;1,00;630,90;0;630,90;EUR;C01-Marta
F2024-003350;1;10/04/2024;CLI0159;S12;1,00;117,96;0;117,96;EUR;C03-Lucía
F2024-003350;2;10/04/2024;CLI0159;S15;1,00;83,76;0;83,76;EUR;C01-Marta
F2024-003350;3;10/04/2024;CLI0159;S12;2,00;116,48;15;198,02;EUR;C02-Javier
F2024-003351;1;24/06/2024;CLI0158;S09;86,75;41,75;10;3259,63;EUR;C05-Rocío
F2024-003352;1;08/05/2024;CLI0024;S06;4234,62;1,15;5;4626,32;EUR;C02-Javier
F2024-003353;1;13/03/2024;CLI0212;S12;4,00;117,35;5;445,93;EUR;C02-Javier
F2024-003354;1;23/04/2024;CLI0177;S13;1,00;663,76;0;663,76;EUR;C01-Marta
F2024-003355;1;25/08/2024;CLI0212;S04;645,62;13,79;0;8903,10;EUR;C01-Marta
F2024-003355;2;25/08/2024;CLI0212;S03;11,05;36,38;0;402,00;EUR;C02-Javier
F2024-003356;1;13/09/2024;CLI0101;S13;1,00;620,28;10;558,25;EUR;C04-Andrés
F2024-003357;1;09/03/2024;CLI0247;S13;1,00;663,03;0;663,03;EUR;C01-Marta
F2024-003357;2;09/03/2024;CLI0247;S10;256,97;8,39;10;1940,38;EUR;C03-Lucía
F2024-003357;3;09/03/2024;CLI0247;S15;4,00;83,84;0;335,36;EUR;C03-Lucía
F2024-003357;4;09/03/2024;CLI0247;S14;2,00;205,55;5;390,55;EUR;C04-Andrés
F2024-003358;1;28/02/2024;CLI0113;S09;78,19;41,18;5;3058,87;EUR;C01-Marta
F2024-003358;2;28/02/2024;CLI0113;S09;175,11;40,76;10;6423,74;EUR;C03-Lucía
F2024-003358;3;28/02/2024;CLI0113;S14;5,00;217,62;5;1033,69;EUR;C02-Javier
F2024-003359;1;22/09/2024;CLI0311;S08;766,01;2,51;5;1826,55;EUR;C05-Rocío
F2024-003359;2;22/09/2024;CLI0311;S14;8,00;219,43;5;1667,67;EUR;C02-Javier
F2024-003359;3;22/09/2024;CLI0311;S07;275,79;1,55;0;427,47;EUR;C04-Andrés
F2024-003359;4;22/09/2024;CLI0311;S07;508,98;1,66;5;802,66;EUR;C04-Andrés
F2024-003360;1;12/03/2024;CLI0188;S02;290,47;6,75;0;1960,67;EUR;C04-Andrés
F2024-003361;1;13/04/2024;CLI0207;S10;709,64;8,18;5;5514,61;EUR;C01-Marta
F2024-003361;2;13/04/2024;CLI0207;S15;3,00;83,35;5;237,55;EUR;C02-Javier
F2024-003361;3;13/04/2024;CLI0207;S10;928,99;8,43;5;7439,82;EUR;C01-Marta
F2024-003362;1;03/06/2024;CLI0087;S14;13,00;231,19;0;3005,41;USD;C04-Andrés
F2024-003362;2;03/06/2024;CLI0087;S10;54,10;9,47;0;512,48;USD;C04-Andrés
F2024-003362;3;03/06/2024;CLI0087;S10;383,92;8,76;0;3363,14;EUR;C03-Lucía
F2024-003363;1;15/03/2024;CLI0114;S09;173,54;43,92;0;7621,88;EUR;C01-Marta
F2024-003363;2;15/03/2024;CLI0114;S14;7,00;207,71;0;1453,97;EUR;C03-Lucía
F2024-003364;1;02/05/2024;CLI0158;S09;139,02;41,54;0;5774,89;EUR;C01-Marta
F2024-003364;2;02/05/2024;CLI0158;S09;131,87;42,46;0;5599,20;EUR;C04-Andrés
F2024-003365;1;12/10/2024;CLI0149;S07;107,70;1,67;0;179,86;EUR;C01-Marta
F2024-003365;2;12/10/2024;CLI0149;S07;712,23;1,61;5;1089,36;EUR;C01-Marta
F2024-003365;3;12/10/2024;CLI0149;S15;4,00;81,87;5;311,11;EUR;C01-Marta
F2024-003366;1;26/09/2024;CLI0072;S05;1895,86;3,12;5;5619,33;EUR;C04-Andrés
F2024-003366;2;26/09/2024;CLI0072;S05;571,41;3,35;5;1818,51;EUR;C04-Andrés
F2024-003366;3;2024-09-26;CLI0072;S05;233,26;3,25;0;758,10;EUR;C01-Marta
F2024-003367;1;14/12/2024;CLI0300;S14;12,00;216,98;0;2603,76;EUR;C01-Marta
F2024-003368;1;24/12/2024;CLI0370;S06;6796,98;1,07;0;7272,77;EUR;C05-Rocío
F2024-003368;2;24/12/2024;CLI0370;S05;1360,18;3,08;0;4189,35;EUR;C04-Andrés
F2024-003369;1;15/03/2024;CLI0051;S05;140,71;3,27;5;437,12;EUR;C01-Marta
F2024-003369;2;15/03/2024;CLI0051;S05;476,66;3,30;5;1494,33;EUR;C03-Lucía
F2024-003370;1;26/05/2024;CLI0193;S08;1097,17;2,32;0;2545,43;EUR;C05-Rocío
F2024-003370;2;26/05/2024;CLI0193;S13;1,00;627,67;0;627,67;EUR;C04-Andrés
F2024-003370;3;26/05/2024;CLI0193;S08;707,30;2,32;5;1558,89;EUR;C04-Andrés
F2024-003370;4;26/05/2024;CLI0193;S08;2783,67;2,28;0;6346,77;EUR;C04-Andrés
F2024-003371;1;02/09/2024;CLI0335;S02;114,49;6,70;0;767,08;EUR;C05-Rocío
F2024-003371;2;02/09/2024;CLI0335;S01;168,10;96,27;5;15373,84;EUR;C03-Lucía
F2024-003371;3;02/09/2024;CLI0335;S01;58,44;98,93;0;5781,47;EUR;C03-Lucía
F2024-003371;4;02/09/2024;CLI0335;S01;177,55;99,42;0;17652,02;EUR;C02-Javier
F2024-003372;1;16/02/2024;CLI0025;S07;145,76;1,58;0;230,30;EUR;C05-Rocío
F2024-003373;1;04/09/2024;CLI0123;S09;86,79;40,16;0;3485,49;EUR;C04-Andrés
F2024-003373;2;04/09/2024;CLI0123;S09;117,09;41,07;0;4808,89;EUR;C01-Marta
F2024-003373;3;04/09/2024;CLI0123;S09;67,01;39,95;0;2677,05;EUR;C05-Rocío
F2024-003373;4;04/09/2024;CLI0123;S09;226,95;41,05;0;9316,30;EUR;C03-Lucía
F2024-003374;1;20/11/2024;CLI0044;S13;1,00;651,32;0;651,32;EUR;C02-Javier
F2024-003374;2;20/11/2024;CLI0044;S07;670,06;1,59;5;1012,13;EUR;C02-Javier
F2024-003375;1;04/09/2024;CLI0370;S06;1551,26;1,07;15;1410,87;EUR;C01-Marta
F2024-003375;2;04/09/2024;cli0370;S05;27,74;3,07;0;85,16;EUR;C04-Andrés
F2024-003375;3;04/09/2024;CLI0370;S06;798,12;1,11;5;841,62;EUR;C02-Javier
F2024-003375;4;04/09/2024;CLI0370;S05;332,40;3,11;0;1033,76;EUR;C03-Lucía
F2024-003376;1;22/03/2024;CLI0247;S15;2,00;81,64;10;146,95;EUR;C02-Javier
F2024-003377;1;24/02/2024;CLI0257;S06;1773,36;1,06;0;1879,76;EUR;C03-Lucía
F2024-003377;2;24/02/2024;CLI0257;S06;1639,03;1,09;0;1786,54;EUR;C02-Javier
F2024-003378;1;01/02/2024;CLI0190;S13;1,00;635,60;0;635,60;EUR;C04-Andrés
F2024-003378;2;01/02/2024;CLI0190;S11;15,10;24,51;5;351,60;EUR;C01-Marta
F2024-003379;1;06/10/2024;CLI0016;S01;203,01;95,85;0;19458,51;EUR;C05-Rocío
F2024-003380;1;02/07/2024;CLI0382;S15;4,00;83,85;0;335,40;EUR;C03-Lucía
F2024-003380;2;02/07/2024;CLI0382;S10;136,38;8,63;0;1176,96;EUR;C02-Javier
F2024-003381;1;16/09/2024;CLI0051;S06;2046,53;1,09;5;2119,18;EUR;C02-Javier
F2024-003381;2;16/09/2024;CLI0051;S05;230,99;3,17;0;732,24;EUR;C02-Javier
F2024-003381;3;16/09/2024;CLI0051;S06;1050,56;1,11;0;1166,12;EUR;C03-Lucía
F2024-003381;4;16/09/2024;CLI0051;S05;674,52;3,33;5;2133,84;EUR;C01-Marta
F2024-003382;1;09/02/2024;CLI0034;S09;175,89;41,34;0;7271,29;EUR;C05-Rocío
F2024-003382;2;09/02/2024;CLI0034;S09;882,34;40,24;0;35505,36;EUR;C01-Marta
F2024-003382;3;09/02/2024;CLI0034;S09;69,39;43,14;0;2993,48;EUR;C04-Andrés
F2024-003382;4;09/02/2024;CLI0034;S09;255,23;44,01;5;10671,04;EUR;C03-Lucía
F2024-003382;4;09/02/2024;CLI0034;S09;255,23;44,01;5;10671,04;EUR;C03-Lucía
F2024-003383;1;20/12/2024;CLI0060;S02;618,01;6,76;0;4177,75;EUR;C03-Lucía
F2024-003383;2;20/12/2024;CLI0060;S02;981,67;6,54;0;6420,12;EUR;C04-Andrés
F2024-003384;1;10/09/2024;CLI0247;S10;335,04;8,44;10;2544,96;EUR;C03-Lucía
F2024-003385;1;04/02/2024;CLI0175;S14;7,00;203,56;0;1424,92;EUR;C01-Marta
F2024-003385;2;04/02/2024;CLI0175;S10;698,62;8,90;5;5906,83;EUR;C01-Marta
F2024-003385;3;04/02/2024;CLI0175;S10;2853,72;8,68;5;23531,78;EUR;C04-Andrés
F2024-003385;4;04/02/2024;CLI0175;S13;1,00;639,66;0;639,66;EUR;C02-Javier
F2024-003386;1;12/04/2024;CLI0075;S07;1261,85;1,53;0;1930,63;EUR;C02-Javier
F2024-003386;2;12/04/2024;CLI0075;S08;3552,34;2,36;0;8383,52;EUR;C02-Javier
F2024-003386;3;12/04/2024;CLI0075;S07;1173,89;1,63;5;1817,77;EUR;C01-Marta
F2024-003387;1;01/02/2024;CLI0175;S10;207,59;8,20;0;1702,24;EUR;C03-Lucía
F2024-003387;2;01/02/2024;CLI0175;S10;242,67;8,38;0;2033,57;EUR;C04-Andrés
F2024-003387;3;01/02/2024;CLI0175;S10;389,67;8,13;0;3168,02;EUR;C05-Rocío
F2024-003388;1;20/08/2024;CLI0207;S10;487,27;8,62;0;4200,27;EUR;C03-Lucía
F2024-003388;2;20/08/2024;CLI0207;S10;278,71;8,16;0;2274,27;EUR;C05-Rocío
F2024-003388;3;20/08/2024;CLI0207;S10;2746,37;8,56;0;23508,93;EUR;C01-Marta
F2024-003388;4;20/08/2024;CLI0207;S10;44,15;8,73;0;385,43;EUR;C05-Rocío
F2024-003389;1;24/10/2024;CLI0183;S15;2,00;80,95;0;161,90;EUR;C05-Rocío
F2024-003390;1;02/01/2024;CLI0207;S10;362,99;8,90;5;3069,08;EUR;C05-Rocío
F2024-003390;2;02/01/2024;CLI0207;S14;14,00;201,05;5;2673,97;EUR;C03-Lucía
F2024-003390;3;02/01/2024;CLI0207;S10;257,59;8,51;0;2192,09;EUR;C01-Marta
F2024-003390;4;02/01/2024;CLI0207;S14;4,00;210,75;0;843,00;EUR;C05-Rocío
F2024-003391;1;15/02/2024;CLI0051;S05;124,53;3,33;0;414,68;EUR;C01-Marta
F2024-003392;1;12/09/2024;CLI0396;S05;185,81;3,32;0;616,89;EUR;C03-Lucía
F2024-003392;2;12/09/2024;CLI0396;S06;904,14;1,08;0;976,47;EUR;C03-Lucía
F2024-003392;3;12/09/2024;CLI0396;S05;1256,59;3,33;0;4184,44;EUR;C02-Javier
F2024-003393;1;01/07/2024;CLI0025;S15;3,00;80,86;0;242,58;EUR;C02-Javier
F2024-003393;2;01/07/2024;CLI0025;S08;3332,29;2,37;0;7897,53;EUR;C05-Rocío
F2024-003393;3;01/07/2024;CLI0025;S08;3100,70;2,38;0;7379,67;EUR;C04-Andrés
F2024-003394;1;06/03/2024;CLI0377;S02;98,89;7,22;15;606,81;USD;C04-Andrés
F2024-003394;2;06/03/2024;CLI0377;S11;78,20;27,23;15;1810,13;USD;C04-Andrés
F2024-003394;3;06/03/2024;CLI0377;S01;45,02;90,29;0;4064,86;EUR;C02-Javier
F2024-003394;4;06/03/2024;CLI0377;S11;27,70;27,43;0;759,87;USD;C03-Lucía
F2024-003395;1;18/04/2024;CLI0371;S10;661,47;8,12;0;5371,14;EUR;C01-Marta
F2024-003395;2;18/04/2024;CLI0371;S14;10,00;213,69;0;2136,90;EUR;C01-Marta
F2024-003395;3;18/04/2024;CLI0371;S10;339,64;8,81;0;2992,23;EUR;C03-Lucía
F2024-003395;4;18/04/2024;CLI0371;S10;77,18;8,73;5;640,09;EUR;C02-Javier
F2024-003396;1;24/11/2024;CLI0222;S01;183,49;90,64;0;16631,53;EUR;C02-Javier
F2024-003396;2;24/11/2024;CLI0222;S15;2,00;87,38;0;174,76;EUR;C03-Lucía
F2024-003396;3;24/11/2024;cli0222;S01;138,58;98,96;5;13028,18;EUR;C05-Rocío
F2024-003397;1;28/06/2024;CLI0207;S10;41,63;8,26;5;326,67;EUR;C05-Rocío
F2024-003397;2;28/06/2024;CLI0207;S10;301,97;8,20;0;2476,15;EUR;C04-Andrés
F2024-003398;1;08/03/2024;CLI0087;S14;14,00;236,69;0;3313,73;USD;C04-Andrés
F2024-003398;2;08/03/2024;CLI0087;S10;425,28;8,23;0;3500,05;EUR;C03-Lucía
F2024-003399;1;15/03/2024;CLI0207;S10;148,82;8,36;0;1244,14;EUR;C01-Marta
F2024-003399;2;15/03/2024;CLI0207;S15;4,00;82,39;5;313,08;EUR;C02-Javier
F2024-003399;3;15/03/2024;CLI0207;S10;241,69;8,66;0;2093,04;EUR;C02-Javier
F2024-003400;1;13/03/2024;CLI0241;S13;1,00;678,89;5;644,95;EUR;C03-Lucía
F2024-003401;1;01/09/2024;CLI0356;S10;1058,26;8,35;15;7511,00;EUR;C05-Rocío
F2024-003401;2;01/09/2024;CLI0356;S14;4,00;207,86;15;706,72;EUR;C04-Andrés
F2024-003401;3;01/09/2024;CLI0356;S14;14,00;203,93;0;2855,02;EUR;C05-Rocío
F2024-003402;1;28/07/2024;CLI0296;S05;175,79;3,35;5;559,45;EUR;C02-Javier
F2024-003402;2;28/07/2024;CLI0296;S06;1528,87;1,13;5;1641,24;EUR;C05-Rocío
F2024-003402;3;28/07/2024;CLI0296;S13;1,00;654,24;15;556,10;EUR;C03-Lucía
F2024-003403;1;13/08/2024;CLI0024;S15;3,00;88,56;0;265,68;EUR;C02-Javier
F2024-003403;2;13/08/2024;CLI0024;S06;2882,34;1,12;0;3228,22;EUR;C01-Marta
F2024-003403;3;13/08/2024;CLI0024;S06;1700,38;1,05;5;1696,13;EUR;C01-Marta
F2024-003404;1;28/03/2024;CLI0241;S03;133,62;38,36;0;5125,66;EUR;C02-Javier
F2024-003405;1;09/07/2024;CLI0324;S14;11,00;204,04;15;1907,77;EUR;C01-Marta
F2024-003406;1;19/10/2024;CLI0021;S14;9,00;207,05;0;1863,45;EUR;C01-Marta
F2024-003406;2;19/10/2024;CLI0021;S08;4140,39;2,30;0;9522,90;EUR;C01-Marta
F2024-003406;3;19/10/2024;CLI0021;S13;1,00;665,16;0;665,16;EUR;C04-Andrés
F2024-003407;1;22/07/2024;CLI0152;S11;45,34;25,77;0;1168,41;EUR;C01-Marta
F2024-003407;2;22/07/2024;CLI0152;S02;259,34;6,39;0;1657,18;EUR;C01-Marta
F2024-003407;3;22/07/2024;CLI0152;S14;16,00;217,75;5;3309,80;EUR;C03-Lucía
F2024-003407;4;22/07/2024;CLI0152;S01;72,77;94,23;0;6857,12;EUR;C03-Lucía
F2024-003408;1;14/01/2024;CLI0390;S09;112,75;42,25;5;4525,50;EUR;C02-Javier
F2024-003408;2;14/01/2024;CLI0390;S09;129,09;41,75;0;5389,51;EUR;C05-Rocío
F2024-003408;3;14/01/2024;CLI0390;S09;108,96;43,26;0;4713,61;EUR;C04-Andrés
F2024-003408;4;14/01/2024;CLI0390;S09;208,68;40,36;5;8001,21;EUR;C04-Andrés
F2024-003409;1;03/05/2024;CLI0317;S10;193,01;8,83;5;1619,06;EUR;C01-Marta
F2024-003409;2;03/05/2024;CLI0317;S10;774,34;8,92;5;6561,76;EUR;C01-Marta
F2024-003410;1;27/01/2024;CLI0317;S10;154,19;8,41;0;1296,74;EUR;C03-Lucía
F2024-003410;2;27/01/2024;CLI0317;S10;339,84;8,74;0;2970,20;EUR;C02-Javier
F2024-003410;3;27/01/2024;CLI0317;S10;868,79;8,69;0;7549,79;EUR;C05-Rocío
F2024-003411;1;18/05/2024;CLI0143;S10;2591,48;8,41;0;21794,35;EUR;C04-Andrés
F2024-003411;2;18/05/2024;CLI0143;S10;176,60;8,37;15;1256,42;EUR;C02-Javier
F2024-003411;3;18/05/2024;CLI0143;S10;117,67;8,18;0;962,54;EUR;C04-Andrés
F2024-003412;1;25/03/2024;CLI0294;S06;1782,86;1,11;0;1978,97;EUR;C02-Javier
F2024-003413;1;21/11/2024;CLI0136;S11;26,02;25,43;0;661,69;EUR;C02-Javier
F2024-003413;2;21/11/2024;CLI0136;S11;16,93;24,86;5;399,84;EUR;C02-Javier
F2024-003414;1;13/12/2024;CLI0356;S10;630,38;8,76;10;4969,92;EUR;C03-Lucía
F2024-003415;1;24/05/2024;CLI0257;S06;1410,46;1,10;0;1551,51;EUR;C04-Andrés
F2024-003415;2;24/05/2024;CLI0257;S06;2505,11;1,09;5;2594,04;EUR;C05-Rocío
F2024-003416;1;01/06/2024;CLI0095;S09;212,10;43,64;15;7867,64;EUR;C03-Lucía
F2024-003416;2;01/06/2024;CLI0095;S09;53,30;39,92;5;2021,35;EUR;C02-Javier
F2024-003416;3;01/06/2024;CLI0095;S09;217,64;43,62;10;8544,11;EUR;C03-Lucía
F2024-003417;1;03/07/2024;CLI0215;S07;2017,94;1,56;0;3147,99;EUR;C02-Javier
F2024-003417;2;03/07/2024;CLI0215;S08;344,30;2,30;0;791,89;EUR;C02-Javier
F2024-003417;3;03/07/2024;CLI0215;S14;7,00;202,72;0;1419,04;EUR;C02-Javier
F2024-003418;1;11/03/2024;CLI0395;S02;357,83;6,55;15;1992,22;EUR;C03-Lucía
F2024-003418;2;11/03/2024;CLI0395;S11;41,40;24,39;5;959,26;EUR;C01-Marta
F2024-003419;1;28/08/2024;CLI0295;S06;1174,20;1,07;0;1256,39;EUR;C04-Andrés
F2024-003419;2;28/08/2024;CLI0295;S05;190,37;3,14;0;597,76;EUR;C04-Andrés
F2024-003419;3;28/08/2024;CLI0295;S05;71,74;3,20;0;229,57;EUR;C02-Javier
F2024-003419;4;28/08/2024;CLI0295;S06;2357,42;1,06;0;2498,87;EUR;C05-Rocío
F2024-003420;1;19/04/2024;CLI0158;S13;1,00;619,58;10;557,62;EUR;C03-Lucía
F2024-003421;1;27/01/2024;CLI0142;S05;105,40;3,31;15;296,54;EUR;C02-Javier
F2024-003421;2;27/01/2024;CLI0142;S13;1,00;674,78;0;674,78;EUR;C04-Andrés
F2024-003421;3;27/01/2024;CLI0142;S06;1038,08;1,12;10;1046,38;EUR;C03-Lucía
F2024-003421;4;27/01/2024;CLI0142;S05;336,82;3,24;0;1091,30;EUR;C03-Lucía
F2024-003422;1;14/07/2024;CLI0038;S10;270,18;8,61;0;2326,25;EUR;C04-Andrés
F2024-003423;1;07/12/2024;CLI0089;S05;592,06;3,35;10;1785,06;EUR;C03-Lucía
F2024-003423;2;07/12/2024;CLI0089;S13;1,00;664,95;10;598,46;EUR;C01-Marta
F2024-003423;3;07/12/2024;CLI0089;S13;1,00;677,18;0;677,18;EUR;C05-Rocío
F2024-003423;4;07/12/2024;CLI0089;S06;2619,11;1,10;0;2881,02;EUR;C02-Javier
F2024-003424;1;15/05/2024;CLI0187;S11;47,16;25,19;0;1187,96;EUR;C05-Rocío
F2024-003424;2;15/05/2024;CLI0187;S11;215,31;23,79;0;5122,22;EUR;C03-Lucía
F2024-003424;3;15/05/2024;CLI0187;S02;1301,73;6,72;0;8747,63;EUR;C01-Marta
F2024-003425;1;03/09/2024;CLI0086;S15;2,00;83,69;0;167,38;EUR;C05-Rocío
F2024-003425;2;03/09/2024;CLI0086;S10;505,01;8,61;5;4130,73;EUR;C02-Javier
F2024-003425;3;03/09/2024;CLI0086;S13;1,00;625,67;5;594,39;EUR;C04-Andrés
F2024-003425;4;2024-09-03;CLI0086;S10;912,15;8,90;5;7712,23;EUR;C01-Marta
F2024-003426;1;21/12/2024;CLI0290;S14;3,00;207,17;0;621,51;EUR;C02-Javier
F2024-003426;2;21/12/2024;CLI0290;S10;2113,38;8,89;0;18787,95;EUR;C01-Marta
F2024-003426;3;21/12/2024;CLI0290;S10;229,06;8,58;0;1965,33;EUR;C02-Javier
F2024-003427;1;22/11/2024;CLI0114;S09;115,35;40,23;5;4408,50;EUR;C01-Marta
F2024-003427;2;22/11/2024;CLI0114;S09;70,41;40,10;0;2823,44;EUR;C01-Marta
F2024-003428;1;17/04/2024;CLI0348;S10;232,47;8,30;0;1929,50;EUR;C03-Lucía
F2024-003428;2;17/04/2024;CLI0348;S10;1248,09;8,11;5;9615,91;EUR;C01-Marta
F2024-003428;3;17/04/2024;CLI0348;S15;4,00;87,07;5;330,87;EUR;C02-Javier
F2024-003428;4;17/04/2024;CLI0348;S10;350,21;8,46;0;2962,78;EUR;C04-Andrés
F2024-003429;1;24/11/2024;CLI0089;S14;2,00;201,89;0;403,78;EUR;C02-Javier
F2024-003429;1;24/11/2024;CLI0089;S14;2,00;201,89;0;403,78;EUR;C02-Javier
F2024-003429;2;24/11/2024;CLI0089;S05;594,06;3,07;5;1732,58;EUR;C05-Rocío
F2024-003429;3;24/11/2024;CLI0089;S15;2,00;88,54;5;168,23;EUR;C03-Lucía
F2024-003429;4;24/11/2024;CLI0089;S06;6570,52;1,11;0;7293,28;EUR;C01-Marta
F2024-003430;1;07/05/2024;CLI0388;S10;1561,18;8,14;0;12708,01;EUR;C01-Marta
F2024-003430;2;07/05/2024;CLI0388;S10;487,42;8,90;0;4338,04;EUR;C01-Marta
F2024-003431;1;25/12/2024;CLI0268;S08;504,55;2,34;0;1180,65;EUR;C05-Rocío
F2024-003431;2;25/12/2024;CLI0268;S08;1011,56;2,51;0;2539,02;EUR;C05-Rocío
F2024-003431;3;25/12/2024;CLI0268;S15;1,00;81,98;5;77,88;EUR;C01-Marta
F2024-003431;4;25/12/2024;CLI0268;S07;750,66;1,67;0;1253,60;EUR;C04-Andrés
F2024-003432;1;09/06/2024;CLI0103;S07;2590,95;1,60;0;4145,52;EUR;C02-Javier
F2024-003433;1;01/07/2024;CLI0158;S09;43,81;42,82;0;1875,94;EUR;C01-Marta
F2024-003433;2;01/07/2024;CLI0158;S09;156,52;41,47;15;5517,25;EUR;C03-Lucía
F2024-003433;3;01/07/2024;CLI0158;S09;89,92;40,02;0;3598,60;EUR;C05-Rocío
F2024-003433;4;01/07/2024;CLI0158;S09;248,10;41,96;10;9369,25;EUR;C01-Marta
F2024-003434;1;01/05/2024;CLI0153;S12;3,00;121,43;0;364,29;EUR;C05-Rocío
F2024-003434;2;01/05/2024;CLI0153;S03;34,01;37,46;5;1210,31;EUR;C03-Lucía
F2024-003434;3;01/05/2024;CLI0153;S04;483,62;13,95;0;6746,50;EUR;C01-Marta
F2024-003435;1;15/01/2024;CLI0094;S08;2428,55;2,42;0;5877,09;EUR;C04-Andrés
F2024-003436;1;25/02/2024;CLI0078;S10;1175,16;8,09;0;9507,04;EUR;C03-Lucía
F2024-003437;1;26/04/2024;CLI0159;S03;48,89;38,48;15;1599,09;EUR;C04-Andrés
F2024-003437;2;26/04/2024;CLI0159;S12;2,00;121,88;0;243,76;EUR;C05-Rocío
F2024-003438;1;11/04/2024;CLI0017;S05;70,98;3,21;5;216,45;EUR;C01-Marta
F2024-003438;2;11/04/2024;CLI0017;S15;3,00;87,71;0;263,13;EUR;C04-Andrés
F2024-003438;3;11/04/2024;CLI0017;S06;1068,38;1,14;10;1096,16;EUR;C01-Marta
F2024-003438;4;11/04/2024;CLI0017;S13;1,00;655,39;0;655,39;EUR;C04-Andrés
F2024-003439;1;02/04/2024;CLI0212;S03;29,80;37,88;5;1072,38;EUR;C03-Lucía
F2024-003440;1;02/09/2024;CLI0312;S07;366,35;1,60;15;498,24;EUR;C01-Marta
F2024-003441;1;24/11/2024;CLI0222;S13;1,00;664,20;0;664,20;EUR;C05-Rocío
F2024-003441;2;24/11/2024;CLI0222;S01;48,09;99,37;0;4778,70;EUR;C03-Lucía
F2024-003441;3;24/11/2024;CLI0222;S02;1475,00;6,57;0;9690,75;EUR;C05-Rocío
F2024-003441;4;24/11/2024;CLI0222;S01;249,98;99,36;5;23596,11;EUR;C05-Rocío
F2024-003442;1;23/02/2024;CLI0263;S11;117,21;23,88;15;2379,13;EUR;C05-Rocío
F2024-003442;2;23/02/2024;CLI0263;S11;33,02;25,55;0;843,66;EUR;C02-Javier
F2024-003442;3;23/02/2024;CLI0263;S02;465,12;6,19;15;2447,23;EUR;C05-Rocío
F2024-003443;1;26/02/2024;CLI0274;S07;480,66;1,63;0;783,48;EUR;C01-Marta
F2024-003444;1;07/03/2024;CLI0175;S10;640,99;8,23;0;5275,35;EUR;C05-Rocío
F2024-003444;2;07/03/2024;CLI0175;S10;193,21;8,53;0;1648,08;EUR;C04-Andrés
F2024-003444;3;07/03/2024;CLI0175;S10;106,10;8,70;0;923,07;EUR;C02-Javier
F2024-003445;1;18/11/2024;CLI0087;S10;1030,44;10,01;0;10312,57;USD;C05-Rocío
F2024-003445;2;18/11/2024;CLI0087;S10;161,76;8,55;5;1313,90;EUR;C01-Marta
F2024-003445;3;18/11/2024;CLI0087;S13;1,00;766,53;5;728,21;USD;C05-Rocío
F2024-003446;1;20/08/2024;CLI0025;S14;6,00;205,64;5;1172,15;EUR;C02-Javier
F2024-003446;2;20/08/2024;CLI0025;S08;1335,64;2,50;5;3172,14;EUR;C01-Marta
F2024-003446;3;20/08/2024;CLI0025;S14;3,00;217,21;0;651,63;EUR;C01-Marta
F2024-003446;4;20/08/2024;CLI0025;S08;4603,17;2,42;0;11139,67;EUR;C04-Andrés
F2024-003447;1;20/03/2024;CLI0032;S07;828,62;1,64;0;1358,94;EUR;C05-Rocío
F2024-003448;1;13/09/2024;CLI0266;S04;255,83;13,35;5;3244,56;EUR;C02-Javier
F2024-003448;2;13/09/2024;CLI0266;S14;10,00;210,47;0;2104,70;EUR;C04-Andrés
F2024-003449;1;09/03/2024;CLI0327;S06;1615,11;1,05;0;1695,87;EUR;C05-Rocío
F2024-003449;2;09/03/2024;CLI0327;S13;1,00;618,09;5;587,19;EUR;C04-Andrés
F2024-003449;3;09/03/2024;CLI0327;S05;871,76;3,17;0;2763,48;EUR;C05-Rocío
F2024-003449;4;09/03/2024;CLI0327;S06;1035,37;1,10;0;1138,91;EUR;C02-Javier
F2024-003450;1;27/12/2024;CLI0216;S10;290,16;8,74;0;2536,00;EUR;C04-Andrés
F2024-003450;2;27/12/2024;CLI0216;S10;299,65;8,26;0;2475,11;EUR;C04-Andrés
F2024-003451;1;24/01/2024;CLI0044;S08;13055,16;2,30;0;30026,87;EUR;C05-Rocío
F2024-003452;1;07/08/2024;CLI0096;S07;599,50;1,66;0;995,17;EUR;C03-Lucía
F2024-003452;2;07/08/2024;CLI0096;S07;153,57;1,58;5;230,51;EUR;C05-Rocío
F2024-003452;3;07/08/2024;CLI0096;S15;3,00;86,70;0;260,10;EUR;C02-Javier
F2024-003453;1;05/10/2024;CLI0012;S07;918,89;1,55;0;1424,28;EUR;C05-Rocío
F2024-003453;2;05/10/2024;CLI0012;S07;64,66;1,63;0;105,40;EUR;C02-Javier
F2024-003454;1;23/08/2024;CLI0115;S01;129,82;93,80;5;11568,26;EUR;C02-Javier
F2024-003454;2;23/08/2024;CLI0115;S02;332,99;6,30;0;2097,84;EUR;C04-Andrés
F2024-003454;3;23/08/2024;CLI0115;S01;126,15;91,74;0;11573,00;EUR;C01-Marta
F2024-003455;1;14/12/2024;CLI0051;S15;3,00;84,28;10;227,56;EUR;C04-Andrés
F2024-003455;2;14/12/2024;CLI0051;S14;9,00;208,54;15;1595,33;EUR;C02-Javier
F2024-003455;3;14/12/2024;CLI0051;S15;2,00;84,24;15;143,21;EUR;C03-Lucía
F2024-003456;1;01/10/2024;CLI0158;S09;66,81;43,18;0;2884,86;EUR;C04-Andrés
F2024-003456;2;01/10/2024;CLI0158;S09;105,53;42,22;5;4232,70;EUR;C02-Javier
F2024-003456;3;01/10/2024;CLI0158;S09;48,11;40,94;0;;EUR;C02-Javier
F2024-003457;1;19/11/2024;CLI0052;S08;1831,30;2,34;0;4285,24;EUR;C03-Lucía
F2024-003457;2;19/11/2024;CLI0052;S15;4,00;86,74;0;346,96;EUR;C02-Javier
F2024-003457;3;19/11/2024;CLI0052;S07;229,47;1,62;15;315,98;EUR;C04-Andrés
F2024-003457;4;19/11/2024;CLI0052;S15;1,00;87,28;10;78,55;EUR;C02-Javier
F2024-003458;1;28/04/2024;CLI0159;S14;14,00;217,95;10;2746,17;EUR;C01-Marta
F2024-003459;1;18/11/2024;CLI0272;S09;71,40;40,24;5;2729,48;EUR;C03-Lucía
F2024-003459;2;18/11/2024;CLI0272;S09;244,28;41,02;0;10020,37;EUR;C05-Rocío
F2024-003459;3;18/11/2024;CLI0272;S15;3,00;82,17;0;246,51;EUR;C02-Javier
F2024-003459;4;18/11/2024;CLI0272;S09;176,45;41,36;5;6933,07;EUR;C03-Lucía
F2024-003460;1;21/10/2024;CLI0212;S03;16,66;39,65;0;660,57;EUR;C04-Andrés
F2024-003460;2;21/10/2024;CLI0212;S04;265,65;14,66;5;3699,71;EUR;C03-Lucía
F2024-003460;3;21/10/2024;CLI0212;S03;11,80;36,24;0;427,63;EUR;C02-Javier
F2024-003460;4;21/10/2024;CLI0212;S13;1,00;675,25;5;641,49;EUR;C03-Lucía
F2024-003461;1;20/01/2024;CLI0373;S15;3,00;88,37;0;265,11;EUR;C03-Lucía
F2024-003461;2;20/01/2024;CLI0373;S01;215,67;98,83;5;20248,93;EUR;C03-Lucía
F2024-003461;3;20/01/2024;CLI0373;S13;1,00;656,62;5;623,79;EUR;C03-Lucía
F2024-003461;4;20/01/2024;CLI0373;S11;20,60;26,12;5;511,17;EUR;C04-Andrés
F2024-003462;1;02/01/2024;CLI0095;S15;4,00;84,41;0;337,64;EUR;C01-Marta
F2024-003462;2;02/01/2024;CLI0095;S09;153,07;43,10;0;6597,32;EUR;C03-Lucía
F2024-003463;1;04/12/2024;CLI0051;S05;697,82;3,18;0;2219,07;EUR;C05-Rocío
F2024-003463;2;04/12/2024;CLI0051;S06;2829,74;1,11;0;3141,01;EUR;C05-Rocío
F2024-003463;3;04/12/2024;CLI0051;S05;79,83;3,11;15;211,03;EUR;C04-Andrés
F2024-003464;1;06/10/2024;CLI0114;S09;46,17;43,11;0;1990,39;EUR;C04-Andrés
F2024-003465;1;14/09/2024;CLI0103;S08;856,13;2,48;0;2123,20;EUR;C04-Andrés
F2024-003466;1;08/04/2024;CLI0400;S05;1219,19;3,30;0;4023,33;EUR;C04-Andrés
F2024-003467;1;05/11/2024;CLI0246;S05;883,85;3,12;0;2757,61;EUR;C05-Rocío
F2024-003467;2;2024-11-05;CLI0246;S15;2,00;83,30;0;166,60;EUR;C04-Andrés
F2024-003468;1;27/01/2024;CLI0356;S15;4,00;86,42;10;311,11;EUR;C03-Lucía
F2024-003468;2;27/01/2024;CLI0356;S10;1136,18;8,91;0;10123,36;EUR;C01-Marta
F2024-003468;3;27/01/2024;CLI0356;S10;583,04;8,65;5;4791,13;EUR;C03-Lucía
F2024-003468;4;27/01/2024;CLI0356;S10;369,17;8,67;0;3200,70;EUR;C03-Lucía
F2024-003469;1;09/09/2024;CLI0136;S11;13,23;23,83;5;299,51;EUR;C02-Javier
F2024-003469;2;09/09/2024;CLI0136;S11;58,88;24,47;5;1368,75;EUR;C03-Lucía
F2024-003470;1;15/04/2024;CLI0095;S09;129,98;43,16;0;5609,94;EUR;C01-Marta
F2024-003470;2;15/04/2024;CLI0095;S09;207,15;43,69;0;9050,38;EUR;C02-Javier
F2024-003470;3;15/04/2024;CLI0095;S09;100,94;44,03;15;3777,73;EUR;C03-Lucía
F2024-003470;4;15/04/2024;CLI0095;S09;112,41;41,48;0;4662,77;EUR;C03-Lucía
F2024-003471;1;06/09/2024;CLI0317;S10;905,33;8,74;0;7912,58;EUR;C03-Lucía
F2024-003472;1;20/11/2024;CLI0024;S14;4,00;205,96;0;823,84;EUR;C01-Marta
F2024-003473;1;12/06/2024;CLI0066;S09;200,64;41,45;5;7900,70;EUR;C01-Marta
F2024-003473;2;12/06/2024;CLI0066;S09;76,03;42,47;5;3067,54;EUR;C04-Andrés
F2024-003474;1;23/02/2024;CLI0051;S15;1,00;83,07;5;78,92;EUR;C01-Marta
F2024-003474;2;23/02/2024;CLI0051;S06;2634,30;1,13;10;2679,08;EUR;C02-Javier
F2024-003475;1;14/11/2024;CLI0138;S09;243,96;44,06;0;10748,88;EUR;C01-Marta
F2024-003475;2;14/11/2024;CLI0138;S09;64,15;40,70;5;2480,36;EUR;C03-Lucía
F2024-003475;3;14/11/2024;CLI0138;S15;3,00;84,23;0;252,69;EUR;C03-Lucía
F2024-003475;4;14/11/2024;CLI0138;S14;16,00;216,87;0;3469,92;EUR;C04-Andrés
F2024-003476;1;28/02/2024;CLI0136;S01;30,13;91,98;0;2771,36;EUR;C03-Lucía
F2024-003476;2;28/02/2024;CLI0136;S14;14,00;217,53;0;3045,42;EUR;C03-Lucía
F2024-003476;3;28/02/2024;CLI0136;S11;43,42;25,09;0;1089,41;EUR;C02-Javier
F2024-003477;1;02/07/2024;CLI0158;S09;152,79;42,68;5;6195,02;EUR;C04-Andrés
F2024-003477;2;02/07/2024;CLI0158;S09;397,04;41,79;15;14103,46;EUR;C02-Javier
F2024-003477;3;02/07/2024;CLI0158;S09;269,94;41,31;0;11151,22;EUR;C04-Andrés
F2024-003477;4;02/07/2024;CLI0158;S09;159,60;41,46;10;5955,31;EUR;C04-Andrés
F2024-003478;1;18/10/2024;CLI0051;S06;2657,14;1,06;0;2816,57;EUR;C02-Javier
F2024-003479;1;09/06/2024;CLI0201;S13;1,00;652,58;15;554,69;EUR;C03-Lucía
F2024-003479;2;09/06/2024;CLI0201;S01;22,62;98,27;0;2222,87;EUR;C02-Javier
F2024-003479;3;09/06/2024;CLI0201;S13;1,00;677,95;15;576,26;EUR;C01-Marta
F2024-003480;1;06/01/2024;CLI0054;S14;4,00;211,00;0;844,00;EUR;C01-Marta
F2024-003481;1;11/11/2024;CLI0350;S05;1486,83;3,14;0;4668,65;EUR;C02-Javier
F2024-003481;2;11/11/2024;CLI0350;S13;1,00;653,14;0;653,14;EUR;C03-Lucía
F2024-003481;2;11/11/2024;CLI0350;S13;1,00;653,14;0;653,14;EUR;C03-Lucía
F2024-003481;3;11/11/2024;CLI0350;S14;4,00;201,85;0;807,40;EUR;C02-Javier
F2024-003482;1;09/02/2024;CLI0095;S09;90,97;44,10;5;3811,19;EUR;C01-Marta
F2024-003482;2;09/02/2024;CLI0095;S09;221,33;40,28;0;8915,17;EUR;C05-Rocío
F2024-003482;3;09/02/2024;CLI0095;S09;158,08;41,31;0;6530,28;EUR;C01-Marta
F2024-003483;1;17/05/2024;CLI0096;S15;2,00;88,07;0;176,14;EUR;C02-Javier
F2024-003483;2;17/05/2024;CLI0096;S14;12,00;203,52;0;2442,24;EUR;C05-Rocío
F2024-003484;1;03/12/2024;CLI0232;S10;257,48;8,40;0;2162,83;EUR;C03-Lucía
F2024-003484;2;03/12/2024;CLI0232;S10;600,41;8,60;5;4905,35;EUR;C02-Javier
F2024-003484;3;03/12/2024;CLI0232;S10;401,48;8,13;0;3264,03;EUR;C02-Javier
F2024-003485;1;16/05/2024;CLI0212;S04;437,70;13,91;0;6088,41;EUR;C03-Lucía
F2024-003485;2;16/05/2024;CLI0212;S13;1,00;640,77;0;640,77;EUR;C03-Lucía
F2024-003485;3;16/05/2024;CLI0212;S04;923,69;14,04;0;12968,61;EUR;C05-Rocío
F2024-003485;4;16/05/2024;CLI0212;S04;469,36;13,79;0;6472,47;EUR;C04-Andrés
F2024-003486;1;12/01/2024;CLI0388;S10;350,07;8,85;5;2943,21;EUR;C02-Javier
F2024-003486;2;12/01/2024;CLI0388;S10;574,28;8,89;0;5105,35;EUR;C05-Rocío
F2024-003487;1;19/08/2024;CLI0247;S10;159,73;8,79;0;1404,03;EUR;C04-Andrés
F2024-003488;1;18/05/2024;CLI0291;S10;170,66;8,33;0;1421,60;EUR;C03-Lucía
F2024-003488;2;18/05/2024;CLI0291;S10;1343,45;8,64;10;10446,67;EUR;C01-Marta
F2024-003488;2;18/05/2024;CLI0291;S10;1343,45;8,64;10;10446,67;EUR;C01-Marta
F2024-003489;1;13/09/2024;CLI0023;S10;185,57;8,45;0;1568,07;EUR;C04-Andrés
F2024-003489;2;13/09/2024;CLI0023;S10;1876,95;8,68;0;16291,93;EUR;C05-Rocío
F2024-003489;3;13/09/2024;CLI0023;S10;933,12;8,57;0;7996,84;EUR;C02-Javier
F2024-003490;1;06/09/2024;CLI0370;S06;18299,35;1,12;15;17420,98;EUR;C04-Andrés
F2024-003490;2;06/09/2024;CLI0370;S05;929,21;3,20;0;2973,47;EUR;C03-Lucía
F2024-003490;3;06/09/2024;CLI0370;S14;6,00;199,75;0;1198,50;EUR;C04-Andrés
F2024-003491;1;19/01/2024;CLI0061;S11;25,82;25,33;5;621,32;EUR;C01-Marta
F2024-003492;1;18/01/2024;CLI0247;S10;214,45;8,70;5;1772,43;EUR;C03-Lucía
F2024-003492;2;18/01/2024;CLI0247;S10;290,86;8,26;0;2402,50;EUR;C05-Rocío
F2024-003493;1;20/05/2024;CLI0008;S11;17,11;25,85;10;398,06;EUR;C05-Rocío
F2024-003493;2;20/05/2024;CLI0008;S11;17,67;25,31;0;447,23;EUR;C02-Javier
F2024-003494;1;19/12/2024;CLI0072;S05;96,48;3,10;5;284,13;EUR;C01-Marta
F2024-003494;2;19/12/2024;CLI0072;S06;2116,99;1,08;0;2286,35;EUR;C04-Andrés
F2024-003494;3;19/12/2024;CLI0072;S06;625,74;1,10;0;688,31;EUR;C05-Rocío
F2024-003495;1;11/03/2024;CLI0247;S10;462,05;8,14;0;3761,09;EUR;C04-Andrés
F2024-003496;1;2024-09-04;CLI0094;S08;1227,49;2,46;0;3019,63;EUR;C03-Lucía
F2024-003496;2;04/09/2024;CLI0094;S07;1564,76;1,64;5;2437,90;EUR;C01-Marta
F2024-003496;3;04/09/2024;CLI0094;S08;1671,54;2,36;0;3944,83;EUR;C03-Lucía
F2024-003496;4;04/09/2024;CLI0094;S07;905,38;1,65;0;1493,88;EUR;C03-Lucía
F2024-003497;1;28/11/2024;cli0207;S10;540,64;8,37;0;4525,16;EUR;C04-Andrés
F2024-003497;2;28/11/2024;CLI0207;S10;49,61;8,27;0;410,27;EUR;C03-Lucía
F2024-003497;3;28/11/2024;CLI0207;S10;174,80;8,74;0;1527,75;EUR;C03-Lucía
F2024-003497;4;28/11/2024;CLI0207;S10;107,92;8,39;0;905,45;EUR;C05-Rocío
F2024-003498;1;14/07/2024;CLI0051;S05;841,77;3,26;15;2332,54;EUR;C01-Marta
F2024-003498;2;14/07/2024;CLI0051;S05;1078,61;3,31;0;3570,20;EUR;C01-Marta
F2024-003498;3;14/07/2024;CLI0051;S05;206,37;3,30;15;578,87;EUR;C03-Lucía
F2024-003499;1;04/03/2024;CLI0051;S05;234,77;3,30;15;658,53;EUR;C05-Rocío
F2024-003500;1;05/07/2024;CLI0203;S10;117,76;8,11;0;955,03;EUR;C04-Andrés
F2024-003500;2;05/07/2024;CLI0203;S10;168,01;8,79;0;1476,81;EUR;C03-Lucía
F2024-003501;1;17/10/2024;CLI0247;S10;239,60;8,74;15;1779,99;EUR;C03-Lucía
F2024-003502;1;16/09/2024;CLI0304;S06;1741,14;1,09;5;1802,95;EUR;C04-Andrés
F2024-003502;2;16/09/2024;CLI0304;S05;235,79;3,22;5;721,28;EUR;C04-Andrés
F2024-003503;1;28/06/2024;CLI0181;S10;3199,46;8,32;0;26619,51;EUR;C02-Javier
F2024-003503;2;28/06/2024;CLI0181;S10;529,84;8,59;5;4323,76;EUR;C04-Andrés
F2024-003504;1;23/12/2024;CLI0284;S11;14,02;29,28;5;390,01;USD;C01-Marta
F2024-003504;2;23/12/2024;CLI0284;S01;205,57;94,15;0;19354,42;EUR;C02-Javier
F2024-003504;3;23/12/2024;CLI0284;S13;1,00;663,10;0;663,10;EUR;C05-Rocío
F2024-003505;1;24/03/2024;CLI0123;S09;57,11;44,01;0;2513,41;EUR;C05-Rocío
F2024-003506;1;22/11/2024;CLI0126;S10;328,74;8,43;0;2771,28;EUR;C02-Javier
F2024-003506;2;22/11/2024;CLI0126;S15;4,00;85,36;0;341,44;EUR;C05-Rocío
F2024-003506;3;22/11/2024;CLI0126;S10;1934,72;8,44;0;16329,04;EUR;C05-Rocío
F2024-003507;1;13/01/2024;CLI0051;S06;5242,40;1,08;0;5661,79;EUR;C04-Andrés
F2024-003507;2;13/01/2024;CLI0051;S06;1109,34;1,13;0;1253,55;EUR;C02-Javier
F2024-003507;3;13/01/2024;CLI0051;S06;2304,22;1,07;0;2465,52;EUR;C03-Lucía
F2024-003507;4;13/01/2024;CLI0051;S06;683,28;1,11;0;758,44;EUR;C01-Marta
F2024-003508;1;17/10/2024;CLI0087;S10;128,62;8,14;0;1046,97;EUR;C03-Lucía
F2024-003509;1;13/02/2024;CLI0158;S14;7,00;206,46;10;1300,70;EUR;C05-Rocío
F2024-003509;2;13/02/2024;cli0158;S09;45,74;40,52;0;1853,38;EUR;C05-Rocío
F2024-003509;3;13/02/2024;CLI0158;S09;149,53;42,88;15;5450,07;EUR;C04-Andrés
F2024-003510;1;13/12/2024;CLI0158;S09;61,75;40,91;0;2526,19;EUR;C02-Javier
F2024-003510;2;13/12/2024;CLI0158;S14;12,00;220,14;0;2641,68;EUR;C02-Javier
F2024-003510;3;13/12/2024;CLI0158;S09;74,48;41,07;5;2905,95;EUR;C05-Rocío
F2024-003510;4;13/12/2024;CLI0158;S14;14,00;209,06;0;2926,84;EUR;C03-Lucía
F2024-003511;1;11/04/2024;CLI0362;S02;298,55;6,19;5;1755,62;EUR;C03-Lucía
F2024-003512;1;11/06/2024;CLI0017;S14;5,00;215,39;0;1076,95;EUR;C04-Andrés
F2024-003512;2;11/06/2024;cli0017;S15;4,00;84,23;0;336,92;EUR;C02-Javier
F2024-003512;3;11/06/2024;CLI0017;S05;1046,45;3,06;10;2881,92;EUR;C01-Marta
F2024-003512;4;11/06/2024;CLI0017;S06;2697,42;1,08;15;2476,23;EUR;C01-Marta
F2024-003513;1;13/11/2024;CLI0158;S09;127,58;42,97;5;5208,01;EUR;C05-Rocío
F2024-003513;2;13/11/2024;CLI0158;S09;109,07;43,22;0;4714,01;EUR;C05-Rocío
F2024-003513;3;13/11/2024;CLI0158;S09;123,42;42,64;10;4736,37;EUR;C04-Andrés
F2024-003514;1;20/06/2024;CLI0158;S09;132,24;40,91;0;5409,94;EUR;C04-Andrés
F2024-003514;2;20/06/2024;CLI0158;S09;100,35;41,26;0;4140,44;EUR;C05-Rocío
F2024-003514;3;20/06/2024;CLI0158;S09;102,19;41,43;15;3598,67;EUR;C02-Javier
F2024-003515;1;01/09/2024;CLI0124;S06;1680,12;1,05;0;1764,13;EUR;C04-Andrés
F2024-003515;2;01/09/2024;CLI0124;S05;183,07;3,26;0;596,81;EUR;C04-Andrés
F2024-003516;1;12/03/2024;CLI0095;S09;76,98;41,50;0;3194,67;EUR;C03-Lucía
F2024-003517;1;02/01/2024;CLI0193;S07;250,04;1,68;0;420,07;EUR;C03-Lucía
F2024-003517;2;02/01/2024;CLI0193;S13;1,00;646,65;5;614,32;EUR;C01-Marta
F2024-003518;1;18/09/2024;CLI0158;S09;130,07;42,99;0;5591,71;EUR;C01-Marta
F2024-003518;2;18/09/2024;CLI0158;S09;86,42;40,57;0;3506,06;EUR;C04-Andrés
F2024-003518;3;18/09/2024;CLI0158;S09;83,57;42,88;15;3045,96;EUR;C04-Andrés
F2024-003519;1;07/05/2024;CLI0257;S06;3249,07;1,06;5;3271,81;EUR;C05-Rocío
F2024-003520;1;27/03/2024;CLI0370;S06;2356,93;1,08;0;2545,48;EUR;C04-Andrés
F2024-003520;2;27/03/2024;CLI0370;S05;334,97;3,11;0;1041,76;EUR;C03-Lucía
F2024-003521;1;14/04/2024;CLI0095;S14;15,00;214,18;0;3212,70;EUR;C01-Marta
F2024-003522;1;21/08/2024;CLI0356;S10;191,37;8,70;5;1581,67;EUR;C02-Javier
F2024-003522;2;21/08/2024;CLI0356;S10;451,54;8,65;0;3905,82;EUR;C01-Marta
F2024-003522;3;21/08/2024;CLI0356;S10;641,00;8,45;10;4874,81;EUR;C01-Marta
F2024-003523;1;24/06/2024;CLI0051;S06;813,56;1,05;15;726,10;EUR;C01-Marta
F2024-003524;1;22/04/2024;CLI0310;S15;3,00;82,12;0;246,36;EUR;C05-Rocío
F2024-003524;2;22/04/2024;CLI0310;S14;6,00;201,40;0;1208,40;EUR;C03-Lucía
F2024-003525;1;23/10/2024;CLI0296;S06;1548,31;1,15;0;1780,56;EUR;C04-Andrés
F2024-003525;2;23/10/2024;CLI0296;S13;1,00;673,10;15;572,13;EUR;C03-Lucía
F2024-003525;3;23/10/2024;CLI0296;S06;1245,63;1,07;10;1199,54;EUR;C02-Javier
F2024-003526;1;19/06/2024;CLI0300;S09;108,45;40,76;0;4420,42;EUR;C02-Javier
F2024-003526;2;19/06/2024;CLI0300;S09;106,29;39,96;5;4034,98;EUR;C03-Lucía
F2024-003526;3;19/06/2024;CLI0300;S09;204,72;40,43;0;8276,83;EUR;C05-Rocío
F2024-003526;4;19/06/2024;CLI0300;S09;182,15;44,04;0;8021,89;EUR;C02-Javier
F2024-003527;1;27/12/2024;CLI0350;S05;466,66;3,23;10;1356,58;EUR;C05-Rocío
F2024-003527;2;27/12/2024;CLI0350;S06;1929,94;1,13;10;1962,75;EUR;C02-Javier
F2024-003528;1;12/01/2024;CLI0223;S05;712,87;3,18;0;2266,93;EUR;C02-Javier
F2024-003529;1;10/05/2024;CLI0087;S10;273,91;8,39;0;2298,10;EUR;C01-Marta
F2024-003529;2;10/05/2024;CLI0087;S10;241,46;9,19;0;2218,82;USD;C01-Marta
F2024-003530;1;06/02/2024;CLI0207;S10;1515,14;8,65;0;13105,96;EUR;C01-Marta
F2024-003530;2;06/02/2024;CLI0207;S10;214,24;8,24;0;1765,34;EUR;C03-Lucía
F2024-003530;3;06/02/2024;CLI0207;S10;580,23;8,76;5;4828,67;EUR;C05-Rocío
F2024-003531;1;15/02/2024;CLI0207;S10;314,73;8,39;0;2640,58;EUR;C03-Lucía
F2024-003531;2;15/02/2024;CLI0207;S10;1804,72;8,73;0;15755,21;EUR;C01-Marta
F2024-003531;3;15/02/2024;CLI0207;S10;620,99;8,19;0;5085,91;EUR;C02-Javier
F2024-003531;4;15/02/2024;CLI0207;S15;4,00;88,31;0;353,24;EUR;C04-Andrés
F2024-003532;1;27/05/2024;CLI0025;S07;1007,80;1,62;0;1632,64;EUR;C02-Javier
F2024-003532;2;27/05/2024;CLI0025;S08;2953,26;2,36;5;6621,21;EUR;C03-Lucía
F2024-003532;3;27/05/2024;CLI0025;S07;98,23;1,68;0;165,03;EUR;C04-Andrés
F2024-003532;4;27/05/2024;CLI0025;S07;349,59;1,55;0;541,86;EUR;C04-Andrés
