num_factura;linea;fecha;id_cliente;cod_servicio;cantidad;precio_unitario;descuento_pct;importe;divisa;comercial
F2025-000001;1;20/12/2025;CLI0207;S13;1,00;683,80;0;683,80;EUR;C05-Rocío
F2025-000001;2;20/12/2025;CLI0207;S10;165,24;8,57;0;1416,11;EUR;C02-Javier
F2025-000001;3;20/12/2025;CLI0207;S10;38,62;8,36;5;306,72;EUR;C02-Javier
F2025-000002;1;16/05/2025;CLI0192;S10;148,29;8,88;5;1250,97;EUR;C02-Javier
F2025-000002;2;16/05/2025;CLI0192;S10;59,09;8,40;5;471,54;EUR;C02-Javier
F2025-000002;3;16/05/2025;CLI0192;S13;1,00;696,22;0;696,22;EUR;C02-Javier
F2025-000002;4;16/05/2025;CLI0192;S10;664,07;10,47;0;6949,92;USD;C04-Andrés
F2025-000003;1;02/05/2025;CLI0066;S09;96,84;41,26;0;3995,62;EUR;C04-Andrés
F2025-000003;2;02/05/2025;CLI0066;S09;234,63;41,97;0;9847,42;EUR;C01-Marta
F2025-000004;1;19/01/2025;CLI0196;S07;1092,22;1,70;0;1856,77;EUR;C04-Andrés
F2025-000004;2;19/01/2025;CLI0196;S07;88,60;1,68;0;148,85;EUR;C04-Andrés
F2025-000005;1;28/04/2025;CLI0207;S10;149,81;8,74;0;1309,34;EUR;C01-Marta
F2025-000005;2;28/04/2025;CLI0207;S10;1860,36;9,12;0;16966,48;EUR;C05-Rocío
F2025-000005;3;28/04/2025;CLI0207;S10;296,54;9,02;0;2674,79;EUR;C01-Marta
F2025-000005;4;28/04/2025;CLI0207;S10;53,65;8,80;0;472,12;EUR;C05-Rocío
F2025-000006;1;18/01/2025;CLI0056;S10;524,79;9,00;0;4723,11;EUR;C01-Marta
F2025-000006;2;18/01/2025;CLI0056;S10;424,25;8,94;0;3792,79;EUR;C05-Rocío
F2025-000007;1;2025-04-14;CLI0087;S10;147,60;9,95;0;1468,24;USD;C05-Rocío
F2025-000007;2;14/04/2025;CLI0087;S10;741,90;9,92;0;7362,70;USD;C01-Marta
F2025-000008;1;19/08/2025;CLI0201;S01;34,00;101,62;10;3109,57;EUR;C03-Lucía
F2025-000009;1;18/02/2025;CLI0094;S07;122,37;1,58;0;193,34;EUR;C01-Marta
F2025-000009;2;18/02/2025;CLI0094;S14;12,00;209,42;0;2513,04;EUR;C05-Rocío
F2025-000009;3;18/02/2025;CLI0094;S07;1556,97;1,72;5;2544,09;EUR;C03-Lucía
F2025-000009;4;18/02/2025;CLI0094;S08;1447,66;2,59;0;3749,44;EUR;C01-Marta
F2025-000010;1;08/09/2025;CLI0370;S15;1,00;84,76;15;72,05;EUR;C02-Javier
F2025-000011;1;15/02/2025;CLI0053;S07;182,32;1,67;5;289,25;EUR;C02-Javier
F2025-000012;1;13/10/2025;CLI0100;S14;11,00;216,11;0;2377,21;EUR;C03-Lucía
F2025-000013;1;21/09/2025;CLI0114;S09;124,82;45,38;0;5664,33;EUR;C05-Rocío
F2025-000014;1;24/05/2025;CLI0390;S09;98,40;42,11;0;4143,62;EUR;C03-Lucía
F2025-000014;2;24/05/2025;CLI0390;S09;101,77;42,56;5;4114,76;EUR;C03-Lucía
F2025-000014;3;24/05/2025;CLI0390;S09;41,80;42,21;0;1764,38;EUR;C02-Javier
F2025-000014;4;24/05/2025;CLI0390;S09;102,60;42,79;5;4170,74;EUR;C01-Marta
F2025-000015;1;10/07/2025;CLI0098;S06;1381,70;1,10;5;1443,88;EUR;C01-Marta
F2025-000015;2;10/07/2025;CLI0098;S06;1098,98;1,08;0;1186,90;EUR;C04-Andrés
F2025-000015;3;10/07/2025;CLI0098;S05;57,76;3,42;0;197,54;EUR;C05-Rocío
F2025-000015;4;10/07/2025;CLI0098;S05;59,53;3,20;5;180,97;EUR;C02-Javier
F2025-000016;1;19/03/2025;CLI0354;S01;62,42;102,22;0;6380,57;EUR;C05-Rocío
F2025-000017;1;10/06/2025;CLI0263;S02;631,05;7,02;15;3765,48;EUR;C04-Andrés
F2025-000018;1;25/05/2025;CLI0101;S10;330,35;8,93;0;2950,03;EUR;C05-Rocío
F2025-000018;2;2025-05-25;CLI0101;S14;12,00;247,89;10;2677,20;USD;C03-Lucía
F2025-000018;3;25/05/2025;CLI0101;S10;168,11;9,52;5;1520,13;USD;C03-Lucía
F2025-000019;1;16/12/2025;CLI0095;S09;133,93;44,30;0;5933,10;EUR;C04-Andrés
F2025-000020;1;13/02/2025;CLI0113;S14;9,00;219,77;0;1977,93;EUR;C02-Javier
F2025-000021;1;24/07/2025;CLI0095;S09;160,92;43,25;15;5915,82;EUR;C02-Javier
F2025-000021;2;24/07/2025;CLI0095;S13;1,00;700,35;0;700,35;EUR;C01-Marta
F2025-000021;3;24/07/2025;CLI0095;S14;3,00;219,24;5;624,83;EUR;C04-Andrés
F2025-000021;4;24/07/2025;CLI0095;S13;1,00;684,46;10;616,01;EUR;C02-Javier
F2025-000022;1;20/05/2025;CLI0299;S08;4913,56;2,37;0;11645,14;EUR;C02-Javier
F2025-000022;2;20/05/2025;CLI0299;S15;1,00;87,31;5;82,94;EUR;C05-Rocío
F2025-000023;1;25/11/2025;CLI0207;S10;197,64;8,54;0;1687,85;EUR;C05-Rocío
F2025-000023;2;25/11/2025;CLI0207;S10;450,78;9,02;0;4066,04;EUR;C04-Andrés
F2025-000024;1;21/12/2025;CLI0371;S10;310,57;8,43;0;2618,11;EUR;C05-Rocío
F2025-000024;2;21/12/2025;CLI0371;S14;12,00;208,14;0;2497,68;EUR;C05-Rocío
F2025-000024;3;21/12/2025;CLI0371;S10;464,13;8,54;0;3963,67;EUR;C02-Javier
F2025-000024;4;2025-12-21;CLI0371;S10;745,71;8,35;0;6226,68;EUR;C02-Javier
F2025-000025;1;24/04/2025;CLI0323;S06;1479,87;1,17;5;1644,88;EUR;C02-Javier
F2025-000025;2;24/04/2025;CLI0323;S06;552,51;1,09;0;602,24;EUR;C02-Javier
F2025-000025;3;24/04/2025;CLI0323;S15;1,00;89,20;0;89,20;EUR;C05-Rocío
F2025-000026;1;14/02/2025;CLI0212;S14;4,00;212,85;0;851,40;EUR;C03-Lucía
F2025-000027;1;03/01/2025;CLI0051;S05;313,30;3,32;15;884,13;EUR;C03-Lucía
F2025-000027;2;03/01/2025;CLI0051;S15;4,00;87,78;10;316,01;EUR;C04-Andrés
F2025-000028;1;10/04/2025;CLI0095;S09;75,92;45,27;5;3265,05;EUR;C02-Javier
F2025-000029;1;06/11/2025;CLI0188;S14;10,00;223,11;0;2231,10;EUR;C03-Lucía
F2025-000029;2;06/11/2025;CLI0188;S11;49,70;25,27;0;1255,92;EUR;C01-Marta
F2025-000029;3;06/11/2025;CLI0188;S01;132,50;93,42;5;11759,24;EUR;C05-Rocío
F2025-000030;1;15/05/2025;CLI0095;S09;31,38;41,18;15;1098,39;EUR;C01-Marta
F2025-000030;2;15/05/2025;CLI0095;S09;65,95;45,18;0;2979,62;EUR;C01-Marta
F2025-000030;3;15/05/2025;CLI0095;S09;81,50;44,42;15;3077,20;EUR;C01-Marta
F2025-000030;4;15/05/2025;CLI0095;S15;2,00;89,00;0;178,00;EUR;C05-Rocío
F2025-000031;1;21/07/2025;CLI0095;S09;63,98;44,77;0;2864,38;EUR;C04-Andrés
F2025-000031;2;21/07/2025;cli0095;S14;2,00;221,94;0;443,88;EUR;C02-Javier
F2025-000031;3;21/07/2025;CLI0095;S09;140,72;44,94;0;6323,96;EUR;C02-Javier
F2025-000032;1;28/01/2025;CLI0056;S10;1698,57;8,44;0;14335,93;EUR;C03-Lucía
F2025-000032;2;28/01/2025;CLI0056;S10;124,13;8,55;0;1061,31;EUR;C05-Rocío
F2025-000032;3;28/01/2025;CLI0056;S10;1019,40;8,95;5;8667,45;EUR;C03-Lucía
F2025-000032;4;28/01/2025;CLI0056;S10;58,74;8,45;0;496,35;EUR;C04-Andrés
F2025-000033;1;07/06/2025;CLI0054;S08;6993,54;2,37;0;16574,69;EUR;C05-Rocío
F2025-000034;1;16/11/2025;CLI0146;S13;1,00;665,68;0;665,68;EUR;C01-Marta
F2025-000034;1;16/11/2025;CLI0146;S13;1,00;665,68;0;665,68;EUR;C01-Marta
F2025-000034;2;16/11/2025;CLI0146;S15;3,00;90,46;5;257,81;EUR;C02-Javier
F2025-000035;1;12/05/2025;CLI0395;S11;35,58;26,96;10;863,31;EUR;C02-Javier
F2025-000036;1;22/07/2025;CLI0058;S07;722,14;1,68;0;1213,20;EUR;C03-Lucía
F2025-000036;2;22/07/2025;CLI0058;S13;1,00;689,52;5;655,04;EUR;C01-Marta
F2025-000036;3;22/07/2025;CLI0058;S07;624,32;1,59;5;943,04;EUR;C01-Marta
F2025-000036;4;22/07/2025;CLI0058;S07;372,74;1,64;0;611,29;EUR;C04-Andrés
F2025-000037;1;22/04/2025;CLI0301;S08;2491,71;2,39;0;5955,19;EUR;C04-Andrés
F2025-000038;1;15/11/2025;CLI0095;S09;135,58;44,18;0;5989,92;EUR;C04-Andrés
F2025-000038;2;15/11/2025;CLI0095;S09;280,22;44,85;5;11939,47;EUR;C01-Marta
F2025-000038;3;15/11/2025;CLI0095;S09;100,06;45,16;5;4292,77;EUR;C05-Rocío
F2025-000038;4;15/11/2025;CLI0095;S09;116,91;43,02;0;5029,47;EUR;C04-Andrés
F2025-000039;1;26/05/2025;CLI0200;S02;271,41;6,87;0;1864,59;EUR;C02-Javier
F2025-000040;1;14/12/2025;CLI0232;S10;110,36;8,93;0;985,51;EUR;C05-Rocío
F2025-000040;2;14/12/2025;CLI0232;S10;712,32;9,04;5;6117,40;EUR;C05-Rocío
F2025-000040;3;14/12/2025;CLI0232;S14;13,00;212,11;0;2757,43;EUR;C02-Javier
F2025-000040;4;14/12/2025;CLI0232;S10;73,51;8,95;5;625,02;EUR;C02-Javier
F2025-000041;1;04/09/2025;CLI0350;S14;12,00;213,53;10;2306,12;EUR;C01-Marta
F2025-000041;2;04/09/2025;CLI0350;S05;148,55;3,37;0;500,61;EUR;C04-Andrés
F2025-000042;1;12/12/2025;CLI0391;S12;3,00;117,62;0;352,86;EUR;C02-Javier
F2025-000042;2;12/12/2025;CLI0391;S04;108,03;14,21;0;1535,11;EUR;C02-Javier
F2025-000043;1;19/01/2025;CLI0030;S15;2,00;89,43;5;169,92;EUR;C03-Lucía
F2025-000043;2;19/01/2025;CLI0030;S02;641,43;6,70;0;4297,58;EUR;C02-Javier
F2025-000043;3;19/01/2025;CLI0030;S02;376,05;6,40;0;2406,72;EUR;C03-Lucía
F2025-000044;1;16/05/2025;CLI0160;S07;207,91;1,69;0;351,37;EUR;C04-Andrés
F2025-000044;2;16/05/2025;CLI0160;S08;3161,22;2,51;5;7537,93;EUR;C05-Rocío
F2025-000044;3;16/05/2025;CLI0160;S07;96,73;1,66;0;160,57;EUR;C04-Andrés
F2025-000044;4;16/05/2025;CLI0160;S07;75,72;1,59;0;120,39;EUR;C03-Lucía
F2025-000045;1;16/09/2025;CLI0051;S06;6293,99;1,10;15;5884,88;EUR;C05-Rocío
F2025-000045;2;16/09/2025;CLI0051;S06;11095,49;1,17;0;12981,72;EUR;C02-Javier
F2025-000045;3;16/09/2025;CLI0051;S06;1788,88;1,17;15;1779,04;EUR;C03-Lucía
F2025-000045;4;16/09/2025;CLI0051;S06;1164,67;1,08;15;1069,17;EUR;C03-Lucía
F2025-000046;1;18/06/2025;CLI0078;S10;61,71;8,62;5;505,34;EUR;C03-Lucía
F2025-000046;2;18/06/2025;CLI0078;S13;1,00;654,87;0;654,87;EUR;C05-Rocío
F2025-000046;3;18/06/2025;CLI0078;S13;1,00;667,85;0;667,85;EUR;C04-Andrés
F2025-000047;1;23/03/2025;CLI0107;S05;120,84;3,20;0;386,69;EUR;C03-Lucía
F2025-000047;2;23/03/2025;CLI0107;S06;712,27;1,17;0;833,36;EUR;C03-Lucía
F2025-000047;3;23/03/2025;CLI0107;S05;140,98;3,18;5;425,90;EUR;C05-Rocío
F2025-000047;4;23/03/2025;CLI0107;S05;520,29;3,29;5;1626,17;EUR;C01-Marta
F2025-000048;1;22/01/2025;CLI0102;S06;2137,04;1,14;0;2436,23;EUR;C04-Andrés
F2025-000048;2;22/01/2025;CLI0102;S06;2939,79;1,38;0;4043,68;USD;C02-Javier
F2025-000048;3;22/01/2025;CLI0102;S06;3168,37;1,11;5;3341,05;EUR;C04-Andrés
F2025-000048;4;22/01/2025;CLI0102;S05;226,94;3,94;0;893,78;USD;C04-Andrés
F2025-000049;1;15/07/2025;CLI0341;S06;4540,47;1,12;0;5085,33;EUR;C04-Andrés
F2025-000049;2;15/07/2025;CLI0341;S13;1,00;694,00;0;694,00;EUR;C02-Javier
F2025-000049;3;15/07/2025;CLI0341;S06;3495,14;1,10;0;3844,65;EUR;C01-Marta
F2025-000049;4;15/07/2025;CLI0341;S15;4,00;90,99;0;363,96;EUR;C01-Marta
F2025-000050;1;23/06/2025;CLI0299;S07;127,93;1,66;0;212,36;EUR;C05-Rocío
F2025-000051;1;26/11/2025;CLI0158;S09;133,61;43,24;15;4910,70;EUR;C04-Andrés
F2025-000052;1;05/11/2025;CLI0027;S06;2826,64;1,13;0;3194,10;EUR;C04-Andrés
F2025-000053;1;17/07/2025;CLI0264;S07;234,74;1,61;0;377,93;EUR;C03-Lucía
F2025-000053;2;17/07/2025;CLI0264;S08;1125,76;2,37;0;2668,05;EUR;C03-Lucía
F2025-000053;3;17/07/2025;CLI0264;S07;204,35;1,71;0;349,44;EUR;C05-Rocío
F2025-000054;1;26/08/2025;CLI0356;S10;685,66;8,60;0;5896,68;EUR;C04-Andrés
F2025-000055;1;16/02/2025;CLI0003;S13;1,00;683,31;0;683,31;EUR;C01-Marta
F2025-000056;1;10/07/2025;CLI0024;S05;96,35;3,33;0;320,85;EUR;C04-Andrés
F2025-000056;2;10/07/2025;CLI0024;S05;244,52;3,23;5;750,31;EUR;C05-Rocío
F2025-000056;3;10/07/2025;CLI0024;S06;1865,70;1,12;5;1985,10;EUR;C01-Marta
F2025-000057;1;24/06/2025;CLI0330;S07;233,24;1,72;0;401,17;EUR;C02-Javier
F2025-000057;2;24/06/2025;CLI0330;S07;627,21;1,57;5;935,48;EUR;C01-Marta
F2025-000057;3;24/06/2025;CLI0330;S07;341,33;1,58;0;539,30;EUR;C04-Andrés
F2025-000057;4;24/06/2025;CLI0330;S14;13,00;222,50;5;2747,88;EUR;C04-Andrés
F2025-000058;1;27/01/2025;CLI0072;S06;4758,72;1,14;0;5424,94;EUR;C01-Marta
F2025-000058;1;27/01/2025;CLI0072;S06;4758,72;1,14;0;5424,94;EUR;C01-Marta
F2025-000058;2;27/01/2025;CLI0072;S06;1575,69;1,17;0;1843,56;EUR;C03-Lucía
F2025-000058;3;27/01/2025;CLI0072;S06;720,83;1,18;5;808,05;EUR;C03-Lucía
F2025-000058;4;27/01/2025;CLI0072;S06;670,90;1,18;0;791,66;EUR;C02-Javier
F2025-000059;1;13/02/2025;CLI0046;S15;4,00;85,66;0;342,64;EUR;C03-Lucía
F2025-000060;1;17/04/2025;CLI0113;S09;132,37;43,30;10;5158,46;EUR;C05-Rocío
F2025-000061;1;08/01/2025;CLI0350;S13;1,00;698,60;15;593,81;EUR;C03-Lucía
F2025-000062;1;02/03/2025;CLI0138;S14;5,00;226,94;5;1077,96;EUR;C02-Javier
F2025-000062;2;02/03/2025;CLI0138;S09;195,52;44,65;0;8729,97;EUR;C01-Marta
F2025-000062;3;02/03/2025;CLI0138;S14;6,00;224,55;0;1347,30;EUR;C02-Javier
F2025-000062;4;02/03/2025;CLI0138;S09;102,22;41,17;0;4208,40;EUR;C04-Andrés
F2025-000063;1;15/05/2025;CLI0140;S08;3293,27;2,39;0;7870,92;EUR;C01-Marta
F2025-000063;2;15/05/2025;CLI0140;S08;3700,00;2,35;0;8695,00;EUR;C05-Rocío
F2025-000064;1;12/11/2025;CLI0247;S10;869,73;8,32;0;7236,15;EUR;C02-Javier
F2025-000064;2;12/11/2025;CLI0247;S10;350,50;8,99;5;2993,45;EUR;C03-Lucía
F2025-000064;3;12/11/2025;CLI0247;S10;666,52;8,81;10;5284,84;EUR;C01-Marta
F2025-000065;1;11/02/2025;CLI0121;S09;71,69;42,27;0;3030,34;EUR;C03-Lucía
F2025-000065;2;11/02/2025;CLI0121;S09;147,53;43,53;0;6421,98;EUR;C04-Andrés
F2025-000065;3;11/02/2025;CLI0121;S09;213,15;41,60;0;8867,04;EUR;C01-Marta
F2025-000066;1;11/10/2025;CLI0395;S01;182,76;93,61;0;17108,16;EUR;C05-Rocío
F2025-000066;2;11/10/2025;CLI0395;S14;3,00;205,49;15;524,00;EUR;C04-Andrés
F2025-000066;3;11/10/2025;CLI0395;S01;49,18;101,95;15;4261,82;EUR;C03-Lucía
F2025-000066;4;11/10/2025;CLI0395;S02;748,61;6,79;15;4320,60;EUR;C01-Marta
F2025-000067;1;16/09/2025;CLI0275;S07;110,52;1,73;0;191,20;EUR;C04-Andrés
F2025-000068;1;16/09/2025;CLI0158;S09;444,90;44,24;10;17714,14;EUR;C03-Lucía
F2025-000068;2;16/09/2025;CLI0158;S09;90,60;45,06;0;4082,44;EUR;C01-Marta
F2025-000068;3;16/09/2025;CLI0158;S09;244,99;44,74;5;10412,81;EUR;C01-Marta
F2025-000068;4;16/09/2025;CLI0158;S09;83,98;45,33;0;3806,81;EUR;C05-Rocío
F2025-000069;1;19/09/2025;CLI0371;S10;322,16;8,40;0;2706,14;EUR;C05-Rocío
F2025-000069;2;19/09/2025;CLI0371;S14;8,00;211,60;0;1692,80;EUR;C05-Rocío
F2025-000069;3;19/09/2025;CLI0371;S13;1,00;690,26;0;690,26;EUR;C04-Andrés
F2025-000069;4;19/09/2025;CLI0371;S10;52,44;9,01;5;448,86;EUR;C04-Andrés
F2025-000070;1;19/04/2025;CLI0207;S10;1097,38;8,93;5;9309,62;EUR;C02-Javier
F2025-000070;2;19/04/2025;CLI0207;S14;10,00;208,66;5;1982,27;EUR;C05-Rocío
F2025-000070;3;19/04/2025;CLI0207;S10;91,23;8,51;0;776,37;EUR;C05-Rocío
F2025-000070;4;19/04/2025;CLI0207;S10;338,44;8,86;0;2998,58;EUR;C03-Lucía
F2025-000071;1;10/10/2025;CLI0207;S10;692,23;8,48;0;5870,11;EUR;C04-Andrés
F2025-000071;2;10/10/2025;CLI0207;S14;11,00;221,31;0;2434,41;EUR;C01-Marta
F2025-000071;2;10/10/2025;CLI0207;S14;11,00;221,31;0;2434,41;EUR;C01-Marta
F2025-000072;1;04/12/2025;CLI0345;S09;148,22;41,82;5;5888,63;EUR;C02-Javier
F2025-000072;2;04/12/2025;CLI0345;S15;4,00;83,50;5;317,30;EUR;C04-Andrés
F2025-000073;1;12/08/2025;CLI0101;S15;4,00;93,91;15;319,31;USD;C01-Marta
F2025-000073;2;12/08/2025;CLI0101;S10;1080,11;9,82;0;10603,27;USD;C04-Andrés
F2025-000074;1;26/08/2025;CLI0219;S06;1009,39;1,11;5;1064,40;EUR;C02-Javier
F2025-000074;2;26/08/2025;CLI0219;S06;2852,91;1,16;15;2812,97;EUR;C05-Rocío
F2025-000075;1;12/08/2025;CLI0372;S09;90,73;41,78;0;3790,70;EUR;C04-Andrés
F2025-000076;1;18/06/2025;CLI0306;S01;399,65;99,68;10;35853,40;EUR;C05-Rocío
F2025-000077;1;06/02/2025;CLI0356;S10;261,61;8,61;0;2252,46;EUR;C04-Andrés
F2025-000077;2;06/02/2025;CLI0356;S10;604,61;9,06;0;5477,77;EUR;C04-Andrés
F2025-000077;3;06/02/2025;CLI0356;S10;195,57;8,93;15;1484,47;EUR;C02-Javier
F2025-000077;4;06/02/2025;CLI0356;S15;3,00;90,82;0;272,46;EUR;C02-Javier
F2025-000078;1;05/11/2025;cli0269;S05;830,56;3,35;0;2782,38;EUR;C04-Andrés
F2025-000078;2;05/11/2025;CLI0269;S05;1417,52;3,39;0;4805,39;EUR;C03-Lucía
F2025-000079;1;19/08/2025;CLI0152;S02;419,60;7,00;0;2937,20;EUR;C04-Andrés
F2025-000079;2;19/08/2025;CLI0152;S01;36,91;99,99;0;3690,63;EUR;C04-Andrés
F2025-000079;3;19/08/2025;CLI0152;S01;45,69;99,46;0;4544,33;EUR;C05-Rocío
F2025-000080;1;12/01/2025;CLI0154;S15;3,00;83,50;0;250,50;EUR;C04-Andrés
F2025-000080;2;12/01/2025;CLI0154;S10;522,10;8,56;5;4245,72;EUR;C01-Marta
F2025-000080;3;12/01/2025;CLI0154;S10;60,56;8,84;0;535,35;EUR;C03-Lucía
F2025-000081;1;20/07/2025;CLI0200;S02;160,84;6,95;5;1061,95;EUR;C05-Rocío
F2025-000082;1;12/09/2025;CLI0212;S13;1,00;681,14;5;647,08;EUR;C05-Rocío
F2025-000083;1;22/12/2025;CLI0261;S08;3385,10;2,39;0;8090,39;EUR;C04-Andrés
F2025-000083;2;22/12/2025;CLI0261;S15;3,00;84,24;0;252,72;EUR;C04-Andrés
F2025-000083;3;22/12/2025;CLI0261;S07;1696,41;1,60;5;2578,54;EUR;C05-Rocío
F2025-000083;4;22/12/2025;CLI0261;S08;5065,01;2,45;0;12409,27;EUR;C03-Lucía
F2025-000084;1;12/11/2025;CLI0228;S13;1,00;656,76;0;656,76;EUR;C03-Lucía
F2025-000084;2;12/11/2025;CLI0228;S05;965,91;3,14;0;3032,96;EUR;C02-Javier
F2025-000085;1;13/09/2025;CLI0323;S14;6,00;206,94;0;1241,64;EUR;C04-Andrés
F2025-000085;2;13/09/2025;CLI0323;S13;1,00;684,20;0;684,20;EUR;C01-Marta
F2025-000086;1;15/01/2025;CLI0068;S05;2757,16;3,28;0;9043,48;EUR;C04-Andrés
F2025-000087;1;15/05/2025;CLI0212;S12;1,00;121,57;0;121,57;EUR;C05-Rocío
F2025-000087;2;15/05/2025;CLI0212;S03;41,64;40,68;5;1609,22;EUR;C01-Marta
F2025-000087;3;15/05/2025;CLI0212;S03;41,39;38,87;0;1608,83;EUR;C05-Rocío
F2025-000087;4;15/05/2025;CLI0212;S14;2,00;220,50;0;441,00;EUR;C05-Rocío
F2025-000088;1;10/11/2025;CLI0341;S06;9955,46;1,12;0;11150,12;EUR;C04-Andrés
F2025-000088;2;10/11/2025;CLI0341;S06;2052,26;1,09;0;2236,96;EUR;C04-Andrés
F2025-000089;1;12/02/2025;CLI0212;S13;1,00;640,02;0;640,02;EUR;C03-Lucía
F2025-000090;1;26/07/2025;CLI0356;S10;115,99;8,56;0;992,87;EUR;C02-Javier
F2025-000091;1;04/09/2025;CLI0027;S05;11721,15;3,22;0;37742,10;EUR;C03-Lucía
F2025-000092;1;03/03/2025;CLI0371;S10;1054,18;8,64;5;8652,71;EUR;C02-Javier
F2025-000093;1;07/06/2025;CLI0185;S09;643,79;42,50;5;25993,02;EUR;C02-Javier
F2025-000093;2;07/06/2025;CLI0185;S09;75,28;41,63;0;3133,91;EUR;C01-Marta
F2025-000094;1;19/02/2025;CLI0309;S04;442,63;14,70;0;6506,66;EUR;C01-Marta
F2025-000094;2;19/02/2025;CLI0309;S04;256,49;18,04;0;4626,98;USD;C01-Marta
F2025-000094;3;19/02/2025;CLI0309;S13;1,00;702,10;5;667,00;EUR;C04-Andrés
F2025-000094;4;19/02/2025;CLI0309;S03;95,43;40,83;5;3701,59;EUR;C05-Rocío
F2025-000095;1;13/06/2025;CLI0154;S10;152,50;9,19;0;1401,47;EUR;C03-Lucía
F2025-000095;2;13/06/2025;CLI0154;S10;266,49;9,06;0;2414,40;EUR;C02-Javier
F2025-000095;3;13/06/2025;CLI0154;S10;565,27;9,08;0;5132,65;EUR;C03-Lucía
F2025-000096;1;05/03/2025;CLI0094;S08;2421,11;2,57;0;6222,25;EUR;C02-Javier
F2025-000096;2;05/03/2025;CLI0094;S07;490,61;1,66;5;773,69;EUR;C01-Marta
F2025-000096;3;05/03/2025;CLI0094;S15;2,00;90,69;5;172,31;EUR;C01-Marta
F2025-000096;4;05/03/2025;CLI0094;S08;1694,18;2,46;0;4167,68;EUR;C04-Andrés
F2025-000097;1;12/11/2025;CLI0158;S14;6,00;218,01;0;1308,06;EUR;C05-Rocío
F2025-000097;2;12/11/2025;CLI0158;S09;79,24;44,63;15;3006,01;EUR;C02-Javier
F2025-000097;3;12/11/2025;CLI0158;S13;1,00;636,03;0;636,03;EUR;C04-Andrés
F2025-000097;4;12/11/2025;CLI0158;S09;200,69;41,48;10;7492,16;EUR;C01-Marta
F2025-000098;1;10/08/2025;CLI0194;S14;7,00;223,67;15;1330,84;EUR;C03-Lucía
F2025-000099;1;24/09/2025;CLI0149;S15;4,00;87,70;0;350,80;EUR;C01-Marta
F2025-000099;2;24/09/2025;CLI0149;S14;12,00;212,79;0;2553,48;EUR;C04-Andrés
F2025-000100;1;03/11/2025;CLI0072;S05;454,76;3,18;0;1446,14;EUR;C05-Rocío
F2025-000100;2;03/11/2025;CLI0072;S06;382,67;1,13;0;432,42;EUR;C04-Andrés
F2025-000100;3;03/11/2025;CLI0072;S13;1,00;686,91;0;686,91;EUR;C02-Javier
F2025-000101;1;23/11/2025;CLI0096;S15;4,00;88,97;0;355,88;EUR;C03-Lucía
F2025-000101;2;23/11/2025;CLI0096;S07;730,62;1,65;0;1205,52;EUR;C03-Lucía
F2025-000101;3;23/11/2025;CLI0096;S08;2607,65;2,46;0;6414,82;EUR;C05-Rocío
F2025-000102;1;20/05/2025;CLI0366;S06;2805,51;1,19;10;3004,70;EUR;C02-Javier
F2025-000102;2;20/05/2025;CLI0366;S14;10,00;216,19;0;2161,90;EUR;C05-Rocío
F2025-000102;3;20/05/2025;CLI0366;S05;260,83;3,31;15;733,85;EUR;C02-Javier
F2025-000103;1;17/02/2025;CLI0179;S06;2049,20;1,10;5;2141,41;EUR;C02-Javier
F2025-000103;2;17/02/2025;CLI0179;S06;3609,54;1,09;5;3737,68;EUR;C03-Lucía
F2025-000103;3;17/02/2025;CLI0179;S14;11,00;212,69;0;2339,59;EUR;C02-Javier
F2025-000103;4;17/02/2025;CLI0179;S05;783,89;3,32;5;2472,39;EUR;C04-Andrés
F2025-000104;1;24/07/2025;CLI0312;S07;437,64;1,60;0;700,22;EUR;C03-Lucía
F2025-000104;2;24/07/2025;CLI0312;S07;232,26;1,68;0;390,20;EUR;C01-Marta
F2025-000104;3;24/07/2025;CLI0312;S07;1473,76;1,57;0;2313,80;EUR;C03-Lucía
F2025-000105;1;07/11/2025;CLI0051;S05;440,96;3,28;0;1446,35;EUR;C02-Javier
F2025-000105;2;07/11/2025;CLI0051;S06;1950,73;1,16;5;2149,70;EUR;C05-Rocío
F2025-000105;3;07/11/2025;CLI0051;S05;35,87;3,23;5;110,07;EUR;C01-Marta
F2025-000105;4;07/11/2025;CLI0051;S14;4,00;224,12;0;896,48;EUR;C04-Andrés
F2025-000106;1;19/05/2025;CLI0095;S09;444,53;42,57;5;17977,46;EUR;C01-Marta
F2025-000106;2;19/05/2025;CLI0095;S14;11,00;225,81;5;2359,71;EUR;C04-Andrés
F2025-000107;1;05/03/2025;CLI0164;S09;66,35;52,59;0;3489,59;USD;C03-Lucía
F2025-000107;2;05/03/2025;CLI0164;S09;35,18;44,78;5;1496,59;EUR;C02-Javier
F2025-000107;3;05/03/2025;CLI0164;S09;38,40;52,00;5;1897,11;USD;C01-Marta
F2025-000107;4;05/03/2025;CLI0164;S09;199,09;44,67;5;;EUR;C01-Marta
F2025-000108;1;13/09/2025;CLI0008;S01;36,13;96,27;0;3478,24;EUR;C02-Javier
F2025-000109;1;06/04/2025;CLI0086;S10;228,75;8,64;0;1976,40;EUR;C01-Marta
F2025-000109;2;06/04/2025;CLI0086;S10;63,76;8,33;0;531,12;EUR;C04-Andrés
F2025-000109;3;06/04/2025;CLI0086;S10;457,80;8,74;0;4001,17;EUR;C03-Lucía
F2025-000110;1;11/01/2025;CLI0201;S11;21,19;25,02;0;530,17;EUR;C04-Andrés
F2025-000111;1;02/06/2025;CLI0226;S10;424,00;9,11;0;3862,64;EUR;C03-Lucía
F2025-000112;1;18/03/2025;CLI0212;S03;28,69;39,66;0;1137,85;EUR;C03-Lucía
F2025-000113;1;02/10/2025;CLI0274;S15;2,00;83,63;15;142,17;EUR;C03-Lucía
F2025-000113;2;02/10/2025;CLI0274;S08;175,08;2,57;10;404,96;EUR;C05-Rocío
F2025-000113;3;02/10/2025;CLI0274;S08;3188,51;2,50;15;6775,58;EUR;C04-Andrés
F2025-000113;4;02/10/2025;CLI0274;S08;1918,31;2,37;0;4546,39;EUR;C05-Rocío
F2025-000114;1;22/11/2025;CLI0338;S13;1,00;699,77;0;699,77;EUR;C04-Andrés
F2025-000114;2;22/11/2025;CLI0338;S15;2,00;86,92;0;173,84;EUR;C04-Andrés
F2025-000114;3;22/11/2025;CLI0338;S09;35,40;43,32;0;1533,53;EUR;C01-Marta
F2025-000114;4;22/11/2025;CLI0338;S09;262,60;42,55;5;10614,95;EUR;C01-Marta
F2025-000115;1;17/12/2025;CLI0356;S15;1,00;85,55;0;85,55;EUR;C03-Lucía
F2025-000115;2;17/12/2025;CLI0356;S10;414,45;9,19;0;3808,80;EUR;C03-Lucía
F2025-000115;3;17/12/2025;CLI0356;S10;137,44;8,91;15;1040,90;EUR;C03-Lucía
F2025-000116;1;06/09/2025;CLI0228;S06;2498,60;1,12;0;2798,43;EUR;C02-Javier
F2025-000116;2;06/09/2025;CLI0228;S06;1324,41;1,12;0;1483,34;EUR;C03-Lucía
F2025-000116;3;06/09/2025;CLI0228;S14;3,00;209,77;5;597,84;EUR;C04-Andrés
F2025-000116;4;06/09/2025;CLI0228;S05;191,43;3,27;0;625,98;EUR;C01-Marta
F2025-000117;1;13/06/2025;CLI0356;S14;9,00;218,78;10;1772,12;EUR;C04-Andrés
F2025-000117;2;13/06/2025;CLI0356;S10;163,92;9,12;0;1494,95;EUR;C03-Lucía
F2025-000117;3;13/06/2025;CLI0356;S10;214,26;8,90;0;1906,91;EUR;C05-Rocío
F2025-000118;1;02/04/2025;CLI0165;S14;6,00;206,60;5;1177,62;EUR;C02-Javier
F2025-000118;2;02/04/2025;CLI0165;S10;281,40;8,57;0;2411,60;EUR;C01-Marta
F2025-000119;1;01/04/2025;CLI0158;S09;514,72;43,72;5;21378,38;EUR;C01-Marta
F2025-000120;1;26/01/2025;CLI0092;S06;3420,72;1,11;15;3227,45;EUR;C05-Rocío
F2025-000121;1;28/03/2025;CLI0114;S09;63,93;43,27;5;2627,94;EUR;C05-Rocío
F2025-000121;2;28/03/2025;CLI0114;S14;16,00;207,56;0;3320,96;EUR;C02-Javier
F2025-000122;1;26/11/2025;CLI0377;S01;44,57;105,74;0;4712,67;USD;C05-Rocío
F2025-000122;2;26/11/2025;CLI0377;S02;787,28;6,54;15;4376,49;EUR;C04-Andrés
F2025-000122;3;26/11/2025;CLI0377;S02;786,50;7,43;5;5552,09;USD;C05-Rocío
F2025-000122;4;26/11/2025;CLI0377;S01;15,85;108,90;10;1553,51;USD;C01-Marta
F2025-000123;1;02/06/2025;CLI0062;S05;2190,25;3,15;5;6554,32;EUR;C04-Andrés
F2025-000123;2;02/06/2025;CLI0062;S05;171,92;3,41;0;586,25;EUR;C01-Marta
F2025-000123;3;02/06/2025;CLI0062;S06;1043,28;1,12;0;1168,47;EUR;C03-Lucía
F2025-000123;4;02/06/2025;CLI0062;S05;93,80;3,30;0;309,54;EUR;C04-Andrés
F2025-000124;1;07/03/2025;CLI0024;S05;42,55;3,26;0;138,71;EUR;C04-Andrés
F2025-000124;2;07/03/2025;CLI0024;S05;85,66;3,41;0;292,10;EUR;C01-Marta
F2025-000124;3;07/03/2025;CLI0024;S13;1,00;662,27;0;662,27;EUR;C04-Andrés
F2025-000124;4;07/03/2025;CLI0024;S15;1,00;90,52;5;85,99;EUR;C01-Marta
F2025-000125;1;06/03/2025;CLI0051;S05;358,60;3,29;0;1179,79;EUR;C04-Andrés
F2025-000125;2;06/03/2025;CLI0051;S06;9090,67;1,18;15;9117,94;EUR;C01-Marta
F2025-000125;3;06/03/2025;CLI0051;S05;160,24;3,26;5;496,26;EUR;C04-Andrés
F2025-000126;1;12/12/2025;CLI0190;S11;22,86;25,82;0;590,25;EUR;C04-Andrés
F2025-000126;2;12/12/2025;CLI0190;S02;246,62;6,82;0;1681,95;EUR;C04-Andrés
F2025-000126;3;12/12/2025;CLI0190;S01;550,46;96,70;0;53229,48;EUR;C04-Andrés
F2025-000127;1;25/02/2025;CLI0089;S05;96,79;3,21;10;279,63;EUR;C04-Andrés
F2025-000127;2;25/02/2025;CLI0089;S06;1564,97;1,13;0;1768,42;EUR;C01-Marta
F2025-000127;3;25/02/2025;CLI0089;S15;2,00;85,99;0;171,98;EUR;C04-Andrés
F2025-000127;4;25/02/2025;CLI0089;S05;897,36;3,39;0;3042,05;EUR;C03-Lucía
F2025-000128;1;01/01/2025;CLI0092;S14;10,00;217,46;0;2174,60;EUR;C02-Javier
F2025-000129;1;16/04/2025;CLI0370;S14;13,00;212,25;10;2483,33;EUR;C04-Andrés
F2025-000129;2;16/04/2025;CLI0370;S06;711,69;1,19;0;846,91;EUR;C02-Javier
F2025-000130;1;11/08/2025;CLI0356;S13;1,00;668,96;0;668,96;EUR;C03-Lucía
F2025-000130;2;11/08/2025;CLI0356;S10;2886,45;8,52;0;24592,55;EUR;C05-Rocío
F2025-000130;3;11/08/2025;CLI0356;S10;217,70;8,70;0;1893,99;EUR;C01-Marta
F2025-000130;4;11/08/2025;CLI0356;S10;547,30;8,50;0;4652,05;EUR;C02-Javier
F2025-000131;1;28/04/2025;CLI0247;S10;204,84;8,89;0;1821,03;EUR;C01-Marta
F2025-000131;2;28/04/2025;CLI0247;S15;4,00;87,66;0;350,64;EUR;C04-Andrés
F2025-000131;3;28/04/2025;CLI0247;S10;490,30;9,15;15;3813,31;EUR;C02-Javier
F2025-000132;1;08/05/2025;CLI0237;S09;141,68;42,75;0;6056,82;EUR;C01-Marta
F2025-000132;2;08/05/2025;CLI0237;S09;63,52;45,17;0;2869,20;EUR;C01-Marta
F2025-000133;1;18/02/2025;CLI0080;S15;3,00;86,44;0;259,32;EUR;C02-Javier
F2025-000133;2;18/02/2025;CLI0080;S11;23,07;25,95;0;598,67;EUR;C04-Andrés
F2025-000133;3;18/02/2025;CLI0080;S01;81,33;98,18;0;7984,98;EUR;C01-Marta
F2025-000134;1;22/05/2025;CLI0299;S08;1378,37;2,55;0;3514,84;EUR;C04-Andrés
F2025-000134;2;22/05/2025;CLI0299;S14;5,00;217,64;0;1088,20;EUR;C05-Rocío
F2025-000134;3;22/05/2025;cli0299;S15;1,00;90,06;0;90,06;EUR;C05-Rocío
F2025-000134;4;22/05/2025;CLI0299;S14;5,00;209,88;0;1049,40;EUR;C04-Andrés
F2025-000135;1;12/04/2025;CLI0309;S12;1,00;138,58;5;131,65;USD;C03-Lucía
F2025-000135;2;12/04/2025;CLI0309;S12;2,00;126,45;0;252,90;EUR;C03-Lucía
F2025-000136;1;02/03/2025;CLI0152;S02;555,36;6,65;0;3693,14;EUR;C05-Rocío
F2025-000136;2;02/03/2025;CLI0152;S15;1,00;87,84;0;87,84;EUR;C01-Marta
F2025-000136;3;02/03/2025;CLI0152;S13;1,00;640,18;5;608,17;EUR;C02-Javier
F2025-000136;4;02/03/2025;CLI0152;S15;1,00;88,30;0;88,30;EUR;C04-Andrés
F2025-000137;1;02/10/2025;CLI0141;S14;9,00;208,13;0;1873,17;EUR;C02-Javier
F2025-000137;2;02/10/2025;CLI0141;S14;16,00;226,68;0;3626,88;EUR;C04-Andrés
F2025-000137;3;02/10/2025;CLI0141;S10;127,43;8,52;0;1085,70;EUR;C02-Javier
F2025-000138;1;18/08/2025;CLI0155;S02;261,89;6,54;0;1712,76;EUR;C02-Javier
F2025-000138;2;18/08/2025;CLI0155;S01;94,81;93,86;5;8453,92;EUR;C02-Javier
F2025-000139;1;19/07/2025;CLI0181;S10;191,26;8,42;5;1529,89;EUR;C02-Javier
F2025-000139;2;19/07/2025;CLI0181;S10;204,66;8,41;0;1721,19;EUR;C05-Rocío
F2025-000139;3;19/07/2025;CLI0181;S10;946,30;9,04;0;8554,55;EUR;C02-Javier
F2025-000140;1;08/07/2025;CLI0299;S08;940,24;2,56;0;2407,01;EUR;C01-Marta
F2025-000141;1;13/03/2025;CLI0092;S05;170,92;3,37;10;518,40;EUR;C04-Andrés
F2025-000142;1;21/10/2025;CLI0094;S15;2,00;90,72;0;181,44;EUR;C03-Lucía
F2025-000142;2;21/10/2025;CLI0094;S14;13,00;224,65;0;2920,45;EUR;C03-Lucía
F2025-000143;1;07/07/2025;CLI0207;S10;627,08;8,62;5;5135,16;EUR;C02-Javier
F2025-000143;2;07/07/2025;CLI0207;S10;193,01;8,81;0;1700,42;EUR;C01-Marta
F2025-000143;3;07/07/2025;CLI0207;S10;2148,08;9,07;0;19483,09;EUR;C05-Rocío
F2025-000144;1;23/11/2025;CLI0029;S08;369,75;2,58;0;953,96;EUR;C01-Marta
F2025-000144;2;23/11/2025;CLI0029;S08;976,34;2,42;5;2244,61;EUR;C03-Lucía
F2025-000144;3;23/11/2025;CLI0029;S08;2158,14;2,53;0;5460,09;EUR;C05-Rocío
F2025-000144;4;23/11/2025;CLI0029;S07;866,06;1,71;10;1332,87;EUR;C03-Lucía
F2025-000145;1;16/09/2025;CLI0101;S10;221,65;8,68;10;1731,53;EUR;C04-Andrés
F2025-000146;1;19/02/2025;CLI0221;S10;298,15;8,59;0;2561,11;EUR;C02-Javier
F2025-000147;1;27/12/2025;CLI0374;S09;207,65;44,99;0;9342,17;EUR;C05-Rocío
F2025-000147;2;27/12/2025;CLI0374;S15;1,00;88,27;0;88,27;EUR;C03-Lucía
F2025-000147;3;27/12/2025;CLI0374;S09;127,76;44,53;0;5689,15;EUR;C02-Javier
F2025-000147;4;27/12/2025;CLI0374;S09;213,51;41,10;5;8336,50;EUR;C03-Lucía
F2025-000148;1;11/12/2025;CLI0078;S10;131,84;8,88;0;1170,74;EUR;C02-Javier
F2025-000149;1;14/05/2025;CLI0332;S04;2216,93;14,58;0;32322,84;EUR;C01-Marta
F2025-000149;2;14/05/2025;CLI0332;S03;40,39;40,51;5;1554,39;EUR;C02-Javier
F2025-000150;1;03/11/2025;CLI0094;S07;99,96;1,60;0;159,94;EUR;C01-Marta
F2025-000150;2;03/11/2025;CLI0094;S07;377,06;1,66;0;625,92;EUR;C02-Javier
F2025-000150;3;03/11/2025;CLI0094;S08;3149,74;2,57;0;8094,83;EUR;C03-Lucía
F2025-000151;1;18/03/2025;CLI0345;S09;76,94;44,91;0;3455,38;EUR;C01-Marta
F2025-000151;2;18/03/2025;CLI0345;S09;264,10;44,78;0;11826,40;EUR;C05-Rocío
F2025-000151;3;18/03/2025;CLI0345;S09;79,66;42,49;0;3384,75;EUR;C03-Lucía
F2025-000151;4;18/03/2025;CLI0345;S13;1,00;639,45;0;639,45;EUR;C04-Andrés
F2025-000152;1;09/03/2025;CLI0094;S13;1,00;644,61;0;644,61;EUR;C05-Rocío
F2025-000152;2;09/03/2025;CLI0094;S08;1976,96;2,47;0;4883,09;EUR;C01-Marta
F2025-000153;1;11/05/2025;CLI0310;S12;3,00;123,03;0;369,09;EUR;C01-Marta
F2025-000153;2;11/05/2025;CLI0310;S12;3,00;129,08;0;387,24;EUR;C03-Lucía
F2025-000153;3;11/05/2025;CLI0310;S13;1,00;650,51;0;650,51;EUR;C01-Marta
F2025-000154;1;12/04/2025;CLI0095;S09;83,63;42,03;5;3339,22;EUR;C05-Rocío
F2025-000155;1;12/07/2025;CLI0230;S02;107,70;7,50;0;808,21;USD;C01-Marta
F2025-000156;1;15/04/2025;CLI0290;S15;2,00;90,87;0;181,74;EUR;C02-Javier
F2025-000156;2;15/04/2025;CLI0290;S10;603,53;8,55;15;4386,15;EUR;C02-Javier
F2025-000156;3;15/04/2025;CLI0290;S14;13,00;208,16;5;2570,78;EUR;C02-Javier
F2025-000156;4;15/04/2025;CLI0290;S10;1035,21;8,99;10;8375,88;EUR;C01-Marta
F2025-000157;1;10/04/2025;CLI0293;S10;879,15;8,77;0;7710,15;EUR;C02-Javier
F2025-000157;2;10/04/2025;CLI0293;S10;1322,14;8,61;0;11383,63;EUR;C02-Javier
F2025-000157;3;10/04/2025;CLI0293;S10;385,79;8,58;0;3310,08;EUR;C01-Marta
F2025-000157;4;10/04/2025;CLI0293;S13;1,00;666,12;0;666,12;EUR;C02-Javier
F2025-000158;1;25/08/2025;CLI0399;S10;749,52;8,62;0;6460,86;EUR;C03-Lucía
F2025-000158;2;25/08/2025;CLI0399;S14;3,00;212,00;0;636,00;EUR;C01-Marta
F2025-000158;3;25/08/2025;CLI0399;S10;2193,07;8,38;0;18377,93;EUR;C03-Lucía
F2025-000159;1;12/02/2025;CLI0374;S14;14,00;210,47;5;2799,25;EUR;C04-Andrés
F2025-000159;2;12/02/2025;CLI0374;S09;164,65;43,29;0;7127,70;EUR;C02-Javier
F2025-000159;3;12/02/2025;CLI0374;S15;1,00;87,05;0;87,05;EUR;C02-Javier
F2025-000160;1;21/08/2025;CLI0111;S15;4,00;85,59;5;325,24;EUR;C03-Lucía
F2025-000161;1;15/04/2025;CLI0282;S07;104,20;1,88;0;195,87;USD;C03-Lucía
F2025-000162;1;17/01/2025;CLI0056;S15;2,00;91,66;0;183,32;EUR;C02-Javier
F2025-000162;2;17/01/2025;CLI0056;S10;62,41;8,37;0;522,37;EUR;C04-Andrés
F2025-000162;3;17/01/2025;CLI0056;S10;1440,33;8,57;0;12343,63;EUR;C05-Rocío
F2025-000162;4;17/01/2025;CLI0056;S10;392,50;9,12;0;3579,60;EUR;C04-Andrés
F2025-000163;1;13/06/2025;CLI0154;S14;7,00;212,15;0;1485,05;EUR;C02-Javier
F2025-000163;2;13/06/2025;CLI0154;S10;494,70;8,53;0;4219,79;EUR;C04-Andrés
F2025-000163;3;13/06/2025;CLI0154;S10;922,12;9,15;5;8015,53;EUR;C04-Andrés
F2025-000164;1;24/07/2025;CLI0095;S09;257,08;44,42;0;11419,49;EUR;C01-Marta
F2025-000164;2;24/07/2025;CLI0095;S09;292,81;41,15;0;12049,13;EUR;C02-Javier
F2025-000165;1;23/06/2025;CLI0207;S10;193,27;8,98;0;1735,56;EUR;C02-Javier
F2025-000166;1;01/03/2025;CLI0054;S08;2159,07;2,39;5;4902,17;EUR;C03-Lucía
F2025-000167;1;14/11/2025;CLI0238;S03;25,08;37,77;0;947,27;EUR;C03-Lucía
F2025-000167;2;14/11/2025;CLI0238;S03;18,29;39,84;0;728,67;EUR;C05-Rocío
F2025-000168;1;20/06/2025;CLI0306;S11;22,86;25,61;5;556,17;EUR;C03-Lucía
F2025-000168;2;20/06/2025;CLI0306;S02;313,74;6,80;15;1813,42;EUR;C03-Lucía
F2025-000168;3;20/06/2025;CLI0306;S13;1,00;692,98;10;623,68;EUR;C05-Rocío
F2025-000169;1;07/04/2025;CLI0158;S09;303,25;43,75;0;13267,19;EUR;C01-Marta
F2025-000169;2;07/04/2025;CLI0158;S09;153,55;43,53;5;6349,83;EUR;C05-Rocío
F2025-000170;1;17/02/2025;CLI0026;S13;1,00;641,09;0;641,09;EUR;C05-Rocío
F2025-000170;2;17/02/2025;CLI0026;S10;375,18;8,75;0;3282,83;EUR;C03-Lucía
F2025-000170;3;17/02/2025;CLI0026;S10;1321,91;8,78;0;11606,37;EUR;C05-Rocío
F2025-000171;1;09/05/2025;CLI0089;S06;2018,83;1,16;0;2341,84;EUR;C02-Javier
F2025-000171;2;09/05/2025;CLI0089;S15;1,00;89,71;5;85,22;EUR;C04-Andrés
F2025-000171;3;09/05/2025;CLI0089;S06;857,87;1,08;0;926,50;EUR;C03-Lucía
F2025-000171;4;09/05/2025;CLI0089;S05;90,58;3,22;10;262,50;EUR;C04-Andrés
F2025-000172;1;09/02/2025;CLI0383;S09;128,39;44,26;0;5682,54;EUR;C01-Marta
F2025-000172;2;09/02/2025;CLI0383;S09;95,33;45,19;0;4307,96;EUR;C03-Lucía
F2025-000172;3;09/02/2025;CLI0383;S09;80,99;44,63;0;3614,58;EUR;C02-Javier
F2025-000173;1;16/07/2025;CLI0174;S07;1495,40;1,60;5;2273,01;EUR;C01-Marta
F2025-000174;1;06/09/2025;CLI0322;S06;1038,61;1,15;0;1194,40;EUR;C03-Lucía
F2025-000175;1;18/03/2025;CLI0157;S12;1,00;119,18;0;119,18;EUR;C04-Andrés
F2025-000175;2;18/03/2025;CLI0157;S12;3,00;121,11;5;345,16;EUR;C04-Andrés
F2025-000175;3;18/03/2025;CLI0157;S15;1,00;102,70;0;102,70;USD;C03-Lucía
F2025-000175;4;18/03/2025;CLI0157;S03;38,35;47,96;0;1839,28;USD;C02-Javier
F2025-000176;1;04/09/2025;CLI0286;S11;23,08;26,41;10;548,59;EUR;C03-Lucía
F2025-000176;2;04/09/2025;CLI0286;S01;107,30;98,10;0;10526,13;EUR;C04-Andrés
F2025-000177;1;27/05/2025;CLI0291;S10;157,69;8,98;15;1203,65;EUR;C02-Javier
F2025-000177;2;27/05/2025;CLI0291;S10;420,93;8,83;15;3159,29;EUR;C05-Rocío
F2025-000178;1;15/08/2025;CLI0386;S02;459,59;6,59;0;3028,70;EUR;C05-Rocío
F2025-000178;2;15/08/2025;CLI0386;S11;28,36;26,65;0;755,79;EUR;C01-Marta
F2025-000179;1;11/01/2025;CLI0295;S14;15,00;213,82;0;3207,30;EUR;C01-Marta
F2025-000179;2;11/01/2025;CLI0295;S14;15,00;208,35;5;2968,99;EUR;C01-Marta
F2025-000180;1;15/03/2025;CLI0045;S13;1,00;693,83;0;693,83;EUR;C04-Andrés
F2025-000181;1;12/05/2025;CLI0212;S12;4,00;126,24;0;504,96;EUR;C01-Marta
F2025-000181;2;12/05/2025;CLI0212;S03;13,89;37,44;0;520,04;EUR;C03-Lucía
F2025-000181;3;12/05/2025;CLI0212;S15;1,00;91,39;0;91,39;EUR;C02-Javier
F2025-000181;4;12/05/2025;CLI0212;S12;3,00;120,75;0;;EUR;C01-Marta
F2025-000182;1;09/07/2025;CLI0211;S06;1612,85;1,12;0;1806,39;EUR;C04-Andrés
F2025-000183;1;21/10/2025;CLI0341;S06;1176,60;1,09;5;1218,37;EUR;C01-Marta
F2025-000183;2;21/10/2025;CLI0341;S05;269,66;3,32;0;895,27;EUR;C02-Javier
F2025-000184;1;22/08/2025;CLI0249;S02;317,89;6,94;0;2206,16;EUR;C02-Javier
F2025-000185;1;02/09/2025;CLI0336;S05;277,44;3,27;0;907,23;EUR;C05-Rocío
F2025-000185;2;02/09/2025;CLI0336;S06;302,89;1,14;0;345,29;EUR;C01-Marta
F2025-000185;3;02/09/2025;CLI0336;S06;1533,38;1,09;0;1671,38;EUR;C04-Andrés
F2025-000185;4;02/09/2025;CLI0336;S15;1,00;90,49;0;90,49;EUR;C02-Javier
F2025-000186;1;14/03/2025;CLI0098;S06;1337,79;1,18;0;1578,59;EUR;C04-Andrés
F2025-000186;2;14/03/2025;CLI0098;S05;2239,97;3,46;0;7750,30;EUR;C03-Lucía
F2025-000186;3;14/03/2025;CLI0098;S06;997,09;1,13;0;1126,71;EUR;C01-Marta
F2025-000187;1;22/03/2025;CLI0306;S11;14,01;26,25;0;367,76;EUR;C02-Javier
F2025-000188;1;03/01/2025;CLI0055;S14;8,00;221,51;0;1772,08;EUR;C05-Rocío
F2025-000188;2;03/01/2025;CLI0055;S09;64,96;41,65;0;2705,58;EUR;C01-Marta
F2025-000188;3;03/01/2025;CLI0055;S13;1,00;670,90;0;670,90;EUR;C05-Rocío
F2025-000188;4;03/01/2025;CLI0055;S13;1,00;671,79;0;671,79;EUR;C01-Marta
F2025-000189;1;28/03/2025;CLI0023;S10;379,47;8,69;0;3297,59;EUR;C05-Rocío
F2025-000189;2;28/03/2025;CLI0023;S15;2,00;84,05;0;168,10;EUR;C02-Javier
F2025-000189;3;28/03/2025;CLI0023;S13;1,00;661,53;5;628,45;EUR;C03-Lucía
F2025-000189;4;28/03/2025;CLI0023;S10;1110,53;8,53;0;9472,82;EUR;C05-Rocío
F2025-000190;1;08/05/2025;CLI0207;S10;183,43;8,54;5;1488,17;EUR;C01-Marta
F2025-000190;2;08/05/2025;CLI0207;S10;187,83;8,34;0;1566,50;EUR;C01-Marta
F2025-000190;3;08/05/2025;CLI0207;S10;1173,07;8,74;0;10252,63;EUR;C04-Andrés
F2025-000190;4;08/05/2025;CLI0207;S10;78,09;8,77;0;684,85;EUR;C01-Marta
F2025-000191;1;28/02/2025;CLI0084;S11;8,47;24,68;0;209,04;EUR;C03-Lucía
F2025-000191;2;28/02/2025;CLI0084;S11;13,46;26,11;5;333,87;EUR;C05-Rocío
F2025-000191;3;28/02/2025;CLI0084;S11;59,61;26,71;0;1592,18;EUR;C03-Lucía
F2025-000191;4;28/02/2025;CLI0084;S02;745,84;6,98;5;4945,67;EUR;C04-Andrés
F2025-000192;1;07/11/2025;CLI0095;S14;5,00;218,59;10;983,66;EUR;C02-Javier
F2025-000192;2;07/11/2025;CLI0095;S15;3,00;91,19;10;246,21;EUR;C04-Andrés
F2025-000192;3;07/11/2025;CLI0095;S09;38,60;42,07;0;1623,90;EUR;C03-Lucía
F2025-000192;4;07/11/2025;CLI0095;S09;281,01;42,85;0;12041,28;EUR;C01-Marta
F2025-000193;1;27/05/2025;CLI0051;S05;573,35;3,34;15;1627,74;EUR;C04-Andrés
F2025-000194;1;22/10/2025;CLI0101;S14;2,00;223,54;0;447,08;EUR;C03-Lucía
F2025-000194;2;22/10/2025;CLI0101;S10;61,09;10,04;5;582,60;USD;C03-Lucía
F2025-000195;1;24/10/2025;CLI0255;S06;391,98;1,24;5;461,11;USD;C01-Marta
F2025-000196;1;23/12/2025;CLI0045;S15;3,00;85,59;0;256,77;EUR;C05-Rocío
F2025-000196;2;23/12/2025;CLI0045;S05;831,91;3,30;0;2745,30;EUR;C04-Andrés
F2025-000196;3;23/12/2025;CLI0045;S05;60,40;3,26;0;196,90;EUR;C02-Javier
F2025-000196;4;23/12/2025;CLI0045;S06;1088,92;1,08;5;1117,23;EUR;C04-Andrés
F2025-000197;1;19/12/2025;CLI0212;S03;57,38;38,86;0;2229,79;EUR;C02-Javier
F2025-000197;2;19/12/2025;CLI0212;S04;555,86;14,23;0;7909,89;EUR;C04-Andrés
F2025-000197;3;19/12/2025;CLI0212;S14;4,00;206,82;0;827,28;EUR;C05-Rocío
F2025-000198;1;05/09/2025;CLI0342;S10;778,88;8,41;0;6550,38;EUR;C02-Javier
F2025-000199;1;25/10/2025;CLI0136;S02;698,85;6,97;5;4627,44;EUR;C03-Lucía
F2025-000199;2;25/10/2025;CLI0136;S11;15,77;25,82;0;407,18;EUR;C02-Javier
F2025-000200;1;17/11/2025;CLI0012;S07;255,42;1,61;0;411,23;EUR;C01-Marta
F2025-000200;2;17/11/2025;CLI0012;S08;395,46;2,48;0;980,74;EUR;C01-Marta
F2025-000200;3;17/11/2025;CLI0012;S15;4,00;90,92;0;363,68;EUR;C05-Rocío
F2025-000200;4;17/11/2025;CLI0012;S08;6392,12;2,38;0;15213,25;EUR;C03-Lucía
F2025-000201;1;26/03/2025;CLI0312;S08;1545,34;2,44;5;3582,10;EUR;C05-Rocío
F2025-000201;2;26/03/2025;CLI0312;S08;1264,60;2,50;0;3161,50;EUR;C03-Lucía
F2025-000201;3;26/03/2025;CLI0312;S08;2308,98;2,39;0;5518,46;EUR;C01-Marta
F2025-000202;1;21/10/2025;CLI0095;S09;163,09;45,38;5;7030,97;EUR;C04-Andrés
F2025-000203;1;20/05/2025;CLI0051;S14;7,00;209,21;0;1464,47;EUR;C01-Marta
F2025-000203;2;20/05/2025;CLI0051;S06;2974,57;1,14;15;2882,36;EUR;C02-Javier
F2025-000203;3;20/05/2025;CLI0051;S05;95,75;3,32;0;317,89;EUR;C02-Javier
F2025-000204;1;08/02/2025;CLI0024;S05;449,10;3,33;0;1495,50;EUR;C04-Andrés
F2025-000204;2;08/02/2025;CLI0024;S06;1665,43;1,17;0;1948,55;EUR;C05-Rocío
F2025-000204;3;08/02/2025;CLI0024;S13;1,00;648,51;5;616,08;EUR;C01-Marta
F2025-000204;4;08/02/2025;CLI0024;S05;193,02;3,21;0;619,59;EUR;C02-Javier
F2025-000205;1;05/03/2025;CLI0175;S10;1060,20;8,35;0;8852,67;EUR;C03-Lucía
F2025-000206;1;06/06/2025;CLI0159;S12;3,00;120,91;0;362,73;EUR;C02-Javier
F2025-000206;2;06/06/2025;CLI0159;S13;1,00;685,90;5;651,60;EUR;C03-Lucía
F2025-000206;3;06/06/2025;CLI0159;S03;36,38;37,20;15;1150,34;EUR;C05-Rocío
F2025-000207;1;23/02/2025;CLI0102;S05;117,38;3,45;0;404,96;EUR;C02-Javier
F2025-000207;2;23/02/2025;CLI0102;S15;4,00;100,74;0;402,96;USD;C01-Marta
F2025-000207;3;23/02/2025;CLI0102;S05;592,55;4,01;5;2258,14;USD;C04-Andrés
F2025-000208;1;10/01/2025;CLI0104;S10;541,99;8,96;5;4613,42;EUR;C04-Andrés
F2025-000208;2;10/01/2025;CLI0104;S10;772,08;9,17;0;7079,97;EUR;C01-Marta
F2025-000208;3;10/01/2025;CLI0104;S13;1,00;642,07;5;609,97;EUR;C03-Lucía
F2025-000208;4;10/01/2025;CLI0104;S10;1135,17;8,52;0;9671,65;EUR;C05-Rocío
F2025-000209;1;12/04/2025;CLI0212;S04;569,23;14,99;5;8106,12;EUR;C04-Andrés
F2025-000210;1;25/10/2025;CLI0024;S06;1092,32;1,19;5;1234,87;EUR;C03-Lucía
F2025-000210;2;25/10/2025;CLI0024;S14;10,00;212,97;0;2129,70;EUR;C04-Andrés
F2025-000211;1;16/01/2025;CLI0225;S05;140,89;3,35;0;471,98;EUR;C04-Andrés
F2025-000211;2;16/01/2025;CLI0225;S06;895,20;1,09;0;975,77;EUR;C04-Andrés
F2025-000212;1;21/04/2025;CLI0201;S02;308,87;6,39;0;1973,68;EUR;C02-Javier
F2025-000213;1;25/02/2025;CLI0331;S15;3,00;87,53;0;262,59;EUR;C03-Lucía
F2025-000214;1;11/11/2025;CLI0200;S01;296,65;94,36;0;27991,89;EUR;C02-Javier
F2025-000214;2;11/11/2025;CLI0200;S11;31,26;24,57;0;768,06;EUR;C04-Andrés
F2025-000215;1;14/07/2025;CLI0290;S10;604,45;8,58;0;5186,18;EUR;C02-Javier
F2025-000216;1;27/02/2025;CLI0291;S10;344,78;9,09;0;3134,05;EUR;C02-Javier
F2025-000217;1;02/04/2025;CLI0286;S01;63,70;100,37;5;6073,89;EUR;C01-Marta
F2025-000217;2;02/04/2025;CLI0286;S01;192,86;98,48;15;16143,92;EUR;C01-Marta
F2025-000217;3;02/04/2025;CLI0286;S14;7,00;209,77;10;1321,55;EUR;C02-Javier
F2025-000217;4;02/04/2025;CLI0286;S02;292,36;6,95;0;2031,90;EUR;C05-Rocío
F2025-000218;1;16/06/2025;CLI0337;S07;1236,82;1,58;0;1954,18;EUR;C03-Lucía
F2025-000218;2;16/06/2025;CLI0337;S13;1,00;685,18;0;685,18;EUR;C04-Andrés
F2025-000218;3;16/06/2025;CLI0337;S07;480,85;1,66;0;798,21;EUR;C02-Javier
F2025-000218;4;16/06/2025;CLI0337;S07;22,99;1,66;0;38,16;EUR;C02-Javier
F2025-000219;1;08/03/2025;CLI0145;S10;306,05;8,43;0;2580,00;EUR;C05-Rocío
F2025-000220;1;08/09/2025;CLI0095;S15;4,00;90,19;10;324,68;EUR;C01-Marta
F2025-000221;1;10/06/2025;CLI0342;S10;1267,97;8,40;0;10650,95;EUR;C04-Andrés
F2025-000221;2;10/06/2025;CLI0342;S15;1,00;88,87;0;88,87;EUR;C01-Marta
F2025-000221;3;10/06/2025;CLI0342;S10;341,07;8,38;5;2715,26;EUR;C03-Lucía
F2025-000221;4;10/06/2025;CLI0342;S10;172,34;8,47;0;1459,72;EUR;C02-Javier
F2025-000222;1;01/09/2025;CLI0207;S15;4,00;85,48;0;341,92;EUR;C01-Marta
F2025-000222;2;01/09/2025;CLI0207;S10;6180,77;9,17;0;56677,66;EUR;C04-Andrés
F2025-000222;3;01/09/2025;CLI0207;S10;48,64;8,97;0;436,30;EUR;C05-Rocío
F2025-000222;4;01/09/2025;CLI0207;S10;534,15;8,51;0;4545,62;EUR;C03-Lucía
F2025-000223;1;27/01/2025;CLI0095;S09;64,19;43,69;0;2804,46;EUR;C01-Marta
F2025-000223;2;27/01/2025;CLI0095;S09;73,47;41,53;0;3051,21;EUR;C01-Marta
F2025-000224;1;28/09/2025;CLI0290;S10;602,30;8,35;0;5029,20;EUR;C05-Rocío
F2025-000225;1;24/09/2025;CLI0114;S09;75,01;42,30;0;3172,92;EUR;C04-Andrés
F2025-000225;2;24/09/2025;CLI0114;S13;1,00;646,71;0;646,71;EUR;C03-Lucía
F2025-000225;3;24/09/2025;CLI0114;S09;130,34;42,60;0;5552,48;EUR;C05-Rocío
F2025-000225;4;24/09/2025;CLI0114;S09;434,32;43,07;5;17770,85;EUR;C02-Javier
F2025-000226;1;24/07/2025;CLI0095;S09;45,31;43,69;0;1979,59;EUR;C01-Marta
F2025-000226;2;24/07/2025;CLI0095;S09;51,12;42,82;0;2188,96;EUR;C02-Javier
F2025-000226;3;24/07/2025;CLI0095;S09;76,57;44,12;15;2871,53;EUR;C04-Andrés
F2025-000227;1;03/11/2025;CLI0346;S06;807,20;1,12;5;858,86;EUR;C05-Rocío
F2025-000227;2;03/11/2025;CLI0346;S05;298,56;3,39;0;1012,12;EUR;C05-Rocío
F2025-000227;3;03/11/2025;CLI0346;S05;601,88;3,43;5;1961,23;EUR;C04-Andrés
F2025-000228;1;21/02/2025;CLI0305;S09;413,17;44,73;0;18481,09;EUR;C05-Rocío
F2025-000228;2;21/02/2025;CLI0305;S09;33,33;42,98;0;1432,52;EUR;C02-Javier
F2025-000229;1;13/08/2025;CLI0247;S10;514,41;8,76;0;4506,23;EUR;C02-Javier
F2025-000229;2;13/08/2025;CLI0247;S10;301,51;8,45;5;2420,37;EUR;C04-Andrés
F2025-000229;3;13/08/2025;CLI0247;S15;2,00;90,38;0;180,76;EUR;C03-Lucía
F2025-000229;4;13/08/2025;CLI0247;S10;416,33;8,92;5;3527,98;EUR;C02-Javier
F2025-000230;1;18/10/2025;CLI0101;S10;586,38;8,38;10;4422,48;EUR;C01-Marta
F2025-000230;2;18/10/2025;CLI0101;S10;864,42;8,76;0;7572,32;EUR;C05-Rocío
F2025-000231;1;15/06/2025;CLI0172;S14;3,00;223,23;5;636,21;EUR;C01-Marta
F2025-000231;2;15/06/2025;CLI0172;S10;995,87;9,05;0;9012,62;EUR;C04-Andrés
F2025-000231;3;15/06/2025;CLI0172;S10;191,29;9,02;0;1725,44;EUR;C05-Rocío
F2025-000231;4;15/06/2025;CLI0172;S10;694,30;8,82;0;6123,73;EUR;C04-Andrés
F2025-000232;1;18/06/2025;CLI0047;S10;845,78;8,76;5;7038,58;EUR;C04-Andrés
F2025-000233;1;17/06/2025;CLI0016;S14;14,00;225,58;15;2684,40;EUR;C03-Lucía
F2025-000233;2;17/06/2025;CLI0016;S01;66,67;99,88;0;6659,00;EUR;C04-Andrés
F2025-000233;3;17/06/2025;CLI0016;S13;1,00;671,37;0;671,37;EUR;C01-Marta
F2025-000234;1;17/05/2025;CLI0039;S14;15,00;224,29;0;3364,35;EUR;C04-Andrés
F2025-000235;1;13/09/2025;CLI0237;S15;1,00;88,30;0;88,30;EUR;C03-Lucía
F2025-000236;1;19/04/2025;CLI0236;S06;1765,65;1,14;5;1912,20;EUR;C02-Javier
F2025-000236;2;19/04/2025;CLI0236;S05;213,14;3,36;0;716,15;EUR;C02-Javier
F2025-000236;3;19/04/2025;CLI0236;S06;1125,67;1,18;0;1328,29;EUR;C05-Rocío
F2025-000236;4;19/04/2025;CLI0236;S13;1,00;701,50;5;666,42;EUR;C04-Andrés
F2025-000237;1;06/07/2025;CLI0239;S15;2,00;86,75;0;173,50;EUR;C01-Marta
F2025-000237;2;06/07/2025;CLI0239;S14;4,00;209,85;0;839,40;EUR;C01-Marta
F2025-000237;3;06/07/2025;CLI0239;S10;824,54;8,47;0;6983,85;EUR;C01-Marta
F2025-000238;1;19/08/2025;CLI0203;S10;325,08;8,48;0;2756,68;EUR;C05-Rocío
F2025-000238;2;19/08/2025;CLI0203;S10;2080,58;8,32;5;16444,90;EUR;C03-Lucía
F2025-000239;1;01/09/2025;CLI0089;S14;7,00;220,49;0;1543,43;EUR;C01-Marta
F2025-000240;1;02/08/2025;CLI0186;S05;435,40;3,32;0;1445,53;EUR;C01-Marta
F2025-000241;1;27/02/2025;CLI0026;S10;57,52;8,89;0;511,35;EUR;C03-Lucía
F2025-000242;1;18/07/2025;CLI0194;S02;53,39;6,51;0;347,57;EUR;C05-Rocío
F2025-000242;2;18/07/2025;CLI0194;S11;53,23;28,66;10;1372,96;USD;C05-Rocío
F2025-000243;1;09/06/2025;CLI0299;S07;930,06;1,67;0;1553,20;EUR;C05-Rocío
F2025-000244;1;25/04/2025;CLI0290;S10;421,87;8,55;10;3246,29;EUR;C05-Rocío
F2025-000245;1;03/06/2025;CLI0203;S10;128,24;8,98;0;1151,60;EUR;C03-Lucía
F2025-000246;1;18/07/2025;CLI0373;S02;299,23;6,41;5;1822,16;EUR;C04-Andrés
F2025-000246;2;18/07/2025;CLI0373;S01;142,00;100,72;0;14302,24;EUR;C03-Lucía
F2025-000247;1;15/06/2025;CLI0158;S09;180,22;43,08;0;7763,88;EUR;C05-Rocío
F2025-000248;1;28/01/2025;CLI0040;S13;1,00;638,73;5;606,79;EUR;C03-Lucía
F2025-000248;2;28/01/2025;CLI0040;S07;206,20;1,63;0;336,11;EUR;C02-Javier
F2025-000248;3;28/01/2025;CLI0040;S07;721,36;1,69;0;1219,10;EUR;C05-Rocío
F2025-000248;4;28/01/2025;CLI0040;S07;637,70;1,60;0;1020,32;EUR;C02-Javier
F2025-000249;1;05/05/2025;CLI0070;S09;71,29;42,80;0;3051,21;EUR;C05-Rocío
F2025-000249;2;05/05/2025;CLI0070;S09;387,26;44,52;0;17240,82;EUR;C01-Marta
F2025-000250;1;25/12/2025;CLI0136;S14;16,00;218,33;0;3493,28;EUR;C03-Lucía
F2025-000250;2;25/12/2025;CLI0136;S01;34,96;93,89;0;3282,39;EUR;C02-Javier
F2025-000251;1;03/09/2025;CLI0196;S07;907,08;1,65;0;1496,68;EUR;C05-Rocío
F2025-000251;2;03/09/2025;CLI0196;S13;1,00;658,86;5;625,92;EUR;C03-Lucía
F2025-000251;3;03/09/2025;CLI0196;S14;3,00;218,28;0;654,84;EUR;C04-Andrés
F2025-000251;4;03/09/2025;CLI0196;S08;12811,98;2,49;0;31901,83;EUR;C04-Andrés
F2025-000252;1;01/04/2025;CLI0159;S15;2,00;83,78;10;150,80;EUR;C03-Lucía
F2025-000252;2;01/04/2025;CLI0159;S04;80,83;13,92;5;1068,90;EUR;C01-Marta
F2025-000253;1;15/02/2025;CLI0008;S11;40,30;26,75;15;916,32;EUR;C04-Andrés
F2025-000254;1;21/09/2025;CLI0292;S06;3478,29;1,11;5;3667,86;EUR;C04-Andrés
F2025-000254;2;21/09/2025;CLI0292;S15;4,00;88,59;5;336,64;EUR;C01-Marta
F2025-000254;3;21/09/2025;CLI0292;S05;152,63;3,16;0;482,31;EUR;C01-Marta
F2025-000255;1;14/05/2025;CLI0317;S10;527,42;8,90;15;3989,93;EUR;C05-Rocío
F2025-000255;2;14/05/2025;CLI0317;S10;55,66;8,56;10;428,80;EUR;C05-Rocío
F2025-000255;3;14/05/2025;CLI0317;S10;1170,08;8,56;0;10015,88;EUR;C02-Javier
F2025-000255;4;14/05/2025;CLI0317;S10;197,16;9,00;0;1774,44;EUR;C02-Javier
F2025-000256;1;11/12/2025;CLI0186;S06;930,26;1,19;0;1107,01;EUR;C04-Andrés
F2025-000256;2;11/12/2025;CLI0186;S05;155,09;3,34;0;518,00;EUR;C04-Andrés
F2025-000256;3;11/12/2025;CLI0186;S15;4,00;87,76;0;351,04;EUR;C05-Rocío
F2025-000256;4;11/12/2025;CLI0186;S06;502,63;1,16;0;583,05;EUR;C02-Javier
F2025-000257;1;11/03/2025;CLI0207;S10;316,47;9,07;0;2870,38;EUR;C04-Andrés
F2025-000257;2;11/03/2025;CLI0207;S13;1,00;678,99;5;645,04;EUR;C02-Javier
F2025-000257;3;11/03/2025;CLI0207;S15;3,00;85,13;0;255,39;EUR;C02-Javier
F2025-000258;1;27/07/2025;CLI0219;S15;1,00;91,77;0;91,77;EUR;C03-Lucía
F2025-000259;1;08/08/2025;CLI0101;S10;139,69;8,57;15;1017,57;EUR;C01-Marta
F2025-000259;2;08/08/2025;CLI0101;S10;77,30;8,53;15;560,46;EUR;C05-Rocío
F2025-000259;3;08/08/2025;CLI0101;S10;1215,34;9,11;0;11071,75;EUR;C03-Lucía
F2025-000259;4;08/08/2025;CLI0101;S10;92,33;8,45;0;780,19;EUR;C04-Andrés
F2025-000260;1;15/11/2025;CLI0381;S02;328,04;6,95;0;2279,88;EUR;C05-Rocío
F2025-000260;2;15/11/2025;CLI0381;S11;36,53;24,99;0;912,88;EUR;C01-Marta
F2025-000261;1;09/11/2025;CLI0029;S08;1590,42;2,39;0;3801,10;EUR;C02-Javier
F2025-000261;2;09/11/2025;CLI0029;S07;218,14;1,66;5;344,01;EUR;C04-Andrés
F2025-000261;3;09/11/2025;CLI0029;S08;583,76;2,46;10;1292,44;EUR;C02-Javier
F2025-000261;4;09/11/2025;CLI0029;S15;3,00;87,19;15;222,33;EUR;C01-Marta
F2025-000262;1;13/12/2025;CLI0135;S10;173,27;8,57;5;1410,68;EUR;C02-Javier
F2025-000263;1;04/11/2025;CLI0095;S09;256,61;44,83;0;11503,83;EUR;C04-Andrés
F2025-000263;2;04/11/2025;CLI0095;S09;224,63;44,77;0;10056,69;EUR;C01-Marta
F2025-000263;3;04/11/2025;CLI0095;S09;207,51;42,28;10;7896,17;EUR;C05-Rocío
F2025-000263;4;04/11/2025;CLI0095;S09;61,86;43,32;10;2411,80;EUR;C05-Rocío
F2025-000264;1;18/05/2025;CLI0356;S10;522,81;8,89;0;4647,78;EUR;C05-Rocío
F2025-000265;1;25/02/2025;CLI0078;S10;118,28;8,76;0;1036,13;EUR;C05-Rocío
F2025-000265;2;25/02/2025;CLI0078;S10;1751,96;8,92;0;15627,48;EUR;C04-Andrés
F2025-000265;3;25/02/2025;CLI0078;S10;74,65;8,97;5;636,13;EUR;C05-Rocío
F2025-000265;4;25/02/2025;CLI0078;S10;815,32;8,48;0;6913,91;EUR;C02-Javier
F2025-000266;1;27/11/2025;CLI0320;S07;102,94;1,67;0;171,91;EUR;C01-Marta
F2025-000266;2;27/11/2025;CLI0320;S07;149,84;1,69;0;253,23;EUR;C03-Lucía
F2025-000266;3;27/11/2025;CLI0320;S07;481,18;1,67;5;763,39;EUR;C05-Rocío
F2025-000266;4;27/11/2025;CLI0320;S07;109,31;1,67;0;182,55;EUR;C04-Andrés
F2025-000267;1;17/02/2025;CLI0368;S10;1222,26;8,52;0;10413,66;EUR;C05-Rocío
F2025-000267;2;17/02/2025;CLI0368;S15;3,00;83,97;0;251,91;EUR;C04-Andrés
F2025-000267;3;17/02/2025;CLI0368;S10;61,71;8,48;0;523,30;EUR;C02-Javier
F2025-000267;4;17/02/2025;CLI0368;S10;990,27;8,90;0;8813,40;EUR;C05-Rocío
F2025-000268;1;02/12/2025;CLI0095;S09;125,83;45,40;15;4855,78;EUR;C03-Lucía
F2025-000269;1;18/11/2025;CLI0338;S09;158,17;41,94;5;6301,97;EUR;C04-Andrés
F2025-000270;1;17/06/2025;CLI0051;S05;303,63;3,42;0;1038,41;EUR;C05-Rocío
F2025-000270;2;17/06/2025;CLI0051;S06;2221,02;1,12;15;2114,41;EUR;C02-Javier
F2025-000270;3;17/06/2025;CLI0051;S13;1,00;689,11;10;620,20;EUR;C04-Andrés
F2025-000271;1;20/10/2025;CLI0207;S10;220,14;8,95;5;1871,74;EUR;C05-Rocío
F2025-000271;2;20/10/2025;CLI0207;S10;208,17;8,62;0;1794,43;EUR;C01-Marta
F2025-000271;3;20/10/2025;CLI0207;S10;219,96;9,19;5;1920,36;EUR;C03-Lucía
F2025-000271;4;20/10/2025;CLI0207;S15;1,00;91,88;5;87,29;EUR;C05-Rocío
F2025-000272;1;26/10/2025;CLI0271;S06;2072,54;1,17;5;2303,63;EUR;C05-Rocío
F2025-000273;1;10/07/2025;CLI0236;S06;508,61;1,11;0;564,56;EUR;C04-Andrés
F2025-000273;2;10/07/2025;CLI0236;S06;458,32;1,13;0;517,90;EUR;C01-Marta
F2025-000273;3;10/07/2025;CLI0236;S06;3135,30;1,16;0;3636,95;EUR;C03-Lucía
F2025-000273;4;10/07/2025;CLI0236;S14;10,00;225,36;0;2253,60;EUR;C05-Rocío
F2025-000274;1;07/04/2025;CLI0377;S02;848,24;6,83;15;4924,46;EUR;C02-Javier
F2025-000274;2;07/04/2025;CLI0377;S02;425,78;6,39;5;2584,70;EUR;C01-Marta
F2025-000274;3;07/04/2025;CLI0377;S14;6,00;213,56;0;1281,36;EUR;C01-Marta
F2025-000274;4;07/04/2025;CLI0377;S11;109,25;26,42;10;2597,75;EUR;C03-Lucía
F2025-000275;1;25/09/2025;CLI0271;S06;4647,12;1,11;5;4900,39;EUR;C02-Javier
F2025-000275;2;25/09/2025;CLI0271;S05;501,88;3,40;5;1621,07;EUR;C03-Lucía
F2025-000275;3;25/09/2025;CLI0271;S05;977,61;3,16;0;3089,25;EUR;C02-Javier
F2025-000275;4;25/09/2025;CLI0271;S05;848,35;3,22;0;2731,69;EUR;C03-Lucía
F2025-000276;1;14/05/2025;CLI0383;S13;1,00;679,76;0;679,76;EUR;C04-Andrés
F2025-000276;2;14/05/2025;CLI0383;S13;1,00;639,73;5;607,74;EUR;C04-Andrés
F2025-000276;3;14/05/2025;CLI0383;S14;13,00;226,04;5;2791,59;EUR;C04-Andrés
F2025-000276;4;14/05/2025;CLI0383;S09;241,22;45,26;5;10371,74;EUR;C04-Andrés
F2025-000277;1;21/01/2025;CLI0095;S14;13,00;206,76;0;2687,88;EUR;C02-Javier
F2025-000277;2;21/01/2025;CLI0095;S09;116,03;44,13;0;5120,40;EUR;C02-Javier
F2025-000277;3;21/01/2025;CLI0095;S09;129,45;42,02;0;5439,49;EUR;C05-Rocío
F2025-000277;4;21/01/2025;CLI0095;S09;225,41;42,20;0;9512,30;EUR;C03-Lucía
F2025-000278;1;19/10/2025;CLI0095;S15;1,00;91,19;10;82,07;EUR;C05-Rocío
F2025-000279;1;12/07/2025;CLI0083;S01;44,21;96,43;0;4263,17;EUR;C04-Andrés
F2025-000279;2;12/07/2025;CLI0083;S15;4,00;86,25;0;345,00;EUR;C04-Andrés
F2025-000279;3;12/07/2025;CLI0083;S01;199,54;96,43;0;19241,64;EUR;C05-Rocío
F2025-000279;4;12/07/2025;CLI0083;S14;6,00;225,03;0;1350,18;EUR;C01-Marta
F2025-000280;1;14/11/2025;CLI0212;S15;3,00;89,78;0;269,34;EUR;C03-Lucía
F2025-000281;1;21/03/2025;CLI0370;S05;197,46;3,33;15;558,91;EUR;C04-Andrés
F2025-000281;2;21/03/2025;CLI0370;S05;294,91;3,37;0;993,85;EUR;C03-Lucía
F2025-000282;1;24/02/2025;CLI0153;S04;410,25;14,38;0;5899,40;EUR;C01-Marta
F2025-000283;1;12/05/2025;CLI0184;S01;41,85;96,00;5;3816,72;EUR;C03-Lucía
F2025-000283;2;12/05/2025;CLI0184;S14;11,00;219,91;0;2419,01;EUR;C05-Rocío
F2025-000284;1;28/04/2025;CLI0309;S03;39,93;45,02;0;1797,66;USD;C04-Andrés
F2025-000284;2;28/04/2025;CLI0309;S12;4,00;148,13;5;562,88;USD;C03-Lucía
F2025-000284;3;28/04/2025;CLI0309;S12;4,00;143,78;0;575,13;USD;C01-Marta
F2025-000284;4;28/04/2025;CLI0309;S04;346,02;16,61;0;5748,81;USD;C01-Marta
F2025-000285;1;16/09/2025;CLI0094;S15;3,00;88,27;0;264,81;EUR;C05-Rocío
F2025-000285;2;16/09/2025;CLI0094;S08;812,18;2,42;0;1965,48;EUR;C03-Lucía
F2025-000286;1;22/11/2025;CLI0068;S13;1,00;672,26;0;672,26;EUR;C02-Javier
F2025-000286;2;22/11/2025;CLI0068;S15;3,00;87,92;0;263,76;EUR;C02-Javier
F2025-000286;3;22/11/2025;CLI0068;S06;1077,59;1,08;5;1105,61;EUR;C05-Rocío
F2025-000287;1;19/03/2025;CLI0154;S10;57,55;8,96;0;515,65;EUR;C05-Rocío
F2025-000287;2;19/03/2025;CLI0154;S15;3,00;90,21;0;270,63;EUR;C03-Lucía
F2025-000287;3;19/03/2025;cli0154;S10;209,66;8,61;0;1805,17;EUR;C02-Javier
F2025-000287;4;19/03/2025;CLI0154;S10;1581,95;9,16;0;14490,66;EUR;C04-Andrés
F2025-000288;1;20/06/2025;CLI0373;S01;51,65;99,04;0;5115,42;EUR;C01-Marta
F2025-000288;2;20/06/2025;CLI0373;S11;30,22;26,17;0;790,86;EUR;C01-Marta
F2025-000288;3;20/06/2025;CLI0373;S13;1,00;640,11;5;608,10;EUR;C01-Marta
F2025-000288;4;20/06/2025;CLI0373;S01;125,41;100,35;0;12584,89;EUR;C02-Javier
F2025-000289;1;24/08/2025;CLI0114;S09;244,34;42,58;0;10404,00;EUR;C01-Marta
F2025-000289;2;24/08/2025;CLI0114;S09;75,50;43,03;0;3248,76;EUR;C05-Rocío
F2025-000289;3;24/08/2025;CLI0114;S09;116,79;44,77;0;5228,69;EUR;C01-Marta
F2025-000289;4;24/08/2025;CLI0114;S09;174,34;43,27;0;7543,69;EUR;C02-Javier
F2025-000290;1;06/08/2025;CLI0207;S15;1,00;89,33;0;89,33;EUR;C02-Javier
F2025-000290;2;06/08/2025;CLI0207;S10;315,98;8,33;0;2632,11;EUR;C01-Marta
F2025-000291;1;09/02/2025;CLI0359;S05;1861,42;3,20;5;5658,72;EUR;C01-Marta
F2025-000291;2;09/02/2025;CLI0359;S15;1,00;86,93;0;86,93;EUR;C04-Andrés
F2025-000291;3;09/02/2025;CLI0359;S05;540,81;3,22;0;1741,41;EUR;C02-Javier
F2025-000292;1;08/04/2025;CLI0143;S13;1,00;675,48;10;607,93;EUR;C01-Marta
F2025-000292;2;08/04/2025;CLI0143;S10;1014,56;8,80;10;8035,32;EUR;C01-Marta
F2025-000292;3;08/04/2025;CLI0143;S10;108,06;8,63;0;932,56;EUR;C04-Andrés
F2025-000293;1;15/06/2025;CLI0249;S11;9,49;25,06;0;237,82;EUR;C04-Andrés
F2025-000293;2;15/06/2025;CLI0249;S11;69,41;24,77;0;1719,29;EUR;C02-Javier
F2025-000293;3;15/06/2025;CLI0249;S02;579,45;6,93;0;4015,59;EUR;C05-Rocío
F2025-000293;4;15/06/2025;CLI0249;S01;120,58;102,45;5;11735,75;EUR;C01-Marta
F2025-000294;1;2025-04-09;CLI0312;S13;1,00;637,35;0;637,35;EUR;C04-Andrés
F2025-000294;2;09/04/2025;CLI0312;S15;1,00;86,56;0;86,56;EUR;C01-Marta
F2025-000295;1;04/12/2025;CLI0095;S09;94,28;43,35;0;4087,04;EUR;C05-Rocío
F2025-000295;2;04/12/2025;CLI0095;S14;12,00;213,52;0;2562,24;EUR;C02-Javier
F2025-000295;3;04/12/2025;CLI0095;S09;226,60;41,83;10;8530,81;EUR;C02-Javier
F2025-000295;4;04/12/2025;CLI0095;S09;97,54;45,31;0;4419,54;EUR;C02-Javier
F2025-000296;1;06/12/2025;CLI0092;S05;300,96;3,42;10;926,35;EUR;C03-Lucía
F2025-000297;1;25/03/2025;CLI0332;S03;37,27;39,60;0;1475,89;EUR;C03-Lucía
F2025-000297;2;25/03/2025;CLI0332;S03;33,17;37,85;5;1192,71;EUR;C04-Andrés
F2025-000298;1;27/03/2025;CLI0094;S13;1,00;644,48;0;644,48;EUR;C03-Lucía
F2025-000299;1;03/07/2025;CLI0370;S14;7,00;214,00;0;1498,00;EUR;C03-Lucía
F2025-000299;2;03/07/2025;CLI0370;S15;2,00;83,81;5;159,24;EUR;C01-Marta
F2025-000300;1;13/04/2025;CLI0044;S13;1,00;684,34;0;684,34;EUR;C02-Javier
F2025-000300;2;13/04/2025;CLI0044;S07;178,33;1,62;0;288,89;EUR;C02-Javier
F2025-000300;3;13/04/2025;CLI0044;S08;1539,64;2,54;0;3910,69;EUR;C05-Rocío
F2025-000300;4;13/04/2025;CLI0044;S08;4620,23;2,54;0;11735,38;EUR;C03-Lucía
F2025-000301;1;08/03/2025;CLI0212;S04;1186,17;14,27;5;16080,31;EUR;C04-Andrés
F2025-000301;2;08/03/2025;CLI0212;S03;77,33;38,27;0;2959,42;EUR;C02-Javier
F2025-000301;3;08/03/2025;CLI0212;S03;49,34;40,02;5;1875,86;EUR;C01-Marta
F2025-000301;4;08/03/2025;CLI0212;S12;2,00;123,34;0;246,68;EUR;C03-Lucía
F2025-000302;1;23/10/2025;CLI0070;S09;158,79;41,28;0;6554,85;EUR;C05-Rocío
F2025-000303;1;09/01/2025;CLI0207;S10;160,53;8,33;0;1337,21;EUR;C02-Javier
F2025-000303;2;09/01/2025;CLI0207;S10;1127,41;9,16;0;10327,08;EUR;C03-Lucía
F2025-000304;1;22/12/2025;CLI0078;S13;1,00;643,57;0;643,57;EUR;C04-Andrés
F2025-000304;2;22/12/2025;CLI0078;S10;223,35;8,99;0;2007,92;EUR;C01-Marta
F2025-000305;1;18/02/2025;CLI0008;S11;41,26;25,48;0;1051,30;EUR;C02-Javier
F2025-000305;2;18/02/2025;CLI0008;S01;58,11;99,68;0;5792,40;EUR;C03-Lucía
F2025-000305;3;18/02/2025;CLI0008;S13;1,00;696,00;0;696,00;EUR;C02-Javier
F2025-000306;1;21/10/2025;CLI0058;S08;2045,11;2,42;0;4949,17;EUR;C02-Javier
F2025-000306;2;21/10/2025;CLI0058;S07;243,33;1,62;0;394,19;EUR;C04-Andrés
F2025-000307;1;28/09/2025;CLI0218;S10;71,42;8,56;0;611,36;EUR;C04-Andrés
F2025-000307;2;28/09/2025;CLI0218;S10;362,29;8,87;0;3213,51;EUR;C05-Rocío
F2025-000307;3;28/09/2025;CLI0218;S10;57,27;8,70;0;498,25;EUR;C05-Rocío
F2025-000308;1;24/12/2025;CLI0154;S10;69,10;8,90;5;584,24;EUR;C03-Lucía
F2025-000308;2;24/12/2025;CLI0154;S10;360,15;8,86;0;3190,93;EUR;C03-Lucía
F2025-000308;3;24/12/2025;CLI0154;S10;402,91;8,44;0;3400,56;EUR;C05-Rocío
F2025-000308;4;24/12/2025;CLI0154;S10;200,63;8,76;0;1757,52;EUR;C01-Marta
F2025-000309;1;01/02/2025;CLI0067;S10;1789,52;8,62;0;15425,66;EUR;C03-Lucía
F2025-000309;2;01/02/2025;CLI0067;S10;792,28;8,83;5;6646,04;EUR;C03-Lucía
F2025-000310;1;12/01/2025;CLI0051;S06;2836,09;1,16;0;3289,86;EUR;C05-Rocío
F2025-000311;1;22/06/2025;CLI0310;S03;86,07;39,53;0;3402,35;EUR;C05-Rocío
F2025-000312;1;25/03/2025;CLI0378;S15;2,00;87,48;0;174,96;EUR;C01-Marta
F2025-000312;2;25/03/2025;CLI0378;S03;48,40;40,48;0;1959,23;EUR;C03-Lucía
F2025-000312;3;25/03/2025;CLI0378;S15;2,00;91,53;0;183,06;EUR;C05-Rocío
F2025-000312;4;25/03/2025;CLI0378;S12;1,00;119,80;5;113,81;EUR;C03-Lucía
F2025-000313;1;25/05/2025;CLI0207;S14;7,00;208,86;5;1388,92;EUR;C03-Lucía
F2025-000313;2;25/05/2025;CLI0207;S10;290,94;8,70;0;2531,18;EUR;C02-Javier
F2025-000313;3;25/05/2025;CLI0207;S10;12064,10;8,50;0;102544,85;EUR;C03-Lucía
F2025-000314;1;19/03/2025;CLI0094;S08;542,39;2,42;0;1312,58;EUR;C01-Marta
F2025-000314;2;19/03/2025;CLI0094;S07;921,46;1,63;0;1501,98;EUR;C05-Rocío
F2025-000314;3;19/03/2025;CLI0094;S07;79,48;1,73;0;137,50;EUR;C01-Marta
F2025-000314;4;19/03/2025;CLI0094;S07;399,44;1,58;0;631,12;EUR;C04-Andrés
F2025-000315;1;18/11/2025;CLI0073;S05;811,07;3,65;0;2964,04;USD;C05-Rocío
F2025-000315;2;18/11/2025;CLI0073;S05;260,05;3,57;5;880,94;USD;C03-Lucía
F2025-000315;3;18/11/2025;CLI0073;S05;164,21;3,34;0;548,46;EUR;C04-Andrés
F2025-000316;1;23/01/2025;CLI0095;S09;71,25;44,84;10;2875,37;EUR;C05-Rocío
F2025-000316;2;23/01/2025;CLI0095;S09;81,34;42,35;15;2928,04;EUR;C04-Andrés
F2025-000316;3;23/01/2025;CLI0095;S13;1,00;644,01;5;611,81;EUR;C03-Lucía
F2025-000317;1;07/01/2025;CLI0194;S14;4,00;254,00;10;914,39;USD;C02-Javier
F2025-000317;2;07/01/2025;cli0194;S13;1,00;817,79;0;817,79;USD;C02-Javier
F2025-000317;3;07/01/2025;CLI0194;S02;173,75;8,04;10;1257,48;USD;C02-Javier
F2025-000317;4;07/01/2025;CLI0194;S01;40,62;119,45;15;4124,08;USD;C04-Andrés
F2025-000318;1;18/07/2025;CLI0051;S05;827,85;3,44;5;2705,41;EUR;C03-Lucía
F2025-000318;2;18/07/2025;CLI0051;S13;1,00;658,79;5;625,85;EUR;C02-Javier
F2025-000319;1;07/09/2025;CLI0251;S05;4446,20;3,42;0;15206,00;EUR;C02-Javier
F2025-000319;2;07/09/2025;CLI0251;S14;2,00;217,98;0;435,96;EUR;C03-Lucía
F2025-000320;1;02/06/2025;CLI0188;S15;1,00;87,36;0;87,36;EUR;C04-Andrés
F2025-000321;1;07/06/2025;CLI0225;S05;31,56;3,25;0;102,57;EUR;C01-Marta
F2025-000321;2;07/06/2025;CLI0225;S06;1470,27;1,17;0;1720,22;EUR;C01-Marta
F2025-000321;3;07/06/2025;CLI0225;S05;2024,57;3,23;10;5885,42;EUR;C05-Rocío
F2025-000322;1;04/07/2025;CLI0291;S10;578,64;8,66;15;4259,37;EUR;C02-Javier
F2025-000322;2;04/07/2025;CLI0291;S10;1272,11;8,97;10;10269,74;EUR;C04-Andrés
F2025-000322;3;04/07/2025;CLI0291;S10;446,09;8,72;15;3306,42;EUR;C03-Lucía
F2025-000322;4;04/07/2025;CLI0291;S10;177,26;8,66;0;1535,07;EUR;C05-Rocío
F2025-000323;1;02/06/2025;CLI0103;S08;1034,34;2,35;0;2430,70;EUR;C03-Lucía
F2025-000323;2;02/06/2025;CLI0103;S08;709,16;2,37;0;1680,71;EUR;C01-Marta
F2025-000323;3;02/06/2025;CLI0103;S15;4,00;84,52;5;321,18;EUR;C01-Marta
F2025-000323;4;02/06/2025;CLI0103;S07;2026,87;1,59;0;3222,72;EUR;C02-Javier
F2025-000324;1;05/01/2025;CLI0158;S09;153,66;41,40;15;5407,30;EUR;C04-Andrés
F2025-000325;1;01/07/2025;CLI0031;S01;146,86;95,74;0;14060,38;EUR;C04-Andrés
F2025-000325;2;01/07/2025;CLI0031;S11;30,19;26,90;0;812,11;EUR;C01-Marta
F2025-000325;3;01/07/2025;CLI0031;S15;3,00;88,22;5;251,43;EUR;C03-Lucía
F2025-000326;1;20/08/2025;CLI0095;S09;54,32;44,92;0;2440,05;EUR;C05-Rocío
F2025-000326;2;20/08/2025;CLI0095;S09;248,85;44,03;15;9313,34;EUR;C04-Andrés
F2025-000326;3;20/08/2025;CLI0095;S09;68,61;42,88;0;2942,00;EUR;C05-Rocío
F2025-000326;4;20/08/2025;CLI0095;S09;87,61;43,92;0;3847,83;EUR;C03-Lucía
F2025-000327;1;24/06/2025;CLI0094;S14;13,00;205,76;0;2674,88;EUR;C02-Javier
F2025-000327;2;24/06/2025;CLI0094;S07;230,33;1,61;0;370,83;EUR;C05-Rocío
F2025-000327;3;24/06/2025;CLI0094;S08;387,47;2,45;0;949,30;EUR;C04-Andrés
F2025-000328;1;23/04/2025;CLI0298;S11;34,46;25,09;0;864,60;EUR;C01-Marta
F2025-000328;2;23/04/2025;CLI0298;S11;66,63;26,75;0;1782,35;EUR;C05-Rocío
F2025-000329;1;13/11/2025;CLI0113;S09;58,59;41,16;0;2411,56;EUR;C04-Andrés
F2025-000329;2;13/11/2025;CLI0113;S09;60,23;42,45;0;2556,76;EUR;C05-Rocío
F2025-000329;3;13/11/2025;CLI0113;S09;183,40;44,04;5;7673,09;EUR;C05-Rocío
F2025-000330;1;26/05/2025;CLI0095;S09;80,91;45,32;0;3666,84;EUR;C05-Rocío
F2025-000331;1;27/05/2025;CLI0347;S07;95,91;1,70;0;163,05;EUR;C04-Andrés
F2025-000331;2;27/05/2025;CLI0347;S07;1419,12;1,67;0;2369,93;EUR;C01-Marta
F2025-000331;3;27/05/2025;CLI0347;S14;10,00;221,91;0;2219,10;EUR;C02-Javier
F2025-000331;4;27/05/2025;CLI0347;S07;971,23;1,71;0;1660,80;EUR;C01-Marta
F2025-000332;1;23/01/2025;CLI0094;S14;16,00;205,66;0;3290,56;EUR;C01-Marta
F2025-000332;2;23/01/2025;CLI0094;S07;320,40;1,73;0;554,29;EUR;C01-Marta
F2025-000332;3;23/01/2025;CLI0094;S07;264,90;1,62;0;429,14;EUR;C01-Marta
F2025-000333;1;11/10/2025;CLI0211;S05;374,28;3,32;0;1242,61;EUR;C05-Rocío
F2025-000334;1;10/04/2025;CLI0366;S06;1154,64;1,17;5;1283,38;EUR;C01-Marta
F2025-000334;2;10/04/2025;CLI0366;S13;1,00;670,42;0;670,42;EUR;C01-Marta
F2025-000334;3;10/04/2025;CLI0366;S05;456,56;3,30;0;1506,65;EUR;C05-Rocío
F2025-000334;4;10/04/2025;CLI0366;S05;160,80;3,18;0;511,34;EUR;C04-Andrés
F2025-000335;1;20/02/2025;CLI0296;S15;1,00;84,02;0;84,02;EUR;C03-Lucía
F2025-000335;2;20/02/2025;CLI0296;S05;433,46;3,18;0;1378,40;EUR;C04-Andrés
F2025-000336;1;09/02/2025;CLI0071;S11;45,16;25,10;0;1133,52;EUR;C05-Rocío
F2025-000336;2;09/02/2025;CLI0071;S11;24,72;24,60;5;577,71;EUR;C02-Javier
F2025-000337;1;04/11/2025;CLI0072;S06;3045,90;1,12;5;3240,84;EUR;C01-Marta
F2025-000337;2;04/11/2025;CLI0072;S13;1,00;646,08;0;646,08;EUR;C04-Andrés
F2025-000338;1;07/06/2025;CLI0017;S05;467,85;3,13;0;1464,37;EUR;C04-Andrés
F2025-000338;2;07/06/2025;CLI0017;S15;3,00;85,93;5;244,90;EUR;C01-Marta
F2025-000338;3;07/06/2025;CLI0017;S06;1270,01;1,10;0;1397,01;EUR;C04-Andrés
F2025-000339;1;14/08/2025;CLI0034;S09;354,94;43,53;10;13905,48;EUR;C03-Lucía
F2025-000339;2;14/08/2025;CLI0034;S09;75,79;43,48;15;2801,05;EUR;C02-Javier
F2025-000340;1;25/11/2025;CLI0026;S14;3,00;220,97;0;662,91;EUR;C05-Rocío
F2025-000340;2;25/11/2025;CLI0026;S13;1,00;663,46;5;630,29;EUR;C01-Marta
F2025-000341;1;19/03/2025;CLI0251;S05;559,87;3,30;0;1847,57;EUR;C04-Andrés
F2025-000342;1;15/10/2025;CLI0095;S15;1,00;90,80;15;77,18;EUR;C05-Rocío
F2025-000343;1;06/03/2025;CLI0054;S08;350,98;2,44;0;856,39;EUR;C01-Marta
F2025-000344;1;15/10/2025;CLI0201;S02;670,04;6,52;0;4368,66;EUR;C01-Marta
F2025-000344;2;15/10/2025;CLI0201;S11;25,73;26,00;15;568,63;EUR;C03-Lucía
F2025-000344;3;15/10/2025;CLI0201;S11;86,94;25,03;10;1958,50;EUR;C04-Andrés
F2025-000344;4;15/10/2025;CLI0201;S15;4,00;86,81;0;347,24;EUR;C01-Marta
F2025-000345;1;19/12/2025;CLI0223;S05;315,32;3,68;5;1101,72;USD;C05-Rocío
F2025-000345;2;19/12/2025;CLI0223;S06;2296,90;1,24;5;2707,32;USD;C05-Rocío
F2025-000345;3;19/12/2025;CLI0223;S15;1,00;87,74;0;87,74;EUR;C01-Marta
F2025-000345;4;19/12/2025;CLI0223;S06;634,12;1,14;0;722,90;EUR;C05-Rocío
F2025-000346;1;22/09/2025;CLI0322;S06;835,98;1,12;0;936,30;EUR;C03-Lucía
F2025-000346;2;22/09/2025;CLI0322;S05;724,89;3,27;0;2370,39;EUR;C04-Andrés
F2025-000347;1;02/08/2025;CLI0377;S15;3,00;91,68;5;261,29;EUR;C02-Javier
F2025-000348;1;15/06/2025;CLI0048;S10;90,39;8,74;5;750,51;EUR;C01-Marta
F2025-000348;2;15/06/2025;CLI0048;S10;368,83;8,90;0;3282,59;EUR;C04-Andrés
F2025-000349;1;03/06/2025;CLI0126;S14;14,00;225,06;0;3150,84;EUR;C02-Javier
F2025-000349;2;03/06/2025;CLI0126;S13;1,00;702,83;0;702,83;EUR;C02-Javier
F2025-000349;3;03/06/2025;CLI0126;S10;351,45;8,33;5;2781,20;EUR;C02-Javier
F2025-000349;4;03/06/2025;CLI0126;S10;43,95;9,14;0;401,70;EUR;C02-Javier
F2025-000350;1;15/11/2025;CLI0160;S08;3795,38;2,55;0;9678,22;EUR;C01-Marta
F2025-000350;2;15/11/2025;cli0160;S13;1,00;691,28;0;691,28;EUR;C01-Marta
F2025-000350;3;15/11/2025;CLI0160;S07;55,84;1,63;0;91,02;EUR;C02-Javier
F2025-000350;4;15/11/2025;CLI0160;S07;845,66;1,66;5;1333,61;EUR;C05-Rocío
F2025-000351;1;18/07/2025;CLI0158;S09;144,76;41,94;5;5767,67;EUR;C01-Marta
F2025-000351;2;18/07/2025;CLI0158;S09;175,83;42,99;15;6425,09;EUR;C02-Javier
F2025-000352;1;05/02/2025;cli0212;S13;1,00;654,94;0;654,94;EUR;C02-Javier
F2025-000352;2;05/02/2025;CLI0212;S12;3,00;128,50;0;385,50;EUR;C02-Javier
F2025-000353;1;01/02/2025;CLI0095;S09;75,36;42,34;15;2712,13;EUR;C01-Marta
F2025-000353;2;01/02/2025;CLI0095;S13;1,00;696,54;0;696,54;EUR;C05-Rocío
F2025-000353;3;01/02/2025;CLI0095;S14;8,00;224,39;10;1615,61;EUR;C04-Andrés
F2025-000354;1;04/02/2025;CLI0201;S01;27,81;99,14;5;;EUR;C04-Andrés
F2025-000354;2;04/02/2025;CLI0201;S11;12,88;25,97;0;334,49;EUR;C03-Lucía
F2025-000354;3;04/02/2025;CLI0201;S11;21,57;26,85;0;579,15;EUR;C01-Marta
F2025-000354;4;04/02/2025;CLI0201;S01;91,05;96,25;0;8763,56;EUR;C04-Andrés
F2025-000355;1;22/05/2025;CLI0120;S02;803,50;6,58;0;5287,03;EUR;C01-Marta
F2025-000355;2;22/05/2025;CLI0120;S02;1174,93;6,94;0;8154,01;EUR;C04-Andrés
F2025-000355;3;22/05/2025;CLI0120;S01;22,52;95,80;0;2157,42;EUR;C03-Lucía
F2025-000355;4;22/05/2025;CLI0120;S01;54,60;93,52;0;5106,19;EUR;C04-Andrés
F2025-000356;1;01/08/2025;CLI0212;S04;1470,02;14,72;0;21638,69;EUR;C05-Rocío
F2025-000356;2;01/08/2025;cli0212;S12;1,00;126,61;0;126,61;EUR;C02-Javier
F2025-000356;3;01/08/2025;CLI0212;S13;1,00;646,45;0;646,45;EUR;C02-Javier
F2025-000356;4;01/08/2025;CLI0212;S03;108,83;39,57;0;4306,40;EUR;C04-Andrés
F2025-000357;1;14/04/2025;CLI0148;S08;1115,19;2,55;0;2843,73;EUR;C04-Andrés
F2025-000357;2;14/04/2025;CLI0148;S08;2890,80;2,39;0;6909,01;EUR;C05-Rocío
F2025-000358;1;06/10/2025;CLI0169;S09;118,50;43,02;0;5097,87;EUR;C02-Javier
F2025-000358;2;06/10/2025;CLI0169;S15;1,00;86,41;0;86,41;EUR;C01-Marta
F2025-000358;3;06/10/2025;CLI0169;S13;1,00;671,23;0;671,23;EUR;C02-Javier
F2025-000358;4;06/10/2025;CLI0169;S09;53,00;42,65;0;2260,45;EUR;C03-Lucía
F2025-000359;1;20/01/2025;CLI0250;S08;488,10;2,83;5;1313,78;USD;C02-Javier
F2025-000359;2;20/01/2025;CLI0250;S15;3,00;86,65;5;246,95;EUR;C04-Andrés
F2025-000359;3;20/01/2025;CLI0250;S15;2,00;98,33;5;186,83;USD;C03-Lucía
F2025-000360;1;03/03/2025;CLI0175;S10;270,43;8,68;0;2347,33;EUR;C01-Marta
F2025-000361;1;18/11/2025;CLI0370;S05;1848,05;3,25;5;5705,85;EUR;C01-Marta
F2025-000362;1;05/10/2025;CLI0192;S13;1,00;678,04;0;678,04;EUR;C04-Andrés
F2025-000362;2;05/10/2025;CLI0192;S10;667,66;8,46;0;5648,40;EUR;C03-Lucía
F2025-000363;1;09/09/2025;CLI0071;S15;1,00;85,58;0;85,58;EUR;C04-Andrés
F2025-000363;2;09/09/2025;CLI0071;S13;1,00;671,51;0;671,51;EUR;C03-Lucía
F2025-000363;3;09/09/2025;CLI0071;S11;81,01;26,22;5;2017,88;EUR;C02-Javier
F2025-000363;4;09/09/2025;CLI0071;S11;29,47;26,45;0;779,48;EUR;C01-Marta
F2025-000364;1;04/10/2025;CLI0237;S09;229,24;43,02;0;9861,90;EUR;C02-Javier
F2025-000364;2;2025-10-04;CLI0237;S09;42,82;43,58;0;1866,10;EUR;C01-Marta
F2025-000365;1;09/02/2025;CLI0306;S02;2417,92;6,89;5;15826,50;EUR;C01-Marta
F2025-000365;2;09/02/2025;CLI0306;S02;1315,58;6,58;5;8223,69;EUR;C05-Rocío
F2025-000366;1;15/08/2025;CLI0024;S13;1,00;699,88;5;664,89;EUR;C01-Marta
F2025-000366;2;15/08/2025;CLI0024;S05;394,67;3,36;0;1326,09;EUR;C03-Lucía
F2025-000366;3;15/08/2025;CLI0024;S05;560,36;3,25;0;1821,17;EUR;C05-Rocío
F2025-000367;1;25/08/2025;CLI0172;S10;552,52;8,92;0;4928,48;EUR;C01-Marta
F2025-000367;2;25/08/2025;CLI0172;S10;119,51;8,82;0;1054,08;EUR;C01-Marta
F2025-000367;3;2025-08-25;CLI0172;S10;174,38;8,96;0;1562,44;EUR;C05-Rocío
F2025-000367;4;25/08/2025;CLI0172;S10;60,63;9,09;0;551,13;EUR;C04-Andrés
F2025-000368;1;12/04/2025;CLI0094;S08;2069,38;2,43;5;4777,16;EUR;C03-Lucía
F2025-000368;2;12/04/2025;CLI0094;S07;1404,28;1,71;0;2401,32;EUR;C02-Javier
F2025-000368;3;12/04/2025;CLI0094;S14;14,00;215,92;0;3022,88;EUR;C03-Lucía
F2025-000368;4;12/04/2025;CLI0094;S08;934,63;2,46;0;2299,19;EUR;C03-Lucía
F2025-000369;1;19/03/2025;CLI0071;S11;18,98;24,51;0;465,20;EUR;C02-Javier
F2025-000370;1;28/03/2025;CLI0023;S10;718,33;8,53;0;6127,35;EUR;C05-Rocío
F2025-000370;2;28/03/2025;CLI0023;S10;452,60;8,43;0;3815,42;EUR;C05-Rocío
F2025-000371;1;12/07/2025;CLI0138;S09;170,74;42,12;5;6831,99;EUR;C01-Marta
F2025-000371;2;12/07/2025;CLI0138;S09;150,88;43,75;0;6601,00;EUR;C03-Lucía
F2025-000372;1;17/09/2025;CLI0232;S10;404,82;9,09;0;3679,81;EUR;C02-Javier
F2025-000372;2;17/09/2025;CLI0232;S10;195,39;9,16;0;1789,77;EUR;C04-Andrés
F2025-000372;3;17/09/2025;CLI0232;S10;216,17;8,42;0;1820,15;EUR;C04-Andrés
F2025-000373;1;15/09/2025;CLI0312;S08;5642,28;2,43;0;13710,74;EUR;C01-Marta
F2025-000374;1;08/01/2025;CLI0317;S10;303,33;8,54;0;2590,44;EUR;C05-Rocío
F2025-000374;2;08/01/2025;CLI0317;S10;1854,90;8,46;5;14907,83;EUR;C01-Marta
F2025-000374;3;08/01/2025;CLI0317;S10;549,50;8,36;0;4593,82;EUR;C05-Rocío
F2025-000374;4;08/01/2025;CLI0317;S10;184,60;8,49;0;1567,25;EUR;C05-Rocío
F2025-000375;1;24/05/2025;CLI0378;S03;57,97;38,59;0;2237,06;EUR;C05-Rocío
F2025-000375;2;24/05/2025;CLI0378;S12;3,00;122,18;0;366,54;EUR;C01-Marta
F2025-000375;3;24/05/2025;CLI0378;S03;31,61;37,70;0;1191,70;EUR;C02-Javier
F2025-000376;1;05/02/2025;CLI0107;S05;68,56;3,36;0;230,36;EUR;C02-Javier
F2025-000377;1;16/04/2025;CLI0393;S13;1,00;639,29;5;607,33;EUR;C03-Lucía
F2025-000377;2;16/04/2025;CLI0393;S11;222,16;26,33;0;5849,47;EUR;C01-Marta
F2025-000377;3;16/04/2025;CLI0393;S11;5,29;25,98;0;137,43;EUR;C05-Rocío
F2025-000378;1;03/07/2025;CLI0068;S15;4,00;88,13;5;334,89;EUR;C04-Andrés
F2025-000378;2;03/07/2025;CLI0068;S14;16,00;209,93;5;3190,94;EUR;C02-Javier
F2025-000378;3;03/07/2025;CLI0068;S05;341,84;3,16;0;1080,21;EUR;C03-Lucía
F2025-000379;1;08/03/2025;CLI0323;S05;1120,09;3,31;0;3707,50;EUR;C03-Lucía
F2025-000379;2;08/03/2025;CLI0323;S06;1204,00;1,14;0;1372,56;EUR;C02-Javier
F2025-000380;1;17/09/2025;CLI0373;S01;223,63;96,00;5;20395,06;EUR;C03-Lucía
F2025-000381;1;28/09/2025;CLI0103;S08;331,53;2,35;0;779,10;EUR;C03-Lucía
F2025-000381;2;28/09/2025;CLI0103;S08;1880,54;2,52;0;4738,96;EUR;C01-Marta
F2025-000382;1;21/08/2025;CLI0095;S14;11,00;213,90;15;1999,96;EUR;C05-Rocío
F2025-000382;2;21/08/2025;CLI0095;S15;1,00;87,81;0;87,81;EUR;C04-Andrés
F2025-000383;1;25/12/2025;CLI0339;S08;4084,15;2,46;0;10047,01;EUR;C02-Javier
F2025-000384;1;04/03/2025;CLI0331;S14;6,00;261,16;0;1566,99;USD;C04-Andrés
F2025-000385;1;17/01/2025;CLI0016;S02;951,08;6,68;0;6353,21;EUR;C03-Lucía
F2025-000385;2;17/01/2025;CLI0016;S15;3,00;90,02;0;270,06;EUR;C01-Marta
F2025-000386;1;19/03/2025;CLI0207;S14;8,00;211,99;0;1695,92;EUR;C03-Lucía
F2025-000386;2;19/03/2025;CLI0207;S10;197,76;8,65;0;1710,62;EUR;C01-Marta
F2025-000386;3;19/03/2025;CLI0207;S10;215,35;8,75;5;1790,10;EUR;C04-Andrés
F2025-000387;1;10/08/2025;CLI0237;S09;109,80;45,36;15;4233,45;EUR;C01-Marta
F2025-000387;2;10/08/2025;CLI0237;S09;144,35;44,43;10;5772,12;EUR;C04-Andrés
F2025-000387;3;2025-08-10;CLI0237;S09;178,95;42,71;10;6878,66;EUR;C05-Rocío
F2025-000387;4;10/08/2025;CLI0237;S09;119,86;44,09;5;5020,40;EUR;C02-Javier
F2025-000388;1;18/12/2025;CLI0068;S05;83,55;3,39;0;283,23;EUR;C02-Javier
F2025-000388;2;18/12/2025;CLI0068;S06;2378,89;1,08;0;2569,20;EUR;C02-Javier
F2025-000388;3;18/12/2025;CLI0068;S06;1788,95;1,08;0;1932,07;EUR;C04-Andrés
F2025-000388;4;18/12/2025;CLI0068;S06;1267,79;1,09;0;1381,89;EUR;C01-Marta
F2025-000389;1;18/04/2025;CLI0184;S02;134,14;6,74;5;858,90;EUR;C03-Lucía
F2025-000389;2;18/04/2025;CLI0184;S01;109,51;95,86;0;10497,63;EUR;C03-Lucía
F2025-000390;1;19/01/2025;CLI0040;S14;9,00;216,36;0;1947,24;EUR;C01-Marta
F2025-000390;2;19/01/2025;CLI0040;S08;725,94;2,55;5;1758,59;EUR;C04-Andrés
F2025-000391;1;20/01/2025;CLI0315;S13;1,00;684,54;5;650,31;EUR;C04-Andrés
F2025-000391;2;20/01/2025;CLI0315;S07;84,57;1,72;5;138,19;EUR;C03-Lucía
F2025-000391;3;20/01/2025;CLI0315;S07;39,91;1,57;0;62,66;EUR;C01-Marta
F2025-000391;4;20/01/2025;CLI0315;S07;193,43;1,60;5;294,01;EUR;C01-Marta
F2025-000392;1;19/05/2025;CLI0095;S09;102,11;43,06;15;3737,33;EUR;C05-Rocío
F2025-000393;1;15/02/2025;cli0133;S01;11,17;94,46;0;1055,12;EUR;C03-Lucía
F2025-000393;2;15/02/2025;CLI0133;S11;58,94;25,18;0;1484,11;EUR;C04-Andrés
F2025-000393;3;15/02/2025;CLI0133;S11;15,71;25,59;0;402,02;EUR;C03-Lucía
F2025-000393;4;15/02/2025;CLI0133;S11;33,38;25,66;0;856,53;EUR;C05-Rocío
F2025-000394;1;16/06/2025;CLI0182;S06;1398,14;1,09;5;1447,77;EUR;C01-Marta
F2025-000395;1;02/11/2025;CLI0236;S14;11,00;215,68;0;2372,48;EUR;C01-Marta
F2025-000395;2;02/11/2025;CLI0236;S05;191,18;3,41;0;651,92;EUR;C01-Marta
F2025-000396;1;12/10/2025;CLI0272;S14;13,00;224,07;0;2912,91;EUR;C04-Andrés
F2025-000397;1;02/04/2025;CLI0238;S13;1,00;689,94;15;586,45;EUR;C02-Javier
F2025-000397;2;02/04/2025;CLI0238;S13;1,00;647,83;0;647,83;EUR;C02-Javier
F2025-000397;3;02/04/2025;CLI0238;S04;262,76;13,92;5;3474,74;EUR;C05-Rocío
F2025-000397;4;02/04/2025;CLI0238;S12;4,00;126,07;0;504,28;EUR;C03-Lucía
F2025-000398;1;16/02/2025;CLI0148;S08;1069,17;2,57;0;2747,77;EUR;C05-Rocío
F2025-000399;1;17/08/2025;CLI0247;S10;215,78;8,36;10;1623,53;EUR;C02-Javier
F2025-000400;1;24/01/2025;CLI0155;S02;216,68;6,58;0;1425,75;EUR;C02-Javier
F2025-000401;1;09/08/2025;CLI0094;S07;1085,95;1,60;0;1737,52;EUR;C05-Rocío
F2025-000401;2;09/08/2025;CLI0094;S07;426,66;1,67;0;712,52;EUR;C01-Marta
F2025-000401;3;09/08/2025;CLI0094;S08;551,76;2,56;0;1412,51;EUR;C01-Marta
F2025-000402;1;20/08/2025;CLI0370;S06;360,86;1,13;10;366,99;EUR;C03-Lucía
F2025-000402;2;20/08/2025;CLI0370;S05;77,61;3,29;15;217,04;EUR;C01-Marta
F2025-000403;1;20/06/2025;CLI0247;S15;3,00;86,85;15;;EUR;C02-Javier
F2025-000403;2;20/06/2025;CLI0247;S10;231,53;8,77;10;1827,47;EUR;C02-Javier
F2025-000403;3;20/06/2025;CLI0247;S10;298,10;8,86;10;2377,05;EUR;C01-Marta
F2025-000404;1;18/08/2025;CLI0342;S10;511,73;8,71;5;4234,31;EUR;C01-Marta
F2025-000404;2;18/08/2025;CLI0342;S10;277,20;9,05;5;2383,23;EUR;C02-Javier
F2025-000404;3;18/08/2025;CLI0342;S10;128,21;8,53;0;1093,63;EUR;C05-Rocío
F2025-000405;1;22/12/2025;CLI0247;S10;632,77;9,04;10;5148,22;EUR;C04-Andrés
F2025-000406;1;09/04/2025;CLI0098;S05;400,34;3,35;5;1274,08;EUR;C03-Lucía
F2025-000406;2;09/04/2025;CLI0098;S05;143,30;3,31;0;474,32;EUR;C01-Marta
F2025-000406;3;09/04/2025;CLI0098;S06;2267,39;1,18;5;2541,74;EUR;C04-Andrés
F2025-000407;1;24/11/2025;CLI0158;S09;139,41;42,55;5;5635,30;EUR;C05-Rocío
F2025-000407;2;24/11/2025;CLI0158;S14;15,00;221,18;0;3317,70;EUR;C05-Rocío
F2025-000407;3;24/11/2025;CLI0158;S09;230,58;43,98;15;8619,77;EUR;C03-Lucía
F2025-000408;1;26/05/2025;CLI0138;S09;185,73;43,62;5;7696,47;EUR;C01-Marta
F2025-000408;2;26/05/2025;CLI0138;S09;73,84;44,35;0;3274,80;EUR;C02-Javier
F2025-000408;3;26/05/2025;CLI0138;S09;180,37;41,59;0;7501,59;EUR;C01-Marta
F2025-000409;1;05/05/2025;CLI0159;S03;54,44;37,47;10;1835,88;EUR;C01-Marta
F2025-000409;2;05/05/2025;CLI0159;S13;1,00;666,25;10;599,62;EUR;C05-Rocío
F2025-000409;3;05/05/2025;CLI0159;S03;7,05;38,82;0;273,68;EUR;C02-Javier
F2025-000409;4;05/05/2025;CLI0159;S03;56,69;39,74;0;2252,86;EUR;C02-Javier
F2025-000410;1;24/03/2025;CLI0380;S15;3,00;84,55;5;240,97;EUR;C01-Marta
F2025-000411;1;21/08/2025;CLI0291;S10;120,68;8,92;10;968,82;EUR;C02-Javier
F2025-000412;1;19/02/2025;CLI0217;S10;1033,54;8,52;0;8805,76;EUR;C05-Rocío
F2025-000412;2;19/02/2025;CLI0217;S14;11,00;215,34;0;2368,74;EUR;C01-Marta
F2025-000413;1;26/04/2025;CLI0010;S11;34,41;26,50;0;911,86;EUR;C01-Marta
F2025-000414;1;06/12/2025;CLI0299;S08;321,26;2,48;0;796,72;EUR;C02-Javier
F2025-000415;1;12/09/2025;CLI0034;S14;12,00;207,94;0;2495,28;EUR;C03-Lucía
F2025-000416;1;20/01/2025;CLI0360;S13;1,00;668,98;5;635,53;EUR;C03-Lucía
F2025-000416;2;20/01/2025;CLI0360;S09;57,75;44,53;0;2571,61;EUR;C04-Andrés
F2025-000417;1;17/04/2025;CLI0212;S03;36,17;41,08;0;1485,86;EUR;C04-Andrés
F2025-000417;2;17/04/2025;CLI0212;S04;147,11;13,94;5;1948,18;EUR;C02-Javier
F2025-000417;3;17/04/2025;CLI0212;S15;1,00;85,72;0;85,72;EUR;C05-Rocío
F2025-000418;1;27/06/2025;CLI0051;S06;1098,35;1,11;15;1036,29;EUR;C02-Javier
F2025-000418;2;27/06/2025;CLI0051;S05;1988,83;3,18;15;5375,81;EUR;C04-Andrés
F2025-000419;1;21/10/2025;CLI0395;S01;50,03;97,77;0;4891,43;EUR;C02-Javier
F2025-000419;2;21/10/2025;CLI0395;S13;1,00;690,93;15;587,29;EUR;C03-Lucía
F2025-000419;3;21/10/2025;CLI0395;S14;15,00;219,48;0;3292,20;EUR;C01-Marta
F2025-000420;1;15/06/2025;CLI0094;S13;1,00;644,40;0;644,40;EUR;C02-Javier
F2025-000420;2;15/06/2025;CLI0094;S14;12,00;206,19;0;2474,28;EUR;C02-Javier
F2025-000420;3;15/06/2025;CLI0094;S07;144,72;1,60;0;231,55;EUR;C05-Rocío
F2025-000420;4;15/06/2025;CLI0094;S15;4,00;87,20;0;348,80;EUR;C02-Javier
F2025-000421;1;08/01/2025;CLI0239;S10;1169,17;8,71;0;10183,47;EUR;C05-Rocío
F2025-000421;2;08/01/2025;CLI0239;S10;69,01;8,57;0;591,42;EUR;C02-Javier
F2025-000421;3;08/01/2025;CLI0239;S10;1062,00;9,09;0;9653,58;EUR;C01-Marta
F2025-000422;1;10/08/2025;cli0277;S02;170,51;6,68;0;1139,01;EUR;C03-Lucía
F2025-000422;2;10/08/2025;CLI0277;S01;26,58;99,41;0;2642,32;EUR;C01-Marta
F2025-000423;1;02/12/2025;CLI0158;S09;104,71;42,51;0;4451,22;EUR;C04-Andrés
F2025-000423;2;02/12/2025;CLI0158;S09;69,83;41,47;15;2461,47;EUR;C05-Rocío
F2025-000423;3;02/12/2025;CLI0158;S09;129,38;43,10;0;5576,28;EUR;C01-Marta
F2025-000424;1;28/06/2025;CLI0051;S05;2039,17;3,13;0;6382,60;EUR;C02-Javier
F2025-000424;2;28/06/2025;CLI0051;S14;6,00;210,24;10;1135,30;EUR;C04-Andrés
F2025-000424;3;28/06/2025;CLI0051;S06;425,93;1,17;0;498,34;EUR;C05-Rocío
F2025-000425;1;14/06/2025;CLI0092;S05;433,00;3,26;0;1411,58;EUR;C05-Rocío
F2025-000425;2;14/06/2025;CLI0092;S05;593,10;3,26;0;1933,51;EUR;C01-Marta
F2025-000425;3;14/06/2025;CLI0092;S06;929,33;1,09;0;1012,97;EUR;C03-Lucía
F2025-000425;4;14/06/2025;CLI0092;S05;132,40;3,38;10;402,76;EUR;C02-Javier
F2025-000426;1;09/04/2025;CLI0211;S05;555,61;3,23;0;1794,62;EUR;C02-Javier
F2025-000427;1;24/10/2025;CLI0092;S05;1486,43;3,41;0;5068,73;EUR;C05-Rocío
F2025-000427;2;24/10/2025;CLI0092;S14;13,00;207,81;0;2701,53;EUR;C03-Lucía
F2025-000427;3;24/10/2025;CLI0092;S05;235,83;3,42;10;725,88;EUR;C02-Javier
F2025-000428;1;12/04/2025;CLI0130;S14;3,00;224,94;0;674,82;EUR;C04-Andrés
F2025-000428;2;12/04/2025;CLI0130;S05;1135,21;3,45;0;3916,47;EUR;C02-Javier
F2025-000429;1;17/02/2025;CLI0238;S12;2,00;128,63;0;257,26;EUR;C03-Lucía
F2025-000429;2;17/02/2025;CLI0238;S12;1,00;123,01;15;104,56;EUR;C02-Javier
F2025-000429;3;17/02/2025;CLI0238;S14;2,00;212,87;0;425,74;EUR;C05-Rocío
F2025-000429;4;17/02/2025;cli0238;S12;2,00;121,02;10;217,84;EUR;C03-Lucía
F2025-000430;1;27/07/2025;CLI0311;S08;669,34;2,35;0;1572,95;EUR;C05-Rocío
F2025-000430;2;27/07/2025;CLI0311;S14;4,00;214,20;0;856,80;EUR;C03-Lucía
F2025-000430;3;27/07/2025;CLI0311;S14;15,00;221,50;0;3322,50;EUR;C03-Lucía
F2025-000430;4;27/07/2025;CLI0311;S14;6,00;207,73;0;1246,38;EUR;C05-Rocío
F2025-000431;1;02/11/2025;CLI0271;S05;137,71;3,38;0;465,46;EUR;C02-Javier
F2025-000431;2;02/11/2025;CLI0271;S14;10,00;207,14;0;2071,40;EUR;C04-Andrés
F2025-000431;3;02/11/2025;CLI0271;S06;365,87;1,12;0;409,77;EUR;C02-Javier
F2025-000432;1;07/02/2025;CLI0370;S06;1019,82;1,16;0;1182,99;EUR;C04-Andrés
F2025-000433;1;05/01/2025;CLI0275;S07;306,46;1,65;0;505,66;EUR;C03-Lucía
F2025-000433;2;05/01/2025;CLI0275;S08;3164,62;2,54;0;8038,13;EUR;C02-Javier
F2025-000433;3;05/01/2025;CLI0275;S14;2,00;224,22;0;448,44;EUR;C02-Javier
F2025-000433;4;05/01/2025;CLI0275;S08;3377,18;2,53;0;8544,27;EUR;C03-Lucía
F2025-000434;1;09/05/2025;CLI0010;S02;374,70;6,57;5;2338,69;EUR;C03-Lucía
F2025-000435;1;27/09/2025;CLI0051;S06;462,52;1,11;15;436,39;EUR;C01-Marta
F2025-000436;1;17/11/2025;CLI0300;S15;3,00;86,03;0;258,09;EUR;C04-Andrés
F2025-000436;2;17/11/2025;CLI0300;S09;91,62;45,06;0;4128,40;EUR;C02-Javier
F2025-000436;3;17/11/2025;CLI0300;S14;16,00;222,91;0;3566,56;EUR;C03-Lucía
F2025-000437;1;15/05/2025;CLI0101;S10;40,88;9,74;0;397,98;USD;C03-Lucía
F2025-000437;2;15/05/2025;CLI0101;S14;3,00;242,81;0;728,43;USD;C05-Rocío
F2025-000437;3;15/05/2025;CLI0101;S13;1,00;648,71;10;583,84;EUR;C02-Javier
F2025-000437;4;15/05/2025;CLI0101;S13;1,00;796,48;15;677,01;USD;C05-Rocío
F2025-000438;1;05/11/2025;CLI0400;S13;1,00;671,65;10;604,49;EUR;C01-Marta
F2025-000438;2;05/11/2025;CLI0400;S05;1237,92;3,38;5;3974,96;EUR;C03-Lucía
F2025-000438;3;05/11/2025;CLI0400;S05;1755,77;3,36;15;5014,48;EUR;C03-Lucía
F2025-000438;4;05/11/2025;CLI0400;S06;1424,21;1,18;5;1596,54;EUR;C01-Marta
F2025-000439;1;26/07/2025;CLI0113;S09;198,35;42,13;0;8356,49;EUR;C04-Andrés
F2025-000439;2;26/07/2025;CLI0113;S13;1,00;639,34;5;607,37;EUR;C05-Rocío
F2025-000440;1;24/02/2025;CLI0195;S14;12,00;224,69;0;2696,28;EUR;C01-Marta
F2025-000441;1;19/03/2025;CLI0395;S13;1,00;681,63;0;681,63;EUR;C05-Rocío
F2025-000442;1;13/08/2025;CLI0089;S05;273,87;3,17;0;868,17;EUR;C04-Andrés
F2025-000442;2;13/08/2025;CLI0089;S05;47,24;3,24;0;153,06;EUR;C04-Andrés
F2025-000443;1;13/04/2025;CLI0158;S09;237,38;43,04;0;10216,84;EUR;C02-Javier
F2025-000443;2;13/04/2025;CLI0158;S13;1,00;644,10;5;611,89;EUR;C01-Marta
F2025-000443;3;13/04/2025;CLI0158;S09;164,91;42,50;0;7008,68;EUR;C05-Rocío
F2025-000443;4;13/04/2025;CLI0158;S09;34,14;45,25;0;1544,84;EUR;C02-Javier
F2025-000444;1;07/03/2025;CLI0354;S02;208,75;7,02;5;1392,15;EUR;C04-Andrés
F2025-000444;2;07/03/2025;CLI0354;S01;67,94;96,87;0;6581,35;EUR;C01-Marta
F2025-000444;3;2025-03-07;CLI0354;S11;54,12;25,09;5;1289,98;EUR;C01-Marta
F2025-000444;4;07/03/2025;CLI0354;S11;49,02;24,61;0;1206,38;EUR;C02-Javier
F2025-000445;1;11/02/2025;CLI0271;S05;112,28;3,31;5;353,06;EUR;C02-Javier
F2025-000445;2;11/02/2025;CLI0271;S06;1711,62;1,13;5;1837,42;EUR;C03-Lucía
F2025-000445;3;11/02/2025;CLI0271;S05;85,80;3,33;0;285,71;EUR;C05-Rocío
F2025-000445;4;11/02/2025;CLI0271;S15;1,00;91,79;0;91,79;EUR;C04-Andrés
F2025-000446;1;12/11/2025;CLI0024;S05;207,35;3,36;0;696,70;EUR;C02-Javier
F2025-000446;2;12/11/2025;CLI0024;S05;534,50;3,29;5;1670,58;EUR;C03-Lucía
F2025-000446;3;12/11/2025;CLI0024;S05;89,77;3,42;0;307,01;EUR;C05-Rocío
F2025-000447;1;19/07/2025;CLI0078;S10;104,42;8,87;0;926,21;EUR;C05-Rocío
F2025-000447;2;19/07/2025;CLI0078;S10;1152,52;8,75;0;10084,55;EUR;C02-Javier
F2025-000447;3;19/07/2025;CLI0078;S15;1,00;83,27;0;83,27;EUR;C03-Lucía
F2025-000448;1;09/08/2025;CLI0062;S05;295,39;3,29;5;923,24;EUR;C02-Javier
F2025-000449;1;23/02/2025;CLI0120;S01;82,13;100,58;15;7021,54;EUR;C05-Rocío
F2025-000449;2;23/02/2025;CLI0120;S02;489,46;6,77;0;3313,64;EUR;C04-Andrés
F2025-000449;3;23/02/2025;CLI0120;S01;21,80;94,96;10;1863,12;EUR;C03-Lucía
F2025-000450;1;28/08/2025;CLI0100;S07;247,89;1,66;0;411,50;EUR;C02-Javier
F2025-000450;2;28/08/2025;CLI0100;S07;177,96;1,62;0;288,30;EUR;C04-Andrés
F2025-000450;3;28/08/2025;CLI0100;S08;920,16;2,39;0;2199,18;EUR;C03-Lucía
F2025-000450;4;28/08/2025;CLI0100;S08;995,38;2,35;0;2339,14;EUR;C03-Lucía
F2025-000451;1;15/02/2025;CLI0290;S10;1765,50;8,44;0;14900,82;EUR;C02-Javier
F2025-000451;2;15/02/2025;CLI0290;S10;1522,75;8,79;5;12715,72;EUR;C02-Javier
F2025-000451;3;15/02/2025;CLI0290;S10;219,05;9,13;15;1699,94;EUR;C05-Rocío
F2025-000452;1;05/08/2025;CLI0100;S07;387,77;1,66;0;643,70;EUR;C05-Rocío
F2025-000452;2;05/08/2025;CLI0100;S14;8,00;212,86;0;1702,88;EUR;C04-Andrés
F2025-000452;3;05/08/2025;CLI0100;S08;674,31;2,49;0;1679,03;EUR;C01-Marta
F2025-000453;1;15/04/2025;CLI0212;S13;1,00;660,14;0;660,14;EUR;C02-Javier
F2025-000453;2;15/04/2025;CLI0212;S12;2,00;128,01;0;256,02;EUR;C01-Marta
F2025-000453;3;15/04/2025;CLI0212;S03;65,87;40,88;0;2692,77;EUR;C04-Andrés
F2025-000454;1;03/03/2025;CLI0356;S10;2155,38;8,83;0;19032,01;EUR;C05-Rocío
F2025-000454;2;03/03/2025;CLI0356;S15;4,00;84,20;5;319,96;EUR;C01-Marta
F2025-000454;3;03/03/2025;CLI0356;S13;1,00;643,99;0;643,99;EUR;C04-Andrés
F2025-000455;1;21/09/2025;CLI0101;S13;1,00;727,16;0;727,16;USD;C02-Javier
F2025-000455;2;21/09/2025;CLI0101;S14;7,00;246,14;0;1722,99;USD;C01-Marta
F2025-000456;1;25/12/2025;CLI0038;S10;552,23;8,76;0;4837,53;EUR;C02-Javier
F2025-000456;2;25/12/2025;CLI0038;S15;4,00;86,93;0;347,72;EUR;C02-Javier
F2025-000456;3;25/12/2025;CLI0038;S10;280,26;8,96;0;2511,13;EUR;C04-Andrés
F2025-000457;1;12/02/2025;CLI0240;S13;1,00;663,07;5;629,92;EUR;C05-Rocío
F2025-000457;2;12/02/2025;CLI0240;S06;2754,61;1,13;0;3112,71;EUR;C03-Lucía
F2025-000457;3;12/02/2025;CLI0240;S05;514,56;3,28;0;1687,76;EUR;C03-Lucía
F2025-000457;4;12/02/2025;CLI0240;S05;926,39;3,36;0;3112,67;EUR;C05-Rocío
F2025-000458;1;27/06/2025;CLI0004;S09;48,96;43,83;0;2145,92;EUR;C03-Lucía
F2025-000458;2;27/06/2025;CLI0004;S09;379,93;44,56;0;16929,68;EUR;C05-Rocío
F2025-000458;3;27/06/2025;CLI0004;S09;144,37;45,04;0;6502,42;EUR;C02-Javier
F2025-000459;1;26/04/2025;CLI0048;S10;81,35;8,93;0;726,46;EUR;C02-Javier
F2025-000459;2;26/04/2025;CLI0048;S10;593,94;8,81;0;5232,61;EUR;C04-Andrés
F2025-000459;3;26/04/2025;CLI0048;S15;3,00;90,17;0;270,51;EUR;C03-Lucía
F2025-000459;4;26/04/2025;CLI0048;S14;13,00;207,85;0;2702,05;EUR;C02-Javier
F2025-000460;1;04/02/2025;CLI0076;S15;1,00;90,09;0;90,09;EUR;C02-Javier
F2025-000460;2;04/02/2025;CLI0076;S15;1,00;91,40;0;91,40;EUR;C03-Lucía
F2025-000460;3;04/02/2025;CLI0076;S09;137,75;44,62;0;6146,40;EUR;C04-Andrés
F2025-000461;1;28/08/2025;CLI0221;S13;1,00;641,17;0;641,17;EUR;C04-Andrés
F2025-000461;2;28/08/2025;CLI0221;S15;3,00;87,83;0;263,49;EUR;C04-Andrés
F2025-000462;1;01/11/2025;CLI0138;S15;2,00;87,83;0;175,66;EUR;C01-Marta
F2025-000463;1;06/12/2025;CLI0051;S06;2099,32;1,14;0;2393,22;EUR;C01-Marta
F2025-000463;2;06/12/2025;CLI0051;S06;2097,41;1,16;10;2189,70;EUR;C02-Javier
F2025-000464;1;12/10/2025;CLI0095;S09;73,57;44,92;0;3304,76;EUR;C05-Rocío
F2025-000464;2;12/10/2025;CLI0095;S14;9,00;217,70;0;1959,30;EUR;C05-Rocío
F2025-000464;3;12/10/2025;CLI0095;S14;9,00;205,83;0;1852,47;EUR;C02-Javier
F2025-000464;4;12/10/2025;CLI0095;S09;202,40;43,28;5;8321,88;EUR;C02-Javier
F2025-000465;1;06/08/2025;CLI0031;S01;22,91;101,59;0;2327,43;EUR;C04-Andrés
F2025-000466;1;15/11/2025;CLI0240;S06;2292,90;1,12;0;2568,05;EUR;C04-Andrés
F2025-000466;2;15/11/2025;CLI0240;S06;6446,63;1,17;0;7542,56;EUR;C01-Marta
F2025-000466;3;15/11/2025;CLI0240;S06;1523,59;1,11;0;1691,18;EUR;C03-Lucía
F2025-000466;4;15/11/2025;CLI0240;S06;657,10;1,15;0;755,66;EUR;C03-Lucía
F2025-000467;1;04/04/2025;CLI0087;S10;326,71;10,45;0;3413,95;USD;C03-Lucía
F2025-000467;2;04/04/2025;CLI0087;S15;2,00;87,89;0;175,78;EUR;C05-Rocío
F2025-000468;1;13/01/2025;CLI0324;S10;202,68;9,06;0;1836,28;EUR;C05-Rocío
F2025-000469;1;11/09/2025;CLI0158;S09;311,39;43,75;15;11579,82;EUR;C01-Marta
F2025-000469;2;11/09/2025;CLI0158;S09;132,32;44,72;10;5325,62;EUR;C05-Rocío
F2025-000470;1;19/01/2025;CLI0154;S10;207,59;8,77;0;1820,56;EUR;C03-Lucía
F2025-000470;2;19/01/2025;CLI0154;S10;516,23;8,45;5;4144,04;EUR;C01-Marta
F2025-000471;1;07/01/2025;CLI0386;S11;40,96;26,77;0;1096,50;EUR;C04-Andrés
F2025-000471;2;07/01/2025;CLI0386;S01;88,79;102,45;0;9096,54;EUR;C04-Andrés
F2025-000472;1;03/09/2025;CLI0158;S15;4,00;91,11;5;346,22;EUR;C03-Lucía
F2025-000472;2;03/09/2025;CLI0158;S09;168,41;43,98;5;7036,34;EUR;C02-Javier
F2025-000473;1;17/10/2025;CLI0334;S02;582,11;6,92;0;4028,20;EUR;C03-Lucía
F2025-000473;2;17/10/2025;CLI0334;S13;1,00;641,84;0;641,84;EUR;C04-Andrés
F2025-000474;1;22/09/2025;CLI0227;S08;8885,30;2,45;0;21768,99;EUR;C01-Marta
F2025-000475;1;08/10/2025;CLI0370;S05;421,69;3,25;0;1370,49;EUR;C01-Marta
F2025-000475;2;08/10/2025;CLI0370;S06;1936,17;1,13;0;2187,87;EUR;C05-Rocío
F2025-000476;1;08/12/2025;CLI0337;S14;14,00;214,11;0;2997,54;EUR;C02-Javier
F2025-000476;2;08/12/2025;CLI0337;S07;444,26;1,65;5;696,38;EUR;C03-Lucía
F2025-000476;3;08/12/2025;CLI0337;S08;707,77;2,49;0;1762,35;EUR;C02-Javier
F2025-000477;1;14/08/2025;CLI0207;S10;39,12;8,43;0;329,78;EUR;C03-Lucía
F2025-000477;2;14/08/2025;CLI0207;S10;1816,73;8,36;5;14428,47;EUR;C03-Lucía
F2025-000477;3;14/08/2025;CLI0207;S10;1334,63;8,84;0;11798,13;EUR;C03-Lucía
F2025-000477;4;14/08/2025;CLI0207;S10;434,93;8,59;5;3549,25;EUR;C01-Marta
F2025-000478;1;03/06/2025;CLI0372;S09;51,28;44,80;0;2297,34;EUR;C02-Javier
F2025-000478;2;03/06/2025;CLI0372;S09;46,83;41,29;5;1836,93;EUR;C02-Javier
F2025-000478;3;03/06/2025;CLI0372;S09;130,33;44,92;0;5854,42;EUR;C02-Javier
F2025-000478;4;03/06/2025;CLI0372;S09;94,43;42,06;0;3971,73;EUR;C04-Andrés
F2025-000479;1;06/06/2025;CLI0082;S10;739,69;8,43;0;6235,59;EUR;C02-Javier
F2025-000479;2;06/06/2025;CLI0082;S10;131,41;8,45;0;1110,41;EUR;C02-Javier
F2025-000479;3;06/06/2025;CLI0082;S10;130,44;9,09;0;1185,70;EUR;C05-Rocío
F2025-000479;4;06/06/2025;CLI0082;S15;2,00;86,60;0;173,20;EUR;C03-Lucía
F2025-000480;1;22/07/2025;CLI0207;S10;88,01;8,40;0;739,28;EUR;C05-Rocío
F2025-000480;2;22/07/2025;CLI0207;S14;2,00;211,90;5;402,61;EUR;C03-Lucía
F2025-000480;3;22/07/2025;CLI0207;S10;328,38;8,55;5;2667,27;EUR;C03-Lucía
F2025-000481;1;02/02/2025;CLI0290;S10;376,30;9,01;0;3390,46;EUR;C03-Lucía
F2025-000481;2;02/02/2025;CLI0290;S10;370,50;9,04;0;3349,32;EUR;C05-Rocío
F2025-000482;1;23/04/2025;CLI0094;S08;723,09;2,38;5;1634,91;EUR;C01-Marta
F2025-000482;2;23/04/2025;CLI0094;S08;611,83;2,42;5;1406,60;EUR;C01-Marta
F2025-000482;3;23/04/2025;CLI0094;S14;7,00;205,85;0;1440,95;EUR;C02-Javier
F2025-000483;1;02/07/2025;cli0158;S09;120,84;43,99;0;5315,75;EUR;C05-Rocío
F2025-000483;2;02/07/2025;CLI0158;S09;279,75;42,58;15;10124,99;EUR;C04-Andrés
F2025-000483;3;02/07/2025;CLI0158;S13;1,00;643,18;5;611,02;EUR;C02-Javier
F2025-000484;1;12/10/2025;CLI0240;S06;351,51;1,11;5;370,67;EUR;C01-Marta
F2025-000484;2;12/10/2025;CLI0240;S05;318,04;3,42;0;1087,70;EUR;C01-Marta
F2025-000484;3;12/10/2025;CLI0240;S05;325,78;3,20;0;1042,50;EUR;C02-Javier
F2025-000485;1;16/01/2025;CLI0147;S13;1,00;682,68;0;682,68;EUR;C02-Javier
F2025-000485;2;16/01/2025;CLI0147;S15;4,00;88,41;0;353,64;EUR;C05-Rocío
F2025-000486;1;20/08/2025;CLI0247;S10;120,91;8,51;15;874,60;EUR;C05-Rocío
F2025-000486;2;20/08/2025;CLI0247;S10;73,16;8,41;15;522,98;EUR;C05-Rocío
F2025-000486;3;20/08/2025;CLI0247;S10;240,48;8,56;5;1955,58;EUR;C01-Marta
F2025-000486;4;20/08/2025;CLI0247;S10;1137,28;8,48;10;8679,72;EUR;C02-Javier
F2025-000487;1;09/07/2025;CLI0247;S13;1,00;668,35;0;668,35;EUR;C01-Marta
F2025-000487;2;09/07/2025;CLI0247;S13;1,00;648,74;0;648,74;EUR;C04-Andrés
F2025-000488;1;16/08/2025;CLI0051;S13;1,00;639,02;0;639,02;EUR;C04-Andrés
F2025-000488;2;16/08/2025;CLI0051;S06;1104,16;1,09;0;1203,53;EUR;C05-Rocío
F2025-000488;3;16/08/2025;CLI0051;S15;3,00;90,19;15;229,98;EUR;C03-Lucía
F2025-000488;4;16/08/2025;CLI0051;S06;1246,02;1,08;10;1211,13;EUR;C04-Andrés
F2025-000489;1;11/02/2025;CLI0095;S09;118,30;44,54;0;5269,08;EUR;C02-Javier
F2025-000489;2;11/02/2025;CLI0095;S09;59,31;44,22;10;2360,42;EUR;C04-Andrés
F2025-000489;3;11/02/2025;CLI0095;S14;8,00;205,88;15;1399,98;EUR;C04-Andrés
F2025-000489;4;11/02/2025;CLI0095;S09;184,18;44,30;15;6935,30;EUR;C02-Javier
F2025-000490;1;16/11/2025;CLI0158;S09;59,43;42,53;5;2401,18;EUR;C02-Javier
F2025-000491;1;20/02/2025;CLI0268;S07;386,15;1,72;5;630,97;EUR;C02-Javier
F2025-000492;1;23/05/2025;CLI0253;S07;279,55;1,64;0;458,46;EUR;C02-Javier
F2025-000492;2;23/05/2025;CLI0253;S07;501,92;1,69;0;848,24;EUR;C02-Javier
F2025-000492;3;23/05/2025;CLI0253;S08;1147,98;2,56;0;2938,83;EUR;C01-Marta
F2025-000493;1;19/07/2025;CLI0158;S15;3,00;83,70;10;225,99;EUR;C03-Lucía
F2025-000493;2;19/07/2025;CLI0158;S09;59,33;41,43;0;2458,04;EUR;C04-Andrés
F2025-000493;3;19/07/2025;CLI0158;S13;1,00;640,31;15;544,26;EUR;C02-Javier
F2025-000494;1;06/03/2025;CLI0008;S11;44,72;25,68;0;1148,41;EUR;C01-Marta
F2025-000494;2;06/03/2025;CLI0008;S02;1222,38;6,37;0;7786,56;EUR;C02-Javier
F2025-000494;3;06/03/2025;CLI0008;S01;28,86;101,63;10;2639,74;EUR;C01-Marta
F2025-000494;3;06/03/2025;CLI0008;S01;28,86;101,63;10;2639,74;EUR;C01-Marta
F2025-000495;1;01/02/2025;CLI0212;S12;2,00;129,74;0;259,48;EUR;C05-Rocío
F2025-000495;2;01/02/2025;CLI0212;S15;3,00;90,69;5;258,47;EUR;C01-Marta
F2025-000496;1;05/09/2025;CLI0237;S09;79,23;43,70;0;3462,35;EUR;C04-Andrés
F2025-000496;2;05/09/2025;CLI0237;S09;100,02;44,63;0;4463,89;EUR;C05-Rocío
F2025-000496;3;05/09/2025;CLI0237;S13;1,00;659,99;0;659,99;EUR;C01-Marta
F2025-000496;4;05/09/2025;CLI0237;S09;70,93;41,85;0;2968,42;EUR;C04-Andrés
F2025-000497;1;07/02/2025;CLI0051;S15;1,00;83,64;5;79,46;EUR;C04-Andrés
F2025-000497;2;07/02/2025;CLI0051;S06;580,68;1,18;5;650,94;EUR;C04-Andrés
F2025-000497;3;07/02/2025;CLI0051;S13;1,00;672,68;0;672,68;EUR;C01-Marta
F2025-000498;1;15/11/2025;CLI0095;S15;4,00;88,70;0;354,80;EUR;C02-Javier
F2025-000498;2;15/11/2025;CLI0095;S09;68,43;42,91;10;2642,70;EUR;C03-Lucía
F2025-000498;3;15/11/2025;CLI0095;S09;125,67;44,01;10;4977,66;EUR;C03-Lucía
F2025-000498;4;15/11/2025;CLI0095;S09;57,63;44,86;0;2585,28;EUR;C05-Rocío
F2025-000499;1;22/11/2025;CLI0078;S10;935,49;8,89;0;8316,51;EUR;C05-Rocío
F2025-000499;2;22/11/2025;CLI0078;S10;15,40;8,86;0;136,44;EUR;C05-Rocío
F2025-000500;1;13/07/2025;CLI0090;S02;620,31;6,55;0;4063,03;EUR;C04-Andrés
F2025-000500;2;13/07/2025;CLI0090;S11;98,45;25,39;0;2499,65;EUR;C03-Lucía
F2025-000500;3;13/07/2025;CLI0090;S01;198,57;98,34;0;19527,37;EUR;C03-Lucía
F2025-000500;4;13/07/2025;CLI0090;S02;308,23;6,80;0;2095,96;EUR;C03-Lucía
F2025-000501;1;18/07/2025;CLI0174;S14;16,00;208,43;0;3334,88;EUR;C04-Andrés
F2025-000501;2;18/07/2025;CLI0174;S07;758,52;1,60;0;1213,63;EUR;C02-Javier
F2025-000501;3;18/07/2025;CLI0174;S07;2163,61;1,72;0;3721,41;EUR;C03-Lucía
F2025-000502;1;27/07/2025;CLI0207;S10;207,72;8,79;0;1825,86;EUR;C03-Lucía
F2025-000502;2;27/07/2025;CLI0207;S10;717,16;9,09;0;6518,98;EUR;C02-Javier
F2025-000503;1;22/04/2025;CLI0054;S07;75,97;1,64;0;124,59;EUR;C01-Marta
F2025-000503;2;22/04/2025;CLI0054;S08;881,49;2,43;0;2142,02;EUR;C04-Andrés
F2025-000503;3;22/04/2025;CLI0054;S07;928,53;1,67;5;1473,11;EUR;C05-Rocío
F2025-000504;1;20/02/2025;CLI0312;S15;3,00;83,33;10;224,99;EUR;C05-Rocío
F2025-000504;2;20/02/2025;CLI0312;S08;1009,19;2,48;5;2377,65;EUR;C02-Javier
F2025-000504;3;20/02/2025;CLI0312;S14;3,00;222,80;10;601,56;EUR;C05-Rocío
F2025-000505;1;18/06/2025;CLI0307;S09;332,08;45,17;0;15000,05;EUR;C04-Andrés
F2025-000506;1;11/06/2025;CLI0034;S09;75,78;42,09;5;3030,10;EUR;C04-Andrés
F2025-000507;1;06/03/2025;CLI0008;S13;1,00;697,83;10;628,05;EUR;C01-Marta
F2025-000507;2;06/03/2025;CLI0008;S14;5,00;215,86;0;1079,30;EUR;C02-Javier
F2025-000508;1;22/02/2025;CLI0079;S05;93,58;3,29;0;307,88;EUR;C03-Lucía
F2025-000508;2;22/02/2025;CLI0079;S05;309,13;3,25;0;1004,67;EUR;C05-Rocío
F2025-000508;3;22/02/2025;CLI0079;S15;2,00;84,03;0;168,06;EUR;C03-Lucía
F2025-000508;4;22/02/2025;CLI0079;S06;1507,96;1,19;0;1794,47;EUR;C04-Andrés
F2025-000509;1;21/10/2025;CLI0342;S15;3,00;89,54;0;268,62;EUR;C05-Rocío
F2025-000509;2;21/10/2025;CLI0342;S10;437,06;9,11;0;3981,62;EUR;C05-Rocío
F2025-000509;3;21/10/2025;CLI0342;S14;11,00;221,92;5;2319,06;EUR;C02-Javier
F2025-000510;1;17/04/2025;CLI0247;S10;813,74;8,66;15;5989,94;EUR;C03-Lucía
F2025-000510;2;17/04/2025;CLI0247;S10;289,44;8,36;5;2298,73;EUR;C05-Rocío
F2025-000510;3;17/04/2025;CLI0247;S10;83,87;9,10;0;763,22;EUR;C04-Andrés
F2025-000510;4;17/04/2025;CLI0247;S10;1701,46;8,36;0;14224,21;EUR;C01-Marta
F2025-000511;1;07/02/2025;CLI0370;S14;6,00;210,73;0;1264,38;EUR;C02-Javier
F2025-000511;2;07/02/2025;CLI0370;S14;15,00;220,41;15;2810,23;EUR;C04-Andrés
F2025-000511;3;07/02/2025;CLI0370;S06;672,60;1,08;5;690,09;EUR;C04-Andrés
F2025-000512;1;12/06/2025;CLI0237;S09;219,65;43,81;5;9141,72;EUR;C02-Javier
F2025-000512;2;12/06/2025;CLI0237;S14;14,00;218,54;5;2906,58;EUR;C03-Lucía
F2025-000512;3;12/06/2025;CLI0237;S15;4,00;88,13;5;334,89;EUR;C03-Lucía
F2025-000512;4;12/06/2025;CLI0237;S13;1,00;689,28;15;585,89;EUR;C03-Lucía
F2025-000513;1;12/09/2025;CLI0247;S10;161,77;9,05;15;1244,42;EUR;C05-Rocío
F2025-000513;2;12/09/2025;CLI0247;S10;237,87;8,96;0;2131,32;EUR;C02-Javier
F2025-000513;3;12/09/2025;CLI0247;S10;458,57;8,50;0;3897,84;EUR;C04-Andrés
F2025-000514;1;07/06/2025;CLI0089;S06;184,03;1,14;0;209,79;EUR;C03-Lucía
F2025-000514;2;07/06/2025;CLI0089;S05;1318,95;3,31;5;4147,44;EUR;C03-Lucía
F2025-000515;1;10/08/2025;CLI0267;S09;193,76;41,57;0;8054,60;EUR;C03-Lucía
F2025-000516;1;06/01/2025;CLI0399;S10;177,99;8,42;0;1498,68;EUR;C02-Javier
F2025-000516;2;06/01/2025;CLI0399;S15;3,00;85,35;0;256,05;EUR;C03-Lucía
F2025-000516;3;06/01/2025;CLI0399;S10;263,55;8,32;0;2192,74;EUR;C04-Andrés
F2025-000517;1;02/11/2025;cli0389;S08;5136,34;2,54;0;13046,30;EUR;C01-Marta
F2025-000517;2;02/11/2025;CLI0389;S08;534,37;2,39;0;1277,14;EUR;C03-Lucía
F2025-000517;3;02/11/2025;CLI0389;S08;2086,49;2,52;0;5257,95;EUR;C05-Rocío
F2025-000517;4;02/11/2025;CLI0389;S07;132,41;1,65;0;218,48;EUR;C02-Javier
F2025-000518;1;25/05/2025;CLI0159;S04;777,98;14,04;0;10922,84;EUR;C03-Lucía
F2025-000518;2;25/05/2025;CLI0159;S13;1,00;652,51;0;652,51;EUR;C01-Marta
F2025-000518;3;25/05/2025;CLI0159;S03;30,72;40,68;5;1187,21;EUR;C03-Lucía
F2025-000518;4;25/05/2025;CLI0159;S03;16,80;38,67;15;552,21;EUR;C02-Javier
F2025-000519;1;12/06/2025;CLI0138;S09;78,81;45,35;0;3574,03;EUR;C02-Javier
F2025-000519;2;12/06/2025;CLI0138;S09;145,33;42,25;0;6140,19;EUR;C04-Andrés
F2025-000519;3;12/06/2025;CLI0138;S09;55,15;41,83;5;2191,58;EUR;C05-Rocío
F2025-000520;1;2025-08-16;CLI0051;S06;577,23;1,13;0;652,27;EUR;C05-Rocío
F2025-000520;2;16/08/2025;CLI0051;S15;2,00;86,86;15;147,66;EUR;C04-Andrés
F2025-000520;3;16/08/2025;CLI0051;S06;891,01;1,11;15;840,67;EUR;C03-Lucía
F2025-000521;1;01/10/2025;CLI0158;S09;130,63;42,73;10;5023,64;EUR;C01-Marta
F2025-000522;1;10/05/2025;CLI0051;S06;490,20;1,16;0;568,63;EUR;C04-Andrés
F2025-000522;2;10/05/2025;CLI0051;S15;4,00;89,91;0;359,64;EUR;C04-Andrés
F2025-000522;3;10/05/2025;CLI0051;S15;2,00;85,80;0;171,60;EUR;C05-Rocío
F2025-000522;4;10/05/2025;CLI0051;S05;102,82;3,30;0;339,31;EUR;C01-Marta
F2025-000523;1;05/12/2025;CLI0107;S05;567,14;3,44;0;1950,96;EUR;C05-Rocío
F2025-000524;1;21/04/2025;CLI0337;S07;311,94;1,62;5;480,08;EUR;C03-Lucía
F2025-000524;2;21/04/2025;CLI0337;S08;1401,24;2,50;0;3503,10;EUR;C04-Andrés
F2025-000524;3;21/04/2025;cli0337;S07;177,03;1,68;5;282,54;EUR;C05-Rocío
F2025-000524;4;21/04/2025;CLI0337;S07;102,42;1,66;0;170,02;EUR;C02-Javier
F2025-000525;1;04/11/2025;CLI0158;S09;305,63;45,14;0;13796,14;EUR;C01-Marta
F2025-000526;1;26/10/2025;CLI0102;S13;1,00;676,91;0;676,91;EUR;C01-Marta
F2025-000526;2;26/10/2025;CLI0102;S14;3,00;249,89;0;749,68;USD;C03-Lucía
F2025-000526;3;26/10/2025;CLI0102;S05;1399,07;3,16;0;4421,06;EUR;C02-Javier
F2025-000526;4;26/10/2025;CLI0102;S13;1,00;755,43;0;755,43;USD;C03-Lucía
F2025-000527;1;26/08/2025;cli0226;S10;154,51;8,44;0;1304,06;EUR;C02-Javier
F2025-000527;2;26/08/2025;CLI0226;S10;761,18;9,04;0;6881,07;EUR;C01-Marta
F2025-000527;3;26/08/2025;CLI0226;S10;200,39;8,52;0;1707,32;EUR;C02-Javier
F2025-000528;1;04/09/2025;CLI0192;S10;145,82;9,68;0;1412,04;USD;C04-Andrés
F2025-000528;2;04/09/2025;CLI0192;S10;70,27;8,90;5;594,13;EUR;C01-Marta
F2025-000528;3;04/09/2025;CLI0192;S14;7,00;238,46;0;1669,21;USD;C04-Andrés
F2025-000529;1;18/05/2025;CLI0033;S10;1155,98;8,66;5;9510,25;EUR;C02-Javier
F2025-000530;1;18/08/2025;CLI0318;S14;2,00;209,22;5;397,52;EUR;C03-Lucía
F2025-000530;2;18/08/2025;CLI0318;S05;192,53;3,39;0;652,68;EUR;C01-Marta
F2025-000530;3;18/08/2025;CLI0318;S14;7,00;217,46;5;1446,11;EUR;C03-Lucía
F2025-000531;1;09/09/2025;CLI0221;S15;4,00;91,31;0;365,24;EUR;C02-Javier
F2025-000531;2;09/09/2025;CLI0221;S10;463,56;8,66;0;4014,43;EUR;C04-Andrés
F2025-000532;1;08/05/2025;CLI0016;S11;69,19;26,47;5;1739,89;EUR;C01-Marta
F2025-000532;2;08/05/2025;CLI0016;S01;179,20;94,66;5;16114,92;EUR;C04-Andrés
F2025-000532;3;08/05/2025;CLI0016;S01;68,71;95,72;15;5590,38;EUR;C02-Javier
F2025-000533;1;20/06/2025;CLI0138;S09;98,94;42,30;0;4185,16;EUR;C03-Lucía
F2025-000534;1;28/05/2025;CLI0025;S07;106,51;1,65;0;175,74;EUR;C03-Lucía
F2025-000535;1;22/04/2025;CLI0094;S07;1072,06;1,68;0;1801,06;EUR;C01-Marta
F2025-000535;2;22/04/2025;CLI0094;S07;187,19;1,72;0;321,97;EUR;C03-Lucía
F2025-000536;1;27/06/2025;CLI0092;S13;1,00;681,52;15;579,29;EUR;C03-Lucía
F2025-000537;1;01/01/2025;CLI0393;S11;68,46;26,04;5;1693,56;EUR;C02-Javier
F2025-000537;2;01/01/2025;CLI0393;S02;362,56;6,60;5;2273,25;EUR;C01-Marta
F2025-000537;3;01/01/2025;CLI0393;S14;10,00;218,45;0;2184,50;EUR;C02-Javier
F2025-000537;4;01/01/2025;CLI0393;S13;1,00;649,83;5;617,34;EUR;C04-Andrés
F2025-000538;1;07/06/2025;CLI0317;S15;1,00;86,43;0;86,43;EUR;C04-Andrés
F2025-000539;1;13/11/2025;CLI0350;S05;1085,97;3,37;0;3659,72;EUR;C02-Javier
F2025-000540;1;17/11/2025;CLI0317;S10;331,90;8,85;15;2496,72;EUR;C01-Marta
F2025-000540;2;17/11/2025;CLI0317;S10;3993,21;9,17;0;36617,74;EUR;C05-Rocío
F2025-000541;1;21/04/2025;CLI0008;S01;102,44;93,77;0;9605,80;EUR;C03-Lucía
F2025-000541;2;21/04/2025;cli0008;S11;82,14;24,72;0;2030,50;EUR;C04-Andrés
F2025-000541;3;21/04/2025;CLI0008;S01;109,28;101,68;0;11111,59;EUR;C01-Marta
F2025-000542;1;04/01/2025;CLI0207;S10;536,94;8,43;5;4300,08;EUR;C04-Andrés
F2025-000542;2;04/01/2025;CLI0207;S10;139,78;8,77;5;1164,58;EUR;C03-Lucía
F2025-000543;1;17/03/2025;CLI0098;S05;213,68;3,22;0;688,05;EUR;C05-Rocío
F2025-000543;2;17/03/2025;CLI0098;S05;630,85;3,35;0;2113,35;EUR;C01-Marta
F2025-000543;3;17/03/2025;CLI0098;S06;3067,44;1,15;5;3351,18;EUR;C05-Rocío
F2025-000544;1;25/11/2025;CLI0313;S10;71,81;8,94;0;641,98;EUR;C02-Javier
F2025-000545;1;09/04/2025;CLI0008;S01;79,82;94,36;0;7531,82;EUR;C04-Andrés
F2025-000546;1;05/07/2025;CLI0122;S08;3468,68;2,47;0;8567,64;EUR;C01-Marta
F2025-000547;1;15/03/2025;CLI0383;S15;4,00;85,59;5;325,24;EUR;C04-Andrés
F2025-000547;2;15/03/2025;CLI0383;S09;239,23;42,39;0;10140,96;EUR;C02-Javier
F2025-000547;3;15/03/2025;CLI0383;S09;87,87;41,78;0;3671,21;EUR;C05-Rocío
F2025-000548;1;01/05/2025;CLI0044;S08;9692,61;2,51;0;24328,45;EUR;C04-Andrés
F2025-000549;1;24/12/2025;CLI0120;S14;4,00;218,91;5;831,86;EUR;C05-Rocío
F2025-000549;2;24/12/2025;CLI0120;S11;48,74;26,96;5;1248,33;EUR;C04-Andrés
F2025-000549;3;24/12/2025;CLI0120;S15;2,00;84,21;0;168,42;EUR;C03-Lucía
F2025-000550;1;04/04/2025;CLI0237;S09;245,30;43,16;10;9528,43;EUR;C05-Rocío
F2025-000551;1;24/11/2025;CLI0383;S09;168,97;45,38;0;7667,86;EUR;C04-Andrés
F2025-000551;2;24/11/2025;CLI0383;S09;76,75;41,44;0;3180,52;EUR;C01-Marta
F2025-000552;1;08/05/2025;CLI0056;S10;111,06;9,14;0;1015,09;EUR;C04-Andrés
F2025-000552;2;08/05/2025;CLI0056;S10;290,78;8,38;0;2436,74;EUR;C04-Andrés
F2025-000552;3;08/05/2025;CLI0056;S10;88,58;9,14;0;809,62;EUR;C04-Andrés
F2025-000552;4;08/05/2025;cli0056;S14;12,00;213,87;0;2566,44;EUR;C04-Andrés
F2025-000553;1;09/11/2025;CLI0051;S14;5,00;219,05;0;1095,25;EUR;C04-Andrés
F2025-000553;2;09/11/2025;CLI0051;S05;614,49;3,38;0;2076,98;EUR;C05-Rocío
F2025-000553;3;09/11/2025;CLI0051;S15;1,00;85,10;0;85,10;EUR;C04-Andrés
F2025-000554;1;22/04/2025;CLI0207;S10;233,50;9,11;0;2127,18;EUR;C03-Lucía
F2025-000554;2;22/04/2025;CLI0207;S15;1,00;83,80;0;83,80;EUR;C05-Rocío
F2025-000554;3;22/04/2025;CLI0207;S15;2,00;89,08;0;178,16;EUR;C05-Rocío
F2025-000554;4;22/04/2025;CLI0207;S10;367,36;8,89;5;3102,54;EUR;C03-Lucía
F2025-000555;1;19/02/2025;CLI0051;S14;14,00;215,38;0;3015,32;EUR;C03-Lucía
F2025-000555;2;19/02/2025;CLI0051;S05;310,54;3,45;0;1071,36;EUR;C03-Lucía
F2025-000555;3;19/02/2025;CLI0051;S06;2491,31;1,18;5;2792,76;EUR;C03-Lucía
F2025-000555;4;19/02/2025;CLI0051;S05;87,62;3,45;0;302,29;EUR;C03-Lucía
F2025-000556;1;08/12/2025;CLI0056;S10;2941,63;8,84;0;26004,01;EUR;C04-Andrés
F2025-000556;2;08/12/2025;CLI0056;S10;49,00;8,33;5;387,76;EUR;C04-Andrés
F2025-000556;3;08/12/2025;CLI0056;S15;4,00;87,91;5;334,06;EUR;C04-Andrés
F2025-000556;4;08/12/2025;CLI0056;S10;1651,65;8,46;0;13972,96;EUR;C02-Javier
F2025-000557;1;23/10/2025;CLI0030;S14;16,00;213,70;5;3248,24;EUR;C01-Marta
F2025-000557;2;23/10/2025;CLI0030;S01;244,29;95,36;0;23295,49;EUR;C03-Lucía
F2025-000557;3;23/10/2025;CLI0030;S11;22,60;24,54;0;554,60;EUR;C01-Marta
F2025-000558;1;04/06/2025;CLI0094;S08;2922,41;2,51;0;7335,25;EUR;C05-Rocío
F2025-000559;1;20/05/2025;CLI0202;S05;364,69;3,38;5;1171,02;EUR;C01-Marta
F2025-000559;2;20/05/2025;CLI0202;S05;1462,16;3,45;0;5044,45;EUR;C02-Javier
F2025-000560;1;19/02/2025;CLI0158;S09;69,86;42,93;0;2999,09;EUR;C03-Lucía
F2025-000560;2;19/02/2025;CLI0158;S09;144,51;44,27;0;6397,46;EUR;C05-Rocío
F2025-000560;3;19/02/2025;CLI0158;S09;231,82;45,30;0;10501,45;EUR;C03-Lucía
F2025-000560;4;19/02/2025;CLI0158;S09;64,30;43,93;15;2400,99;EUR;C03-Lucía
F2025-000561;1;25/09/2025;CLI0212;S04;1016,94;14,85;5;14346,48;EUR;C02-Javier
F2025-000561;2;25/09/2025;CLI0212;S03;11,99;40,51;0;485,71;EUR;C05-Rocío
F2025-000562;1;25/10/2025;CLI0158;S09;171,27;42,86;0;7340,63;EUR;C04-Andrés
F2025-000562;2;25/10/2025;CLI0158;S09;122,48;43,68;10;4814,93;EUR;C04-Andrés
F2025-000563;1;21/12/2025;CLI0395;S11;78,35;25,38;15;1690,24;EUR;C03-Lucía
F2025-000564;1;07/02/2025;CLI0290;S15;4,00;90,92;10;327,31;EUR;C02-Javier
F2025-000564;2;07/02/2025;CLI0290;S10;64,09;8,41;0;539,00;EUR;C01-Marta
F2025-000564;3;07/02/2025;CLI0290;S10;305,88;8,82;5;2562,97;EUR;C02-Javier
F2025-000564;4;07/02/2025;CLI0290;S10;1948,52;8,82;15;14608,05;EUR;C01-Marta
F2025-000565;1;26/07/2025;CLI0133;S15;2,00;90,57;0;181,14;EUR;C04-Andrés
F2025-000566;1;10/05/2025;CLI0095;S09;110,19;44,15;5;4621,64;EUR;C04-Andrés
F2025-000567;1;26/11/2025;CLI0325;S02;166,48;6,53;0;1087,11;EUR;C01-Marta
F2025-000567;2;26/11/2025;CLI0325;S02;1715,15;6,94;0;11903,14;EUR;C03-Lucía
F2025-000568;1;24/07/2025;CLI0096;S08;2211,43;2,59;0;5727,60;EUR;C04-Andrés
F2025-000568;2;24/07/2025;CLI0096;S14;16,00;225,00;0;3600,00;EUR;C05-Rocío
F2025-000568;3;24/07/2025;CLI0096;S08;949,89;2,42;5;2183,80;EUR;C02-Javier
F2025-000569;1;18/04/2025;CLI0136;S11;26,39;25,44;0;671,36;EUR;C04-Andrés
F2025-000570;1;17/01/2025;CLI0175;S10;632,42;8,33;0;5268,06;EUR;C01-Marta
F2025-000570;2;17/01/2025;CLI0175;S10;567,86;8,36;0;4747,31;EUR;C04-Andrés
F2025-000570;2;17/01/2025;CLI0175;S10;567,86;8,36;0;4747,31;EUR;C04-Andrés
F2025-000571;1;21/02/2025;CLI0221;S10;218,49;8,44;0;1844,06;EUR;C04-Andrés
F2025-000571;2;21/02/2025;CLI0221;S13;1,00;680,92;0;680,92;EUR;C05-Rocío
F2025-000571;3;21/02/2025;CLI0221;S10;56,21;8,32;0;467,67;EUR;C01-Marta
F2025-000572;1;27/03/2025;cli0180;S08;3115,34;2,53;0;7881,81;EUR;C03-Lucía
F2025-000572;2;27/03/2025;CLI0180;S08;1521,55;2,54;5;3671,50;EUR;C01-Marta
F2025-000573;1;16/04/2025;CLI0113;S09;262,87;45,10;10;10669,89;EUR;C02-Javier
F2025-000574;1;04/12/2025;CLI0329;S14;14,00;216,59;15;2577,42;EUR;C02-Javier
F2025-000575;1;11/01/2025;CLI0040;S08;2421,51;2,38;0;5763,19;EUR;C03-Lucía
F2025-000575;2;11/01/2025;CLI0040;S08;238,34;2,36;0;562,48;EUR;C05-Rocío
F2025-000575;3;11/01/2025;CLI0040;S08;7604,21;2,56;0;19466,78;EUR;C03-Lucía
F2025-000576;1;02/06/2025;CLI0158;S09;336,13;43,67;5;13944,86;EUR;C05-Rocío
F2025-000576;1;02/06/2025;CLI0158;S09;336,13;43,67;5;13944,86;EUR;C05-Rocío
F2025-000576;2;02/06/2025;CLI0158;S14;13,00;210,39;0;2735,07;EUR;C01-Marta
F2025-000577;1;19/05/2025;CLI0089;S05;29,22;3,14;0;91,75;EUR;C02-Javier
F2025-000577;2;19/05/2025;CLI0089;S06;5135,32;1,15;15;5019,78;EUR;C03-Lucía
F2025-000577;3;19/05/2025;CLI0089;S05;852,94;3,42;0;2917,05;EUR;C05-Rocío
F2025-000577;4;19/05/2025;CLI0089;S05;74,76;3,44;5;244,32;EUR;C01-Marta
F2025-000578;1;25/04/2025;CLI0296;S05;53,52;3,29;0;176,08;EUR;C01-Marta
F2025-000579;1;12/04/2025;CLI0299;S07;23,76;1,59;5;35,89;EUR;C04-Andrés
F2025-000579;2;12/04/2025;CLI0299;S07;2007,93;1,67;0;3353,24;EUR;C04-Andrés
F2025-000580;1;13/09/2025;CLI0076;S14;11,00;211,95;0;2331,45;EUR;C05-Rocío
F2025-000581;1;16/10/2025;CLI0158;S09;64,63;45,20;10;2629,15;EUR;C02-Javier
F2025-000581;2;16/10/2025;CLI0158;S15;4,00;86,96;0;347,84;EUR;C02-Javier
F2025-000582;1;27/09/2025;CLI0336;S05;148,94;3,31;0;492,99;EUR;C04-Andrés
F2025-000582;2;27/09/2025;CLI0336;S13;1,00;683,93;0;683,93;EUR;C04-Andrés
F2025-000582;3;27/09/2025;CLI0336;S05;143,27;3,43;0;491,42;EUR;C05-Rocío
F2025-000582;4;27/09/2025;CLI0336;S06;1037,38;1,15;0;1192,99;EUR;C01-Marta
F2025-000583;1;04/06/2025;CLI0027;S05;1118,64;3,30;5;3506,94;EUR;C03-Lucía
F2025-000583;2;04/06/2025;CLI0027;S05;380,97;3,28;0;1249,58;EUR;C04-Andrés
F2025-000583;3;04/06/2025;CLI0027;S05;551,63;3,26;0;1798,31;EUR;C05-Rocío
F2025-000583;4;04/06/2025;CLI0027;S05;424,52;3,18;0;1349,97;EUR;C05-Rocío
F2025-000584;1;09/12/2025;CLI0141;S10;512,17;8,71;5;4237,95;EUR;C03-Lucía
F2025-000584;2;09/12/2025;CLI0141;S10;941,02;9,08;0;8544,46;EUR;C04-Andrés
F2025-000585;1;05/08/2025;CLI0296;S13;1,00;662,16;15;562,84;EUR;C05-Rocío
F2025-000585;2;05/08/2025;CLI0296;S15;2,00;90,13;10;162,23;EUR;C05-Rocío
F2025-000586;1;27/08/2025;CLI0101;S10;428,53;8,35;0;3578,23;EUR;C01-Marta
F2025-000587;1;12/08/2025;CLI0080;S11;30,98;26,54;0;822,21;EUR;C03-Lucía
F2025-000587;2;2025-08-12;CLI0080;S11;22,48;27,04;5;577,47;EUR;C04-Andrés
F2025-000588;1;23/05/2025;CLI0035;S07;499,34;1,59;0;793,95;EUR;C01-Marta
F2025-000589;1;07/03/2025;CLI0212;S03;44,81;39,67;5;;EUR;C02-Javier
F2025-000589;2;07/03/2025;CLI0212;S04;1296,66;14,23;0;18451,47;EUR;C04-Andrés
F2025-000590;1;11/06/2025;CLI0094;S07;495,50;1,72;5;809,65;EUR;C02-Javier
F2025-000590;2;11/06/2025;CLI0094;S08;16795,79;2,50;0;41989,48;EUR;C04-Andrés
F2025-000591;1;24/04/2025;CLI0051;S05;1067,21;3,24;0;3457,76;EUR;C05-Rocío
F2025-000591;2;24/04/2025;CLI0051;S13;1,00;693,78;0;693,78;EUR;C05-Rocío
F2025-000591;3;24/04/2025;CLI0051;S06;520,59;1,18;10;552,87;EUR;C01-Marta
F2025-000592;1;03/04/2025;CLI0370;S13;1,00;642,96;0;642,96;EUR;C02-Javier
F2025-000592;2;03/04/2025;CLI0370;S06;3145,18;1,16;0;3648,41;EUR;C05-Rocío
F2025-000592;3;03/04/2025;CLI0370;S06;2456,80;1,17;0;2874,46;EUR;C03-Lucía
F2025-000593;1;20/10/2025;CLI0207;S14;7,00;224,14;0;1568,98;EUR;C02-Javier
F2025-000593;2;20/10/2025;CLI0207;S10;714,26;8,55;5;5801,58;EUR;C03-Lucía
F2025-000593;3;20/10/2025;CLI0207;S10;695,55;8,42;0;5856,53;EUR;C01-Marta
F2025-000593;4;20/10/2025;CLI0207;S10;197,94;8,85;0;1751,77;EUR;C05-Rocío
F2025-000594;1;01/04/2025;CLI0045;S05;224,95;3,38;5;722,31;EUR;C04-Andrés
F2025-000594;2;01/04/2025;CLI0045;S14;16,00;218,98;0;3503,68;EUR;C04-Andrés
F2025-000594;3;01/04/2025;CLI0045;S05;138,40;3,26;0;451,18;EUR;C01-Marta
F2025-000594;4;01/04/2025;CLI0045;S05;480,92;3,29;5;1503,12;EUR;C05-Rocío
F2025-000595;1;09/04/2025;CLI0380;S05;430,62;3,36;0;1446,88;EUR;C05-Rocío
F2025-000595;2;09/04/2025;CLI0380;S06;1001,30;1,16;0;1161,51;EUR;C04-Andrés
F2025-000596;1;05/04/2025;CLI0095;S09;102,14;41,40;5;4017,17;EUR;C05-Rocío
F2025-000597;1;03/01/2025;CLI0158;S09;152,96;41,48;0;6344,78;EUR;C04-Andrés
F2025-000597;2;03/01/2025;CLI0158;S09;261,84;45,31;5;11270,77;EUR;C04-Andrés
F2025-000598;1;16/08/2025;CLI0024;S15;4,00;89,74;5;341,01;EUR;C01-Marta
F2025-000599;1;16/09/2025;CLI0292;S05;316,74;3,18;0;1007,23;EUR;C02-Javier
F2025-000599;2;16/09/2025;CLI0292;S05;171,54;3,33;0;571,23;EUR;C03-Lucía
F2025-000599;3;16/09/2025;CLI0292;S05;276,42;3,20;5;840,32;EUR;C05-Rocío
F2025-000600;1;21/06/2025;CLI0020;S06;2418,76;1,18;0;2854,14;EUR;C04-Andrés
F2025-000600;2;21/06/2025;CLI0020;S06;4016,21;1,12;0;4498,16;EUR;C04-Andrés
F2025-000601;1;02/02/2025;cli0044;S08;2077,80;2,59;0;5381,50;EUR;C01-Marta
F2025-000601;2;02/02/2025;CLI0044;S07;746,25;1,68;5;1191,02;EUR;C02-Javier
F2025-000601;3;02/02/2025;CLI0044;S07;233,49;1,63;0;380,59;EUR;C05-Rocío
F2025-000601;4;02/02/2025;CLI0044;S15;4,00;91,55;0;366,20;EUR;C03-Lucía
F2025-000602;1;19/09/2025;CLI0330;S07;307,74;1,63;0;501,62;EUR;C02-Javier
F2025-000602;2;19/09/2025;CLI0330;S08;3057,39;2,50;0;7643,47;EUR;C01-Marta
F2025-000602;3;19/09/2025;CLI0330;S14;2,00;223,33;5;424,33;EUR;C05-Rocío
F2025-000602;4;19/09/2025;CLI0330;S08;4124,33;2,51;5;9834,46;EUR;C05-Rocío
F2025-000603;1;09/05/2025;CLI0051;S05;274,70;3,25;15;758,86;EUR;C04-Andrés
F2025-000603;2;09/05/2025;CLI0051;S14;4,00;226,36;0;905,44;EUR;C04-Andrés
F2025-000603;3;09/05/2025;CLI0051;S06;1225,95;1,18;10;1301,96;EUR;C01-Marta
F2025-000603;4;09/05/2025;CLI0051;S06;1916,28;1,14;15;1856,88;EUR;C03-Lucía
F2025-000604;1;27/01/2025;CLI0158;S09;138,41;41,91;10;5220,69;EUR;C04-Andrés
F2025-000605;1;03/03/2025;CLI0296;S06;1018,78;1,13;0;1151,22;EUR;C03-Lucía
F2025-000606;1;20/11/2025;CLI0371;S10;517,98;9,06;0;4692,90;EUR;C05-Rocío
F2025-000607;1;21/04/2025;CLI0114;S09;171,39;42,19;0;7230,94;EUR;C05-Rocío
F2025-000607;2;21/04/2025;CLI0114;S09;195,33;45,00;5;8350,36;EUR;C02-Javier
F2025-000608;1;05/09/2025;CLI0029;S07;283,11;1,67;5;449,15;EUR;C04-Andrés
F2025-000609;1;01/12/2025;CLI0287;S10;57,04;8,36;5;453,01;EUR;C01-Marta
F2025-000609;2;01/12/2025;CLI0287;S10;1165,56;8,75;0;10198,65;EUR;C01-Marta
F2025-000609;3;01/12/2025;CLI0287;S10;328,14;8,91;0;2923,73;EUR;C03-Lucía
F2025-000609;4;01/12/2025;CLI0287;S10;733,81;8,91;0;6538,25;EUR;C03-Lucía
F2025-000610;1;12/02/2025;CLI0370;S06;3276,69;1,16;10;3420,86;EUR;C03-Lucía
F2025-000611;1;05/11/2025;CLI0078;S10;202,45;8,94;5;1719,41;EUR;C01-Marta
F2025-000611;2;05/11/2025;CLI0078;S10;604,25;8,37;0;5057,57;EUR;C01-Marta
F2025-000611;3;05/11/2025;CLI0078;S15;4,00;85,83;5;326,15;EUR;C05-Rocío
F2025-000612;1;07/05/2025;CLI0095;S09;133,46;43,27;15;4908,59;EUR;C01-Marta
F2025-000613;1;14/06/2025;CLI0236;S15;3,00;91,88;0;275,64;EUR;C04-Andrés
F2025-000613;2;14/06/2025;CLI0236;S05;382,06;3,42;0;1306,65;EUR;C03-Lucía
F2025-000613;3;14/06/2025;CLI0236;S05;180,26;3,38;0;609,28;EUR;C04-Andrés
F2025-000613;4;14/06/2025;CLI0236;S05;1368,32;3,13;5;4068,70;EUR;C04-Andrés
F2025-000614;1;20/10/2025;CLI0021;S07;177,63;1,70;0;301,97;EUR;C01-Marta
F2025-000615;1;21/10/2025;CLI0207;S10;555,03;9,08;0;5039,67;EUR;C03-Lucía
F2025-000615;2;21/10/2025;CLI0207;S10;1459,78;8,42;5;11676,78;EUR;C04-Andrés
F2025-000615;3;21/10/2025;CLI0207;S15;2,00;85,32;0;170,64;EUR;C04-Andrés
F2025-000616;1;20/05/2025;CLI0093;S15;2,00;86,95;0;173,90;EUR;C03-Lucía
F2025-000616;2;20/05/2025;CLI0093;S14;14,00;219,18;0;3068,52;EUR;C04-Andrés
F2025-000616;3;20/05/2025;CLI0093;S13;1,00;661,75;0;661,75;EUR;C01-Marta
F2025-000616;4;20/05/2025;CLI0093;S10;650,23;8,59;0;5585,48;EUR;C03-Lucía
F2025-000617;1;22/11/2025;CLI0097;S09;214,53;44,10;0;9460,77;EUR;C01-Marta
F2025-000617;2;22/11/2025;CLI0097;S09;166,86;44,64;0;7448,63;EUR;C03-Lucía
F2025-000617;3;22/11/2025;CLI0097;S09;245,29;43,26;10;9550,12;EUR;C03-Lucía
F2025-000618;1;16/09/2025;CLI0372;S09;230,65;44,97;5;9853,71;EUR;C03-Lucía
F2025-000619;1;04/03/2025;CLI0078;S10;295,73;8,74;5;2455,45;EUR;C01-Marta
F2025-000619;2;04/03/2025;CLI0078;S10;1283,91;8,48;0;10887,56;EUR;C01-Marta
F2025-000620;1;15/03/2025;CLI0158;S09;67,69;45,04;5;2896,32;EUR;C05-Rocío
F2025-000620;2;15/03/2025;CLI0158;S09;181,53;44,71;0;8116,21;EUR;C02-Javier
F2025-000621;1;25/03/2025;CLI0060;S15;3,00;84,69;0;254,07;EUR;C03-Lucía
F2025-000621;2;25/03/2025;CLI0060;S02;158,62;6,60;0;1046,89;EUR;C02-Javier
F2025-000621;3;25/03/2025;CLI0060;S01;88,23;95,46;0;8422,44;EUR;C05-Rocío
F2025-000621;4;25/03/2025;CLI0060;S13;1,00;656,85;0;656,85;EUR;C04-Andrés
F2025-000622;1;17/09/2025;CLI0078;S10;277,65;8,64;0;2398,90;EUR;C03-Lucía
F2025-000623;1;09/06/2025;CLI0207;S10;112,77;8,44;5;904,19;EUR;C03-Lucía
F2025-000623;2;09/06/2025;CLI0207;S10;241,54;8,53;0;2060,34;EUR;C03-Lucía
F2025-000623;3;09/06/2025;CLI0207;S10;270,67;9,16;0;2479,34;EUR;C05-Rocío
F2025-000623;4;09/06/2025;CLI0207;S13;1,00;650,76;0;650,76;EUR;C03-Lucía
F2025-000624;1;18/12/2025;CLI0024;S06;3431,21;1,13;0;3877,27;EUR;C01-Marta
F2025-000624;2;18/12/2025;CLI0024;S06;568,18;1,16;0;659,09;EUR;C02-Javier
F2025-000625;1;26/04/2025;CLI0304;S05;191,47;3,30;0;631,85;EUR;C01-Marta
F2025-000625;2;26/04/2025;CLI0304;S05;336,02;3,42;0;1149,19;EUR;C05-Rocío
F2025-000626;1;19/08/2025;CLI0101;S15;1,00;90,61;15;77,02;EUR;C02-Javier
F2025-000627;1;14/12/2025;CLI0356;S10;2332,15;8,56;5;18965,04;EUR;C03-Lucía
F2025-000627;2;14/12/2025;CLI0356;S10;233,66;8,62;15;1712,03;EUR;C01-Marta
F2025-000627;3;14/12/2025;CLI0356;S10;214,63;8,56;0;1837,23;EUR;C04-Andrés
F2025-000627;4;14/12/2025;CLI0356;S10;686,63;8,54;5;5570,63;EUR;C04-Andrés
F2025-000628;1;19/03/2025;CLI0188;S01;358,93;99,80;0;35821,21;EUR;C02-Javier
F2025-000628;2;19/03/2025;CLI0188;S02;801,67;6,46;0;5178,79;EUR;C03-Lucía
F2025-000628;3;19/03/2025;CLI0188;S01;446,20;97,08;0;43317,10;EUR;C04-Andrés
F2025-000628;4;19/03/2025;CLI0188;S15;4,00;83,76;0;335,04;EUR;C01-Marta
F2025-000629;1;19/11/2025;CLI0280;S01;68,36;100,71;0;6884,54;EUR;C01-Marta
F2025-000630;1;22/04/2025;CLI0153;S12;2,00;122,58;0;245,16;EUR;C05-Rocío
F2025-000630;2;22/04/2025;CLI0153;S13;1,00;675,87;0;675,87;EUR;C02-Javier
F2025-000630;3;22/04/2025;CLI0153;S04;727,92;14,95;0;10882,40;EUR;C01-Marta
F2025-000630;4;22/04/2025;CLI0153;S15;2,00;87,11;5;165,51;EUR;C05-Rocío
F2025-000631;1;19/03/2025;CLI0158;S09;685,51;44,03;10;27164,70;EUR;C02-Javier
F2025-000632;1;03/07/2025;CLI0377;S11;7,04;26,98;5;180,44;EUR;C02-Javier
F2025-000633;1;23/06/2025;CLI0342;S13;1,00;655,19;0;655,19;EUR;C03-Lucía
F2025-000633;2;23/06/2025;CLI0342;S10;157,59;8,62;0;1358,43;EUR;C01-Marta
F2025-000634;1;16/01/2025;CLI0042;S10;307,10;10,75;0;3299,89;USD;C05-Rocío
F2025-000635;1;25/06/2025;CLI0249;S15;1,00;90,40;0;90,40;EUR;C02-Javier
F2025-000635;2;25/06/2025;CLI0249;S13;1,00;639,39;0;639,39;EUR;C02-Javier
F2025-000636;1;06/01/2025;CLI0356;S10;723,12;9,12;0;6594,85;EUR;C03-Lucía
F2025-000636;2;06/01/2025;CLI0356;S10;48,70;9,07;5;419,62;EUR;C02-Javier
F2025-000636;3;06/01/2025;CLI0356;S10;173,75;8,38;15;;EUR;C04-Andrés
F2025-000636;4;06/01/2025;CLI0356;S15;2,00;89,14;15;151,54;EUR;C03-Lucía
F2025-000637;1;24/01/2025;CLI0290;S10;311,77;8,37;10;2348,56;EUR;C03-Lucía
F2025-000637;2;24/01/2025;CLI0290;S10;134,60;8,56;0;1152,18;EUR;C01-Marta
F2025-000637;3;24/01/2025;CLI0290;S10;711,77;8,90;0;6334,75;EUR;C05-Rocío
F2025-000637;4;24/01/2025;CLI0290;S10;267,42;8,52;10;2050,58;EUR;C01-Marta
F2025-000638;1;05/04/2025;CLI0263;S01;99,76;99,55;0;9931,11;EUR;C05-Rocío
F2025-000639;1;14/02/2025;CLI0165;S10;277,00;9,08;0;2515,16;EUR;C01-Marta
F2025-000639;2;14/02/2025;CLI0165;S10;235,06;9,19;0;2160,20;EUR;C04-Andrés
F2025-000639;3;14/02/2025;CLI0165;S10;122,26;8,78;0;1073,44;EUR;C03-Lucía
F2025-000640;1;09/08/2025;CLI0051;S05;2122,22;3,29;0;6982,10;EUR;C01-Marta
F2025-000640;2;09/08/2025;CLI0051;S05;501,59;3,23;0;1620,14;EUR;C05-Rocío
F2025-000641;1;09/07/2025;CLI0008;S01;167,75;97,77;0;16400,92;EUR;C04-Andrés
F2025-000642;1;28/06/2025;CLI0349;S13;1,00;651,92;0;651,92;EUR;C02-Javier
F2025-000643;1;09/10/2025;CLI0095;S09;99,86;44,14;5;4187,43;EUR;C02-Javier
F2025-000643;2;09/10/2025;CLI0095;S09;226,28;43,29;10;8816,10;EUR;C01-Marta
F2025-000643;3;09/10/2025;CLI0095;S09;144,36;44,79;0;6465,88;EUR;C01-Marta
F2025-000643;4;09/10/2025;CLI0095;S15;3,00;88,48;0;265,44;EUR;C03-Lucía
F2025-000644;1;07/04/2025;CLI0388;S10;1394,45;8,73;5;11564,87;EUR;C04-Andrés
F2025-000644;2;07/04/2025;CLI0388;S10;903,63;8,77;5;7528,59;EUR;C02-Javier
F2025-000644;3;07/04/2025;CLI0388;S10;97,78;8,68;5;806,29;EUR;C02-Javier
F2025-000645;1;12/08/2025;CLI0101;S10;204,57;9,10;15;1582,35;EUR;C05-Rocío
F2025-000646;1;12/04/2025;CLI0212;S12;3,00;124,11;0;372,33;EUR;C01-Marta
F2025-000646;2;12/04/2025;CLI0212;S03;85,31;39,61;0;3379,13;EUR;C02-Javier
F2025-000646;3;12/04/2025;CLI0212;S12;3,00;126,75;0;380,25;EUR;C01-Marta
F2025-000647;1;24/06/2025;CLI0158;S14;14,00;210,27;0;2943,78;EUR;C02-Javier
F2025-000648;1;17/08/2025;CLI0101;S10;462,86;8,52;0;3943,57;EUR;C01-Marta
F2025-000648;2;17/08/2025;CLI0101;S10;401,30;9,67;15;3299,05;USD;C02-Javier
F2025-000648;3;17/08/2025;CLI0101;S10;56,46;8,84;0;499,11;EUR;C02-Javier
F2025-000649;1;26/11/2025;CLI0297;S10;162,01;8,98;0;1454,85;EUR;C04-Andrés
F2025-000650;1;23/11/2025;CLI0095;S09;219,56;43,37;15;8093,97;EUR;C04-Andrés
F2025-000650;2;23/11/2025;CLI0095;S09;213,17;42,12;5;8529,78;EUR;C03-Lucía
F2025-000650;3;23/11/2025;CLI0095;S09;203,16;41,19;10;7531,34;EUR;C02-Javier
F2025-000650;4;23/11/2025;CLI0095;S09;271,95;44,91;5;11602,61;EUR;C01-Marta
F2025-000651;1;23/11/2025;CLI0068;S06;718,77;1,13;0;812,21;EUR;C03-Lucía
F2025-000651;2;23/11/2025;CLI0068;S05;849,93;3,36;5;2712,98;EUR;C03-Lucía
F2025-000651;3;23/11/2025;CLI0068;S05;73,38;3,22;0;236,28;EUR;C04-Andrés
F2025-000652;1;07/01/2025;CLI0327;S06;6826,84;1,18;0;8055,67;EUR;C01-Marta
F2025-000652;2;07/01/2025;CLI0327;S15;4,00;85,96;0;343,84;EUR;C02-Javier
F2025-000653;1;20/03/2025;CLI0199;S11;12,34;26,15;0;322,69;EUR;C04-Andrés
F2025-000653;2;20/03/2025;CLI0199;S15;2,00;86,28;0;172,56;EUR;C05-Rocío
F2025-000653;3;20/03/2025;CLI0199;S11;17,16;26,17;5;426,62;EUR;C01-Marta
F2025-000654;1;15/01/2025;CLI0317;S10;145,98;8,38;0;1223,31;EUR;C05-Rocío
F2025-000655;1;17/12/2025;CLI0051;S14;2,00;214,74;0;429,48;EUR;C05-Rocío
F2025-000655;2;17/12/2025;CLI0051;S05;120,44;3,19;0;384,20;EUR;C02-Javier
F2025-000656;1;25/08/2025;CLI0207;S10;610,37;8,98;0;5481,12;EUR;C01-Marta
F2025-000656;2;25/08/2025;CLI0207;S10;771,74;8,87;0;6845,33;EUR;C05-Rocío
F2025-000656;3;25/08/2025;CLI0207;S14;14,00;220,34;0;3084,76;EUR;C03-Lucía
F2025-000657;1;16/07/2025;CLI0101;S10;558,94;8,49;0;4745,40;EUR;C05-Rocío
F2025-000658;1;26/08/2025;CLI0291;S13;1,00;657,56;5;624,68;EUR;C03-Lucía
F2025-000658;2;26/08/2025;CLI0291;S15;4,00;84,04;0;336,16;EUR;C02-Javier
F2025-000659;1;07/11/2025;CLI0079;S14;2,00;210,45;5;399,85;EUR;C05-Rocío
F2025-000659;2;07/11/2025;CLI0079;S05;31,47;3,18;0;100,07;EUR;C03-Lucía
F2025-000659;3;07/11/2025;CLI0079;S05;180,18;3,16;0;569,37;EUR;C03-Lucía
F2025-000660;1;17/02/2025;CLI0072;S06;1456,31;1,19;0;1733,01;EUR;C05-Rocío
F2025-000660;2;17/02/2025;CLI0072;S06;1720,43;1,11;5;1814,19;EUR;C02-Javier
F2025-000661;1;23/11/2025;CLI0356;S14;15,00;218,41;0;3276,15;EUR;C03-Lucía
F2025-000661;2;23/11/2025;CLI0356;S10;377,95;8,73;10;2969,55;EUR;C05-Rocío
F2025-000661;3;23/11/2025;CLI0356;S10;84,21;8,97;0;755,36;EUR;C03-Lucía
F2025-000662;1;23/02/2025;CLI0292;S06;5037,39;1,17;0;5893,75;EUR;C04-Andrés
F2025-000663;1;19/11/2025;CLI0308;S09;380,36;43,20;0;16431,55;EUR;C02-Javier
F2025-000663;2;2025-11-19;CLI0308;S09;139,89;42,09;0;5887,97;EUR;C02-Javier
F2025-000664;1;14/12/2025;CLI0089;S06;989,78;1,11;15;933,86;EUR;C05-Rocío
F2025-000665;1;02/10/2025;CLI0251;S05;673,29;3,16;0;2127,60;EUR;C03-Lucía
F2025-000665;2;02/10/2025;CLI0251;S06;1697,81;1,15;0;1952,48;EUR;C01-Marta
F2025-000665;3;02/10/2025;CLI0251;S05;318,65;3,22;0;1026,05;EUR;C02-Javier
F2025-000666;1;24/04/2025;CLI0056;S10;61,06;8,49;0;518,40;EUR;C03-Lucía
F2025-000666;2;24/04/2025;CLI0056;S10;1214,72;8,99;0;10920,33;EUR;C05-Rocío
F2025-000667;1;04/11/2025;CLI0158;S09;193,83;44,37;15;7310,20;EUR;C01-Marta
F2025-000667;2;04/11/2025;CLI0158;S09;77,49;41,48;0;3214,29;EUR;C03-Lucía
F2025-000667;3;04/11/2025;CLI0158;S09;175,24;43,48;10;6857,49;EUR;C01-Marta
F2025-000668;1;09/01/2025;CLI0289;S04;270,31;15,04;0;4065,46;EUR;C01-Marta
F2025-000668;2;09/01/2025;CLI0289;S12;2,00;141,22;5;268,32;USD;C01-Marta
F2025-000668;3;09/01/2025;CLI0289;S04;244,03;17,69;5;4101,83;USD;C05-Rocío
F2025-000668;4;09/01/2025;CLI0289;S04;1611,06;16,67;0;26857,31;USD;C02-Javier
F2025-000669;1;23/02/2025;CLI0095;S09;229,72;43,89;0;10082,41;EUR;C02-Javier
F2025-000669;2;23/02/2025;CLI0095;S09;201,68;43,25;15;7414,26;EUR;C04-Andrés
F2025-000670;1;24/09/2025;CLI0114;S09;105,47;44,10;0;4651,23;EUR;C03-Lucía
F2025-000671;1;03/04/2025;CLI0265;S01;93,32;96,27;5;8534,72;EUR;C05-Rocío
F2025-000671;2;03/04/2025;CLI0265;S01;19,97;99,28;0;1982,62;EUR;C03-Lucía
F2025-000671;3;03/04/2025;CLI0265;S02;409,59;6,85;0;2805,69;EUR;C04-Andrés
F2025-000672;1;27/07/2025;CLI0207;S14;9,00;218,80;0;1969,20;EUR;C01-Marta
F2025-000672;2;27/07/2025;CLI0207;S15;2,00;83,46;0;166,92;EUR;C04-Andrés
F2025-000673;1;27/06/2025;CLI0207;S10;414,12;8,44;0;3495,17;EUR;C05-Rocío
F2025-000673;2;27/06/2025;CLI0207;S10;472,54;8,76;0;4139,45;EUR;C05-Rocío
F2025-000673;3;27/06/2025;CLI0207;S10;497,71;8,82;0;4389,80;EUR;C02-Javier
F2025-000674;1;12/06/2025;CLI0296;S05;478,18;3,45;10;1484,75;EUR;C04-Andrés
F2025-000674;2;12/06/2025;CLI0296;S06;482,00;1,14;0;549,48;EUR;C02-Javier
F2025-000674;3;12/06/2025;CLI0296;S06;6442,86;1,19;0;7667,00;EUR;C04-Andrés
F2025-000674;4;12/06/2025;CLI0296;S05;203,61;3,30;5;638,32;EUR;C01-Marta
F2025-000675;1;21/03/2025;CLI0114;S15;1,00;86,52;0;86,52;EUR;C05-Rocío
F2025-000675;2;21/03/2025;CLI0114;S09;181,10;42,46;5;7305,03;EUR;C01-Marta
F2025-000676;1;28/12/2025;CLI0388;S10;1426,94;9,10;5;12335,90;EUR;C02-Javier
F2025-000676;2;28/12/2025;CLI0388;S10;1577,83;8,55;0;13490,45;EUR;C03-Lucía
F2025-000677;1;12/02/2025;CLI0390;S13;1,00;701,88;0;701,88;EUR;C03-Lucía
F2025-000677;2;12/02/2025;CLI0390;S09;191,81;41,50;5;7562,11;EUR;C03-Lucía
F2025-000677;3;12/02/2025;CLI0390;S15;2,00;89,15;0;178,30;EUR;C03-Lucía
F2025-000677;4;12/02/2025;CLI0390;S15;3,00;84,56;5;241,00;EUR;C05-Rocío
F2025-000678;1;05/11/2025;CLI0051;S05;50,68;3,43;0;173,83;EUR;C01-Marta
F2025-000679;1;22/06/2025;CLI0146;S09;48,53;44,62;5;2057,14;EUR;C03-Lucía
F2025-000679;2;22/06/2025;CLI0146;S09;60,58;42,05;0;2547,39;EUR;C05-Rocío
F2025-000679;3;22/06/2025;CLI0146;S15;1,00;86,10;5;81,79;EUR;C04-Andrés
F2025-000679;4;22/06/2025;CLI0146;S09;63,44;41,86;0;2655,60;EUR;C03-Lucía
F2025-000680;1;03/02/2025;CLI0095;S14;4,00;211,07;15;717,64;EUR;C04-Andrés
F2025-000680;2;03/02/2025;CLI0095;S09;60,34;43,25;10;2348,73;EUR;C03-Lucía
F2025-000681;1;20/02/2025;CLI0370;S05;427,91;3,17;0;1356,47;EUR;C01-Marta
F2025-000681;2;20/02/2025;CLI0370;S06;1143,40;1,14;5;1238,30;EUR;C03-Lucía
F2025-000681;3;20/02/2025;CLI0370;S05;311,33;3,39;10;949,87;EUR;C05-Rocío
F2025-000681;4;20/02/2025;CLI0370;S06;2559,62;1,19;10;2741,35;EUR;C03-Lucía
F2025-000682;1;20/05/2025;CLI0201;S01;93,33;93,00;0;8679,69;EUR;C03-Lucía
F2025-000682;2;20/05/2025;CLI0201;S01;94,69;99,89;0;9458,58;EUR;C04-Andrés
F2025-000683;1;19/12/2025;CLI0318;S06;821,42;1,15;0;944,63;EUR;C02-Javier
F2025-000683;2;19/12/2025;CLI0318;S06;2509,16;1,09;0;2734,98;EUR;C05-Rocío
F2025-000683;3;19/12/2025;CLI0318;S06;845,40;1,14;5;915,57;EUR;C03-Lucía
F2025-000684;1;03/08/2025;CLI0366;S15;4,00;89,12;0;356,48;EUR;C01-Marta
F2025-000684;2;03/08/2025;CLI0366;S06;1520,94;1,10;5;1589,38;EUR;C01-Marta
F2025-000684;3;03/08/2025;CLI0366;S05;5968,84;3,45;0;20592,50;EUR;C04-Andrés
F2025-000684;3;03/08/2025;CLI0366;S05;5968,84;3,45;0;20592,50;EUR;C04-Andrés
F2025-000685;1;10/03/2025;CLI0400;S06;3724,06;1,12;0;4170,95;EUR;C01-Marta
F2025-000685;2;10/03/2025;CLI0400;S13;1,00;655,59;0;655,59;EUR;C04-Andrés
F2025-000685;3;10/03/2025;CLI0400;S06;3018,79;1,16;10;3151,62;EUR;C01-Marta
F2025-000686;1;06/12/2025;CLI0098;S05;325,93;3,40;0;1108,16;EUR;C02-Javier
F2025-000687;1;22/11/2025;CLI0350;S05;275,51;3,26;15;763,44;EUR;C01-Marta
F2025-000687;2;22/11/2025;CLI0350;S06;839,96;1,08;0;907,16;EUR;C02-Javier
F2025-000688;1;06/05/2025;CLI0291;S10;3345,96;8,97;0;30013,26;EUR;C05-Rocío
F2025-000688;2;06/05/2025;CLI0291;S14;12,00;218,52;0;2622,24;EUR;C03-Lucía
F2025-000688;3;06/05/2025;CLI0291;S10;269,02;8,41;0;2262,46;EUR;C05-Rocío
F2025-000689;1;26/07/2025;CLI0051;S06;534,33;1,17;5;593,91;EUR;C05-Rocío
F2025-000690;1;04/02/2025;CLI0044;S14;3,00;223,43;5;636,78;EUR;C04-Andrés
F2025-000690;2;04/02/2025;CLI0044;S08;3498,78;2,36;0;8257,12;EUR;C02-Javier
F2025-000691;1;03/02/2025;CLI0158;S09;207,36;41,37;15;7291,71;EUR;C02-Javier
F2025-000691;2;03/02/2025;CLI0158;S09;155,57;43,82;0;6817,08;EUR;C04-Andrés
F2025-000692;1;05/09/2025;CLI0350;S06;955,99;1,12;0;1070,71;EUR;C04-Andrés
F2025-000692;2;05/09/2025;CLI0350;S06;2147,08;1,10;15;2007,52;EUR;C05-Rocío
F2025-000692;3;05/09/2025;CLI0350;S06;1181,85;1,08;0;1276,40;EUR;C01-Marta
F2025-000692;4;05/09/2025;CLI0350;S06;1627,80;1,18;0;1920,80;EUR;C05-Rocío
F2025-000693;1;15/02/2025;CLI0212;S03;52,07;39,82;5;1969,76;EUR;C03-Lucía
F2025-000693;2;15/02/2025;CLI0212;S04;987,33;14,23;0;14049,71;EUR;C05-Rocío
F2025-000693;3;15/02/2025;CLI0212;S04;143,57;15,09;0;2166,47;EUR;C05-Rocío
F2025-000694;1;02/10/2025;CLI0356;S10;450,44;8,48;10;3437,76;EUR;C04-Andrés
F2025-000694;2;02/10/2025;CLI0356;S13;1,00;694,71;0;694,71;EUR;C01-Marta
F2025-000694;3;02/10/2025;CLI0356;S10;709,69;8,49;15;5121,48;EUR;C03-Lucía
F2025-000695;1;13/05/2025;CLI0200;S11;24,93;25,65;0;639,45;EUR;C02-Javier
F2025-000695;2;13/05/2025;CLI0200;S02;157,93;6,73;5;1009,73;EUR;C01-Marta
F2025-000696;1;13/11/2025;CLI0090;S01;41,06;97,21;0;3991,44;EUR;C03-Lucía
F2025-000697;1;17/10/2025;CLI0226;S13;1,00;671,42;0;671,42;EUR;C04-Andrés
F2025-000698;1;02/03/2025;CLI0325;S01;250,66;102,21;0;25619,96;EUR;C01-Marta
F2025-000698;2;02/03/2025;CLI0325;S01;137,11;101,43;0;13907,07;EUR;C01-Marta
F2025-000698;3;02/03/2025;CLI0325;S01;79,40;98,19;0;7796,29;EUR;C02-Javier
F2025-000699;1;02/11/2025;CLI0245;S06;1272,30;1,08;0;1374,08;EUR;C03-Lucía
F2025-000699;2;02/11/2025;CLI0245;S05;288,83;3,28;5;899,99;EUR;C04-Andrés
F2025-000699;3;02/11/2025;CLI0245;S05;193,93;3,44;0;667,12;EUR;C04-Andrés
F2025-000700;1;24/07/2025;CLI0350;S06;1366,44;1,15;15;1335,70;EUR;C03-Lucía
F2025-000700;2;24/07/2025;CLI0350;S13;1,00;656,64;10;590,98;EUR;C03-Lucía
F2025-000701;1;07/07/2025;CLI0293;S10;475,42;8,39;5;3789,34;EUR;C04-Andrés
F2025-000701;2;07/07/2025;CLI0293;S10;872,78;8,63;0;7532,09;EUR;C03-Lucía
F2025-000701;3;07/07/2025;CLI0293;S15;3,00;88,08;0;264,24;EUR;C01-Marta
F2025-000702;1;08/02/2025;CLI0337;S07;117,09;1,66;0;194,37;EUR;C05-Rocío
F2025-000702;2;08/02/2025;CLI0337;S13;1,00;657,18;5;624,32;EUR;C02-Javier
F2025-000703;1;25/08/2025;CLI0127;S09;305,84;41,56;0;12710,71;EUR;C04-Andrés
F2025-000703;2;25/08/2025;CLI0127;S09;106,30;43,31;0;4603,85;EUR;C04-Andrés
F2025-000703;3;25/08/2025;CLI0127;S15;4,00;88,16;0;352,64;EUR;C05-Rocío
F2025-000704;1;06/03/2025;CLI0024;S05;147,05;3,30;0;485,26;EUR;C04-Andrés
F2025-000705;1;05/12/2025;CLI0094;S14;3,00;219,69;5;626,12;EUR;C05-Rocío
F2025-000705;2;05/12/2025;CLI0094;S08;1571,73;2,50;0;3929,32;EUR;C05-Rocío
F2025-000705;3;05/12/2025;CLI0094;S07;467,55;1,66;5;737,33;EUR;C05-Rocío
F2025-000705;4;05/12/2025;CLI0094;S08;1258,20;2,46;0;3095,17;EUR;C05-Rocío
F2025-000706;1;04/12/2025;CLI0251;S05;411,18;3,27;0;1344,56;EUR;C04-Andrés
F2025-000707;1;20/06/2025;CLI0158;S14;14,00;209,66;5;2788,48;EUR;C02-Javier
F2025-000707;2;20/06/2025;CLI0158;S09;171,95;43,71;0;7515,93;EUR;C04-Andrés
F2025-000707;3;20/06/2025;CLI0158;S09;56,04;42,84;5;2280,72;EUR;C04-Andrés
F2025-000708;1;09/05/2025;CLI0320;S08;175,18;2,36;0;413,42;EUR;C05-Rocío
F2025-000708;2;09/05/2025;CLI0320;S08;2137,22;2,36;15;4287,26;EUR;C01-Marta
F2025-000708;3;09/05/2025;CLI0320;S07;1650,69;1,68;10;2495,84;EUR;C01-Marta
F2025-000709;1;19/05/2025;CLI0380;S06;610,65;1,09;0;665,61;EUR;C03-Lucía
F2025-000709;2;19/05/2025;CLI0380;S06;591,87;1,17;0;692,49;EUR;C05-Rocío
F2025-000709;3;19/05/2025;CLI0380;S06;2219,89;1,13;0;2508,48;EUR;C02-Javier
F2025-000710;1;21/02/2025;CLI0177;S15;2,00;87,86;5;166,93;EUR;C04-Andrés
F2025-000710;2;21/02/2025;CLI0177;S14;8,00;211,79;0;1694,32;EUR;C05-Rocío
F2025-000710;3;21/02/2025;CLI0177;S13;1,00;651,16;0;651,16;EUR;C04-Andrés
F2025-000710;4;21/02/2025;CLI0177;S06;718,96;1,14;0;819,61;EUR;C03-Lucía
F2025-000711;1;05/11/2025;CLI0301;S07;339,90;1,69;0;574,43;EUR;C05-Rocío
F2025-000711;2;05/11/2025;CLI0301;S07;1709,01;1,72;0;2939,50;EUR;C05-Rocío
F2025-000711;3;05/11/2025;CLI0301;S07;273,59;1,61;0;440,48;EUR;C04-Andrés
F2025-000711;4;05/11/2025;CLI0301;S13;1,00;699,57;5;664,59;EUR;C01-Marta
F2025-000712;1;07/06/2025;CLI0025;S14;15,00;206,81;0;3102,15;EUR;C03-Lucía
F2025-000712;2;07/06/2025;CLI0025;S13;1,00;640,71;0;640,71;EUR;C03-Lucía
F2025-000713;1;19/01/2025;CLI0008;S01;90,01;97,08;0;8738,17;EUR;C05-Rocío
F2025-000714;1;07/12/2025;CLI0072;S05;126,07;3,32;0;418,55;EUR;C01-Marta
F2025-000714;2;07/12/2025;CLI0072;S05;314,26;3,14;0;986,78;EUR;C03-Lucía
F2025-000714;3;07/12/2025;CLI0072;S05;124,03;3,44;0;426,66;EUR;C02-Javier
F2025-000714;4;07/12/2025;CLI0072;S06;1508,50;1,18;5;1691,03;EUR;C04-Andrés
F2025-000715;1;12/03/2025;CLI0055;S09;559,20;42,73;0;23894,62;EUR;C03-Lucía
F2025-000715;2;12/03/2025;cli0055;S09;66,12;42,15;0;2786,96;EUR;C05-Rocío
F2025-000716;1;11/07/2025;CLI0159;S04;1444,52;14,18;0;20483,29;EUR;C04-Andrés
F2025-000716;2;11/07/2025;CLI0159;S04;77,22;14,33;10;995,91;EUR;C04-Andrés
F2025-000717;1;02/02/2025;CLI0212;S04;406,91;14,21;0;5782,19;EUR;C01-Marta
F2025-000717;2;02/02/2025;CLI0212;S13;1,00;692,93;0;692,93;EUR;C02-Javier
F2025-000717;3;02/02/2025;CLI0212;S12;3,00;129,48;0;388,44;EUR;C02-Javier
F2025-000717;4;02/02/2025;CLI0212;S04;217,85;14,06;5;2909,82;EUR;C02-Javier
F2025-000718;1;07/02/2025;CLI0198;S02;718,92;6,98;5;4767,16;EUR;C01-Marta
F2025-000718;2;07/02/2025;CLI0198;S01;68,84;96,84;0;6666,47;EUR;C01-Marta
F2025-000718;3;07/02/2025;CLI0198;S02;363,86;6,80;0;2474,25;EUR;C01-Marta
F2025-000719;1;25/09/2025;CLI0095;S09;152,38;45,22;0;6890,62;EUR;C02-Javier
F2025-000719;2;25/09/2025;CLI0095;S09;135,20;44,91;0;6071,83;EUR;C04-Andrés
F2025-000720;1;19/06/2025;CLI0141;S10;729,71;8,94;0;6523,61;EUR;C04-Andrés
F2025-000720;2;19/06/2025;CLI0141;S10;253,63;8,93;0;2264,92;EUR;C01-Marta
F2025-000720;3;19/06/2025;CLI0141;S10;119,29;8,41;0;1003,23;EUR;C03-Lucía
F2025-000720;4;19/06/2025;CLI0141;S10;954,66;9,07;5;8225,83;EUR;C05-Rocío
F2025-000721;1;17/02/2025;CLI0082;S10;146,09;8,54;0;1247,61;EUR;C01-Marta
F2025-000721;2;17/02/2025;CLI0082;S10;168,41;8,94;0;1505,59;EUR;C03-Lucía
F2025-000722;1;03/05/2025;CLI0125;S01;54,21;96,86;0;5250,78;EUR;C05-Rocío
F2025-000722;2;03/05/2025;CLI0125;S02;530,06;6,49;0;3440,09;EUR;C05-Rocío
F2025-000723;1;13/03/2025;CLI0186;S06;3195,97;1,18;0;3771,24;EUR;C03-Lucía
F2025-000723;2;13/03/2025;CLI0186;S05;422,83;3,46;0;1462,99;EUR;C04-Andrés
F2025-000724;1;05/01/2025;CLI0380;S05;69,52;3,19;0;221,77;EUR;C01-Marta
F2025-000724;2;05/01/2025;CLI0380;S05;265,88;3,38;0;898,67;EUR;C01-Marta
F2025-000724;3;05/01/2025;CLI0380;S05;390,19;3,40;5;1260,31;EUR;C01-Marta
F2025-000725;1;08/06/2025;CLI0320;S07;1515,95;1,71;15;2203,43;EUR;C05-Rocío
F2025-000725;2;08/06/2025;CLI0320;S13;1,00;648,74;0;648,74;EUR;C05-Rocío
F2025-000725;3;08/06/2025;CLI0320;S07;761,95;1,63;15;1055,68;EUR;C02-Javier
F2025-000725;4;08/06/2025;CLI0320;S13;1,00;655,99;5;623,19;EUR;C04-Andrés
F2025-000726;1;18/02/2025;CLI0325;S13;1,00;683,90;5;649,70;EUR;C05-Rocío
F2025-000727;1;24/05/2025;CLI0273;S10;121,54;8,37;0;1017,29;EUR;C05-Rocío
F2025-000727;2;24/05/2025;CLI0273;S15;1,00;90,10;0;90,10;EUR;C04-Andrés
F2025-000727;3;24/05/2025;CLI0273;S10;205,12;8,63;0;1770,19;EUR;C03-Lucía
F2025-000727;4;24/05/2025;CLI0273;S10;277,09;8,52;5;2242,77;EUR;C03-Lucía
F2025-000728;1;26/10/2025;CLI0159;S04;122,23;14,09;0;1722,22;EUR;C01-Marta
F2025-000729;1;01/11/2025;CLI0332;S03;65,39;37,81;5;2348,78;EUR;C05-Rocío
F2025-000729;2;01/11/2025;CLI0332;S13;1,00;676,56;5;642,73;EUR;C03-Lucía
F2025-000729;3;01/11/2025;CLI0332;S03;57,72;37,39;0;2158,15;EUR;C02-Javier
F2025-000729;4;01/11/2025;CLI0332;S03;27,86;37,53;0;1045,59;EUR;C01-Marta
F2025-000730;1;10/08/2025;CLI0058;S08;1557,10;2,39;0;3721,47;EUR;C04-Andrés
F2025-000730;2;10/08/2025;CLI0058;S07;395,10;1,73;5;649,35;EUR;C05-Rocío
F2025-000730;3;10/08/2025;CLI0058;S08;1192,24;2,45;0;2920,99;EUR;C03-Lucía
F2025-000730;4;10/08/2025;CLI0058;S13;1,00;683,01;0;683,01;EUR;C04-Andrés
F2025-000731;1;23/06/2025;CLI0213;S13;1,00;683,99;0;683,99;EUR;C03-Lucía
F2025-000731;2;23/06/2025;CLI0213;S10;312,77;8,87;0;2774,27;EUR;C05-Rocío
F2025-000731;3;23/06/2025;CLI0213;S10;7209,74;9,07;0;65392,34;EUR;C01-Marta
F2025-000731;4;23/06/2025;CLI0213;S10;287,00;8,46;5;2306,62;EUR;C01-Marta
F2025-000732;1;08/02/2025;CLI0024;S14;4,00;224,85;0;899,40;EUR;C01-Marta
F2025-000732;2;08/02/2025;CLI0024;S05;2057,61;3,33;5;6509,25;EUR;C02-Javier
F2025-000733;1;21/02/2025;CLI0114;S13;1,00;636,95;0;636,95;EUR;C01-Marta
F2025-000733;2;21/02/2025;CLI0114;S13;1,00;692,22;0;692,22;EUR;C05-Rocío
F2025-000733;3;21/02/2025;CLI0114;S09;92,78;42,92;0;3982,12;EUR;C04-Andrés
F2025-000733;4;21/02/2025;CLI0114;S09;181,75;41,71;0;7580,79;EUR;C04-Andrés
F2025-000734;1;04/01/2025;CLI0370;S05;230,80;3,31;0;763,95;EUR;C02-Javier
F2025-000734;2;04/01/2025;CLI0370;S06;1136,91;1,08;15;1043,68;EUR;C04-Andrés
F2025-000734;3;04/01/2025;CLI0370;S05;81,61;3,31;0;270,13;EUR;C04-Andrés
F2025-000735;1;03/12/2025;CLI0008;S02;574,12;6,76;10;3492,95;EUR;C05-Rocío
F2025-000735;2;03/12/2025;CLI0008;S14;11,00;208,35;10;2062,66;EUR;C01-Marta
F2025-000735;3;03/12/2025;CLI0008;S02;162,83;6,75;0;1099,10;EUR;C04-Andrés
F2025-000736;1;08/07/2025;CLI0215;S14;4,00;219,37;0;877,48;EUR;C05-Rocío
F2025-000736;2;08/07/2025;CLI0215;S08;2282,49;2,53;0;5774,70;EUR;C03-Lucía
F2025-000736;3;08/07/2025;CLI0215;S08;1428,47;2,37;0;3385,47;EUR;C01-Marta
F2025-000737;1;14/03/2025;CLI0309;S13;1,00;815,85;0;815,85;USD;C02-Javier
F2025-000737;2;14/03/2025;CLI0309;S13;1,00;651,57;5;618,99;EUR;C02-Javier
F2025-000737;3;14/03/2025;CLI0309;S04;551,78;17,78;5;9319,50;USD;C05-Rocío
F2025-000737;4;14/03/2025;CLI0309;S14;7,00;214,01;0;1498,07;EUR;C01-Marta
F2025-000738;1;18/01/2025;cli0136;S01;30,17;95,13;0;2870,07;EUR;C05-Rocío
F2025-000739;1;23/04/2025;CLI0277;S02;318,70;7,97;0;2541,41;USD;C04-Andrés
F2025-000740;1;27/03/2025;CLI0335;S15;4,00;83,27;0;333,08;EUR;C01-Marta
F2025-000740;2;27/03/2025;CLI0335;S01;63,29;93,79;0;5935,97;EUR;C02-Javier
F2025-000740;2;27/03/2025;CLI0335;S01;63,29;93,79;0;5935,97;EUR;C02-Javier
F2025-000741;1;11/07/2025;CLI0101;S10;61,73;8,65;15;453,87;EUR;C04-Andrés
F2025-000741;2;11/07/2025;CLI0101;S10;203,37;8,69;0;1767,29;EUR;C05-Rocío
F2025-000741;3;11/07/2025;CLI0101;S10;106,86;8,84;10;850,18;EUR;C02-Javier
F2025-000741;4;11/07/2025;CLI0101;S10;410,68;8,47;0;3478,46;EUR;C02-Javier
F2025-000742;1;22/01/2025;CLI0207;S10;1914,18;8,78;0;16806,50;EUR;C01-Marta
F2025-000743;1;10/10/2025;CLI0170;S06;865,23;1,15;0;995,01;EUR;C01-Marta
F2025-000743;2;10/10/2025;CLI0170;S15;2,00;83,50;0;167,00;EUR;C05-Rocío
F2025-000743;3;10/10/2025;CLI0170;S15;3,00;85,96;15;219,20;EUR;C02-Javier
F2025-000744;1;19/01/2025;CLI0370;S05;140,78;3,44;0;484,28;EUR;C05-Rocío
F2025-000744;2;19/01/2025;CLI0370;S15;1,00;84,40;0;84,40;EUR;C02-Javier
F2025-000745;1;25/04/2025;CLI0280;S02;3278,33;6,77;0;22194,29;EUR;C04-Andrés
F2025-000745;2;25/04/2025;CLI0280;S11;45,09;26,86;0;1211,12;EUR;C03-Lucía
F2025-000745;3;25/04/2025;CLI0280;S11;21,83;25,80;5;535,05;EUR;C05-Rocío
F2025-000746;1;09/08/2025;CLI0057;S07;316,33;1,57;0;496,64;EUR;C04-Andrés
F2025-000746;2;09/08/2025;CLI0057;S08;579,24;2,39;5;1315,16;EUR;C03-Lucía
F2025-000747;1;22/09/2025;CLI0158;S15;3,00;87,80;0;263,40;EUR;C02-Javier
F2025-000747;2;22/09/2025;CLI0158;S09;153,58;43,12;5;6291,25;EUR;C03-Lucía
F2025-000747;3;22/09/2025;CLI0158;S09;229,66;41,90;15;8179,34;EUR;C05-Rocío
F2025-000748;1;14/08/2025;CLI0225;S06;315,24;1,17;10;331,95;EUR;C02-Javier
F2025-000748;2;14/08/2025;CLI0225;S13;1,00;702,21;0;702,21;EUR;C01-Marta
F2025-000748;3;14/08/2025;CLI0225;S05;571,56;3,34;15;1622,66;EUR;C02-Javier
F2025-000748;4;14/08/2025;cli0225;S06;1180,26;1,15;0;1357,30;EUR;C01-Marta
F2025-000749;1;25/08/2025;CLI0024;S14;4,00;205,61;0;822,44;EUR;C05-Rocío
F2025-000750;1;24/12/2025;CLI0024;S14;8,00;220,79;0;1766,32;EUR;C02-Javier
F2025-000750;2;24/12/2025;CLI0024;S05;279,81;3,19;5;847,96;EUR;C04-Andrés
F2025-000751;1;10/05/2025;CLI0201;S11;17,51;26,58;0;465,42;EUR;C03-Lucía
F2025-000751;2;10/05/2025;CLI0201;S02;756,46;6,87;15;4417,35;EUR;C01-Marta
F2025-000751;3;10/05/2025;CLI0201;S02;448,98;6,43;15;2453,90;EUR;C04-Andrés
F2025-000751;4;10/05/2025;CLI0201;S11;46,94;25,17;0;1181,48;EUR;C04-Andrés
F2025-000752;1;25/09/2025;CLI0101;S10;637,77;9,25;0;5902,42;USD;C05-Rocío
F2025-000752;2;25/09/2025;CLI0101;S10;946,90;9,25;5;8325,18;USD;C02-Javier
F2025-000752;3;25/09/2025;CLI0101;S10;630,35;9,96;0;6277,17;USD;C02-Javier
F2025-000753;1;25/08/2025;CLI0222;S02;1413,41;6,91;0;9766,66;EUR;C02-Javier
F2025-000753;2;25/08/2025;CLI0222;S01;309,65;95,61;0;29605,64;EUR;C01-Marta
F2025-000753;3;25/08/2025;CLI0222;S02;351,77;6,87;0;2416,66;EUR;C01-Marta
F2025-000753;3;25/08/2025;CLI0222;S02;351,77;6,87;0;2416,66;EUR;C01-Marta
F2025-000754;1;14/12/2025;CLI0078;S13;1,00;679,13;0;679,13;EUR;C03-Lucía
F2025-000754;2;14/12/2025;CLI0078;S10;152,40;8,43;0;1284,73;EUR;C03-Lucía
F2025-000754;3;14/12/2025;CLI0078;S10;411,82;8,76;0;3607,54;EUR;C01-Marta
F2025-000755;1;22/05/2025;CLI0228;S05;180,40;3,25;0;586,30;EUR;C05-Rocío
F2025-000755;2;22/05/2025;CLI0228;S05;162,86;3,25;0;529,30;EUR;C01-Marta
F2025-000755;3;22/05/2025;CLI0228;S06;589,53;1,08;0;636,69;EUR;C05-Rocío
F2025-000756;1;09/12/2025;CLI0051;S06;635,93;1,09;5;658,51;EUR;C02-Javier
F2025-000756;2;09/12/2025;CLI0051;S05;1031,11;3,23;0;3330,49;EUR;C02-Javier
F2025-000757;1;16/07/2025;CLI0087;S10;303,34;9,11;0;2763,43;EUR;C03-Lucía
F2025-000757;2;16/07/2025;CLI0087;S10;550,11;9,63;0;5298,74;USD;C03-Lucía
F2025-000758;1;16/05/2025;CLI0212;S12;2,00;127,19;0;254,38;EUR;C05-Rocío
F2025-000758;2;16/05/2025;CLI0212;S12;2,00;124,13;0;248,26;EUR;C04-Andrés
F2025-000758;3;16/05/2025;CLI0212;S13;1,00;685,65;0;685,65;EUR;C05-Rocío
F2025-000758;4;16/05/2025;CLI0212;S03;77,53;37,22;5;2741,38;EUR;C02-Javier
F2025-000759;1;26/12/2025;CLI0372;S09;421,33;43,24;0;18218,31;EUR;C04-Andrés
F2025-000759;2;26/12/2025;CLI0372;S09;144,22;42,11;0;6073,10;EUR;C04-Andrés
F2025-000759;3;26/12/2025;CLI0372;S09;89,01;43,75;0;3894,19;EUR;C04-Andrés
F2025-000760;1;22/07/2025;CLI0096;S07;2021,91;1,72;0;3477,69;EUR;C02-Javier
F2025-000760;2;22/07/2025;CLI0096;S07;157,15;1,65;5;246,33;EUR;C03-Lucía
F2025-000760;3;22/07/2025;CLI0096;S08;2236,63;2,36;5;5014,52;EUR;C04-Andrés
F2025-000760;4;22/07/2025;CLI0096;S08;3377,11;2,49;0;8409,00;EUR;C01-Marta
F2025-000761;1;09/07/2025;CLI0048;S10;397,29;8,71;0;3460,40;EUR;C04-Andrés
F2025-000762;1;03/08/2025;CLI0263;S11;58,73;26,22;10;1385,91;EUR;C01-Marta
F2025-000763;1;02/07/2025;CLI0114;S09;48,43;44,66;0;2162,88;EUR;C03-Lucía
F2025-000763;2;02/07/2025;CLI0114;S15;2,00;86,53;0;173,06;EUR;C05-Rocío
F2025-000763;3;02/07/2025;CLI0114;S09;60,87;42,28;0;2573,58;EUR;C01-Marta
F2025-000763;4;02/07/2025;CLI0114;S14;6,00;215,41;5;1227,84;EUR;C03-Lucía
F2025-000764;1;15/12/2025;CLI0212;S12;2,00;127,60;5;242,44;EUR;C03-Lucía
F2025-000764;2;15/12/2025;CLI0212;S04;1148,86;14,59;0;16761,87;EUR;C01-Marta
F2025-000764;3;15/12/2025;CLI0212;S03;40,24;38,00;0;1529,12;EUR;C05-Rocío
F2025-000765;1;02/04/2025;CLI0212;S04;441,21;14,64;0;6459,31;EUR;C01-Marta
F2025-000765;2;02/04/2025;CLI0212;S15;4,00;87,10;0;348,40;EUR;C04-Andrés
F2025-000765;3;02/04/2025;CLI0212;S04;463,50;14,96;5;6587,26;EUR;C01-Marta
F2025-000765;4;02/04/2025;CLI0212;S15;3,00;90,95;0;272,85;EUR;C02-Javier
F2025-000766;1;09/11/2025;CLI0212;S14;14,00;221,95;5;2951,93;EUR;C05-Rocío
F2025-000766;2;09/11/2025;CLI0212;S04;465,71;14,10;0;6566,51;EUR;C03-Lucía
F2025-000766;3;09/11/2025;CLI0212;S04;353,91;13,80;0;4883,96;EUR;C02-Javier
F2025-000766;4;09/11/2025;CLI0212;S03;77,12;40,54;5;2970,12;EUR;C01-Marta
F2025-000767;1;07/12/2025;CLI0350;S06;652,49;1,12;15;621,17;EUR;C03-Lucía
F2025-000767;2;07/12/2025;CLI0350;S05;541,61;3,38;10;1647,58;EUR;C01-Marta
F2025-000767;3;07/12/2025;CLI0350;S15;2,00;87,92;0;175,84;EUR;C05-Rocío
F2025-000768;1;18/02/2025;CLI0170;S13;1,00;680,89;15;578,76;EUR;C02-Javier
F2025-000768;2;18/02/2025;CLI0170;S06;730,00;1,18;15;732,19;EUR;C04-Andrés
F2025-000768;3;18/02/2025;CLI0170;S05;1266,90;3,14;5;3779,16;EUR;C05-Rocío
F2025-000769;1;03/07/2025;CLI0337;S14;12,00;224,41;0;;EUR;C01-Marta
F2025-000769;2;03/07/2025;CLI0337;S08;298,41;2,55;0;760,95;EUR;C02-Javier
F2025-000769;3;03/07/2025;CLI0337;S07;244,48;1,64;0;400,95;EUR;C03-Lucía
F2025-000770;1;09/03/2025;CLI0276;S14;2,00;222,69;0;445,38;EUR;C05-Rocío
F2025-000770;2;09/03/2025;CLI0276;S02;614,97;6,70;0;4120,30;EUR;C04-Andrés
F2025-000770;3;09/03/2025;CLI0276;S01;165,15;97,58;5;15309,57;EUR;C05-Rocío
F2025-000770;4;09/03/2025;CLI0276;S01;160,11;99,27;5;15099,41;EUR;C05-Rocío
F2025-000771;1;04/02/2025;CLI0051;S13;1,00;693,27;5;658,61;EUR;C04-Andrés
F2025-000772;1;16/07/2025;CLI0048;S10;75,16;8,56;0;643,37;EUR;C01-Marta
F2025-000772;2;16/07/2025;CLI0048;S10;38,37;8,87;0;340,34;EUR;C03-Lucía
F2025-000772;3;16/07/2025;CLI0048;S10;248,73;9,11;0;2265,93;EUR;C01-Marta
F2025-000773;1;17/12/2025;CLI0095;S09;149,12;43,01;0;6413,65;EUR;C02-Javier
F2025-000773;2;17/12/2025;CLI0095;S14;10,00;225,18;0;2251,80;EUR;C01-Marta
F2025-000773;3;17/12/2025;CLI0095;S09;85,88;44,55;0;3825,95;EUR;C03-Lucía
F2025-000774;1;15/05/2025;CLI0051;S13;1,00;663,27;0;663,27;EUR;C03-Lucía
F2025-000775;1;07/10/2025;CLI0095;S09;111,27;44,09;10;4415,30;EUR;C03-Lucía
F2025-000775;2;07/10/2025;CLI0095;S09;202,89;42,73;15;7369,07;EUR;C02-Javier
F2025-000776;1;02/06/2025;CLI0097;S09;134,55;42,67;15;4880,06;EUR;C02-Javier
F2025-000777;1;25/06/2025;CLI0024;S06;1411,50;1,13;0;1594,99;EUR;C04-Andrés
F2025-000777;2;25/06/2025;CLI0024;S06;802,55;1,17;0;938,98;EUR;C03-Lucía
F2025-000777;3;25/06/2025;CLI0024;S15;1,00;83,90;0;83,90;EUR;C03-Lucía
F2025-000777;4;25/06/2025;CLI0024;S05;240,32;3,31;0;795,46;EUR;C03-Lucía
F2025-000778;1;17/07/2025;CLI0350;S15;2,00;89,36;10;160,85;EUR;C02-Javier
F2025-000779;1;22/03/2025;CLI0212;S13;1,00;644,96;0;644,96;EUR;C02-Javier
F2025-000780;1;25/03/2025;CLI0149;S07;61,86;1,63;5;95,79;EUR;C04-Andrés
F2025-000780;2;25/03/2025;CLI0149;S15;4,00;90,44;10;325,58;EUR;C02-Javier
F2025-000780;3;25/03/2025;CLI0149;S07;160,85;1,58;5;241,44;EUR;C01-Marta
F2025-000780;4;25/03/2025;CLI0149;S08;4130,70;2,44;5;9574,96;EUR;C05-Rocío
F2025-000781;1;14/04/2025;CLI0324;S10;142,66;8,66;5;1173,66;EUR;C04-Andrés
F2025-000781;2;14/04/2025;CLI0324;S10;467,75;8,87;0;4148,94;EUR;C01-Marta
F2025-000782;1;04/02/2025;CLI0325;S01;119,04;101,92;0;12132,56;EUR;C01-Marta
F2025-000782;2;04/02/2025;CLI0325;S11;11,77;26,89;0;316,50;EUR;C04-Andrés
F2025-000783;1;09/11/2025;CLI0104;S10;314,97;8,44;0;2658,35;EUR;C05-Rocío
F2025-000783;2;09/11/2025;CLI0104;S10;185,53;8,66;0;1606,69;EUR;C02-Javier
F2025-000783;3;09/11/2025;CLI0104;S13;1,00;662,28;0;662,28;EUR;C02-Javier
F2025-000784;1;02/07/2025;CLI0158;S09;86,80;44,59;15;3289,85;EUR;C05-Rocío
F2025-000784;2;02/07/2025;CLI0158;S09;298,75;44,40;5;12601,27;EUR;C04-Andrés
F2025-000784;3;02/07/2025;CLI0158;S09;57,87;42,34;15;2082,68;EUR;C02-Javier
F2025-000785;1;01/02/2025;CLI0212;S04;41,95;13,93;0;584,36;EUR;C04-Andrés
F2025-000785;2;01/02/2025;CLI0212;S14;10,00;208,04;0;2080,40;EUR;C01-Marta
F2025-000786;1;22/11/2025;CLI0048;S13;1,00;642,99;5;610,84;EUR;C02-Javier
F2025-000787;1;23/03/2025;CLI0247;S10;195,19;8,79;0;1715,72;EUR;C05-Rocío
F2025-000787;2;23/03/2025;CLI0247;S10;960,47;8,81;0;8461,74;EUR;C03-Lucía
F2025-000787;3;23/03/2025;CLI0247;S10;89,66;8,35;0;748,66;EUR;C05-Rocío
F2025-000787;4;23/03/2025;CLI0247;S10;72,28;8,81;15;541,27;EUR;C01-Marta
F2025-000788;1;11/04/2025;CLI0182;S06;1406,68;1,10;0;1547,35;EUR;C02-Javier
F2025-000788;2;11/04/2025;CLI0182;S05;91,56;3,30;0;302,15;EUR;C04-Andrés
F2025-000788;3;11/04/2025;CLI0182;S15;1,00;84,52;0;84,52;EUR;C02-Javier
F2025-000789;1;18/07/2025;CLI0207;S10;51,40;9,16;0;470,82;EUR;C03-Lucía
F2025-000790;1;22/05/2025;CLI0386;S02;280,42;6,78;0;1901,25;EUR;C04-Andrés
F2025-000791;1;08/11/2025;CLI0111;S15;3,00;83,92;0;251,76;EUR;C01-Marta
F2025-000792;1;06/06/2025;CLI0380;S05;672,81;3,19;0;2146,26;EUR;C03-Lucía
F2025-000792;2;06/06/2025;CLI0380;S13;1,00;663,48;0;663,48;EUR;C05-Rocío
F2025-000792;3;06/06/2025;CLI0380;S06;1535,00;1,18;5;1720,73;EUR;C01-Marta
F2025-000793;1;16/03/2025;CLI0094;S08;807,78;2,44;5;1872,43;EUR;C01-Marta
F2025-000793;2;16/03/2025;CLI0094;S08;1189,56;2,52;5;2847,81;EUR;C01-Marta
F2025-000793;3;16/03/2025;CLI0094;S08;1343,42;2,43;5;3101,29;EUR;C03-Lucía
F2025-000794;1;14/12/2025;CLI0370;S05;655,43;3,15;5;1961,37;EUR;C03-Lucía
F2025-000794;2;14/12/2025;CLI0370;S06;859,86;1,14;0;980,24;EUR;C03-Lucía
F2025-000794;3;14/12/2025;CLI0370;S06;1539,72;1,17;10;1621,33;EUR;C02-Javier
F2025-000795;1;07/08/2025;CLI0048;S10;246,28;8,37;5;1958,30;EUR;C02-Javier
F2025-000795;2;07/08/2025;CLI0048;S10;164,13;8,44;0;1385,26;EUR;C01-Marta
F2025-000795;3;07/08/2025;CLI0048;S10;951,81;8,48;0;8071,35;EUR;C01-Marta
F2025-000795;4;07/08/2025;CLI0048;S14;15,00;222,14;5;3165,49;EUR;C05-Rocío
F2025-000796;1;01/05/2025;CLI0212;S12;4,00;127,95;5;486,21;EUR;C03-Lucía
F2025-000796;2;01/05/2025;CLI0212;S03;44,83;39,62;0;1776,16;EUR;C01-Marta
F2025-000796;3;01/05/2025;CLI0212;S03;45,12;40,77;0;1839,54;EUR;C03-Lucía
F2025-000796;4;01/05/2025;CLI0212;S04;1715,50;14,37;0;24651,73;EUR;C02-Javier
F2025-000797;1;18/09/2025;CLI0085;S14;10,00;206,08;0;2060,80;EUR;C05-Rocío
F2025-000797;2;18/09/2025;CLI0085;S09;93,98;43,33;0;4072,15;EUR;C04-Andrés
F2025-000797;3;18/09/2025;CLI0085;S09;56,80;41,99;5;2265,78;EUR;C05-Rocío
F2025-000798;1;10/01/2025;CLI0158;S15;3,00;83,31;0;249,93;EUR;C01-Marta
F2025-000798;2;10/01/2025;CLI0158;S13;1,00;669,01;5;635,56;EUR;C04-Andrés
F2025-000798;3;10/01/2025;CLI0158;S09;181,85;44,22;0;8041,41;EUR;C01-Marta
F2025-000798;4;10/01/2025;CLI0158;S09;122,55;41,30;0;5061,31;EUR;C02-Javier
F2025-000799;1;26/04/2025;CLI0247;S15;2,00;91,36;0;182,72;EUR;C02-Javier
F2025-000800;1;13/02/2025;CLI0212;S03;62,34;39,78;0;2479,89;EUR;C04-Andrés
F2025-000800;2;13/02/2025;CLI0212;S03;46,54;41,05;0;1910,47;EUR;C02-Javier
F2025-000801;1;09/10/2025;CLI0051;S06;3047,85;1,12;0;3413,59;EUR;C01-Marta
F2025-000802;1;25/05/2025;CLI0286;S15;1,00;87,44;0;87,44;EUR;C04-Andrés
F2025-000803;1;21/01/2025;CLI0154;S10;394,13;8,61;0;3393,46;EUR;C04-Andrés
F2025-000803;2;21/01/2025;CLI0154;S10;848,73;9,14;0;7757,39;EUR;C04-Andrés
F2025-000803;3;21/01/2025;CLI0154;S15;4,00;87,15;0;348,60;EUR;C02-Javier
F2025-000804;1;28/08/2025;CLI0012;S07;454,96;1,64;0;746,13;EUR;C03-Lucía
F2025-000804;2;28/08/2025;CLI0012;S13;1,00;659,94;5;626,94;EUR;C04-Andrés
F2025-000804;3;28/08/2025;CLI0012;S14;15,00;217,89;0;3268,35;EUR;C02-Javier
F2025-000804;4;28/08/2025;CLI0012;S08;2769,66;2,50;0;6924,15;EUR;C05-Rocío
F2025-000805;1;16/07/2025;CLI0098;S05;520,54;3,35;0;1743,81;EUR;C05-Rocío
F2025-000805;2;16/07/2025;CLI0098;S15;1,00;89,38;0;89,38;EUR;C04-Andrés
F2025-000805;3;16/07/2025;CLI0098;S13;1,00;690,05;0;690,05;EUR;C02-Javier
F2025-000805;4;16/07/2025;CLI0098;S13;1,00;689,90;0;689,90;EUR;C05-Rocío
F2025-000806;1;07/05/2025;CLI0158;S09;235,11;44,35;15;8863,06;EUR;C01-Marta
F2025-000806;2;07/05/2025;CLI0158;S09;71,69;41,49;0;2974,42;EUR;C05-Rocío
F2025-000807;1;10/06/2025;CLI0311;S13;1,00;654,18;0;654,18;EUR;C04-Andrés
F2025-000807;2;10/06/2025;CLI0311;S07;136,03;1,67;0;227,17;EUR;C05-Rocío
F2025-000807;3;10/06/2025;CLI0311;S07;156,21;1,71;0;267,12;EUR;C05-Rocío
F2025-000807;4;10/06/2025;CLI0311;S08;2410,46;2,35;0;5664,58;EUR;C02-Javier
F2025-000808;1;13/09/2025;CLI0101;S10;293,61;9,13;10;2412,59;EUR;C03-Lucía
F2025-000808;2;13/09/2025;CLI0101;S10;247,70;9,64;10;2148,93;USD;C02-Javier
F2025-000808;3;13/09/2025;CLI0101;S10;256,58;8,59;0;2204,02;EUR;C04-Andrés
F2025-000808;4;13/09/2025;CLI0101;S15;4,00;86,90;5;330,22;EUR;C02-Javier
F2025-000809;1;08/11/2025;CLI0158;S09;95,87;44,42;15;3619,76;EUR;C03-Lucía
F2025-000810;1;27/12/2025;CLI0324;S13;1,00;687,16;0;687,16;EUR;C03-Lucía
F2025-000810;2;27/12/2025;CLI0324;S10;105,09;8,86;0;931,10;EUR;C04-Andrés
F2025-000810;3;27/12/2025;CLI0324;S15;4,00;89,60;0;358,40;EUR;C03-Lucía
F2025-000810;4;27/12/2025;cli0324;S10;367,12;8,87;0;3256,35;EUR;C04-Andrés
F2025-000811;1;2025-03-07;CLI0052;S07;78,33;1,70;10;119,84;EUR;C05-Rocío
F2025-000811;2;07/03/2025;CLI0052;S07;373,22;1,59;0;593,42;EUR;C03-Lucía
F2025-000812;1;14/04/2025;CLI0400;S06;726,24;1,11;0;806,13;EUR;C01-Marta
F2025-000813;1;18/01/2025;CLI0379;S15;1,00;87,50;0;87,50;EUR;C01-Marta
F2025-000813;2;18/01/2025;CLI0379;S08;943,40;2,36;0;2226,42;EUR;C04-Andrés
F2025-000813;3;18/01/2025;CLI0379;S08;2770,81;2,56;0;7093,27;EUR;C03-Lucía
F2025-000813;4;18/01/2025;CLI0379;S14;10,00;215,30;0;2153,00;EUR;C02-Javier
F2025-000814;1;14/08/2025;CLI0207;S10;276,44;8,36;0;2311,04;EUR;C01-Marta
F2025-000814;2;14/08/2025;CLI0207;S10;141,52;8,42;0;1191,60;EUR;C03-Lucía
F2025-000814;3;14/08/2025;CLI0207;S10;128,63;8,75;0;1125,51;EUR;C02-Javier
F2025-000815;1;28/09/2025;CLI0284;S13;1,00;704,02;0;704,02;USD;C03-Lucía
F2025-000816;1;12/05/2025;CLI0292;S06;1199,71;1,08;0;1295,69;EUR;C02-Javier
F2025-000816;2;12/05/2025;CLI0292;S05;453,04;3,22;5;1385,85;EUR;C02-Javier
F2025-000816;3;12/05/2025;CLI0292;S06;1279,66;1,12;5;1361,56;EUR;C05-Rocío
F2025-000816;4;12/05/2025;CLI0292;S05;707,80;3,45;5;2319,81;EUR;C03-Lucía
F2025-000817;1;23/10/2025;CLI0051;S05;683,46;3,30;5;2142,65;EUR;C02-Javier
F2025-000818;1;05/12/2025;CLI0048;S10;73,82;8,32;0;614,18;EUR;C01-Marta
F2025-000818;2;05/12/2025;cli0048;S10;266,92;9,13;0;2436,98;EUR;C03-Lucía
F2025-000819;1;02/12/2025;CLI0215;S07;197,38;1,59;0;313,83;EUR;C02-Javier
F2025-000819;2;02/12/2025;CLI0215;S08;387,91;2,40;0;930,98;EUR;C05-Rocío
F2025-000819;3;02/12/2025;CLI0215;S07;863,11;1,67;0;1441,39;EUR;C01-Marta
F2025-000819;4;02/12/2025;CLI0215;S07;990,92;1,67;0;1654,84;EUR;C03-Lucía
F2025-000820;1;10/09/2025;CLI0078;S10;197,60;9,11;0;1800,14;EUR;C04-Andrés
F2025-000821;1;17/01/2025;CLI0207;S10;142,86;8,79;0;1255,74;EUR;C05-Rocío
F2025-000822;1;22/08/2025;CLI0377;S01;51,57;103,82;5;5086,27;USD;C05-Rocío
F2025-000823;1;05/03/2025;CLI0257;S14;12,00;213,89;5;2438,35;EUR;C03-Lucía
F2025-000824;1;08/01/2025;CLI0292;S06;764,30;1,12;0;856,02;EUR;C03-Lucía
F2025-000824;2;08/01/2025;CLI0292;S05;371,52;3,19;0;1185,15;EUR;C02-Javier
F2025-000825;1;03/05/2025;CLI0292;S05;43,65;3,13;0;136,62;EUR;C03-Lucía
F2025-000825;2;03/05/2025;CLI0292;S14;15,00;211,54;0;3173,10;EUR;C02-Javier
F2025-000825;3;03/05/2025;CLI0292;S06;3211,09;1,11;5;3386,09;EUR;C04-Andrés
F2025-000825;4;03/05/2025;CLI0292;S05;413,48;3,34;5;1311,97;EUR;C03-Lucía
F2025-000826;1;28/03/2025;CLI0102;S05;318,31;3,15;0;1002,68;EUR;C02-Javier
F2025-000826;2;28/03/2025;CLI0102;S05;258,03;3,44;5;843,24;EUR;C02-Javier
F2025-000826;3;28/03/2025;CLI0102;S06;8388,32;1,19;0;9982,10;EUR;C02-Javier
F2025-000826;4;28/03/2025;CLI0102;S06;1499,59;1,29;0;1927,08;USD;C03-Lucía
F2025-000827;1;16/05/2025;CLI0291;S10;251,57;8,73;10;1976,59;EUR;C01-Marta
F2025-000827;2;16/05/2025;cli0291;S10;108,33;8,72;5;897,41;EUR;C02-Javier
F2025-000827;3;16/05/2025;CLI0291;S10;382,03;8,94;10;3073,81;EUR;C04-Andrés
F2025-000828;1;11/06/2025;CLI0190;S15;3,00;91,87;0;275,61;EUR;C04-Andrés
F2025-000829;1;18/05/2025;CLI0151;S10;1059,02;8,43;0;8927,54;EUR;C03-Lucía
F2025-000829;2;18/05/2025;CLI0151;S10;328,67;8,89;5;2775,78;EUR;C05-Rocío
F2025-000829;3;18/05/2025;CLI0151;S14;4,00;215,72;0;862,88;EUR;C03-Lucía
F2025-000829;4;18/05/2025;CLI0151;S10;204,77;8,83;0;1808,12;EUR;C02-Javier
F2025-000830;1;24/09/2025;CLI0350;S05;347,39;3,32;0;1153,33;EUR;C02-Javier
F2025-000830;2;24/09/2025;CLI0350;S05;192,36;3,32;5;606,70;EUR;C01-Marta
F2025-000830;3;24/09/2025;CLI0350;S06;1646,27;1,11;0;1827,36;EUR;C04-Andrés
F2025-000830;4;24/09/2025;CLI0350;S05;149,22;3,31;5;469,22;EUR;C05-Rocío
F2025-000831;1;28/07/2025;CLI0207;S10;169,50;9,01;0;1527,19;EUR;C04-Andrés
F2025-000832;1;27/01/2025;CLI0231;S09;217,21;43,04;0;9348,72;EUR;C05-Rocío
F2025-000833;1;26/08/2025;CLI0292;S05;75,88;3,20;0;242,82;EUR;C01-Marta
F2025-000833;2;26/08/2025;CLI0292;S13;1,00;677,51;0;677,51;EUR;C03-Lucía
F2025-000833;3;26/08/2025;CLI0292;S14;6,00;205,72;0;1234,32;EUR;C03-Lucía
F2025-000833;4;26/08/2025;cli0292;S05;434,26;3,35;5;1382,03;EUR;C04-Andrés
F2025-000834;1;16/02/2025;CLI0025;S08;1277,70;2,46;0;3143,14;EUR;C01-Marta
F2025-000834;2;16/02/2025;CLI0025;S14;7,00;216,74;0;1517,18;EUR;C01-Marta
F2025-000835;1;10/01/2025;CLI0101;S14;13,00;223,37;15;2468,24;EUR;C02-Javier
F2025-000835;2;10/01/2025;CLI0101;S13;1,00;682,61;15;580,22;EUR;C02-Javier
F2025-000835;3;10/01/2025;CLI0101;S13;1,00;699,92;0;699,92;EUR;C03-Lucía
F2025-000835;4;10/01/2025;CLI0101;S10;461,22;9,13;10;3789,84;EUR;C01-Marta
F2025-000836;1;01/07/2025;CLI0400;S06;3230,76;1,10;15;3020,76;EUR;C01-Marta
F2025-000836;2;01/07/2025;CLI0400;S05;273,71;3,40;5;884,08;EUR;C04-Andrés
F2025-000837;1;26/05/2025;CLI0207;S10;539,25;8,99;0;4847,86;EUR;C01-Marta
F2025-000837;2;26/05/2025;CLI0207;S10;512,26;8,98;0;4600,09;EUR;C05-Rocío
F2025-000838;1;18/01/2025;CLI0017;S05;393,50;3,42;5;1278,48;EUR;C04-Andrés
F2025-000838;2;18/01/2025;CLI0017;S05;275,11;3,27;0;899,61;EUR;C03-Lucía
F2025-000838;3;18/01/2025;CLI0017;S13;1,00;687,13;15;584,06;EUR;C04-Andrés
F2025-000838;4;18/01/2025;CLI0017;S06;1596,54;1,08;0;1724,26;EUR;C01-Marta
F2025-000839;1;24/11/2025;CLI0239;S10;1664,49;8,59;0;14297,97;EUR;C02-Javier
F2025-000839;2;24/11/2025;CLI0239;S10;35,58;8,77;0;312,04;EUR;C04-Andrés
F2025-000839;3;24/11/2025;CLI0239;S10;122,67;8,57;0;1051,28;EUR;C05-Rocío
F2025-000840;1;27/01/2025;CLI0333;S15;2,00;83,54;0;167,08;EUR;C03-Lucía
F2025-000840;2;27/01/2025;CLI0333;S14;14,00;221,55;0;3101,70;EUR;C02-Javier
F2025-000840;3;27/01/2025;CLI0333;S01;93,47;96,29;0;9000,23;EUR;C03-Lucía
F2025-000841;1;11/08/2025;CLI0114;S09;162,19;43,27;0;7017,96;EUR;C04-Andrés
F2025-000841;2;11/08/2025;CLI0114;S09;74,44;42,44;0;3159,23;EUR;C02-Javier
F2025-000841;3;11/08/2025;CLI0114;S09;232,44;45,35;5;10014,10;EUR;C03-Lucía
F2025-000841;4;11/08/2025;CLI0114;S09;60,43;44,55;0;2692,16;EUR;C03-Lucía
F2025-000842;1;05/11/2025;CLI0024;S05;61,73;3,28;5;192,35;EUR;C03-Lucía
F2025-000842;2;05/11/2025;CLI0024;S05;521,94;3,45;5;1710,66;EUR;C01-Marta
F2025-000843;1;18/06/2025;CLI0024;S05;188,48;3,31;0;623,87;EUR;C02-Javier
F2025-000843;2;18/06/2025;CLI0024;S05;629,43;3,30;0;2077,12;EUR;C02-Javier
F2025-000843;3;18/06/2025;CLI0024;S06;2165,00;1,12;0;2424,80;EUR;C01-Marta
F2025-000843;4;18/06/2025;CLI0024;S06;2994,61;1,08;0;3234,18;EUR;C05-Rocío
F2025-000844;1;21/09/2025;CLI0097;S09;112,40;44,03;5;4701,52;EUR;C05-Rocío
F2025-000844;2;21/09/2025;CLI0097;S09;153,18;41,52;0;6360,03;EUR;C05-Rocío
F2025-000844;3;21/09/2025;CLI0097;S09;85,66;41,96;10;3234,86;EUR;C01-Marta
F2025-000844;4;21/09/2025;CLI0097;S09;102,52;44,06;5;4291,18;EUR;C04-Andrés
F2025-000845;1;27/10/2025;CLI0348;S10;392,43;8,56;5;3191,24;EUR;C01-Marta
F2025-000845;2;27/10/2025;CLI0348;S15;4,00;89,86;0;359,44;EUR;C04-Andrés
F2025-000845;3;27/10/2025;CLI0348;S10;867,64;8,46;0;7340,23;EUR;C02-Javier
F2025-000846;1;22/10/2025;CLI0095;S09;127,43;43,31;10;4967,09;EUR;C01-Marta
F2025-000846;2;22/10/2025;CLI0095;S14;2,00;224,27;5;426,11;EUR;C02-Javier
F2025-000846;3;22/10/2025;CLI0095;S09;137,23;41,75;10;5156,42;EUR;C05-Rocío
F2025-000846;4;22/10/2025;CLI0095;S14;10,00;208,90;0;2089,00;EUR;C02-Javier
F2025-000847;1;12/11/2025;CLI0399;S13;1,00;698,44;0;698,44;EUR;C03-Lucía
F2025-000847;2;12/11/2025;CLI0399;S10;981,27;8,68;0;8517,42;EUR;C02-Javier
F2025-000847;3;12/11/2025;CLI0399;S14;3,00;213,65;0;640,95;EUR;C04-Andrés
F2025-000847;4;12/11/2025;CLI0399;S10;74,25;8,36;0;620,73;EUR;C03-Lucía
F2025-000848;1;24/09/2025;CLI0367;S05;280,22;3,31;0;927,53;EUR;C03-Lucía
F2025-000849;1;17/10/2025;CLI0016;S02;430,46;6,88;0;2961,56;EUR;C03-Lucía
F2025-000849;2;17/10/2025;CLI0016;S11;40,61;25,17;0;1022,15;EUR;C01-Marta
F2025-000850;1;24/03/2025;CLI0054;S13;1,00;663,82;0;663,82;EUR;C05-Rocío
F2025-000850;2;24/03/2025;CLI0054;S07;653,25;1,63;0;1064,80;EUR;C01-Marta
F2025-000850;3;24/03/2025;CLI0054;S07;401,74;1,72;0;690,99;EUR;C04-Andrés
F2025-000851;1;20/10/2025;CLI0392;S10;174,09;8,59;0;1495,43;EUR;C03-Lucía
F2025-000852;1;16/06/2025;CLI0017;S13;1,00;646,24;10;581,62;EUR;C02-Javier
F2025-000852;2;16/06/2025;CLI0017;S15;4,00;84,72;0;338,88;EUR;C01-Marta
F2025-000852;3;16/06/2025;CLI0017;S06;3242,49;1,16;10;3385,16;EUR;C01-Marta
F2025-000853;1;15/01/2025;CLI0136;S11;46,38;26,24;5;1156,16;EUR;C05-Rocío
F2025-000853;2;15/01/2025;CLI0136;S11;64,53;24,57;0;1585,50;EUR;C02-Javier
F2025-000854;1;11/07/2025;CLI0095;S14;8,00;218,77;15;1487,64;EUR;C04-Andrés
F2025-000855;1;14/08/2025;CLI0095;S13;1,00;667,79;5;634,40;EUR;C01-Marta
F2025-000856;1;27/08/2025;CLI0158;S09;169,43;45,20;0;7658,24;EUR;C02-Javier
F2025-000856;2;27/08/2025;CLI0158;S09;173,13;41,49;5;6824,01;EUR;C01-Marta
F2025-000857;1;07/02/2025;CLI0260;S15;3,00;86,00;0;258,00;EUR;C01-Marta
F2025-000857;2;07/02/2025;CLI0260;S07;258,20;1,57;0;405,37;EUR;C05-Rocío
F2025-000858;1;05/04/2025;CLI0370;S06;304,25;1,14;0;346,84;EUR;C04-Andrés
F2025-000858;2;05/04/2025;CLI0370;S13;1,00;665,67;15;565,82;EUR;C03-Lucía
F2025-000859;1;28/08/2025;CLI0356;S10;260,49;8,42;10;1973,99;EUR;C03-Lucía
F2025-000860;1;11/11/2025;CLI0370;S05;309,81;3,28;0;1016,18;EUR;C01-Marta
F2025-000860;2;11/11/2025;CLI0370;S06;4611,24;1,19;15;4664,27;EUR;C05-Rocío
F2025-000860;3;11/11/2025;CLI0370;S06;836,70;1,12;10;843,39;EUR;C05-Rocío
F2025-000860;4;11/11/2025;CLI0370;S14;15,00;208,53;0;3127,95;EUR;C01-Marta
F2025-000861;1;11/02/2025;cli0213;S10;661,44;8,92;0;5900,04;EUR;C02-Javier
F2025-000861;2;11/02/2025;CLI0213;S10;580,38;8,68;0;5037,70;EUR;C05-Rocío
F2025-000862;1;07/06/2025;CLI0346;S06;2215,40;1,14;0;2525,56;EUR;C02-Javier
F2025-000862;2;07/06/2025;CLI0346;S06;2831,18;1,12;5;3012,38;EUR;C02-Javier
F2025-000862;3;07/06/2025;CLI0346;S05;372,71;3,22;0;1200,13;EUR;C04-Andrés
F2025-000862;4;07/06/2025;CLI0346;S06;1066,70;1,13;0;1205,37;EUR;C02-Javier
F2025-000863;1;11/04/2025;CLI0003;S09;314,37;45,06;0;14165,51;EUR;C05-Rocío
F2025-000863;2;11/04/2025;CLI0003;S09;184,70;41,51;0;7666,90;EUR;C04-Andrés
F2025-000863;3;11/04/2025;CLI0003;S09;115,74;42,08;0;4870,34;EUR;C02-Javier
F2025-000863;4;11/04/2025;CLI0003;S13;1,00;662,96;0;662,96;EUR;C03-Lucía
F2025-000864;1;07/04/2025;CLI0237;S13;1,00;653,14;15;555,17;EUR;C04-Andrés
F2025-000864;2;07/04/2025;CLI0237;S09;40,15;42,68;0;1713,60;EUR;C05-Rocío
F2025-000865;1;08/01/2025;CLI0233;S02;254,51;6,56;0;1669,59;EUR;C03-Lucía
F2025-000865;2;08/01/2025;CLI0233;S11;23,73;26,11;0;619,59;EUR;C04-Andrés
F2025-000865;3;08/01/2025;CLI0233;S01;94,97;95,60;0;9079,13;EUR;C04-Andrés
F2025-000866;1;14/12/2025;CLI0226;S10;779,02;9,18;0;7151,40;EUR;C05-Rocío
F2025-000867;1;05/01/2025;CLI0324;S10;841,50;9,01;15;6444,63;EUR;C01-Marta
F2025-000867;2;05/01/2025;CLI0324;S13;1,00;685,23;10;616,71;EUR;C04-Andrés
F2025-000867;3;05/01/2025;CLI0324;S10;183,08;8,57;0;1569,00;EUR;C05-Rocío
F2025-000867;4;05/01/2025;CLI0324;S10;511,71;8,73;0;4467,23;EUR;C04-Andrés
F2025-000868;1;09/04/2025;CLI0149;S08;510,45;2,42;0;1235,29;EUR;C02-Javier
F2025-000868;2;09/04/2025;CLI0149;S07;1306,68;1,68;0;2195,22;EUR;C03-Lucía
F2025-000869;1;03/06/2025;CLI0247;S13;1,00;699,13;0;699,13;EUR;C01-Marta
F2025-000869;2;03/06/2025;CLI0247;S10;644,06;9,04;10;5240,07;EUR;C04-Andrés
F2025-000869;3;03/06/2025;CLI0247;S10;1561,58;8,67;5;12861,95;EUR;C02-Javier
F2025-000869;4;03/06/2025;CLI0247;S10;728,06;8,71;10;5707,26;EUR;C03-Lucía
F2025-000870;1;26/07/2025;CLI0270;S09;116,23;45,20;5;4990,92;EUR;C01-Marta
F2025-000870;2;26/07/2025;CLI0270;S09;113,26;41,42;0;4691,23;EUR;C05-Rocío
F2025-000871;1;19/04/2025;CLI0024;S14;14,00;221,75;0;3104,50;EUR;C05-Rocío
F2025-000872;1;24/05/2025;CLI0207;S10;764,64;8,34;0;6377,10;EUR;C04-Andrés
F2025-000872;2;24/05/2025;CLI0207;S10;352,60;8,64;5;2894,14;EUR;C03-Lucía
F2025-000873;1;17/02/2025;CLI0051;S13;1,00;673,71;0;673,71;EUR;C02-Javier
F2025-000873;2;17/02/2025;CLI0051;S06;1656,58;1,13;0;1871,94;EUR;C01-Marta
F2025-000873;3;17/02/2025;CLI0051;S05;102,75;3,14;15;274,24;EUR;C03-Lucía
F2025-000874;1;16/10/2025;CLI0322;S06;515,48;1,19;0;613,42;EUR;C04-Andrés
F2025-000874;2;16/10/2025;CLI0322;S13;1,00;700,24;10;630,22;EUR;C03-Lucía
F2025-000874;3;16/10/2025;CLI0322;S14;11,00;210,85;0;2319,35;EUR;C04-Andrés
F2025-000875;1;08/11/2025;CLI0236;S05;132,63;3,14;0;416,46;EUR;C01-Marta
F2025-000876;1;26/07/2025;CLI0356;S10;407,07;8,93;0;3635,14;EUR;C02-Javier
F2025-000877;1;04/10/2025;CLI0051;S06;820,88;1,19;5;928,00;EUR;C01-Marta
F2025-000877;2;04/10/2025;CLI0051;S05;427,70;3,28;5;1332,71;EUR;C03-Lucía
F2025-000878;1;18/03/2025;CLI0386;S01;194,43;94,64;0;18400,86;EUR;C02-Javier
F2025-000879;1;09/05/2025;CLI0174;S07;1136,13;1,62;0;1840,53;EUR;C01-Marta
F2025-000880;1;11/08/2025;CLI0095;S09;75,98;44,88;15;2898,49;EUR;C04-Andrés
F2025-000880;2;11/08/2025;CLI0095;S09;33,57;44,80;10;1353,54;EUR;C05-Rocío
F2025-000880;3;11/08/2025;CLI0095;S09;94,82;45,11;0;4277,33;EUR;C05-Rocío
F2025-000880;4;11/08/2025;CLI0095;S09;90,52;44,19;0;4000,08;EUR;C01-Marta
F2025-000881;1;12/04/2025;CLI0207;S10;117,92;8,99;0;1060,10;EUR;C03-Lucía
F2025-000881;2;12/04/2025;CLI0207;S13;1,00;651,16;5;618,60;EUR;C05-Rocío
F2025-000882;1;20/01/2025;CLI0051;S14;4,00;213,88;5;812,74;EUR;C03-Lucía
F2025-000882;2;20/01/2025;CLI0051;S05;143,48;3,46;5;471,62;EUR;C01-Marta
F2025-000883;1;24/06/2025;CLI0078;S10;617,09;8,66;0;5344,00;EUR;C03-Lucía
F2025-000884;1;27/04/2025;CLI0113;S09;106,83;44,06;0;4706,93;EUR;C05-Rocío
F2025-000884;2;27/04/2025;CLI0113;S09;161,67;42,49;0;6869,36;EUR;C02-Javier
F2025-000885;1;24/07/2025;CLI0051;S14;3,00;226,90;0;680,70;EUR;C04-Andrés
F2025-000886;1;27/08/2025;CLI0207;S14;9,00;210,73;0;1896,57;EUR;C04-Andrés
F2025-000886;2;27/08/2025;CLI0207;S10;415,48;8,85;0;3677,00;EUR;C04-Andrés
F2025-000886;3;27/08/2025;CLI0207;S15;4,00;86,89;0;347,56;EUR;C04-Andrés
F2025-000887;1;01/06/2025;CLI0207;S13;1,00;693,63;0;693,63;EUR;C01-Marta
F2025-000887;2;01/06/2025;CLI0207;S10;110,05;8,43;0;927,72;EUR;C05-Rocío
F2025-000887;3;01/06/2025;CLI0207;S10;423,91;9,07;0;3844,86;EUR;C03-Lucía
F2025-000887;4;01/06/2025;CLI0207;S14;5,00;221,56;0;1107,80;EUR;C02-Javier
F2025-000888;1;01/03/2025;CLI0046;S05;233,45;3,31;0;772,72;EUR;C04-Andrés
F2025-000888;2;01/03/2025;CLI0046;S13;1,00;651,60;0;651,60;EUR;C04-Andrés
F2025-000888;3;01/03/2025;CLI0046;S05;3788,11;3,29;0;12462,88;EUR;C02-Javier
F2025-000889;1;10/03/2025;CLI0185;S15;3,00;86,60;5;246,81;EUR;C03-Lucía
F2025-000889;2;10/03/2025;CLI0185;S09;89,59;43,31;0;3880,14;EUR;C02-Javier
F2025-000889;3;10/03/2025;CLI0185;S09;90,52;43,74;0;3959,34;EUR;C05-Rocío
F2025-000889;4;10/03/2025;CLI0185;S09;201,13;44,73;0;8996,54;EUR;C02-Javier
F2025-000890;1;09/07/2025;CLI0321;S10;2785,27;8,98;0;25011,72;EUR;C05-Rocío
F2025-000890;2;09/07/2025;CLI0321;S10;166,68;9,05;0;1508,45;EUR;C01-Marta
F2025-000890;3;09/07/2025;CLI0321;S10;90,98;9,14;0;831,56;EUR;C01-Marta
F2025-000890;4;09/07/2025;CLI0321;S10;168,52;9,16;5;1466,46;EUR;C03-Lucía
F2025-000891;1;15/12/2025;CLI0097;S09;77,45;43,25;5;3182,23;EUR;C04-Andrés
F2025-000891;2;15/12/2025;CLI0097;S09;110,17;45,10;10;4471,80;EUR;C04-Andrés
F2025-000891;3;15/12/2025;CLI0097;S13;1,00;656,60;5;623,77;EUR;C02-Javier
F2025-000892;1;11/10/2025;CLI0051;S06;1949,08;1,11;15;1838,96;EUR;C04-Andrés
F2025-000892;2;11/10/2025;CLI0051;S13;1,00;636,17;15;540,74;EUR;C01-Marta
F2025-000892;3;11/10/2025;CLI0051;S15;1,00;91,15;5;86,59;EUR;C04-Andrés
F2025-000893;1;25/09/2025;CLI0296;S15;3,00;86,93;5;247,75;EUR;C01-Marta
F2025-000893;2;25/09/2025;CLI0296;S05;277,67;3,21;0;891,32;EUR;C03-Lucía
F2025-000893;3;25/09/2025;CLI0296;S13;1,00;669,63;5;636,15;EUR;C03-Lucía
F2025-000893;4;25/09/2025;CLI0296;S06;7655,07;1,15;10;7923,00;EUR;C03-Lucía
F2025-000894;1;26/07/2025;CLI0114;S09;107,35;43,18;0;4635,37;EUR;C04-Andrés
F2025-000894;2;26/07/2025;CLI0114;S09;56,74;44,46;0;2522,66;EUR;C04-Andrés
F2025-000894;3;26/07/2025;CLI0114;S09;235,92;44,66;5;10009,38;EUR;C05-Rocío
F2025-000894;4;26/07/2025;CLI0114;S15;2,00;89,38;0;178,76;EUR;C03-Lucía
F2025-000895;1;24/04/2025;CLI0101;S10;1957,55;8,68;10;15292,38;EUR;C03-Lucía
F2025-000895;2;24/04/2025;CLI0101;S14;14,00;259,18;5;3447,13;USD;C05-Rocío
F2025-000895;3;24/04/2025;CLI0101;S10;1293,60;9,13;15;10038,98;EUR;C02-Javier
F2025-000896;1;09/04/2025;CLI0046;S13;1,00;683,99;0;683,99;EUR;C03-Lucía
F2025-000896;2;09/04/2025;CLI0046;S05;379,54;3,14;0;1191,76;EUR;C04-Andrés
F2025-000896;3;09/04/2025;CLI0046;S06;1006,80;1,17;0;1177,96;EUR;C05-Rocío
F2025-000897;1;12/04/2025;CLI0370;S06;920,47;1,08;15;844,99;EUR;C01-Marta
F2025-000898;1;02/11/2025;CLI0358;S13;1,00;650,21;5;617,70;EUR;C04-Andrés
F2025-000898;2;02/11/2025;CLI0358;S07;1161,48;1,62;5;1787,52;EUR;C03-Lucía
F2025-000899;1;23/08/2025;CLI0087;S10;352,77;10,06;5;3372,27;USD;C03-Lucía
F2025-000899;2;23/08/2025;CLI0087;S10;131,06;9,98;0;1308,55;USD;C03-Lucía
F2025-000900;1;19/04/2025;CLI0019;S03;15,66;40,77;0;638,46;EUR;C04-Andrés
F2025-000901;1;01/06/2025;CLI0082;S10;73,31;8,51;5;592,67;EUR;C02-Javier
F2025-000901;2;01/06/2025;CLI0082;S10;423,06;8,81;0;3727,16;EUR;C05-Rocío
F2025-000901;3;01/06/2025;CLI0082;S10;178,31;9,17;0;1635,10;EUR;C02-Javier
F2025-000902;1;11/12/2025;CLI0263;S11;12,40;26,42;15;278,47;EUR;C03-Lucía
F2025-000903;1;22/09/2025;CLI0128;S08;606,02;2,59;5;1493,41;USD;C02-Javier
F2025-000903;2;22/09/2025;CLI0128;S08;6804,33;2,46;0;16738,65;EUR;C04-Andrés
F2025-000904;1;20/05/2025;CLI0078;S10;279,86;8,41;0;2353,62;EUR;C05-Rocío
F2025-000904;2;20/05/2025;CLI0078;S10;245,25;8,80;5;2050,29;EUR;C02-Javier
F2025-000904;3;20/05/2025;CLI0078;S10;202,89;8,81;0;1787,46;EUR;C02-Javier
F2025-000905;1;05/10/2025;CLI0393;S14;5,00;210,47;0;1052,35;EUR;C03-Lucía
F2025-000906;1;19/04/2025;CLI0212;S04;1233,50;15,03;0;18539,51;EUR;C03-Lucía
F2025-000906;2;19/04/2025;CLI0212;S12;1,00;125,33;0;125,33;EUR;C05-Rocío
F2025-000906;3;19/04/2025;CLI0212;S04;117,50;14,17;0;1664,97;EUR;C03-Lucía
F2025-000906;4;19/04/2025;CLI0212;S04;53,24;14,82;0;789,02;EUR;C04-Andrés
F2025-000907;1;10/01/2025;CLI0306;S13;1,00;657,39;0;657,39;EUR;C03-Lucía
F2025-000908;1;24/09/2025;CLI0269;S13;1,00;652,93;0;652,93;EUR;C04-Andrés
F2025-000908;2;24/09/2025;CLI0269;S05;249,36;3,32;0;827,88;EUR;C03-Lucía
F2025-000909;1;19/06/2025;CLI0309;S14;9,00;239,68;0;2157,08;USD;C05-Rocío
F2025-000910;1;17/01/2025;CLI0051;S05;37,86;3,18;0;120,39;EUR;C05-Rocío
F2025-000910;2;17/01/2025;CLI0051;S06;2004,59;1,11;0;2225,09;EUR;C01-Marta
F2025-000910;3;17/01/2025;CLI0051;S05;710,00;3,24;5;2185,38;EUR;C02-Javier
F2025-000910;4;17/01/2025;CLI0051;S15;1,00;87,53;0;87,53;EUR;C01-Marta
F2025-000911;1;10/11/2025;CLI0144;S13;1,00;659,27;5;626,31;EUR;C03-Lucía
F2025-000912;1;18/03/2025;CLI0152;S01;138,72;100,84;0;13988,52;EUR;C04-Andrés
F2025-000912;2;18/03/2025;CLI0152;S15;2,00;84,96;0;169,92;EUR;C05-Rocío
F2025-000912;3;18/03/2025;CLI0152;S15;1,00;85,47;5;81,20;EUR;C01-Marta
F2025-000912;4;18/03/2025;CLI0152;S02;460,65;6,53;0;3008,04;EUR;C05-Rocío
F2025-000913;1;04/02/2025;CLI0158;S15;2,00;85,33;0;170,66;EUR;C01-Marta
F2025-000913;2;04/02/2025;CLI0158;S09;95,40;43,12;0;4113,65;EUR;C04-Andrés
F2025-000913;3;04/02/2025;CLI0158;S13;1,00;669,18;0;669,18;EUR;C01-Marta
F2025-000914;1;15/09/2025;CLI0158;S09;96,78;42,98;10;3743,64;EUR;C05-Rocío
F2025-000914;2;15/09/2025;CLI0158;S13;1,00;661,18;0;661,18;EUR;C04-Andrés
F2025-000914;3;15/09/2025;CLI0158;S09;77,91;42,65;0;3322,86;EUR;C05-Rocío
F2025-000915;1;19/06/2025;CLI0158;S13;1,00;640,30;5;608,28;EUR;C02-Javier
F2025-000915;2;19/06/2025;CLI0158;S14;16,00;209,98;10;3023,71;EUR;C04-Andrés
F2025-000915;3;19/06/2025;CLI0158;S09;184,17;42,78;0;7878,79;EUR;C01-Marta
F2025-000915;4;19/06/2025;CLI0158;S14;12,00;213,67;0;2564,04;EUR;C05-Rocío
F2025-000916;1;05/01/2025;CLI0095;S09;58,11;45,12;0;2621,92;EUR;C03-Lucía
F2025-000916;2;05/01/2025;CLI0095;S09;162,28;43,79;15;6040,31;EUR;C04-Andrés
F2025-000917;1;16/04/2025;CLI0184;S11;20,78;25,13;0;522,20;EUR;C02-Javier
F2025-000917;2;16/04/2025;CLI0184;S14;8,00;209,83;0;1678,64;EUR;C01-Marta
F2025-000917;3;16/04/2025;CLI0184;S14;11,00;226,84;0;2495,24;EUR;C04-Andrés
F2025-000917;4;16/04/2025;CLI0184;S11;28,53;24,56;5;665,66;EUR;C04-Andrés
F2025-000918;1;25/10/2025;cli0115;S02;84,21;6,98;0;587,79;EUR;C03-Lucía
F2025-000918;2;25/10/2025;CLI0115;S11;32,41;25,52;0;827,10;EUR;C04-Andrés
F2025-000918;3;25/10/2025;CLI0115;S13;1,00;666,11;0;666,11;EUR;C01-Marta
F2025-000919;1;21/12/2025;CLI0341;S06;2464,97;1,12;0;2760,77;EUR;C02-Javier
F2025-000919;2;21/12/2025;CLI0341;S06;2745,52;1,13;0;3102,44;EUR;C03-Lucía
F2025-000919;3;21/12/2025;CLI0341;S05;633,66;3,21;0;2034,05;EUR;C01-Marta
F2025-000920;1;15/09/2025;CLI0340;S08;861,31;2,44;0;2101,60;EUR;C05-Rocío
F2025-000921;1;12/10/2025;CLI0008;S14;12,00;217,96;0;2615,52;EUR;C02-Javier
F2025-000921;2;12/10/2025;CLI0008;S11;25,26;25,20;15;541,07;EUR;C01-Marta
F2025-000921;3;12/10/2025;CLI0008;S11;48,44;24,77;0;1199,86;EUR;C04-Andrés
F2025-000921;4;12/10/2025;CLI0008;S11;75,76;25,61;15;1649,18;EUR;C02-Javier
F2025-000922;1;27/01/2025;CLI0247;S10;1418,06;8,76;15;10558,87;EUR;C04-Andrés
F2025-000922;2;27/01/2025;CLI0247;S10;1168,15;8,98;10;9440,99;EUR;C01-Marta
F2025-000922;3;27/01/2025;CLI0247;S10;448,21;9,09;0;4074,23;EUR;C04-Andrés
F2025-000922;4;27/01/2025;CLI0247;S10;905,23;8,44;0;7640,14;EUR;C02-Javier
F2025-000923;1;15/02/2025;CLI0362;S01;22,79;97,85;5;2118,50;EUR;C02-Javier
F2025-000924;1;17/06/2025;CLI0196;S13;1,00;659,99;5;626,99;EUR;C03-Lucía
F2025-000924;2;17/06/2025;CLI0196;S08;3809,89;2,39;0;9105,64;EUR;C05-Rocío
F2025-000924;3;17/06/2025;CLI0196;S07;606,84;1,71;0;1037,70;EUR;C01-Marta
F2025-000924;4;17/06/2025;CLI0196;S15;1,00;83,41;0;83,41;EUR;C04-Andrés
F2025-000925;1;20/03/2025;CLI0399;S13;1,00;664,74;5;631,50;EUR;C03-Lucía
F2025-000925;2;20/03/2025;CLI0399;S10;2325,61;8,32;0;19349,08;EUR;C01-Marta
F2025-000925;3;20/03/2025;CLI0399;S14;14,00;214,33;0;3000,62;EUR;C02-Javier
F2025-000926;1;18/05/2025;CLI0207;S10;914,58;9,08;5;7889,17;EUR;C03-Lucía
F2025-000926;2;18/05/2025;CLI0207;S10;1167,03;8,99;0;10491,60;EUR;C02-Javier
F2025-000926;3;18/05/2025;CLI0207;S10;57,86;8,79;5;483,16;EUR;C03-Lucía
F2025-000926;4;18/05/2025;CLI0207;S13;1,00;695,13;0;695,13;EUR;C01-Marta
F2025-000927;1;14/04/2025;CLI0337;S15;2,00;87,49;5;166,23;EUR;C04-Andrés
F2025-000928;1;15/09/2025;CLI0267;S15;4,00;84,97;0;339,88;EUR;C02-Javier
F2025-000929;1;06/12/2025;CLI0201;S11;38,52;24,77;5;906,43;EUR;C04-Andrés
F2025-000930;1;17/09/2025;CLI0201;S14;16,00;216,29;0;3460,64;EUR;C03-Lucía
F2025-000930;2;17/09/2025;CLI0201;S15;2,00;85,96;0;171,92;EUR;C05-Rocío
F2025-000931;1;13/02/2025;CLI0101;S10;95,45;8,66;5;785,27;EUR;C03-Lucía
F2025-000931;2;13/02/2025;CLI0101;S13;1,00;680,31;15;578,26;EUR;C02-Javier
F2025-000931;3;13/02/2025;CLI0101;S10;1299,21;10,89;5;13438,83;USD;C04-Andrés
F2025-000931;4;13/02/2025;CLI0101;S10;543,14;10,94;0;5939,78;USD;C05-Rocío
F2025-000932;1;26/07/2025;CLI0096;S07;500,73;1,72;0;861,26;EUR;C04-Andrés
F2025-000932;2;26/07/2025;CLI0096;S13;1,00;663,26;5;630,10;EUR;C01-Marta
F2025-000932;3;26/07/2025;CLI0096;S08;4240,22;2,37;5;9546,86;EUR;C05-Rocío
F2025-000933;1;12/08/2025;CLI0222;S11;28,58;24,95;0;713,07;EUR;C03-Lucía
F2025-000933;2;12/08/2025;CLI0222;S01;122,43;100,70;0;12328,70;EUR;C04-Andrés
F2025-000933;3;12/08/2025;CLI0222;S02;156,48;6,56;5;975,18;EUR;C05-Rocío
F2025-000933;4;12/08/2025;CLI0222;S11;35,48;26,58;5;895,91;EUR;C03-Lucía
F2025-000934;1;06/02/2025;CLI0207;S13;1,00;642,46;0;642,46;EUR;C01-Marta
F2025-000935;1;16/05/2025;CLI0212;S12;1,00;129,62;0;129,62;EUR;C05-Rocío
F2025-000936;1;09/05/2025;CLI0017;S15;2,00;86,02;5;163,44;EUR;C02-Javier
F2025-000936;2;09/05/2025;CLI0017;S06;6815,28;1,19;0;8110,18;EUR;C05-Rocío
F2025-000936;3;09/05/2025;CLI0017;S05;672,35;3,17;5;2024,78;EUR;C04-Andrés
F2025-000937;1;13/04/2025;CLI0078;S10;183,10;8,89;0;1627,76;EUR;C02-Javier
F2025-000937;2;13/04/2025;CLI0078;S10;253,59;9,13;0;2315,28;EUR;C04-Andrés
F2025-000937;3;13/04/2025;CLI0078;S10;62,72;8,50;0;533,12;EUR;C03-Lucía
F2025-000938;1;04/07/2025;CLI0170;S05;278,68;3,39;15;803,02;EUR;C03-Lucía
F2025-000938;2;04/07/2025;CLI0170;S15;4,00;89,67;5;340,75;EUR;C05-Rocío
F2025-000938;3;04/07/2025;CLI0170;S05;313,72;3,39;0;1063,51;EUR;C02-Javier
F2025-000938;4;04/07/2025;CLI0170;S06;3596,75;1,08;0;3884,49;EUR;C02-Javier
F2025-000939;1;24/10/2025;CLI0255;S06;2049,70;1,12;0;2295,66;EUR;C02-Javier
F2025-000939;2;24/10/2025;CLI0255;S05;115,95;3,23;0;374,52;EUR;C05-Rocío
F2025-000940;1;21/07/2025;CLI0207;S10;1602,82;8,95;0;14345,24;EUR;C01-Marta
F2025-000940;2;21/07/2025;CLI0207;S13;1,00;647,48;0;647,48;EUR;C02-Javier
F2025-000941;1;06/06/2025;CLI0052;S14;10,00;222,44;10;2001,96;EUR;C03-Lucía
F2025-000941;2;06/06/2025;CLI0052;S08;4097,47;2,43;5;9459,01;EUR;C02-Javier
F2025-000941;3;06/06/2025;CLI0052;S08;1218,83;2,38;0;2900,82;EUR;C04-Andrés
F2025-000941;4;06/06/2025;CLI0052;S13;1,00;639,25;0;639,25;EUR;C03-Lucía
F2025-000942;1;18/10/2025;CLI0356;S10;1043,59;8,82;0;9204,46;EUR;C02-Javier
F2025-000942;2;18/10/2025;CLI0356;S10;1400,41;8,96;0;;EUR;C03-Lucía
F2025-000943;1;12/02/2025;CLI0159;S12;4,00;119,62;0;478,48;EUR;C02-Javier
F2025-000944;1;19/11/2025;CLI0365;S07;684,18;1,60;0;1094,69;EUR;C01-Marta
F2025-000944;2;19/11/2025;CLI0365;S14;8,00;220,11;0;1760,88;EUR;C04-Andrés
F2025-000945;1;09/04/2025;CLI0133;S11;46,05;25,08;0;1154,93;EUR;C05-Rocío
F2025-000945;2;09/04/2025;CLI0133;S14;2,00;206,75;5;392,82;EUR;C03-Lucía
F2025-000946;1;18/04/2025;CLI0329;S02;1304,65;6,50;5;8056,21;EUR;C04-Andrés
F2025-000946;2;18/04/2025;CLI0329;S11;70,28;25,03;0;1759,11;EUR;C01-Marta
F2025-000946;3;18/04/2025;CLI0329;S02;913,50;6,81;0;6220,93;EUR;C02-Javier
F2025-000947;1;15/01/2025;CLI0160;S08;3581,47;2,54;5;8642,09;EUR;C05-Rocío
F2025-000948;1;26/08/2025;CLI0082;S10;369,01;8,73;5;3060,38;EUR;C04-Andrés
F2025-000949;1;24/04/2025;CLI0079;S05;194,97;3,33;0;649,25;EUR;C02-Javier
F2025-000949;2;24/04/2025;CLI0079;S06;969,41;1,14;0;1105,13;EUR;C03-Lucía
F2025-000949;3;24/04/2025;CLI0079;S14;15,00;217,52;0;3262,80;EUR;C04-Andrés
F2025-000949;4;24/04/2025;CLI0079;S05;553,86;3,34;0;1849,89;EUR;C03-Lucía
F2025-000950;1;04/06/2025;CLI0087;S15;3,00;103,09;0;309,27;USD;C01-Marta
F2025-000950;2;04/06/2025;CLI0087;S10;283,90;8,79;0;2495,48;EUR;C01-Marta
F2025-000950;3;04/06/2025;cli0087;S15;4,00;96,84;5;368,00;USD;C05-Rocío
F2025-000951;1;14/02/2025;CLI0149;S07;147,34;1,60;0;235,74;EUR;C01-Marta
F2025-000951;2;14/02/2025;CLI0149;S08;625,22;2,58;10;1451,76;EUR;C02-Javier
F2025-000952;1;15/06/2025;CLI0341;S05;1626,74;3,40;5;5254,37;EUR;C02-Javier
F2025-000952;2;15/06/2025;CLI0341;S05;286,30;3,15;5;856,75;EUR;C02-Javier
F2025-000953;1;22/01/2025;CLI0232;S10;165,07;8,92;0;1472,42;EUR;C04-Andrés
F2025-000953;2;22/01/2025;CLI0232;S10;656,33;9,00;0;5906,97;EUR;C02-Javier
F2025-000953;3;22/01/2025;CLI0232;S10;386,82;8,86;0;3427,23;EUR;C04-Andrés
F2025-000953;4;22/01/2025;CLI0232;S10;818,04;8,60;5;6683,39;EUR;C04-Andrés
F2025-000954;1;08/05/2025;CLI0034;S09;196,08;43,78;10;7725,94;EUR;C05-Rocío
F2025-000954;2;08/05/2025;CLI0034;S14;16,00;210,49;0;3367,84;EUR;C03-Lucía
F2025-000954;3;08/05/2025;CLI0034;S13;1,00;675,68;0;675,68;EUR;C04-Andrés
F2025-000954;4;08/05/2025;CLI0034;S09;67,41;44,19;0;2978,85;EUR;C01-Marta
F2025-000955;1;04/05/2025;CLI0212;S04;936,39;14,86;0;13914,76;EUR;C04-Andrés
F2025-000955;2;04/05/2025;CLI0212;S14;9,00;220,94;0;1988,46;EUR;C02-Javier
F2025-000956;1;28/04/2025;CLI0208;S03;64,66;40,94;0;2647,18;EUR;C02-Javier
F2025-000956;2;28/04/2025;CLI0208;S12;2,00;123,03;0;246,06;EUR;C02-Javier
F2025-000956;3;28/04/2025;CLI0208;S04;238,83;14,54;5;3298,96;EUR;C04-Andrés
F2025-000956;4;28/04/2025;CLI0208;S15;2,00;86,92;5;165,15;EUR;C02-Javier
F2025-000957;1;11/01/2025;CLI0225;S06;1567,77;1,10;0;1724,55;EUR;C05-Rocío
F2025-000957;2;11/01/2025;CLI0225;S05;467,75;3,43;0;1604,38;EUR;C02-Javier
F2025-000957;3;11/01/2025;CLI0225;S05;153,76;3,37;5;492,26;EUR;C04-Andrés
F2025-000958;1;19/08/2025;CLI0087;S10;145,89;8,61;5;1193,31;EUR;C05-Rocío
F2025-000958;2;19/08/2025;CLI0087;S10;383,49;9,05;0;3470,58;EUR;C02-Javier
F2025-000958;3;19/08/2025;CLI0087;S10;168,37;9,54;0;1605,85;USD;C03-Lucía
F2025-000959;1;28/06/2025;CLI0207;S10;122,39;8,41;0;1029,30;EUR;C04-Andrés
F2025-000959;2;28/06/2025;CLI0207;S14;2,00;218,34;0;436,68;EUR;C01-Marta
F2025-000959;3;28/06/2025;CLI0207;S14;10,00;208,49;0;2084,90;EUR;C01-Marta
F2025-000959;4;28/06/2025;CLI0207;S15;3,00;87,17;5;248,43;EUR;C03-Lucía
F2025-000960;1;14/03/2025;CLI0353;S06;1368,10;1,13;0;1545,95;EUR;C05-Rocío
F2025-000961;1;01/02/2025;CLI0207;S10;75,42;9,12;0;687,83;EUR;C01-Marta
F2025-000961;2;01/02/2025;CLI0207;S15;3,00;85,04;0;255,12;EUR;C02-Javier
F2025-000961;3;01/02/2025;CLI0207;S10;202,17;8,69;0;1756,86;EUR;C02-Javier
F2025-000961;4;01/02/2025;CLI0207;S15;3,00;85,67;0;257,01;EUR;C01-Marta
F2025-000962;1;19/03/2025;CLI0126;S10;157,98;8,88;0;1402,86;EUR;C01-Marta
F2025-000962;2;19/03/2025;CLI0126;S10;240,83;9,00;0;2167,47;EUR;C01-Marta
F2025-000962;3;19/03/2025;CLI0126;S10;2113,70;9,03;5;18132,38;EUR;C01-Marta
F2025-000963;1;05/11/2025;CLI0248;S08;633,41;2,61;5;1572,66;USD;C01-Marta
F2025-000963;2;05/11/2025;CLI0248;S08;476,57;2,82;0;1345,79;USD;C05-Rocío
F2025-000963;3;05/11/2025;CLI0248;S08;772,17;2,46;0;1899,54;EUR;C03-Lucía
F2025-000964;1;28/01/2025;CLI0169;S14;6,00;226,69;0;1360,14;EUR;C02-Javier
F2025-000964;2;28/01/2025;CLI0169;S15;3,00;85,91;0;257,73;EUR;C03-Lucía
F2025-000964;3;28/01/2025;CLI0169;S09;54,52;41,32;0;2252,77;EUR;C04-Andrés
F2025-000965;1;01/03/2025;CLI0310;S12;1,00;127,29;0;127,29;EUR;C02-Javier
F2025-000965;2;01/03/2025;CLI0310;S12;2,00;127,37;5;242,00;EUR;C01-Marta
F2025-000966;1;03/08/2025;CLI0044;S07;240,81;1,63;0;392,52;EUR;C02-Javier
F2025-000966;2;03/08/2025;CLI0044;S07;106,39;1,69;0;179,80;EUR;C01-Marta
F2025-000966;3;03/08/2025;CLI0044;S08;949,62;2,40;5;2165,13;EUR;C05-Rocío
F2025-000967;1;26/08/2025;CLI0039;S10;240,48;8,51;5;1944,16;EUR;C01-Marta
F2025-000967;2;26/08/2025;CLI0039;S14;8,00;212,05;0;1696,40;EUR;C03-Lucía
F2025-000967;3;26/08/2025;CLI0039;S10;293,46;8,63;0;2532,56;EUR;C01-Marta
F2025-000967;4;26/08/2025;CLI0039;S13;1,00;683,60;5;649,42;EUR;C01-Marta
F2025-000968;1;23/09/2025;CLI0126;S10;206,92;8,80;0;1820,90;EUR;C03-Lucía
F2025-000968;2;23/09/2025;CLI0126;S10;312,60;8,64;0;2700,86;EUR;C02-Javier
F2025-000968;3;23/09/2025;CLI0126;S15;4,00;83,57;0;334,28;EUR;C01-Marta
F2025-000969;1;11/08/2025;CLI0336;S06;2434,73;1,10;5;2544,29;EUR;C04-Andrés
F2025-000969;2;11/08/2025;CLI0336;S06;847,40;1,13;0;957,56;EUR;C02-Javier
F2025-000970;1;04/01/2025;CLI0114;S14;15,00;209,19;0;3137,85;EUR;C03-Lucía
F2025-000970;2;04/01/2025;CLI0114;S09;148,96;44,03;0;6558,71;EUR;C05-Rocío
F2025-000970;3;04/01/2025;CLI0114;S09;119,46;43,56;0;5203,68;EUR;C02-Javier
F2025-000971;1;16/10/2025;CLI0158;S09;42,07;42,99;10;1627,73;EUR;C02-Javier
F2025-000972;1;22/03/2025;CLI0207;S10;138,38;8,39;0;1161,01;EUR;C05-Rocío
F2025-000972;2;22/03/2025;CLI0207;S13;1,00;687,40;5;653,03;EUR;C01-Marta
F2025-000972;3;22/03/2025;CLI0207;S10;386,89;8,32;5;3057,98;EUR;C01-Marta
F2025-000973;1;01/09/2025;CLI0158;S09;69,80;41,37;0;2887,63;EUR;C02-Javier
F2025-000973;2;01/09/2025;CLI0158;S09;219,40;41,76;0;9162,14;EUR;C01-Marta
F2025-000974;1;23/06/2025;CLI0225;S06;1051,62;1,11;0;1167,30;EUR;C03-Lucía
F2025-000974;2;23/06/2025;CLI0225;S06;1505,09;1,13;10;1530,68;EUR;C01-Marta
F2025-000974;3;23/06/2025;CLI0225;S06;3063,11;1,19;0;3645,10;EUR;C02-Javier
F2025-000974;4;23/06/2025;CLI0225;S05;63,98;3,16;0;202,18;EUR;C04-Andrés
F2025-000975;1;21/03/2025;CLI0012;S08;1124,93;2,36;0;2654,83;EUR;C01-Marta
F2025-000975;2;21/03/2025;CLI0012;S08;1547,49;2,50;0;3868,72;EUR;C04-Andrés
F2025-000975;3;21/03/2025;CLI0012;S13;1,00;642,29;0;642,29;EUR;C02-Javier
F2025-000976;1;27/03/2025;CLI0078;S10;499,80;8,36;0;4178,33;EUR;C05-Rocío
F2025-000976;2;27/03/2025;CLI0078;S10;161,91;8,58;0;1389,19;EUR;C04-Andrés
F2025-000976;3;27/03/2025;CLI0078;S10;137,29;9,18;0;1260,32;EUR;C01-Marta
F2025-000976;4;27/03/2025;CLI0078;S10;898,81;8,96;5;7650,67;EUR;C04-Andrés
F2025-000977;1;26/01/2025;CLI0287;S15;4,00;88,17;0;352,68;EUR;C01-Marta
F2025-000978;1;03/03/2025;CLI0212;S03;20,82;38,26;5;756,74;EUR;C01-Marta
F2025-000978;2;03/03/2025;CLI0212;S04;808,37;14,37;0;11616,28;EUR;C03-Lucía
F2025-000978;3;03/03/2025;CLI0212;S12;1,00;127,63;0;127,63;EUR;C04-Andrés
F2025-000979;1;20/06/2025;CLI0336;S05;368,77;3,39;5;1187,62;EUR;C04-Andrés
F2025-000979;2;20/06/2025;CLI0336;S05;464,01;3,16;0;1466,27;EUR;C04-Andrés
F2025-000979;2;20/06/2025;CLI0336;S05;464,01;3,16;0;1466,27;EUR;C04-Andrés
F2025-000980;1;07/06/2025;CLI0312;S07;342,95;1,63;15;475,16;EUR;C03-Lucía
F2025-000980;2;07/06/2025;CLI0312;S07;751,52;1,64;10;1109,24;EUR;C02-Javier
F2025-000980;3;07/06/2025;CLI0312;S08;13098,73;2,46;15;27389,44;EUR;C04-Andrés
F2025-000980;4;07/06/2025;CLI0312;S15;4,00;89,24;15;303,42;EUR;C04-Andrés
F2025-000981;1;12/11/2025;CLI0309;S03;35,83;45,46;0;1628,82;USD;C03-Lucía
F2025-000982;1;23/05/2025;CLI0212;S04;1238,08;14,57;5;17136,88;EUR;C02-Javier
F2025-000982;2;23/05/2025;CLI0212;S03;35,51;39,20;5;1322,39;EUR;C04-Andrés
F2025-000982;3;23/05/2025;CLI0212;S04;36,47;14,16;5;490,59;EUR;C02-Javier
F2025-000982;4;23/05/2025;CLI0212;S03;178,57;37,34;0;6667,80;EUR;C02-Javier
F2025-000983;1;22/10/2025;CLI0263;S01;20,91;94,35;0;1972,86;EUR;C01-Marta
F2025-000984;1;22/09/2025;CLI0051;S05;2713,06;3,30;10;8057,79;EUR;C05-Rocío
F2025-000984;2;22/09/2025;CLI0051;S05;1346,91;3,31;0;4458,27;EUR;C03-Lucía
F2025-000985;1;09/12/2025;CLI0303;S06;2754,21;1,13;0;3112,26;EUR;C01-Marta
F2025-000985;2;09/12/2025;CLI0303;S05;295,08;3,33;0;982,62;EUR;C04-Andrés
F2025-000985;3;09/12/2025;CLI0303;S06;2958,59;1,13;0;3343,21;EUR;C04-Andrés
F2025-000985;4;09/12/2025;CLI0303;S05;630,01;3,24;0;2041,23;EUR;C03-Lucía
F2025-000986;1;10/01/2025;CLI0370;S05;287,31;3,39;0;973,98;EUR;C02-Javier
F2025-000986;2;10/01/2025;CLI0370;S13;1,00;666,35;15;566,40;EUR;C01-Marta
F2025-000986;3;10/01/2025;CLI0370;S05;320,79;3,33;5;1014,82;EUR;C05-Rocío
F2025-000987;1;01/11/2025;CLI0118;S13;1,00;678,16;5;644,25;EUR;C05-Rocío
F2025-000987;2;01/11/2025;CLI0118;S10;253,56;9,79;0;2482,25;USD;C05-Rocío
F2025-000988;1;10/11/2025;CLI0324;S10;130,88;8,75;0;1145,20;EUR;C05-Rocío
F2025-000988;2;10/11/2025;CLI0324;S10;122,09;8,70;0;1062,18;EUR;C04-Andrés
F2025-000988;3;10/11/2025;CLI0324;S10;816,17;8,41;0;6863,99;EUR;C03-Lucía
F2025-000988;4;10/11/2025;CLI0324;S10;1883,93;8,46;0;15938,05;EUR;C03-Lucía
F2025-000989;1;09/07/2025;CLI0265;S11;37,67;24,51;0;923,29;EUR;C02-Javier
F2025-000989;2;09/07/2025;CLI0265;S15;1,00;84,63;0;84,63;EUR;C02-Javier
F2025-000990;1;15/06/2025;CLI0211;S06;2105,43;1,14;0;2400,19;EUR;C03-Lucía
F2025-000990;2;15/06/2025;CLI0211;S06;1616,01;1,09;0;1761,45;EUR;C05-Rocío
F2025-000990;3;15/06/2025;CLI0211;S05;478,67;3,39;0;1622,69;EUR;C05-Rocío
F2025-000990;4;15/06/2025;CLI0211;S13;1,00;645,54;5;613,26;EUR;C03-Lucía
F2025-000991;1;22/12/2025;CLI0121;S09;176,73;45,36;0;8016,47;EUR;C05-Rocío
F2025-000991;2;22/12/2025;CLI0121;S09;166,77;41,70;0;6954,31;EUR;C02-Javier
F2025-000992;1;23/07/2025;CLI0239;S10;179,87;9,07;0;1631,42;EUR;C04-Andrés
F2025-000992;2;23/07/2025;CLI0239;S10;62,40;8,71;0;543,50;EUR;C02-Javier
F2025-000993;1;12/07/2025;CLI0288;S13;1,00;644,97;0;644,97;EUR;C04-Andrés
F2025-000993;2;12/07/2025;CLI0288;S05;205,56;3,31;0;680,40;EUR;C03-Lucía
F2025-000994;1;13/05/2025;CLI0153;S03;28,78;39,70;0;1142,57;EUR;C05-Rocío
F2025-000994;2;13/05/2025;CLI0153;S14;10,00;226,89;0;2268,90;EUR;C02-Javier
F2025-000994;3;13/05/2025;CLI0153;S04;256,52;14,30;0;3668,24;EUR;C05-Rocío
F2025-000994;4;13/05/2025;CLI0153;S04;926,06;14,61;0;13529,74;EUR;C05-Rocío
F2025-000995;1;01/03/2025;CLI0056;S10;66,78;8,41;0;561,62;EUR;C02-Javier
F2025-000996;1;18/11/2025;CLI0207;S10;241,93;9,06;5;2082,29;EUR;C01-Marta
F2025-000997;1;19/02/2025;CLI0246;S06;1167,28;1,12;0;1307,35;EUR;C04-Andrés
F2025-000997;2;19/02/2025;CLI0246;S06;1904,83;1,11;0;2114,36;EUR;C04-Andrés
F2025-000998;1;24/04/2025;CLI0162;S04;711,70;14,02;10;8980,23;EUR;C03-Lucía
F2025-000999;1;20/12/2025;CLI0386;S01;313,87;98,86;5;29477,73;EUR;C03-Lucía
F2025-000999;2;20/12/2025;CLI0386;S11;22,02;26,29;5;549,96;EUR;C05-Rocío
F2025-000999;3;20/12/2025;CLI0386;S01;36,69;94,35;5;3288,62;EUR;C05-Rocío
F2025-000999;4;20/12/2025;CLI0386;S01;85,96;93,25;0;8015,77;EUR;C05-Rocío
F2025-001000;1;22/07/2025;CLI0113;S09;37,69;43,52;0;1640,27;EUR;C03-Lucía
F2025-001000;2;22/07/2025;CLI0113;S09;121,91;44,24;15;4584,30;EUR;C04-Andrés
F2025-001000;3;22/07/2025;CLI0113;S09;290,85;44,68;0;12995,18;EUR;C02-Javier
F2025-001001;1;10/04/2025;CLI0381;S14;7,00;217,66;0;1523,62;EUR;C03-Lucía
F2025-001001;2;10/04/2025;CLI0381;S01;129,55;102,65;0;13298,31;EUR;C05-Rocío
F2025-001001;3;10/04/2025;CLI0381;S02;436,75;6,81;5;2825,55;EUR;C05-Rocío
F2025-001002;1;09/10/2025;CLI0094;S07;528,67;1,72;5;863,85;EUR;C05-Rocío
F2025-001002;2;09/10/2025;CLI0094;S08;1220,94;2,37;0;2893,63;EUR;C03-Lucía
F2025-001002;3;09/10/2025;CLI0094;S14;11,00;208,86;0;2297,46;EUR;C01-Marta
F2025-001003;1;26/02/2025;CLI0371;S13;1,00;690,00;5;655,50;EUR;C05-Rocío
F2025-001004;1;04/11/2025;CLI0016;S13;1,00;645,46;0;645,46;EUR;C04-Andrés
F2025-001005;1;15/07/2025;CLI0185;S09;130,77;43,06;0;5630,96;EUR;C05-Rocío
F2025-001005;2;15/07/2025;CLI0185;S09;144,31;42,33;0;6108,64;EUR;C03-Lucía
F2025-001006;1;04/04/2025;CLI0212;S13;1,00;639,37;5;607,40;EUR;C05-Rocío
F2025-001006;2;04/04/2025;CLI0212;S15;3,00;88,19;0;264,57;EUR;C02-Javier
F2025-001006;3;04/04/2025;CLI0212;S15;2,00;84,67;0;169,34;EUR;C04-Andrés
F2025-001007;1;23/09/2025;CLI0095;S09;134,45;43,09;0;5793,45;EUR;C01-Marta
F2025-001008;1;05/03/2025;CLI0233;S02;233,08;6,74;0;1570,96;EUR;C03-Lucía
F2025-001008;2;05/03/2025;CLI0233;S02;1299,93;7,00;0;9099,51;EUR;C02-Javier
F2025-001009;1;15/04/2025;CLI0305;S13;1,00;691,79;5;657,20;EUR;C02-Javier
F2025-001009;2;15/04/2025;CLI0305;S14;3,00;225,11;0;675,33;EUR;C03-Lucía
F2025-001009;3;15/04/2025;CLI0305;S09;126,53;42,19;0;5338,30;EUR;C04-Andrés
F2025-001010;1;16/01/2025;CLI0083;S11;23,09;25,90;0;598,03;EUR;C05-Rocío
F2025-001010;2;16/01/2025;CLI0083;S13;1,00;638,11;0;638,11;EUR;C05-Rocío
F2025-001011;1;09/08/2025;CLI0008;S13;1,00;678,18;0;678,18;EUR;C05-Rocío
F2025-001011;2;09/08/2025;CLI0008;S01;141,06;99,23;0;13997,38;EUR;C01-Marta
F2025-001012;1;09/11/2025;CLI0350;S06;1089,42;1,11;0;1209,26;EUR;C03-Lucía
F2025-001012;2;09/11/2025;CLI0350;S06;1212,13;1,09;0;1321,22;EUR;C05-Rocío
F2025-001012;3;09/11/2025;CLI0350;S06;1578,84;1,12;10;1591,47;EUR;C04-Andrés
F2025-001013;1;07/07/2025;CLI0158;S09;271,36;44,87;0;12175,92;EUR;C05-Rocío
F2025-001014;1;02/12/2025;CLI0032;S07;147,65;1,65;0;243,62;EUR;C04-Andrés
F2025-001014;2;02/12/2025;CLI0032;S07;931,89;1,68;0;1565,58;EUR;C05-Rocío
F2025-001014;3;02/12/2025;CLI0032;S07;906,32;1,69;5;1455,10;EUR;C02-Javier
F2025-001014;4;02/12/2025;CLI0032;S15;3,00;85,25;0;255,75;EUR;C05-Rocío
F2025-001015;1;11/01/2025;CLI0058;S13;1,00;700,02;0;700,02;EUR;C01-Marta
F2025-001015;2;11/01/2025;CLI0058;S07;159,25;1,63;5;246,60;EUR;C02-Javier
F2025-001015;3;11/01/2025;CLI0058;S15;4,00;84,55;5;321,29;EUR;C03-Lucía
F2025-001015;4;11/01/2025;CLI0058;S15;2,00;91,14;0;182,28;EUR;C05-Rocío
F2025-001016;1;11/12/2025;CLI0346;S06;1886,70;1,13;5;2025,37;EUR;C02-Javier
F2025-001016;2;11/12/2025;CLI0346;S06;3714,81;1,14;0;4234,88;EUR;C03-Lucía
F2025-001016;3;11/12/2025;CLI0346;S06;1955,75;1,10;5;2043,76;EUR;C04-Andrés
F2025-001016;4;11/12/2025;CLI0346;S05;856,69;3,14;0;2690,01;EUR;C04-Andrés
F2025-001017;1;20/07/2025;CLI0095;S14;5,00;224,03;5;1064,14;EUR;C04-Andrés
F2025-001018;1;22/12/2025;CLI0201;S01;137,58;93,65;10;11595,93;EUR;C02-Javier
F2025-001019;1;07/11/2025;CLI0207;S10;1251,92;9,17;5;10906,10;EUR;C04-Andrés
F2025-001019;2;07/11/2025;CLI0207;S10;127,30;8,94;0;1138,06;EUR;C05-Rocío
F2025-001019;3;07/11/2025;CLI0207;S10;70,55;8,68;0;612,37;EUR;C01-Marta
F2025-001019;4;07/11/2025;CLI0207;S14;9,00;210,39;0;1893,51;EUR;C05-Rocío
F2025-001020;1;19/01/2025;CLI0089;S05;62,87;3,35;0;210,61;EUR;C02-Javier
F2025-001020;2;19/01/2025;CLI0089;S05;457,39;3,46;0;1582,57;EUR;C04-Andrés
F2025-001020;3;19/01/2025;CLI0089;S14;8,00;207,79;15;1412,97;EUR;C01-Marta
F2025-001020;4;19/01/2025;CLI0089;S14;2,00;208,20;0;416,40;EUR;C05-Rocío
F2025-001021;1;24/11/2025;CLI0400;S14;16,00;215,25;0;3444,00;EUR;C01-Marta
F2025-001022;1;03/11/2025;CLI0207;S10;1918,14;8,90;5;16217,87;EUR;C01-Marta
F2025-001023;1;28/10/2025;CLI0052;S08;718,64;2,47;5;1686,29;EUR;C03-Lucía
F2025-001023;2;28/10/2025;CLI0052;S15;3,00;87,28;15;222,56;EUR;C04-Andrés
F2025-001024;1;28/02/2025;CLI0339;S14;9,00;209,33;5;1789,77;EUR;C02-Javier
F2025-001024;2;28/02/2025;CLI0339;S08;862,12;2,51;0;2163,92;EUR;C02-Javier
F2025-001024;3;28/02/2025;CLI0339;S14;12,00;223,69;0;2684,28;EUR;C05-Rocío
F2025-001025;1;21/02/2025;CLI0337;S15;4,00;89,36;0;357,44;EUR;C05-Rocío
F2025-001026;1;13/05/2025;CLI0104;S13;1,00;670,53;5;637,00;EUR;C01-Marta
F2025-001026;2;13/05/2025;CLI0104;S10;107,58;8,97;5;916,74;EUR;C02-Javier
F2025-001026;3;13/05/2025;CLI0104;S10;137,05;8,62;0;1181,37;EUR;C02-Javier
F2025-001026;4;13/05/2025;CLI0104;S10;476,32;8,95;0;4263,06;EUR;C04-Andrés
F2025-001027;1;27/03/2025;CLI0389;S08;613,26;2,49;0;1527,02;EUR;C02-Javier
F2025-001027;2;27/03/2025;CLI0389;S07;881,78;1,63;0;1437,30;EUR;C04-Andrés
F2025-001027;3;27/03/2025;CLI0389;S07;431,35;1,61;0;694,47;EUR;C04-Andrés
F2025-001027;4;27/03/2025;CLI0389;S08;1181,19;2,45;0;2893,92;EUR;C05-Rocío
F2025-001028;1;01/04/2025;CLI0263;S01;116,64;101,08;0;11789,97;EUR;C02-Javier
F2025-001028;2;01/04/2025;CLI0263;S01;406,01;100,83;0;40937,99;EUR;C05-Rocío
F2025-001029;1;16/06/2025;CLI0089;S05;179,29;3,14;10;506,67;EUR;C01-Marta
F2025-001029;2;16/06/2025;CLI0089;S06;7405,27;1,19;10;7931,04;EUR;C03-Lucía
F2025-001029;3;16/06/2025;CLI0089;S06;3584,19;1,09;0;3906,77;EUR;C03-Lucía
F2025-001029;4;16/06/2025;CLI0089;S05;739,33;3,14;15;1973,27;EUR;C03-Lucía
F2025-001030;1;14/10/2025;CLI0124;S05;75,87;3,39;0;257,20;EUR;C04-Andrés
F2025-001031;1;16/02/2025;CLI0174;S15;2,00;84,36;5;160,28;EUR;C02-Javier
F2025-001031;2;16/02/2025;CLI0174;S08;4696,90;2,50;0;11742,25;EUR;C01-Marta
F2025-001031;3;16/02/2025;CLI0174;S07;212,33;1,65;0;350,34;EUR;C01-Marta
F2025-001031;4;16/02/2025;CLI0174;S13;1,00;648,05;0;648,05;EUR;C04-Andrés
F2025-001032;1;15/02/2025;CLI0136;S11;52,67;25,31;5;1266,42;EUR;C05-Rocío
F2025-001032;2;15/02/2025;CLI0136;S14;4,00;220,28;5;837,06;EUR;C03-Lucía
F2025-001032;3;15/02/2025;CLI0136;S15;1,00;88,96;5;84,51;EUR;C05-Rocío
F2025-001032;4;15/02/2025;CLI0136;S14;15,00;226,67;5;3230,05;EUR;C04-Andrés
F2025-001033;1;18/10/2025;CLI0182;S06;1064,69;1,18;0;1256,33;EUR;C02-Javier
F2025-001033;2;18/10/2025;CLI0182;S14;8,00;211,01;0;1688,08;EUR;C03-Lucía
F2025-001034;1;07/06/2025;CLI0392;S10;266,94;8,94;0;2386,44;EUR;C01-Marta
F2025-001035;1;07/01/2025;CLI0318;S05;156,10;3,43;0;535,42;EUR;C03-Lucía
F2025-001036;1;03/06/2025;CLI0149;S08;1478,06;2,45;10;3259,12;EUR;C01-Marta
F2025-001037;1;26/05/2025;CLI0094;S07;3161,98;1,69;0;5343,75;EUR;C04-Andrés
F2025-001037;2;26/05/2025;CLI0094;S13;1,00;686,25;0;686,25;EUR;C02-Javier
F2025-001038;1;09/06/2025;CLI0051;S05;2410,10;3,34;0;8049,73;EUR;C01-Marta
F2025-001038;1;09/06/2025;CLI0051;S05;2410,10;3,34;0;8049,73;EUR;C01-Marta
F2025-001038;2;09/06/2025;CLI0051;S15;2,00;85,37;0;170,74;EUR;C05-Rocío
F2025-001038;3;09/06/2025;CLI0051;S14;2,00;218,16;10;392,69;EUR;C01-Marta
F2025-001039;1;10/08/2025;CLI0323;S15;1,00;83,40;0;83,40;EUR;C01-Marta
F2025-001039;2;10/08/2025;CLI0323;S06;1998,74;1,12;0;2238,59;EUR;C02-Javier
F2025-001039;3;10/08/2025;CLI0323;S05;514,89;3,44;5;1682,66;EUR;C04-Andrés
F2025-001040;1;06/04/2025;CLI0207;S10;1681,54;8,76;0;14730,29;EUR;C01-Marta
F2025-001040;2;06/04/2025;CLI0207;S10;79,56;8,78;0;698,54;EUR;C04-Andrés
F2025-001040;3;06/04/2025;CLI0207;S14;8,00;209,06;0;1672,48;EUR;C05-Rocío
F2025-001041;1;10/11/2025;CLI0082;S10;105,21;9,16;5;915,54;EUR;C01-Marta
F2025-001041;2;10/11/2025;CLI0082;S10;366,83;8,93;0;3275,79;EUR;C02-Javier
F2025-001042;1;11/08/2025;CLI0356;S10;1176,84;8,99;0;10579,79;EUR;C01-Marta
F2025-001042;2;11/08/2025;CLI0356;S10;308,98;8,44;0;2607,79;EUR;C02-Javier
F2025-001043;1;27/09/2025;CLI0356;S15;4,00;87,58;0;350,32;EUR;C04-Andrés
F2025-001044;1;25/09/2025;CLI0034;S15;2,00;88,49;15;150,43;EUR;C05-Rocío
F2025-001044;2;25/09/2025;CLI0034;S13;1,00;667,75;10;600,98;EUR;C01-Marta
F2025-001044;3;25/09/2025;CLI0034;S13;1,00;693,62;10;624,26;EUR;C05-Rocío
F2025-001045;1;01/08/2025;CLI0070;S09;77,95;45,23;0;3525,68;EUR;C04-Andrés
F2025-001045;2;01/08/2025;CLI0070;S15;4,00;90,99;0;363,96;EUR;C02-Javier
F2025-001045;3;01/08/2025;CLI0070;S09;175,33;41,45;0;7267,43;EUR;C02-Javier
F2025-001045;4;01/08/2025;CLI0070;S09;153,65;43,51;0;6685,31;EUR;C04-Andrés
F2025-001046;1;24/03/2025;CLI0247;S10;87,67;8,35;10;658,84;EUR;C02-Javier
F2025-001047;1;17/12/2025;CLI0153;S12;2,00;118,45;0;236,90;EUR;C02-Javier
F2025-001047;2;17/12/2025;CLI0153;S15;4,00;89,97;0;359,88;EUR;C05-Rocío
F2025-001047;3;17/12/2025;CLI0153;S12;4,00;117,60;0;470,40;EUR;C04-Andrés
F2025-001048;1;15/10/2025;CLI0295;S06;1563,66;1,09;0;1704,39;EUR;C04-Andrés
F2025-001049;1;05/02/2025;CLI0236;S06;1257,41;1,09;0;1370,58;EUR;C04-Andrés
F2025-001049;2;05/02/2025;CLI0236;S15;1,00;84,61;5;80,38;EUR;C02-Javier
F2025-001049;3;05/02/2025;CLI0236;S05;351,21;3,44;5;1147,75;EUR;C04-Andrés
F2025-001049;4;05/02/2025;CLI0236;S06;4895,62;1,08;0;;EUR;C01-Marta
F2025-001050;1;13/03/2025;CLI0146;S09;141,27;44,97;0;6352,91;EUR;C01-Marta
F2025-001050;2;13/03/2025;CLI0146;S09;155,52;42,56;0;6618,93;EUR;C03-Lucía
F2025-001050;3;13/03/2025;CLI0146;S09;60,61;41,32;0;2504,41;EUR;C03-Lucía
F2025-001051;1;11/06/2025;CLI0096;S07;162,01;1,72;5;264,72;EUR;C02-Javier
F2025-001051;2;11/06/2025;CLI0096;S08;5854,70;2,49;5;13849,29;EUR;C03-Lucía
F2025-001052;1;22/08/2025;CLI0059;S13;1,00;657,02;5;624,17;EUR;C04-Andrés
F2025-001052;2;22/08/2025;CLI0059;S14;10,00;212,36;0;2123,60;EUR;C05-Rocío
F2025-001053;1;06/11/2025;CLI0342;S10;53,15;8,47;0;450,18;EUR;C03-Lucía
F2025-001054;1;08/11/2025;CLI0386;S13;1,00;692,44;0;692,44;EUR;C03-Lucía
F2025-001055;1;24/10/2025;CLI0201;S01;47,46;101,36;15;4088,96;EUR;C05-Rocío
F2025-001055;2;24/10/2025;CLI0201;S02;211,75;6,44;10;1227,30;EUR;C03-Lucía
F2025-001055;3;24/10/2025;CLI0201;S01;270,79;99,13;5;25501,24;EUR;C02-Javier
F2025-001055;4;24/10/2025;CLI0201;S14;10,00;218,78;10;1969,02;EUR;C01-Marta
F2025-001056;1;23/04/2025;CLI0207;S10;775,80;9,06;0;7028,75;EUR;C01-Marta
F2025-001057;1;16/05/2025;CLI0136;S02;134,36;6,55;0;880,06;EUR;C04-Andrés
F2025-001057;2;16/05/2025;CLI0136;S02;206,03;6,71;0;1382,46;EUR;C01-Marta
F2025-001057;3;16/05/2025;CLI0136;S01;39,49;95,22;0;3760,24;EUR;C04-Andrés
F2025-001058;1;01/06/2025;CLI0025;S07;939,04;1,57;0;1474,29;EUR;C02-Javier
F2025-001059;1;14/01/2025;CLI0247;S13;1,00;651,27;15;553,58;EUR;C03-Lucía
F2025-001059;2;14/01/2025;CLI0247;S10;129,72;8,53;0;1106,51;EUR;C01-Marta
F2025-001059;3;14/01/2025;CLI0247;S10;781,16;8,80;0;6874,21;EUR;C01-Marta
F2025-001060;1;12/12/2025;CLI0263;S02;248,17;6,75;5;1591,39;EUR;C02-Javier
F2025-001060;2;12/12/2025;CLI0263;S11;32,01;26,67;0;853,71;EUR;C03-Lucía
F2025-001060;3;12/12/2025;CLI0263;S14;8,00;222,34;10;1600,85;EUR;C02-Javier
F2025-001061;1;15/06/2025;CLI0101;S10;123,04;8,79;0;1081,52;EUR;C03-Lucía
F2025-001061;2;15/06/2025;CLI0101;S10;874,60;8,60;10;6769,40;EUR;C02-Javier
F2025-001061;3;15/06/2025;CLI0101;S14;2,00;218,27;15;371,06;EUR;C01-Marta
F2025-001061;4;15/06/2025;CLI0101;S15;2,00;85,21;0;170,42;EUR;C01-Marta
F2025-001062;1;01/06/2025;CLI0228;S06;1126,13;1,14;0;1283,79;EUR;C01-Marta
F2025-001063;1;01/02/2025;CLI0356;S14;16,00;224,99;10;3239,86;EUR;C04-Andrés
F2025-001064;1;18/09/2025;CLI0370;S06;464,39;1,11;5;489,70;EUR;C03-Lucía
F2025-001064;2;18/09/2025;CLI0370;S15;2,00;88,14;0;176,28;EUR;C03-Lucía
F2025-001064;3;18/09/2025;CLI0370;S05;449,29;3,37;15;1286,99;EUR;C01-Marta
F2025-001064;4;18/09/2025;CLI0370;S05;1540,99;3,26;15;4270,08;EUR;C02-Javier
F2025-001065;1;07/02/2025;CLI0324;S10;2115,41;8,77;15;15769,32;EUR;C01-Marta
F2025-001066;1;26/05/2025;CLI0189;S14;12,00;209,36;0;2512,32;EUR;C02-Javier
F2025-001066;2;26/05/2025;CLI0189;S03;38,13;40,95;0;1561,42;EUR;C01-Marta
F2025-001066;3;26/05/2025;CLI0189;S03;62,51;38,32;5;2275,61;EUR;C05-Rocío
F2025-001066;4;26/05/2025;CLI0189;S15;4,00;87,39;5;332,08;EUR;C04-Andrés
F2025-001067;1;01/02/2025;CLI0338;S09;141,02;44,64;0;6295,13;EUR;C03-Lucía
F2025-001068;1;27/03/2025;CLI0060;S01;50,13;101,45;0;5085,69;EUR;C02-Javier
F2025-001069;1;26/04/2025;CLI0159;S13;1,00;657,25;15;558,66;EUR;C05-Rocío
F2025-001069;2;26/04/2025;CLI0159;S03;31,28;38,07;0;1190,83;EUR;C04-Andrés
F2025-001070;1;13/01/2025;CLI0151;S10;457,52;8,73;0;3994,15;EUR;C02-Javier
F2025-001070;2;13/01/2025;CLI0151;S13;1,00;642,27;0;642,27;EUR;C01-Marta
F2025-001070;3;13/01/2025;CLI0151;S14;2,00;215,56;0;431,12;EUR;C03-Lucía
F2025-001070;4;13/01/2025;CLI0151;S10;1873,66;9,08;0;17012,83;EUR;C05-Rocío
F2025-001071;1;26/01/2025;CLI0311;S13;1,00;696,91;0;696,91;EUR;C02-Javier
F2025-001071;2;26/01/2025;CLI0311;S14;9,00;207,22;0;1864,98;EUR;C03-Lucía
F2025-001071;3;26/01/2025;CLI0311;S08;2347,84;2,56;0;6010,47;EUR;C02-Javier
F2025-001071;4;26/01/2025;CLI0311;S15;4,00;90,28;0;361,12;EUR;C04-Andrés
F2025-001072;1;27/03/2025;CLI0158;S09;243,56;41,30;0;10059,03;EUR;C05-Rocío
F2025-001072;2;27/03/2025;CLI0158;S09;163,31;45,00;0;7348,95;EUR;C03-Lucía
F2025-001073;1;06/02/2025;CLI0399;S10;209,27;8,42;5;1673,95;EUR;C03-Lucía
F2025-001073;2;06/02/2025;CLI0399;S15;1,00;85,28;0;85,28;EUR;C01-Marta
F2025-001073;3;06/02/2025;CLI0399;S10;499,62;8,62;0;4306,72;EUR;C02-Javier
F2025-001073;4;06/02/2025;CLI0399;S10;426,50;9,10;5;3687,09;EUR;C03-Lucía
F2025-001074;1;01/10/2025;CLI0285;S15;4,00;91,76;5;348,69;EUR;C04-Andrés
F2025-001074;2;01/10/2025;CLI0285;S13;1,00;671,02;0;671,02;EUR;C03-Lucía
F2025-001074;3;01/10/2025;CLI0285;S10;124,34;8,75;0;1087,98;EUR;C05-Rocío
F2025-001074;4;01/10/2025;CLI0285;S10;92,22;9,06;0;835,51;EUR;C04-Andrés
F2025-001075;1;21/07/2025;CLI0370;S14;7,00;221,22;10;1393,69;EUR;C04-Andrés
F2025-001075;2;21/07/2025;CLI0370;S06;2302,92;1,09;0;2510,18;EUR;C05-Rocío
F2025-001075;3;21/07/2025;CLI0370;S14;4,00;205,61;0;822,44;EUR;C02-Javier
F2025-001076;1;10/04/2025;CLI0159;S15;4,00;84,36;15;286,82;EUR;C04-Andrés
F2025-001076;2;10/04/2025;CLI0159;S03;63,09;37,43;0;2361,46;EUR;C01-Marta
F2025-001076;3;10/04/2025;CLI0159;S04;93,73;14,66;10;1236,67;EUR;C01-Marta
F2025-001076;4;10/04/2025;CLI0159;S04;588,91;14,32;0;8433,19;EUR;C04-Andrés
F2025-001077;1;25/03/2025;CLI0257;S15;2,00;88,74;0;177,48;EUR;C05-Rocío
F2025-001077;2;25/03/2025;CLI0257;S15;4,00;84,79;0;339,16;EUR;C04-Andrés
F2025-001077;3;25/03/2025;CLI0257;S06;2175,33;1,12;0;2436,37;EUR;C03-Lucía
F2025-001077;4;25/03/2025;CLI0257;S06;1448,29;1,15;0;1665,53;EUR;C01-Marta
F2025-001078;1;24/03/2025;CLI0051;S05;46,80;3,13;0;146,48;EUR;C04-Andrés
F2025-001079;1;24/01/2025;CLI0136;S11;48,23;26,91;0;1297,87;EUR;C02-Javier
F2025-001079;2;24/01/2025;CLI0136;S01;74,27;101,09;0;7507,95;EUR;C03-Lucía
F2025-001079;3;24/01/2025;CLI0136;S13;1,00;678,25;0;678,25;EUR;C04-Andrés
F2025-001080;1;24/01/2025;CLI0327;S06;2077,87;1,14;0;2368,77;EUR;C02-Javier
F2025-001080;2;24/01/2025;CLI0327;S14;9,00;225,24;0;2027,16;EUR;C05-Rocío
F2025-001080;3;24/01/2025;CLI0327;S14;7,00;218,48;0;1529,36;EUR;C03-Lucía
F2025-001080;4;24/01/2025;CLI0327;S06;3688,22;1,16;5;4064,42;EUR;C05-Rocío
F2025-001081;1;26/01/2025;CLI0095;S09;419,04;43,35;15;15440,58;EUR;C04-Andrés
F2025-001081;2;26/01/2025;CLI0095;S15;2,00;84,15;5;159,88;EUR;C04-Andrés
F2025-001081;3;26/01/2025;CLI0095;S13;1,00;649,01;5;616,56;EUR;C03-Lucía
F2025-001081;4;26/01/2025;CLI0095;S09;147,21;44,60;10;5909,01;EUR;C01-Marta
F2025-001082;1;06/08/2025;CLI0146;S14;2,00;220,80;0;441,60;EUR;C04-Andrés
F2025-001083;1;21/11/2025;CLI0277;S02;1088,52;6,89;0;7499,90;EUR;C02-Javier
F2025-001083;2;21/11/2025;CLI0277;S02;426,27;6,57;0;2800,59;EUR;C01-Marta
F2025-001083;3;21/11/2025;CLI0277;S14;13,00;239,07;0;3107,91;USD;C05-Rocío
F2025-001084;1;07/08/2025;CLI0400;S05;849,37;3,22;15;2324,73;EUR;C03-Lucía
F2025-001084;2;07/08/2025;CLI0400;S06;828,68;1,14;0;944,70;EUR;C01-Marta
F2025-001084;3;07/08/2025;CLI0400;S05;244,33;3,24;0;791,63;EUR;C04-Andrés
F2025-001085;1;22/03/2025;CLI0162;S03;30,06;38,23;0;1149,19;EUR;C04-Andrés
F2025-001085;2;22/03/2025;CLI0162;S12;1,00;129,44;10;116,50;EUR;C02-Javier
F2025-001086;1;03/04/2025;CLI0252;S15;3,00;86,38;0;259,14;EUR;C01-Marta
F2025-001086;2;03/04/2025;CLI0252;S08;2409,47;2,48;0;5975,49;EUR;C03-Lucía
F2025-001086;3;03/04/2025;CLI0252;S14;6,00;211,82;0;1270,92;EUR;C03-Lucía
F2025-001086;4;03/04/2025;CLI0252;S08;824,36;2,44;0;2011,44;EUR;C04-Andrés
F2025-001087;1;16/05/2025;CLI0094;S07;176,95;1,70;5;285,77;EUR;C05-Rocío
F2025-001087;2;16/05/2025;CLI0094;S14;10,00;211,78;0;2117,80;EUR;C02-Javier
F2025-001087;3;16/05/2025;CLI0094;S08;1305,77;2,50;0;3264,43;EUR;C05-Rocío
F2025-001087;4;16/05/2025;CLI0094;S14;16,00;222,99;5;3389,45;EUR;C02-Javier
F2025-001088;1;06/09/2025;CLI0349;S07;311,43;1,59;0;495,17;EUR;C05-Rocío
F2025-001088;2;06/09/2025;CLI0349;S07;868,13;1,64;5;1352,55;EUR;C02-Javier
F2025-001088;3;06/09/2025;CLI0349;S08;5620,02;2,56;0;14387,25;EUR;C01-Marta
F2025-001089;1;04/04/2025;CLI0302;S10;24,29;9,06;5;209,06;EUR;C04-Andrés
F2025-001089;2;04/04/2025;CLI0302;S10;1638,97;8,87;0;14537,66;EUR;C05-Rocío
F2025-001089;3;04/04/2025;CLI0302;S14;15,00;218,33;0;3274,95;EUR;C03-Lucía
F2025-001090;1;10/08/2025;CLI0400;S06;2315,63;1,13;0;2616,66;EUR;C05-Rocío
F2025-001090;2;10/08/2025;CLI0400;S05;947,94;3,33;0;3156,64;EUR;C02-Javier
F2025-001090;3;10/08/2025;CLI0400;S06;1014,13;1,13;10;1031,37;EUR;C05-Rocío
F2025-001091;1;16/09/2025;CLI0116;S05;272,36;3,28;0;893,34;EUR;C04-Andrés
F2025-001091;2;16/09/2025;CLI0116;S05;300,62;3,46;0;1040,15;EUR;C02-Javier
F2025-001092;1;07/04/2025;CLI0361;S06;1229,41;1,18;0;1450,70;EUR;C04-Andrés
F2025-001092;2;07/04/2025;CLI0361;S06;1292,93;1,10;0;1422,22;EUR;C03-Lucía
F2025-001092;3;07/04/2025;CLI0361;S06;1305,69;1,14;0;1488,49;EUR;C05-Rocío
F2025-001093;1;07/01/2025;CLI0210;S13;1,00;699,43;0;699,43;EUR;C05-Rocío
F2025-001094;1;18/04/2025;CLI0400;S05;117,27;3,42;0;401,06;EUR;C04-Andrés
F2025-001094;2;18/04/2025;CLI0400;S06;2214,68;1,16;10;2312,13;EUR;C04-Andrés
F2025-001094;3;18/04/2025;CLI0400;S15;1,00;85,48;0;85,48;EUR;C01-Marta
F2025-001095;1;12/05/2025;CLI0361;S06;2098,60;1,12;0;2350,43;EUR;C05-Rocío
F2025-001095;2;12/05/2025;CLI0361;S05;119,00;3,15;5;356,11;EUR;C01-Marta
F2025-001095;3;12/05/2025;CLI0361;S06;2869,38;1,10;0;3156,32;EUR;C01-Marta
F2025-001096;1;19/10/2025;CLI0050;S07;79,91;1,72;5;130,57;EUR;C01-Marta
F2025-001096;2;19/10/2025;CLI0050;S07;675,01;1,57;5;1006,78;EUR;C02-Javier
F2025-001096;3;19/10/2025;CLI0050;S13;1,00;667,88;0;667,88;EUR;C01-Marta
F2025-001097;1;21/05/2025;CLI0051;S05;4138,66;3,38;15;11890,37;EUR;C03-Lucía
F2025-001097;2;21/05/2025;CLI0051;S05;307,21;3,16;0;970,78;EUR;C05-Rocío
F2025-001098;1;05/02/2025;CLI0212;S03;70,53;40,26;0;2839,54;EUR;C01-Marta
F2025-001098;2;05/02/2025;CLI0212;S14;15,00;219,24;0;3288,60;EUR;C01-Marta
F2025-001098;3;05/02/2025;CLI0212;S03;35,51;37,33;0;1325,59;EUR;C02-Javier
F2025-001098;4;05/02/2025;CLI0212;S15;4,00;83,70;0;334,80;EUR;C05-Rocío
F2025-001099;1;10/09/2025;CLI0024;S14;11,00;206,40;0;2270,40;EUR;C05-Rocío
F2025-001099;2;10/09/2025;CLI0024;S13;1,00;642,26;0;642,26;EUR;C01-Marta
F2025-001099;3;10/09/2025;CLI0024;S06;442,27;1,12;0;495,34;EUR;C03-Lucía
F2025-001100;1;10/04/2025;CLI0364;S15;3,00;84,22;5;240,03;EUR;C01-Marta
F2025-001100;2;10/04/2025;CLI0364;S14;14,00;226,73;0;3174,22;EUR;C01-Marta
F2025-001101;1;25/03/2025;CLI0247;S10;376,36;8,57;0;3225,41;EUR;C03-Lucía
F2025-001101;2;25/03/2025;CLI0247;S10;359,21;8,75;10;2828,78;EUR;C04-Andrés
F2025-001101;3;25/03/2025;CLI0247;S10;320,55;8,42;0;2699,03;EUR;C03-Lucía
F2025-001102;1;17/03/2025;CLI0071;S02;533,28;6,69;5;3389,26;EUR;C03-Lucía
F2025-001102;2;17/03/2025;CLI0071;S11;43,65;25,04;0;1093,00;EUR;C04-Andrés
F2025-001102;3;17/03/2025;CLI0071;S01;123,21;93,00;5;10885,60;EUR;C04-Andrés
F2025-001102;4;17/03/2025;CLI0071;S11;57,05;25,16;0;1435,38;EUR;C03-Lucía
F2025-001103;1;10/06/2025;CLI0219;S06;3593,99;1,13;0;4061,21;EUR;C01-Marta
F2025-001103;2;10/06/2025;CLI0219;S06;1603,36;1,13;15;1540,03;EUR;C03-Lucía
F2025-001103;3;10/06/2025;CLI0219;S05;379,94;3,24;0;1231,01;EUR;C02-Javier
F2025-001103;4;10/06/2025;CLI0219;S13;1,00;684,75;0;684,75;EUR;C04-Andrés
F2025-001104;1;24/05/2025;CLI0114;S15;3,00;83,50;0;250,50;EUR;C01-Marta
F2025-001104;2;24/05/2025;CLI0114;S09;437,01;42,81;0;18708,40;EUR;C04-Andrés
F2025-001104;3;24/05/2025;CLI0114;S09;109,50;44,61;0;4884,80;EUR;C04-Andrés
F2025-001104;4;24/05/2025;CLI0114;S09;195,25;44,89;0;8764,77;EUR;C05-Rocío
F2025-001105;1;17/11/2025;CLI0154;S15;2,00;83,25;0;166,50;EUR;C02-Javier
F2025-001105;2;17/11/2025;CLI0154;S10;1299,85;8,41;0;10931,74;EUR;C02-Javier
F2025-001106;1;19/04/2025;CLI0335;S01;75,46;98,47;0;7430,55;EUR;C02-Javier
F2025-001106;2;19/04/2025;CLI0335;S11;12,83;26,11;0;334,99;EUR;C05-Rocío
F2025-001106;3;19/04/2025;CLI0335;S11;38,08;25,89;0;985,89;EUR;C01-Marta
F2025-001107;1;12/02/2025;CLI0158;S13;1,00;636,08;5;604,28;EUR;C01-Marta
F2025-001108;1;14/12/2025;CLI0370;S06;2570,04;1,14;0;2929,85;EUR;C04-Andrés
F2025-001108;2;14/12/2025;CLI0370;S13;1,00;670,99;10;603,89;EUR;C05-Rocío
F2025-001108;3;14/12/2025;CLI0370;S06;1977,53;1,08;15;1815,37;EUR;C01-Marta
F2025-001109;1;05/10/2025;CLI0142;S13;1,00;700,21;10;630,19;EUR;C05-Rocío
F2025-001109;2;05/10/2025;CLI0142;S15;3,00;83,92;0;251,76;EUR;C01-Marta
F2025-001110;1;01/05/2025;CLI0257;S14;15,00;212,90;0;3193,50;EUR;C04-Andrés
F2025-001110;2;01/05/2025;CLI0257;S05;236,49;3,43;0;811,16;EUR;C04-Andrés
F2025-001110;3;01/05/2025;CLI0257;S06;2804,70;1,13;0;3169,31;EUR;C04-Andrés
F2025-001110;4;01/05/2025;CLI0257;S06;3212,08;1,18;0;3790,25;EUR;C01-Marta
F2025-001111;1;16/05/2025;CLI0119;S09;44,80;43,93;0;1968,06;EUR;C02-Javier
F2025-001111;2;16/05/2025;CLI0119;S15;4,00;90,16;5;342,61;EUR;C02-Javier
F2025-001111;3;16/05/2025;CLI0119;S09;459,72;41,48;0;19069,19;EUR;C05-Rocío
F2025-001112;1;10/10/2025;CLI0338;S14;2,00;206,70;0;413,40;EUR;C05-Rocío
F2025-001113;1;25/03/2025;CLI0094;S13;1,00;697,61;0;697,61;EUR;C01-Marta
F2025-001113;2;25/03/2025;CLI0094;S14;15,00;226,83;5;3232,33;EUR;C05-Rocío
F2025-001114;1;21/05/2025;CLI0051;S06;3110,09;1,11;5;3279,59;EUR;C01-Marta
F2025-001115;1;03/08/2025;CLI0158;S09;75,77;43,47;5;3129,04;EUR;C04-Andrés
F2025-001115;2;03/08/2025;CLI0158;S09;144,67;41,79;10;5441,18;EUR;C02-Javier
F2025-001115;3;03/08/2025;CLI0158;S09;59,82;44,76;0;2677,54;EUR;C02-Javier
F2025-001115;4;03/08/2025;CLI0158;S15;3,00;85,34;0;256,02;EUR;C04-Andrés
F2025-001116;1;10/01/2025;CLI0306;S13;1,00;699,72;0;699,72;EUR;C01-Marta
F2025-001117;1;26/02/2025;CLI0380;S06;249,30;1,12;0;279,22;EUR;C03-Lucía
F2025-001117;2;26/02/2025;CLI0380;S05;487,77;3,36;0;1638,91;EUR;C03-Lucía
F2025-001117;3;26/02/2025;CLI0380;S05;260,50;3,37;0;877,88;EUR;C04-Andrés
F2025-001118;1;19/08/2025;CLI0003;S14;16,00;223,49;0;3575,84;EUR;C03-Lucía
F2025-001118;2;19/08/2025;CLI0003;S09;71,58;45,19;0;3234,70;EUR;C04-Andrés
F2025-001118;3;19/08/2025;CLI0003;S09;144,78;42,85;5;5893,63;EUR;C02-Javier
F2025-001119;1;26/02/2025;CLI0094;S07;207,33;1,70;0;352,46;EUR;C02-Javier
F2025-001120;1;21/01/2025;CLI0158;S09;160,80;44,79;15;6121,90;EUR;C02-Javier
F2025-001120;2;21/01/2025;CLI0158;S09;286,09;45,07;0;12894,08;EUR;C05-Rocío
F2025-001120;3;21/01/2025;CLI0158;S09;138,30;45,27;0;6260,84;EUR;C04-Andrés
F2025-001120;4;21/01/2025;CLI0158;S13;1,00;676,37;0;676,37;EUR;C04-Andrés
F2025-001121;1;20/06/2025;CLI0364;S07;604,80;1,62;5;930,79;EUR;C04-Andrés
F2025-001121;2;20/06/2025;CLI0364;S08;2057,66;2,43;0;5000,11;EUR;C03-Lucía
F2025-001121;3;20/06/2025;CLI0364;S08;2214,59;2,35;5;4944,07;EUR;C01-Marta
F2025-001121;4;20/06/2025;CLI0364;S08;3617,00;2,48;0;8970,16;EUR;C01-Marta
F2025-001122;1;11/05/2025;CLI0016;S11;32,54;25,94;10;759,68;EUR;C04-Andrés
F2025-001123;1;16/11/2025;CLI0131;S10;205,91;8,64;5;1690,11;EUR;C02-Javier
F2025-001124;1;06/01/2025;CLI0045;S06;818,37;1,10;5;855,20;EUR;C03-Lucía
F2025-001124;2;06/01/2025;CLI0045;S05;65,21;3,45;0;224,97;EUR;C01-Marta
F2025-001124;3;06/01/2025;CLI0045;S05;262,32;3,14;0;823,68;EUR;C05-Rocío
F2025-001124;4;06/01/2025;CLI0045;S05;2113,09;3,33;0;7036,59;EUR;C02-Javier
F2025-001125;1;25/11/2025;CLI0095;S09;148,52;41,78;0;6205,17;EUR;C05-Rocío
F2025-001125;2;25/11/2025;CLI0095;S09;281,53;44,68;10;11320,88;EUR;C03-Lucía
F2025-001126;1;27/09/2025;CLI0317;S10;84,92;8,43;5;680,08;EUR;C01-Marta
F2025-001127;1;10/04/2025;CLI0212;S12;3,00;124,84;0;374,52;EUR;C05-Rocío
F2025-001128;1;16/07/2025;CLI0125;S13;1,00;667,49;0;667,49;EUR;C02-Javier
F2025-001128;2;16/07/2025;CLI0125;S01;661,23;93,20;0;61626,64;EUR;C01-Marta
F2025-001129;1;28/11/2025;CLI0051;S13;1,00;661,92;15;562,63;EUR;C04-Andrés
F2025-001129;2;28/11/2025;CLI0051;S05;417,85;3,31;0;1383,08;EUR;C04-Andrés
F2025-001129;3;28/11/2025;CLI0051;S15;3,00;85,92;5;244,87;EUR;C04-Andrés
F2025-001129;4;28/11/2025;CLI0051;S15;2,00;90,13;0;180,26;EUR;C03-Lucía
F2025-001130;1;22/04/2025;CLI0350;S05;236,45;3,26;0;770,83;EUR;C04-Andrés
F2025-001130;2;22/04/2025;CLI0350;S13;1,00;666,78;0;666,78;EUR;C01-Marta
F2025-001130;3;22/04/2025;CLI0350;S06;3506,18;1,14;10;3597,34;EUR;C05-Rocío
F2025-001131;1;03/02/2025;CLI0212;S14;7,00;208,62;5;1387,32;EUR;C03-Lucía
F2025-001132;1;02/06/2025;CLI0370;S06;3229,29;1,14;10;3313,25;EUR;C05-Rocío
F2025-001132;2;02/06/2025;CLI0370;S05;411,23;3,17;15;1108,06;EUR;C01-Marta
F2025-001133;1;18/03/2025;CLI0271;S05;708,59;3,33;5;2241,62;EUR;C02-Javier
F2025-001133;2;18/03/2025;CLI0271;S05;503,26;3,39;0;1706,05;EUR;C04-Andrés
F2025-001133;3;18/03/2025;CLI0271;S06;808,97;1,12;0;906,05;EUR;C04-Andrés
F2025-001133;4;18/03/2025;CLI0271;S13;1,00;687,20;0;687,20;EUR;C03-Lucía
F2025-001134;1;10/01/2025;CLI0286;S11;56,40;25,72;0;1450,61;EUR;C01-Marta
F2025-001134;2;10/01/2025;CLI0286;S01;148,28;95,86;0;14214,12;EUR;C01-Marta
F2025-001134;3;10/01/2025;CLI0286;S01;76,40;99,84;0;7627,78;EUR;C02-Javier
F2025-001134;4;10/01/2025;CLI0286;S02;1574,27;6,39;0;10059,59;EUR;C02-Javier
F2025-001135;1;25/11/2025;CLI0003;S09;119,55;44,57;0;5328,34;EUR;C03-Lucía
F2025-001135;2;25/11/2025;CLI0003;S09;44,30;42,31;0;1874,33;EUR;C05-Rocío
F2025-001136;1;07/11/2025;CLI0205;S06;934,44;1,30;5;1150,20;USD;C03-Lucía
F2025-001136;2;07/11/2025;CLI0205;S06;1148,05;1,24;0;1423,94;USD;C05-Rocío
F2025-001137;1;23/12/2025;CLI0230;S13;1,00;758,67;15;644,87;USD;C05-Rocío
F2025-001138;1;02/02/2025;CLI0376;S09;288,89;45,16;0;13046,27;EUR;C05-Rocío
F2025-001138;2;02/02/2025;CLI0376;S14;11,00;212,36;0;2335,96;EUR;C02-Javier
F2025-001139;1;08/11/2025;CLI0101;S10;1308,89;8,65;0;11321,90;EUR;C02-Javier
F2025-001139;2;08/11/2025;CLI0101;S10;95,91;8,36;5;761,72;EUR;C05-Rocío
F2025-001139;3;08/11/2025;CLI0101;S10;503,44;9,15;5;4376,15;EUR;C05-Rocío
F2025-001139;4;08/11/2025;CLI0101;S10;757,61;8,97;15;5776,40;EUR;C01-Marta
F2025-001140;1;03/12/2025;CLI0110;S08;1689,65;2,49;0;4207,23;EUR;C02-Javier
F2025-001140;2;03/12/2025;CLI0110;S08;4994,28;2,46;0;12285,93;EUR;C01-Marta
F2025-001140;3;03/12/2025;CLI0110;S08;524,66;2,46;0;1290,66;EUR;C03-Lucía
F2025-001140;4;03/12/2025;CLI0110;S07;666,91;1,58;0;1053,72;EUR;C02-Javier
F2025-001141;1;04/01/2025;CLI0257;S14;6,00;212,94;0;1277,64;EUR;C05-Rocío
F2025-001141;2;04/01/2025;CLI0257;S06;762,97;1,16;0;885,05;EUR;C01-Marta
F2025-001141;3;04/01/2025;CLI0257;S06;661,41;1,19;5;747,72;EUR;C04-Andrés
F2025-001141;4;04/01/2025;CLI0257;S06;3746,02;1,15;0;4307,92;EUR;C03-Lucía
F2025-001142;1;24/05/2025;CLI0095;S09;93,96;43,48;5;;EUR;C01-Marta
F2025-001142;2;24/05/2025;cli0095;S15;3,00;89,53;0;268,59;EUR;C05-Rocío
F2025-001142;3;24/05/2025;CLI0095;S15;4,00;91,67;0;366,68;EUR;C04-Andrés
F2025-001143;1;10/06/2025;CLI0051;S06;3317,77;1,13;0;3749,08;EUR;C01-Marta
F2025-001143;2;10/06/2025;CLI0051;S15;3,00;85,06;0;255,18;EUR;C04-Andrés
F2025-001144;1;01/01/2025;CLI0154;S13;1,00;687,71;0;687,71;EUR;C02-Javier
F2025-001144;2;01/01/2025;CLI0154;S10;1303,71;9,15;0;11928,95;EUR;C02-Javier
F2025-001144;3;01/01/2025;CLI0154;S10;86,78;9,18;0;796,64;EUR;C02-Javier
F2025-001144;4;01/01/2025;CLI0154;S10;508,57;8,76;0;4455,07;EUR;C02-Javier
F2025-001145;1;06/01/2025;CLI0095;S09;42,75;44,12;0;1886,13;EUR;C05-Rocío
F2025-001145;2;06/01/2025;CLI0095;S09;55,96;44,26;0;2476,79;EUR;C02-Javier
F2025-001145;3;06/01/2025;CLI0095;S09;110,58;45,12;0;4989,37;EUR;C01-Marta
F2025-001146;1;04/07/2025;CLI0125;S01;88,32;93,60;0;8266,75;EUR;C05-Rocío
F2025-001146;2;04/07/2025;CLI0125;S11;50,61;25,07;0;1268,79;EUR;C04-Andrés
F2025-001146;3;04/07/2025;CLI0125;S14;13,00;215,97;0;2807,61;EUR;C01-Marta
F2025-001147;1;16/03/2025;CLI0400;S06;1684,90;1,10;10;1668,05;EUR;C03-Lucía
F2025-001147;2;16/03/2025;CLI0400;S06;3868,07;1,17;5;4299,36;EUR;C01-Marta
F2025-001147;3;16/03/2025;CLI0400;S05;848,61;3,15;0;2673,12;EUR;C05-Rocío
F2025-001148;1;15/07/2025;CLI0159;S04;721,72;15,13;0;10919,62;EUR;C03-Lucía
F2025-001148;2;15/07/2025;CLI0159;S14;3,00;221,26;0;663,78;EUR;C02-Javier
F2025-001148;3;15/07/2025;CLI0159;S13;1,00;698,17;10;628,35;EUR;C03-Lucía
F2025-001149;1;27/08/2025;CLI0282;S15;2,00;88,25;0;176,50;EUR;C02-Javier
F2025-001150;1;11/11/2025;CLI0136;S02;492,01;6,61;0;3252,19;EUR;C02-Javier
F2025-001150;2;11/11/2025;CLI0136;S01;74,05;96,87;0;7173,22;EUR;C04-Andrés
F2025-001150;3;11/11/2025;CLI0136;S14;8,00;219,96;0;1759,68;EUR;C03-Lucía
F2025-001150;4;11/11/2025;CLI0136;S01;142,66;96,80;0;13809,49;EUR;C03-Lucía
F2025-001151;1;04/07/2025;CLI0032;S15;3,00;91,64;0;274,92;EUR;C01-Marta
F2025-001151;2;04/07/2025;CLI0032;S08;2316,04;2,53;0;5859,58;EUR;C03-Lucía
F2025-001151;3;04/07/2025;cli0032;S07;195,91;1,62;5;301,51;EUR;C01-Marta
F2025-001152;1;27/10/2025;CLI0025;S07;81,55;1,72;5;133,25;EUR;C05-Rocío
F2025-001152;2;27/10/2025;CLI0025;S07;103,52;1,72;0;178,05;EUR;C03-Lucía
F2025-001152;3;27/10/2025;CLI0025;S08;1117,83;2,41;0;2693,97;EUR;C05-Rocío
F2025-001152;4;27/10/2025;CLI0025;S07;321,27;1,66;0;533,31;EUR;C01-Marta
F2025-001153;1;20/02/2025;CLI0149;S15;2,00;88,77;0;177,54;EUR;C04-Andrés
F2025-001153;2;20/02/2025;CLI0149;S07;25,34;1,60;10;36,49;EUR;C04-Andrés
F2025-001154;1;27/07/2025;CLI0379;S13;1,00;651,36;0;651,36;EUR;C01-Marta
F2025-001154;2;27/07/2025;CLI0379;S07;905,07;1,66;0;1502,42;EUR;C01-Marta
F2025-001155;1;25/07/2025;CLI0051;S05;422,51;3,21;0;1356,26;EUR;C01-Marta
F2025-001155;2;25/07/2025;CLI0051;S05;610,85;3,17;0;1936,39;EUR;C05-Rocío
F2025-001156;1;03/06/2025;CLI0052;S08;518,37;2,56;0;1327,03;EUR;C02-Javier
F2025-001156;2;03/06/2025;CLI0052;S08;2388,16;2,46;5;5581,13;EUR;C05-Rocío
F2025-001157;1;14/12/2025;CLI0296;S06;3094,38;1,17;0;3620,42;EUR;C01-Marta
F2025-001158;1;11/02/2025;CLI0078;S15;3,00;88,93;0;266,79;EUR;C04-Andrés
F2025-001158;2;11/02/2025;CLI0078;S15;2,00;83,81;5;159,24;EUR;C03-Lucía
F2025-001159;1;07/10/2025;CLI0103;S15;4,00;88,65;0;354,60;EUR;C02-Javier
F2025-001159;2;07/10/2025;CLI0103;S08;1226,96;2,53;5;2949,00;EUR;C02-Javier
F2025-001159;3;07/10/2025;CLI0103;S07;657,60;1,60;0;1052,16;EUR;C01-Marta
F2025-001160;1;11/05/2025;CLI0157;S03;35,35;40,44;5;1358,08;EUR;C05-Rocío
F2025-001160;2;11/05/2025;CLI0157;S03;36,29;43,70;0;1585,87;USD;C03-Lucía
F2025-001160;3;11/05/2025;CLI0157;S04;1842,47;16,64;0;30658,77;USD;C04-Andrés
F2025-001160;4;11/05/2025;CLI0157;S04;351,44;14,34;0;5039,65;EUR;C04-Andrés
F2025-001161;1;13/05/2025;CLI0088;S10;128,29;8,99;0;1153,33;EUR;C04-Andrés
F2025-001161;2;13/05/2025;CLI0088;S10;61,84;8,34;0;515,75;EUR;C03-Lucía
F2025-001161;3;13/05/2025;CLI0088;S15;2,00;86,07;5;163,53;EUR;C05-Rocío
F2025-001161;4;13/05/2025;CLI0088;S10;129,04;8,81;5;1080,00;EUR;C04-Andrés
F2025-001162;1;24/09/2025;CLI0212;S03;36,84;37,38;0;1377,08;EUR;C01-Marta
F2025-001163;1;04/05/2025;CLI0271;S05;353,48;3,15;0;1113,46;EUR;C04-Andrés
F2025-001163;2;04/05/2025;CLI0271;S05;1363,12;3,30;0;4498,30;EUR;C01-Marta
F2025-001163;3;04/05/2025;CLI0271;S06;1500,93;1,08;0;1621,00;EUR;C05-Rocío
F2025-001164;1;25/09/2025;cli0107;S05;709,51;3,43;0;2433,62;EUR;C01-Marta
F2025-001164;2;25/09/2025;CLI0107;S06;869,71;1,13;0;982,77;EUR;C03-Lucía
F2025-001164;3;25/09/2025;CLI0107;S05;741,73;3,24;0;2403,21;EUR;C01-Marta
F2025-001165;1;05/05/2025;CLI0087;S10;184,61;9,00;0;1661,49;EUR;C05-Rocío
F2025-001166;1;03/02/2025;CLI0265;S14;4,00;225,94;5;858,57;EUR;C01-Marta
F2025-001167;1;24/04/2025;CLI0212;S13;1,00;644,25;5;612,04;EUR;C03-Lucía
F2025-001168;1;17/09/2025;CLI0311;S15;4,00;86,12;0;344,48;EUR;C03-Lucía
F2025-001168;2;17/09/2025;CLI0311;S07;837,41;1,70;5;1352,42;EUR;C01-Marta
F2025-001168;3;17/09/2025;CLI0311;S15;2,00;87,14;0;174,28;EUR;C02-Javier
F2025-001169;1;05/12/2025;CLI0130;S06;1169,12;1,18;0;1379,56;EUR;C04-Andrés
F2025-001169;2;05/12/2025;CLI0130;S06;1981,93;1,11;5;2089,95;EUR;C03-Lucía
F2025-001169;3;05/12/2025;CLI0130;S06;254,66;1,11;5;268,54;EUR;C01-Marta
F2025-001170;1;17/01/2025;CLI0388;S13;1,00;638,05;5;606,15;EUR;C04-Andrés
F2025-001170;2;17/01/2025;CLI0388;S14;13,00;213,78;5;2640,18;EUR;C01-Marta
F2025-001170;3;17/01/2025;CLI0388;S10;255,34;8,57;0;2188,26;EUR;C01-Marta
F2025-001170;4;17/01/2025;CLI0388;S13;1,00;684,61;0;684,61;EUR;C03-Lucía
F2025-001171;1;11/05/2025;CLI0293;S15;3,00;91,14;0;273,42;EUR;C04-Andrés
F2025-001171;2;11/05/2025;CLI0293;S15;3,00;91,45;5;260,63;EUR;C01-Marta
F2025-001172;1;17/11/2025;CLI0207;S13;1,00;669,87;5;636,38;EUR;C04-Andrés
F2025-001172;2;17/11/2025;CLI0207;S10;2475,76;9,04;5;21261,83;EUR;C03-Lucía
F2025-001172;3;17/11/2025;CLI0207;S10;113,11;8,97;0;1014,60;EUR;C01-Marta
F2025-001172;4;17/11/2025;CLI0207;S10;434,58;8,69;0;3776,50;EUR;C02-Javier
F2025-001173;1;02/10/2025;CLI0081;S09;407,32;41,65;0;16964,88;EUR;C04-Andrés
F2025-001173;2;02/10/2025;CLI0081;S09;47,13;45,07;0;2124,15;EUR;C01-Marta
F2025-001173;3;02/10/2025;CLI0081;S09;183,53;44,38;0;8145,06;EUR;C04-Andrés
F2025-001174;1;11/06/2025;CLI0053;S07;506,85;1,68;0;851,51;EUR;C05-Rocío
F2025-001174;2;11/06/2025;CLI0053;S07;229,04;1,68;0;384,79;EUR;C05-Rocío
F2025-001174;3;11/06/2025;CLI0053;S08;1276,12;2,55;0;3254,11;EUR;C01-Marta
F2025-001175;1;12/08/2025;CLI0049;S08;747,35;2,42;0;1808,59;EUR;C05-Rocío
F2025-001175;2;12/08/2025;CLI0049;S13;1,00;698,28;0;698,28;EUR;C03-Lucía
F2025-001175;3;12/08/2025;CLI0049;S07;711,83;1,71;0;1217,23;EUR;C02-Javier
F2025-001175;4;12/08/2025;CLI0049;S07;244,01;1,66;0;405,06;EUR;C02-Javier
F2025-001176;1;02/02/2025;CLI0071;S02;365,29;6,40;0;2337,86;EUR;C03-Lucía
F2025-001177;1;12/03/2025;CLI0391;S12;3,00;119,37;0;358,11;EUR;C02-Javier
F2025-001177;2;12/03/2025;CLI0391;S03;190,20;38,59;0;7339,82;EUR;C05-Rocío
F2025-001178;1;03/11/2025;CLI0370;S05;329,18;3,14;0;1033,63;EUR;C04-Andrés
F2025-001178;2;03/11/2025;CLI0370;S13;1,00;684,34;15;581,69;EUR;C01-Marta
F2025-001179;1;04/08/2025;CLI0095;S09;52,93;42,66;0;2257,99;EUR;C05-Rocío
F2025-001179;2;04/08/2025;CLI0095;S09;159,96;44,60;0;7134,22;EUR;C05-Rocío
F2025-001179;3;04/08/2025;CLI0095;S15;1,00;85,63;0;85,63;EUR;C04-Andrés
F2025-001180;1;26/03/2025;CLI0056;S10;46,08;8,55;5;374,28;EUR;C01-Marta
F2025-001180;2;26/03/2025;CLI0056;S10;160,54;8,41;0;1350,14;EUR;C05-Rocío
F2025-001180;3;26/03/2025;CLI0056;S14;13,00;217,75;0;2830,75;EUR;C03-Lucía
F2025-001180;4;26/03/2025;CLI0056;S10;1316,80;8,33;0;10968,94;EUR;C03-Lucía
F2025-001181;1;08/12/2025;CLI0299;S08;2149,81;2,36;5;4819,87;EUR;C03-Lucía
F2025-001182;1;14/09/2025;CLI0101;S10;68,35;8,63;0;589,86;EUR;C02-Javier
F2025-001182;2;14/09/2025;CLI0101;S15;1,00;91,02;0;91,02;EUR;C01-Marta
F2025-001182;3;14/09/2025;CLI0101;S10;220,51;9,73;10;1930,49;USD;C03-Lucía
F2025-001183;1;24/10/2025;CLI0207;S13;1,00;690,44;5;655,92;EUR;C02-Javier
F2025-001184;1;06/02/2025;CLI0207;S14;14,00;225,58;0;3158,12;EUR;C04-Andrés
F2025-001184;2;06/02/2025;CLI0207;S10;327,91;8,53;0;2797,07;EUR;C03-Lucía
F2025-001184;3;06/02/2025;CLI0207;S10;872,49;8,74;5;7244,28;EUR;C04-Andrés
F2025-001184;4;06/02/2025;CLI0207;S15;4,00;89,58;0;358,32;EUR;C03-Lucía
F2025-001185;1;25/07/2025;CLI0324;S10;206,79;8,60;0;1778,39;EUR;C01-Marta
F2025-001185;2;25/07/2025;CLI0324;S10;359,42;8,37;0;3008,35;EUR;C04-Andrés
F2025-001185;3;25/07/2025;CLI0324;S15;2,00;87,11;0;174,22;EUR;C01-Marta
F2025-001185;4;25/07/2025;CLI0324;S10;91,65;8,46;0;775,36;EUR;C02-Javier
F2025-001186;1;17/08/2025;CLI0052;S13;1,00;664,00;15;564,40;EUR;C04-Andrés
F2025-001186;1;17/08/2025;CLI0052;S13;1,00;664,00;15;564,40;EUR;C04-Andrés
F2025-001186;2;17/08/2025;CLI0052;S08;1938,25;2,42;0;4690,56;EUR;C03-Lucía
F2025-001187;1;20/01/2025;CLI0158;S09;116,00;44,32;5;4884,06;EUR;C01-Marta
F2025-001187;2;20/01/2025;CLI0158;S09;159,05;44,59;5;6737,44;EUR;C02-Javier
F2025-001188;1;21/12/2025;cli0191;S02;1133,59;6,67;0;7561,05;EUR;C03-Lucía
F2025-001188;2;21/12/2025;CLI0191;S02;230,50;6,68;0;1539,74;EUR;C03-Lucía
F2025-001188;3;21/12/2025;CLI0191;S01;185,54;96,82;0;17963,98;EUR;C02-Javier
F2025-001188;4;21/12/2025;CLI0191;S13;1,00;685,68;0;685,68;EUR;C05-Rocío
F2025-001189;1;22/04/2025;CLI0236;S05;987,42;3,22;0;3179,49;EUR;C02-Javier
F2025-001189;2;22/04/2025;CLI0236;S06;4957,02;1,14;0;5651,00;EUR;C01-Marta
F2025-001189;3;22/04/2025;CLI0236;S14;2,00;210,70;0;421,40;EUR;C03-Lucía
F2025-001189;4;22/04/2025;CLI0236;S06;1029,61;1,11;5;1085,72;EUR;C04-Andrés
F2025-001190;1;12/10/2025;CLI0158;S15;1,00;89,85;0;89,85;EUR;C05-Rocío
F2025-001190;2;12/10/2025;CLI0158;S09;125,40;42,32;5;5041,58;EUR;C03-Lucía
F2025-001190;3;12/10/2025;CLI0158;S15;4,00;89,61;10;322,60;EUR;C01-Marta
F2025-001190;4;12/10/2025;CLI0158;S09;253,35;43,75;0;11084,06;EUR;C05-Rocío
F2025-001191;1;28/08/2025;CLI0095;S09;230,63;41,33;0;9531,94;EUR;C05-Rocío
F2025-001192;1;08/03/2025;CLI0207;S10;296,52;8,99;0;2665,71;EUR;C02-Javier
F2025-001192;2;08/03/2025;CLI0207;S10;136,58;8,59;0;1173,22;EUR;C01-Marta
F2025-001192;3;08/03/2025;CLI0207;S10;923,92;8,91;0;8232,13;EUR;C03-Lucía
F2025-001193;1;11/11/2025;CLI0201;S13;1,00;697,63;0;697,63;EUR;C03-Lucía
F2025-001194;1;20/02/2025;CLI0309;S04;1166,57;14,91;5;16523,88;EUR;C01-Marta
F2025-001195;1;13/01/2025;CLI0343;S09;43,32;43,77;0;1896,12;EUR;C05-Rocío
F2025-001195;2;13/01/2025;CLI0343;S13;1,00;677,17;0;677,17;EUR;C03-Lucía
F2025-001196;1;11/02/2025;CLI0095;S09;136,33;41,66;0;5679,51;EUR;C04-Andrés
F2025-001196;2;11/02/2025;CLI0095;S09;344,27;44,95;5;14701,19;EUR;C03-Lucía
F2025-001196;3;11/02/2025;CLI0095;S09;54,80;43,59;15;2030,42;EUR;C03-Lucía
F2025-001196;4;11/02/2025;CLI0095;S09;175,95;44,96;15;6724,11;EUR;C05-Rocío
F2025-001197;1;02/06/2025;CLI0087;S10;244,46;9,44;0;2307,58;USD;C03-Lucía
F2025-001198;1;27/12/2025;CLI0356;S10;183,64;8,41;0;1544,41;EUR;C04-Andrés
F2025-001198;2;27/12/2025;CLI0356;S10;504,54;8,34;0;4207,86;EUR;C03-Lucía
F2025-001198;3;27/12/2025;CLI0356;S10;508,73;8,82;10;4038,30;EUR;C04-Andrés
F2025-001198;4;27/12/2025;CLI0356;S10;157,09;8,88;0;1394,96;EUR;C04-Andrés
F2025-001199;1;02/07/2025;CLI0296;S06;1626,70;1,16;0;1886,97;EUR;C04-Andrés
F2025-001199;2;02/07/2025;CLI0296;S05;64,42;3,20;0;206,14;EUR;C02-Javier
F2025-001199;3;02/07/2025;CLI0296;S05;251,07;3,13;5;746,56;EUR;C03-Lucía
F2025-001200;1;22/08/2025;CLI0207;S10;203,57;8,69;0;1769,02;EUR;C04-Andrés
F2025-001200;2;22/08/2025;CLI0207;S15;1,00;85,84;0;85,84;EUR;C02-Javier
F2025-001200;3;22/08/2025;CLI0207;S10;51,73;9,17;0;474,36;EUR;C04-Andrés
F2025-001200;4;22/08/2025;CLI0207;S10;364,78;9,09;0;3315,85;EUR;C03-Lucía
F2025-001201;1;06/08/2025;CLI0271;S14;14,00;220,19;5;2928,53;EUR;C02-Javier
F2025-001201;2;06/08/2025;CLI0271;S13;1,00;687,40;0;687,40;EUR;C02-Javier
F2025-001202;1;12/11/2025;CLI0024;S06;1331,89;1,13;0;1505,04;EUR;C05-Rocío
F2025-001202;2;12/11/2025;CLI0024;S05;832,42;3,33;0;2771,96;EUR;C04-Andrés
F2025-001202;3;12/11/2025;CLI0024;S13;1,00;694,47;0;694,47;EUR;C01-Marta
F2025-001203;1;14/10/2025;CLI0026;S10;137,34;8,58;0;1178,38;EUR;C01-Marta
F2025-001203;2;14/10/2025;CLI0026;S10;104,37;8,98;0;937,24;EUR;C02-Javier
F2025-001203;3;14/10/2025;CLI0026;S10;394,35;8,73;0;3442,68;EUR;C03-Lucía
F2025-001204;1;19/03/2025;CLI0095;S15;1,00;85,72;0;85,72;EUR;C01-Marta
F2025-001204;2;19/03/2025;CLI0095;S09;198,02;41,91;15;7054,17;EUR;C01-Marta
F2025-001204;3;19/03/2025;CLI0095;S14;7,00;220,38;0;1542,66;EUR;C05-Rocío
F2025-001205;1;16/05/2025;CLI0158;S09;71,48;41,11;10;2644,69;EUR;C05-Rocío
F2025-001205;2;16/05/2025;CLI0158;S09;150,24;44,00;0;6610,56;EUR;C05-Rocío
F2025-001206;1;22/06/2025;CLI0240;S06;970,58;1,18;0;1145,28;EUR;C04-Andrés
F2025-001206;2;22/06/2025;CLI0240;S05;213,07;3,21;0;683,95;EUR;C02-Javier
F2025-001206;3;22/06/2025;CLI0240;S05;412,41;3,20;0;1319,71;EUR;C05-Rocío
F2025-001206;4;22/06/2025;CLI0240;S06;1553,40;1,10;5;1623,30;EUR;C02-Javier
F2025-001207;1;21/11/2025;CLI0088;S13;1,00;644,82;0;644,82;EUR;C05-Rocío
F2025-001207;2;21/11/2025;CLI0088;S10;255,31;9,05;5;2195,03;EUR;C02-Javier
F2025-001207;3;21/11/2025;CLI0088;S14;4,00;220,21;0;880,84;EUR;C01-Marta
F2025-001208;1;26/07/2025;CLI0317;S14;8,00;225,93;0;1807,44;EUR;C01-Marta
F2025-001208;2;26/07/2025;CLI0317;S15;4,00;84,37;0;337,48;EUR;C01-Marta
F2025-001208;3;26/07/2025;CLI0317;S10;224,27;8,44;0;1892,84;EUR;C04-Andrés
F2025-001208;4;26/07/2025;CLI0317;S10;719,45;8,59;0;6180,08;EUR;C01-Marta
F2025-001209;1;18/08/2025;CLI0291;S13;1,00;637,87;0;637,87;EUR;C03-Lucía
F2025-001210;1;23/05/2025;CLI0158;S09;50,17;41,18;15;1756,10;EUR;C01-Marta
F2025-001210;2;23/05/2025;CLI0158;S09;355,69;45,40;5;15340,91;EUR;C03-Lucía
F2025-001210;3;23/05/2025;CLI0158;S15;4,00;83,49;0;333,96;EUR;C04-Andrés
F2025-001210;4;23/05/2025;CLI0158;S09;98,51;41,13;0;4051,72;EUR;C05-Rocío
F2025-001211;1;17/08/2025;CLI0089;S06;1649,52;1,16;0;1913,44;EUR;C02-Javier
F2025-001211;2;17/08/2025;CLI0089;S05;118,47;3,18;5;357,90;EUR;C04-Andrés
F2025-001211;3;17/08/2025;CLI0089;S06;483,50;1,09;0;527,01;EUR;C02-Javier
F2025-001212;1;21/05/2025;CLI0370;S06;534,22;1,09;10;524,07;EUR;C04-Andrés
F2025-001212;2;21/05/2025;CLI0370;S13;1,00;692,07;10;622,86;EUR;C05-Rocío
F2025-001212;3;21/05/2025;CLI0370;S06;1950,19;1,18;0;2301,22;EUR;C05-Rocío
F2025-001213;1;21/10/2025;CLI0395;S01;64,61;100,45;15;5516,56;EUR;C03-Lucía
F2025-001213;2;21/10/2025;CLI0395;S02;335,82;6,86;0;2303,73;EUR;C01-Marta
F2025-001213;3;21/10/2025;CLI0395;S11;13,87;26,96;0;373,94;EUR;C04-Andrés
F2025-001213;4;2025-10-21;CLI0395;S01;155,90;93,05;0;14506,50;EUR;C02-Javier
F2025-001214;1;27/02/2025;CLI0103;S14;6,00;217,07;0;1302,42;EUR;C02-Javier
F2025-001214;2;27/02/2025;CLI0103;S15;4,00;88,72;5;337,14;EUR;C03-Lucía
F2025-001215;1;09/12/2025;CLI0114;S09;59,50;44,92;0;2672,74;EUR;C03-Lucía
F2025-001215;2;09/12/2025;CLI0114;S09;69,68;42,50;0;2961,40;EUR;C04-Andrés
F2025-001215;3;09/12/2025;CLI0114;S09;92,95;43,85;5;3872,06;EUR;C01-Marta
F2025-001215;4;09/12/2025;CLI0114;S09;157,04;41,98;0;6592,54;EUR;C02-Javier
F2025-001216;1;23/01/2025;CLI0049;S08;1654,14;2,39;0;3953,39;EUR;C03-Lucía
F2025-001216;2;23/01/2025;CLI0049;S07;169,33;1,69;0;286,17;EUR;C03-Lucía
F2025-001216;3;23/01/2025;CLI0049;S07;196,83;1,70;0;334,61;EUR;C02-Javier
F2025-001216;4;23/01/2025;CLI0049;S13;1,00;697,46;5;662,59;EUR;C01-Marta
F2025-001217;1;07/08/2025;CLI0083;S02;516,94;6,39;0;3303,25;EUR;C02-Javier
F2025-001217;2;07/08/2025;CLI0083;S02;2542,31;7,00;5;16906,36;EUR;C01-Marta
F2025-001217;3;07/08/2025;CLI0083;S02;301,64;6,75;0;2036,07;EUR;C04-Andrés
F2025-001217;4;07/08/2025;CLI0083;S13;1,00;683,66;0;683,66;EUR;C01-Marta
F2025-001218;1;08/06/2025;CLI0158;S09;122,00;42,99;5;4982,54;EUR;C05-Rocío
F2025-001218;2;08/06/2025;CLI0158;S09;79,09;41,11;0;3251,39;EUR;C02-Javier
F2025-001218;3;08/06/2025;CLI0158;S09;181,23;42,51;15;6548,47;EUR;C02-Javier
F2025-001218;4;08/06/2025;CLI0158;S09;532,68;41,73;15;18894,43;EUR;C02-Javier
F2025-001219;1;19/12/2025;CLI0348;S10;151,30;9,14;0;1382,88;EUR;C04-Andrés
F2025-001220;1;08/02/2025;CLI0027;S06;599,29;1,08;0;647,23;EUR;C01-Marta
F2025-001220;2;08/02/2025;CLI0027;S15;2,00;84,44;5;160,44;EUR;C04-Andrés
F2025-001221;1;10/06/2025;CLI0212;S12;1,00;126,04;0;126,04;EUR;C03-Lucía
F2025-001221;2;10/06/2025;CLI0212;S04;165,50;14,16;0;2343,48;EUR;C05-Rocío
F2025-001221;3;10/06/2025;CLI0212;S04;494,29;14,53;0;7182,03;EUR;C02-Javier
F2025-001221;4;10/06/2025;CLI0212;S15;4,00;84,64;5;321,63;EUR;C01-Marta
F2025-001222;1;24/02/2025;CLI0146;S13;1,00;639,98;0;639,98;EUR;C03-Lucía
F2025-001222;2;24/02/2025;CLI0146;S09;115,96;41,25;0;4783,35;EUR;C02-Javier
F2025-001222;3;24/02/2025;CLI0146;S09;203,93;44,81;0;9138,10;EUR;C03-Lucía
F2025-001222;3;24/02/2025;CLI0146;S09;203,93;44,81;0;9138,10;EUR;C03-Lucía
F2025-001223;1;12/05/2025;CLI0212;S12;2,00;117,77;5;223,76;EUR;C04-Andrés
F2025-001223;2;12/05/2025;CLI0212;S13;1,00;691,57;0;691,57;EUR;C02-Javier
F2025-001224;1;22/02/2025;CLI0178;S14;6,00;223,84;0;1343,04;EUR;C02-Javier
F2025-001225;1;06/02/2025;CLI0196;S15;1,00;89,43;0;89,43;EUR;C04-Andrés
F2025-001225;2;06/02/2025;CLI0196;S07;4147,56;1,66;0;6884,95;EUR;C01-Marta
F2025-001225;3;06/02/2025;CLI0196;S08;1376,40;2,42;0;3330,89;EUR;C03-Lucía
F2025-001225;4;06/02/2025;CLI0196;S08;1061,84;2,58;0;2739,55;EUR;C05-Rocío
F2025-001226;1;18/10/2025;CLI0207;S10;268,01;8,77;0;2350,45;EUR;C04-Andrés
F2025-001226;2;18/10/2025;CLI0207;S15;2,00;90,62;5;172,18;EUR;C04-Andrés
F2025-001226;3;18/10/2025;CLI0207;S15;4,00;90,38;0;361,52;EUR;C04-Andrés
F2025-001227;1;07/10/2025;CLI0364;S15;2,00;88,92;0;177,84;EUR;C05-Rocío
F2025-001227;2;07/10/2025;CLI0364;S13;1,00;702,20;0;702,20;EUR;C01-Marta
F2025-001227;3;07/10/2025;CLI0364;S08;1422,34;2,42;0;3442,06;EUR;C04-Andrés
F2025-001227;4;07/10/2025;CLI0364;S07;365,60;1,58;0;577,65;EUR;C04-Andrés
F2025-001228;1;20/08/2025;CLI0008;S15;4,00;87,31;10;314,32;EUR;C04-Andrés
F2025-001228;2;20/08/2025;CLI0008;S14;12,00;216,21;15;2205,34;EUR;C04-Andrés
F2025-001228;3;20/08/2025;CLI0008;S13;1,00;694,82;0;694,82;EUR;C03-Lucía
F2025-001228;4;20/08/2025;CLI0008;S11;166,30;25,22;0;4194,09;EUR;C01-Marta
F2025-001229;1;04/01/2025;CLI0152;S01;421,19;97,08;0;40889,13;EUR;C04-Andrés
F2025-001229;2;04/01/2025;CLI0152;S02;514,02;6,49;5;3169,19;EUR;C01-Marta
F2025-001229;3;04/01/2025;CLI0152;S13;1,00;682,91;0;682,91;EUR;C01-Marta
F2025-001229;4;04/01/2025;CLI0152;S02;425,58;6,86;0;2919,48;EUR;C04-Andrés
F2025-001230;1;21/12/2025;CLI0094;S07;575,67;1,63;0;938,34;EUR;C02-Javier
F2025-001230;2;21/12/2025;CLI0094;S07;715,74;1,64;0;1173,81;EUR;C05-Rocío
F2025-001230;3;21/12/2025;CLI0094;S08;2103,85;2,53;5;5056,60;EUR;C03-Lucía
F2025-001231;1;02/09/2025;CLI0196;S08;2313,38;2,51;0;5806,58;EUR;C01-Marta
F2025-001231;2;02/09/2025;CLI0196;S15;2,00;87,38;0;174,76;EUR;C01-Marta
F2025-001231;3;02/09/2025;CLI0196;S08;1919,00;2,36;0;4528,84;EUR;C05-Rocío
F2025-001231;4;02/09/2025;CLI0196;S07;59,32;1,62;0;96,10;EUR;C05-Rocío
F2025-001232;1;08/11/2025;CLI0095;S09;65,96;43,49;10;2581,74;EUR;C02-Javier
F2025-001232;2;08/11/2025;CLI0095;S09;40,93;41,34;0;1692,05;EUR;C04-Andrés
F2025-001233;1;19/01/2025;CLI0153;S14;13,00;215,74;0;2804,62;EUR;C05-Rocío
F2025-001234;1;22/12/2025;CLI0158;S09;122,23;43,06;15;4473,74;EUR;C01-Marta
F2025-001234;2;22/12/2025;CLI0158;S09;224,65;42,57;0;9563,35;EUR;C04-Andrés
F2025-001235;1;25/09/2025;CLI0101;S10;984,15;8,54;0;8404,64;EUR;C02-Javier
F2025-001235;2;25/09/2025;CLI0101;S10;382,40;9,51;0;3635,70;USD;C04-Andrés
F2025-001235;3;25/09/2025;CLI0101;S10;786,33;9,74;0;7657,60;USD;C02-Javier
F2025-001235;4;25/09/2025;CLI0101;S10;69,73;9,91;0;691,32;USD;C01-Marta
F2025-001236;1;22/04/2025;CLI0094;S07;480,87;1,73;0;831,91;EUR;C04-Andrés
F2025-001236;2;22/04/2025;CLI0094;S07;204,09;1,63;0;332,67;EUR;C04-Andrés
F2025-001236;3;22/04/2025;cli0094;S08;4309,53;2,52;0;10860,02;EUR;C02-Javier
F2025-001237;1;02/06/2025;CLI0320;S07;170,36;1,71;10;262,18;EUR;C03-Lucía
F2025-001238;1;02/09/2025;CLI0094;S13;1,00;646,40;0;646,40;EUR;C05-Rocío
F2025-001238;2;02/09/2025;CLI0094;S15;4,00;84,79;0;339,16;EUR;C03-Lucía
F2025-001238;3;02/09/2025;CLI0094;S07;500,24;1,66;0;830,40;EUR;C05-Rocío
F2025-001239;1;18/12/2025;CLI0094;S08;1866,46;2,59;0;4834,13;EUR;C04-Andrés
F2025-001239;2;18/12/2025;CLI0094;S08;2310,40;2,47;5;5421,35;EUR;C03-Lucía
F2025-001239;3;18/12/2025;CLI0094;S08;2704,12;2,56;0;6922,55;EUR;C05-Rocío
F2025-001239;4;18/12/2025;cli0094;S08;907,02;2,35;0;2131,50;EUR;C02-Javier
F2025-001240;1;09/07/2025;cli0370;S14;6,00;219,33;0;1315,98;EUR;C05-Rocío
F2025-001240;2;09/07/2025;CLI0370;S06;448,15;1,09;5;464,06;EUR;C02-Javier
F2025-001240;3;09/07/2025;CLI0370;S06;374,44;1,11;15;353,28;EUR;C02-Javier
F2025-001241;1;01/07/2025;CLI0207;S14;7,00;222,97;0;1560,79;EUR;C01-Marta
F2025-001241;2;01/07/2025;CLI0207;S14;7,00;217,82;0;1524,74;EUR;C03-Lucía
F2025-001241;3;01/07/2025;CLI0207;S10;64,10;8,69;0;557,03;EUR;C02-Javier
F2025-001241;4;01/07/2025;CLI0207;S10;155,18;8,58;5;1264,87;EUR;C05-Rocío
F2025-001242;1;19/07/2025;CLI0215;S15;3,00;86,50;0;259,50;EUR;C03-Lucía
F2025-001242;2;19/07/2025;CLI0215;S07;628,74;1,60;0;1005,98;EUR;C04-Andrés
F2025-001242;3;19/07/2025;CLI0215;S07;844,37;1,67;5;1339,59;EUR;C03-Lucía
F2025-001242;4;19/07/2025;CLI0215;S07;262,80;1,59;0;417,85;EUR;C05-Rocío
F2025-001243;1;26/05/2025;CLI0173;S05;882,66;3,20;0;2824,51;EUR;C05-Rocío
F2025-001243;2;26/05/2025;CLI0173;S05;249,27;3,30;0;822,59;EUR;C02-Javier
F2025-001243;3;26/05/2025;CLI0173;S14;4,00;222,80;0;891,20;EUR;C02-Javier
F2025-001244;1;18/08/2025;CLI0207;S15;4,00;86,21;0;344,84;EUR;C04-Andrés
F2025-001245;1;13/09/2025;CLI0025;S07;3884,41;1,72;5;6347,13;EUR;C04-Andrés
F2025-001246;1;11/05/2025;CLI0157;S03;49,80;45,26;0;2254,13;USD;C04-Andrés
F2025-001246;2;11/05/2025;CLI0157;S03;19,83;38,90;0;771,39;EUR;C04-Andrés
F2025-001247;1;13/07/2025;CLI0207;S10;232,74;9,17;0;2134,23;EUR;C03-Lucía
F2025-001247;2;13/07/2025;CLI0207;S10;399,55;9,13;0;3647,89;EUR;C04-Andrés
F2025-001247;3;13/07/2025;CLI0207;S10;141,30;9,05;0;1278,77;EUR;C01-Marta
F2025-001247;4;13/07/2025;CLI0207;S10;541,88;8,94;0;4844,41;EUR;C02-Javier
F2025-001248;1;25/08/2025;CLI0206;S07;3178,87;1,62;0;5149,77;EUR;C04-Andrés
F2025-001248;2;25/08/2025;CLI0206;S13;1,00;643,82;0;643,82;EUR;C05-Rocío
F2025-001249;1;2025-08-24;CLI0398;S10;293,11;8,36;0;2450,40;EUR;C05-Rocío
F2025-001249;2;24/08/2025;CLI0398;S10;404,96;9,03;5;3473,95;EUR;C04-Andrés
F2025-001249;3;24/08/2025;CLI0398;S10;459,75;8,39;0;3857,30;EUR;C01-Marta
F2025-001250;1;25/09/2025;CLI0322;S05;89,19;3,19;15;241,84;EUR;C02-Javier
F2025-001250;2;25/09/2025;CLI0322;S05;167,40;3,15;15;448,21;EUR;C05-Rocío
F2025-001251;1;04/11/2025;CLI0095;S09;98,03;41,43;10;3655,24;EUR;C05-Rocío
F2025-001251;2;04/11/2025;CLI0095;S09;78,85;41,71;0;3288,83;EUR;C05-Rocío
F2025-001252;1;05/05/2025;CLI0051;S14;3,00;226,77;0;680,31;EUR;C01-Marta
F2025-001252;2;05/05/2025;CLI0051;S05;623,25;3,18;0;1981,94;EUR;C03-Lucía
F2025-001252;3;05/05/2025;CLI0051;S15;4,00;84,64;0;338,56;EUR;C01-Marta
F2025-001253;1;20/05/2025;CLI0158;S09;63,15;45,27;5;2715,86;EUR;C02-Javier
F2025-001254;1;13/06/2025;CLI0247;S14;7,00;224,69;15;1336,91;EUR;C05-Rocío
F2025-001254;2;13/06/2025;CLI0247;S10;145,73;8,98;0;1308,66;EUR;C05-Rocío
F2025-001254;3;13/06/2025;CLI0247;S10;230,47;8,43;0;1942,86;EUR;C01-Marta
F2025-001254;4;13/06/2025;CLI0247;S10;603,40;9,01;0;5436,63;EUR;C02-Javier
F2025-001255;1;05/07/2025;CLI0010;S02;1039,23;6,44;0;6692,64;EUR;C03-Lucía
F2025-001255;2;05/07/2025;CLI0010;S02;609,76;6,59;0;4018,32;EUR;C05-Rocío
F2025-001255;3;05/07/2025;CLI0010;S02;300,29;6,54;5;1865,70;EUR;C05-Rocío
F2025-001255;4;05/07/2025;CLI0010;S01;47,80;95,66;0;4572,55;EUR;C05-Rocío
F2025-001256;1;11/07/2025;CLI0158;S09;69,01;45,03;0;3107,52;EUR;C05-Rocío
F2025-001256;2;11/07/2025;CLI0158;S09;105,25;42,66;0;4489,96;EUR;C05-Rocío
F2025-001257;1;16/12/2025;CLI0207;S10;624,22;8,36;0;5218,48;EUR;C02-Javier
F2025-001257;2;16/12/2025;CLI0207;S10;280,11;9,12;5;2426,87;EUR;C02-Javier
F2025-001257;3;16/12/2025;CLI0207;S10;275,10;8,87;0;2440,14;EUR;C02-Javier
F2025-001257;4;16/12/2025;CLI0207;S15;2,00;83,90;0;167,80;EUR;C04-Andrés
F2025-001258;1;06/01/2025;CLI0252;S07;161,79;1,63;0;263,72;EUR;C05-Rocío
F2025-001258;2;06/01/2025;CLI0252;S15;4,00;85,92;5;326,50;EUR;C03-Lucía
F2025-001258;3;06/01/2025;CLI0252;S07;1350,60;1,70;5;2181,22;EUR;C02-Javier
F2025-001259;1;25/12/2025;CLI0338;S13;1,00;652,52;0;652,52;EUR;C02-Javier
F2025-001259;2;25/12/2025;CLI0338;S09;75,73;45,30;0;3430,57;EUR;C03-Lucía
F2025-001259;3;25/12/2025;CLI0338;S09;68,25;45,38;5;2942,33;EUR;C04-Andrés
F2025-001259;4;25/12/2025;CLI0338;S09;90,92;45,00;5;3886,83;EUR;C02-Javier
F2025-001260;1;04/12/2025;CLI0043;S06;657,17;1,08;0;709,74;EUR;C05-Rocío
F2025-001260;2;04/12/2025;CLI0043;S14;9,00;219,14;0;1972,26;EUR;C01-Marta
F2025-001261;1;01/03/2025;CLI0025;S07;1544,25;1,70;0;2625,22;EUR;C05-Rocío
F2025-001261;2;01/03/2025;CLI0025;S08;247,00;2,43;0;600,21;EUR;C05-Rocío
F2025-001261;2;01/03/2025;CLI0025;S08;247,00;2,43;0;600,21;EUR;C05-Rocío
F2025-001261;3;01/03/2025;CLI0025;S08;2209,94;2,46;0;5436,45;EUR;C04-Andrés
F2025-001262;1;10/12/2025;CLI0172;S10;59,46;8,86;0;526,82;EUR;C05-Rocío
F2025-001262;2;10/12/2025;CLI0172;S10;748,43;8,46;5;6015,13;EUR;C03-Lucía
F2025-001262;3;10/12/2025;CLI0172;S10;239,87;8,63;5;1966,57;EUR;C02-Javier
F2025-001262;4;10/12/2025;CLI0172;S13;1,00;641,39;5;609,32;EUR;C04-Andrés
F2025-001263;1;03/04/2025;CLI0097;S09;117,51;43,37;0;5096,41;EUR;C03-Lucía
F2025-001264;1;23/07/2025;CLI0380;S05;1963,07;3,32;5;6191,52;EUR;C03-Lucía
F2025-001264;2;23/07/2025;CLI0380;S05;128,34;3,15;0;404,27;EUR;C03-Lucía
F2025-001265;1;25/02/2025;CLI0296;S13;1,00;682,93;0;682,93;EUR;C05-Rocío
F2025-001265;2;25/02/2025;CLI0296;S14;8,00;226,44;0;1811,52;EUR;C03-Lucía
F2025-001265;3;25/02/2025;CLI0296;S14;2,00;206,49;10;371,68;EUR;C02-Javier
F2025-001266;1;07/12/2025;CLI0303;S05;568,32;3,20;0;1818,62;EUR;C04-Andrés
F2025-001266;2;07/12/2025;CLI0303;S05;1038,94;3,28;0;3407,72;EUR;C02-Javier
F2025-001266;3;07/12/2025;CLI0303;S05;392,16;3,19;0;1250,99;EUR;C02-Javier
F2025-001267;1;10/04/2025;CLI0076;S09;167,12;43,77;0;7314,84;EUR;C04-Andrés
F2025-001267;2;10/04/2025;CLI0076;S09;168,49;44,65;5;7146,92;EUR;C02-Javier
F2025-001268;1;14/12/2025;CLI0207;S10;280,39;8,61;5;2293,45;EUR;C01-Marta
F2025-001269;1;22/02/2025;CLI0094;S07;239,78;1,60;0;383,65;EUR;C03-Lucía
F2025-001269;2;22/02/2025;CLI0094;S07;2490,37;1,63;0;4059,30;EUR;C04-Andrés
F2025-001269;3;22/02/2025;CLI0094;S08;2964,59;2,47;0;7322,54;EUR;C04-Andrés
F2025-001270;1;14/06/2025;CLI0212;S12;4,00;123,75;5;470,25;EUR;C05-Rocío
F2025-001270;2;14/06/2025;CLI0212;S12;1,00;118,25;5;112,34;EUR;C03-Lucía
F2025-001271;1;22/08/2025;cli0024;S05;236,14;3,31;0;781,62;EUR;C03-Lucía
F2025-001271;2;22/08/2025;CLI0024;S06;1263,55;1,16;0;1465,72;EUR;C03-Lucía
F2025-001271;3;22/08/2025;CLI0024;S05;434,20;3,44;5;1418,97;EUR;C05-Rocío
F2025-001272;1;04/01/2025;CLI0350;S05;607,30;3,34;5;1926,96;EUR;C03-Lucía
F2025-001272;2;04/01/2025;CLI0350;S05;237,19;3,42;0;811,19;EUR;C01-Marta
F2025-001272;3;04/01/2025;CLI0350;S14;14,00;215,26;0;3013,64;EUR;C04-Andrés
F2025-001272;4;04/01/2025;CLI0350;S13;1,00;645,94;0;645,94;EUR;C03-Lucía
F2025-001273;1;04/04/2025;CLI0243;S05;93,47;3,34;0;312,19;EUR;C04-Andrés
F2025-001273;2;04/04/2025;CLI0243;S06;3955,58;1,17;0;4628,03;EUR;C02-Javier
F2025-001273;3;04/04/2025;CLI0243;S05;198,63;3,31;5;624,59;EUR;C04-Andrés
F2025-001274;1;27/11/2025;CLI0136;S11;20,72;26,11;0;541,00;EUR;C03-Lucía
F2025-001274;2;27/11/2025;CLI0136;S02;1156,18;6,66;5;7315,15;EUR;C04-Andrés
F2025-001274;3;27/11/2025;CLI0136;S13;1,00;663,04;0;663,04;EUR;C02-Javier
F2025-001274;4;27/11/2025;CLI0136;S02;783,07;6,37;0;4988,16;EUR;C04-Andrés
F2025-001275;1;11/10/2025;CLI0394;S06;1176,93;1,14;0;1341,70;EUR;C01-Marta
F2025-001275;2;11/10/2025;CLI0394;S06;1078,43;1,16;0;1250,98;EUR;C03-Lucía
F2025-001275;3;11/10/2025;CLI0394;S14;13,00;221,19;0;2875,47;EUR;C05-Rocío
F2025-001275;4;11/10/2025;CLI0394;S06;1102,35;1,09;0;1201,56;EUR;C05-Rocío
F2025-001276;1;02/01/2025;CLI0317;S15;3,00;88,67;0;266,01;EUR;C02-Javier
F2025-001277;1;15/02/2025;CLI0099;S10;175,52;8,36;5;1393,98;EUR;C05-Rocío
F2025-001277;2;15/02/2025;CLI0099;S10;897,04;8,63;0;7741,46;EUR;C03-Lucía
F2025-001277;3;15/02/2025;CLI0099;S10;1533,17;8,60;0;13185,26;EUR;C01-Marta
F2025-001277;4;15/02/2025;CLI0099;S10;821,33;8,97;0;7367,33;EUR;C03-Lucía
F2025-001278;1;18/07/2025;CLI0188;S15;2,00;86,37;0;172,74;EUR;C01-Marta
F2025-001278;2;18/07/2025;CLI0188;S14;3,00;206,79;0;620,37;EUR;C05-Rocío
F2025-001278;3;18/07/2025;CLI0188;S01;109,68;101,34;0;11114,97;EUR;C02-Javier
F2025-001278;4;18/07/2025;CLI0188;S11;39,30;25,16;0;988,79;EUR;C04-Andrés
F2025-001279;1;04/06/2025;CLI0127;S09;78,38;44,98;0;3525,53;EUR;C03-Lucía
F2025-001280;1;21/11/2025;CLI0317;S10;418,24;8,45;0;3534,13;EUR;C02-Javier
F2025-001280;2;21/11/2025;CLI0317;S10;950,69;8,90;5;8038,08;EUR;C01-Marta
F2025-001280;3;21/11/2025;CLI0317;S15;3,00;87,63;5;249,75;EUR;C05-Rocío
F2025-001280;4;21/11/2025;CLI0317;S15;1,00;91,90;15;78,12;EUR;C05-Rocío
F2025-001281;1;21/02/2025;CLI0370;S05;297,92;3,37;0;1003,99;EUR;C01-Marta
F2025-001281;2;21/02/2025;CLI0370;S06;8519,50;1,14;10;8741,01;EUR;C03-Lucía
F2025-001282;1;25/09/2025;CLI0225;S14;10,00;223,23;0;2232,30;EUR;C05-Rocío
F2025-001282;2;25/09/2025;CLI0225;S13;1,00;643,70;0;643,70;EUR;C05-Rocío
F2025-001282;3;25/09/2025;CLI0225;S13;1,00;670,26;0;670,26;EUR;C04-Andrés
F2025-001283;1;22/06/2025;CLI0236;S06;2120,97;1,12;0;2375,49;EUR;C01-Marta
F2025-001283;2;22/06/2025;CLI0236;S05;1542,89;3,36;0;5184,11;EUR;C01-Marta
F2025-001283;3;22/06/2025;CLI0236;S05;463,73;3,39;0;1572,04;EUR;C03-Lucía
F2025-001284;1;08/03/2025;CLI0101;S10;299,87;10,16;5;2895,12;USD;C04-Andrés
F2025-001284;2;08/03/2025;CLI0101;S10;1372,41;9,11;0;12502,66;EUR;C02-Javier
F2025-001284;3;08/03/2025;CLI0101;S10;892,22;8,61;15;6529,71;EUR;C05-Rocío
F2025-001284;4;08/03/2025;CLI0101;S14;9,00;207,97;10;1684,56;EUR;C01-Marta
F2025-001285;1;24/01/2025;CLI0095;S09;169,27;44,31;15;6375,30;EUR;C05-Rocío
F2025-001285;2;24/01/2025;CLI0095;S09;90,60;44,36;0;4019,02;EUR;C04-Andrés
F2025-001285;3;24/01/2025;CLI0095;S09;194,30;42,04;0;8168,37;EUR;C03-Lucía
F2025-001285;4;24/01/2025;CLI0095;S09;66,51;43,44;0;2889,19;EUR;C02-Javier
F2025-001286;1;26/11/2025;CLI0243;S05;1296,35;3,41;0;4420,55;EUR;C05-Rocío
F2025-001286;2;26/11/2025;CLI0243;S06;1335,09;1,10;0;1468,60;EUR;C04-Andrés
F2025-001287;1;04/01/2025;CLI0103;S07;266,48;1,60;0;426,37;EUR;C01-Marta
F2025-001287;2;04/01/2025;CLI0103;S08;1109,09;2,59;5;2728,92;EUR;C05-Rocío
F2025-001287;3;04/01/2025;CLI0103;S08;347,30;2,44;5;805,04;EUR;C03-Lucía
F2025-001287;4;04/01/2025;CLI0103;S08;3462,54;2,44;0;8448,60;EUR;C05-Rocío
F2025-001288;1;21/02/2025;CLI0095;S09;189,83;41,81;0;7936,79;EUR;C02-Javier
F2025-001288;2;21/02/2025;CLI0095;S09;198,28;42,89;5;8079,02;EUR;C05-Rocío
F2025-001288;3;21/02/2025;CLI0095;S09;131,12;44,44;5;5535,62;EUR;C02-Javier
F2025-001289;1;04/07/2025;CLI0176;S13;1,00;675,40;0;675,40;EUR;C05-Rocío
F2025-001289;2;04/07/2025;CLI0176;S05;482,42;3,33;0;1606,46;EUR;C01-Marta
F2025-001289;3;04/07/2025;CLI0176;S14;16,00;222,18;5;3377,14;EUR;C02-Javier
F2025-001289;4;04/07/2025;CLI0176;S05;226,62;3,33;0;754,64;EUR;C01-Marta
F2025-001290;1;08/02/2025;CLI0340;S07;446,55;1,63;0;727,88;EUR;C03-Lucía
F2025-001290;2;08/02/2025;CLI0340;S14;14,00;209,87;0;2938,18;EUR;C02-Javier
F2025-001291;1;03/06/2025;CLI0138;S09;82,39;44,41;0;3658,94;EUR;C03-Lucía
F2025-001291;2;03/06/2025;CLI0138;S13;1,00;702,20;5;667,09;EUR;C02-Javier
F2025-001292;1;26/10/2025;CLI0308;S15;4,00;84,67;0;338,68;EUR;C04-Andrés
F2025-001292;2;26/10/2025;CLI0308;S09;103,05;41,84;5;4096,03;EUR;C03-Lucía
F2025-001292;3;26/10/2025;CLI0308;S09;44,90;43,02;5;1835,02;EUR;C05-Rocío
F2025-001292;4;26/10/2025;CLI0308;S09;58,89;45,25;0;2664,77;EUR;C03-Lucía
F2025-001293;1;17/10/2025;CLI0051;S14;5,00;224,83;0;1124,15;EUR;C03-Lucía
F2025-001293;2;17/10/2025;CLI0051;S05;266,51;3,29;0;876,82;EUR;C05-Rocío
F2025-001293;3;17/10/2025;CLI0051;S06;1419,85;1,09;10;1392,87;EUR;C01-Marta
F2025-001293;4;17/10/2025;CLI0051;S05;81,49;3,24;15;224,42;EUR;C02-Javier
F2025-001294;1;12/02/2025;CLI0095;S09;128,45;42,27;0;5429,58;EUR;C01-Marta
F2025-001295;1;17/11/2025;CLI0039;S13;1,00;689,21;0;689,21;EUR;C01-Marta
F2025-001296;1;15/09/2025;CLI0094;S13;1,00;649,14;0;649,14;EUR;C01-Marta
F2025-001296;2;15/09/2025;CLI0094;S07;999,26;1,64;0;1638,79;EUR;C01-Marta
F2025-001296;3;15/09/2025;CLI0094;S07;67,77;1,59;0;107,75;EUR;C04-Andrés
F2025-001296;4;15/09/2025;CLI0094;S07;833,85;1,64;0;1367,51;EUR;C03-Lucía
F2025-001297;1;21/12/2025;CLI0075;S08;2345,24;2,53;5;5636,78;EUR;C03-Lucía
F2025-001297;2;21/12/2025;CLI0075;S08;619,66;2,37;0;1468,59;EUR;C01-Marta
F2025-001297;3;21/12/2025;CLI0075;S15;3,00;90,48;0;271,44;EUR;C02-Javier
F2025-001297;4;21/12/2025;CLI0075;S07;217,61;1,62;0;352,53;EUR;C01-Marta
F2025-001298;1;07/05/2025;CLI0207;S10;193,89;8,56;0;1659,70;EUR;C01-Marta
F2025-001298;2;07/05/2025;CLI0207;S10;896,97;8,78;0;7875,40;EUR;C02-Javier
F2025-001298;3;07/05/2025;CLI0207;S10;561,23;8,50;5;4531,93;EUR;C04-Andrés
F2025-001298;4;07/05/2025;CLI0207;S15;3,00;90,08;5;256,73;EUR;C05-Rocío
F2025-001299;1;02/02/2025;CLI0153;S15;3,00;84,74;0;254,22;EUR;C02-Javier
F2025-001300;1;10/12/2025;CLI0017;S06;520,64;1,08;0;562,29;EUR;C01-Marta
F2025-001301;1;26/05/2025;CLI0370;S06;1777,81;1,15;0;2044,48;EUR;C02-Javier
F2025-001301;2;26/05/2025;CLI0370;S05;207,86;3,37;0;700,49;EUR;C05-Rocío
F2025-001301;3;26/05/2025;CLI0370;S05;1049,60;3,38;10;3192,88;EUR;C01-Marta
F2025-001302;1;12/04/2025;CLI0082;S10;1143,10;8,96;0;10242,18;EUR;C02-Javier
F2025-001302;2;12/04/2025;CLI0082;S10;36,36;8,73;0;317,42;EUR;C04-Andrés
F2025-001303;1;19/08/2025;CLI0051;S13;1,00;696,61;0;696,61;EUR;C04-Andrés
F2025-001304;1;23/03/2025;cli0212;S12;4,00;127,30;5;483,74;EUR;C03-Lucía
F2025-001305;1;14/02/2025;CLI0200;S02;381,74;6,73;0;2569,11;EUR;C01-Marta
F2025-001305;2;14/02/2025;CLI0200;S13;1,00;689,75;0;689,75;EUR;C04-Andrés
F2025-001305;3;14/02/2025;CLI0200;S01;33,97;96,60;0;3281,50;EUR;C05-Rocío
F2025-001306;1;27/09/2025;CLI0047;S14;3,00;209,61;0;628,83;EUR;C04-Andrés
F2025-001306;2;27/09/2025;CLI0047;S10;732,36;8,42;0;6166,47;EUR;C05-Rocío
F2025-001306;3;27/09/2025;CLI0047;S10;255,76;8,90;0;2276,26;EUR;C04-Andrés
F2025-001307;1;20/11/2025;CLI0207;S10;386,57;9,16;0;3540,98;EUR;C05-Rocío
F2025-001307;2;20/11/2025;CLI0207;S10;571,80;9,05;5;4916,05;EUR;C04-Andrés
F2025-001307;3;20/11/2025;CLI0207;S10;2674,27;9,14;0;24442,83;EUR;C04-Andrés
F2025-001308;1;19/01/2025;CLI0356;S10;637,88;8,51;5;5156,94;EUR;C05-Rocío
F2025-001308;2;19/01/2025;CLI0356;S10;1008,95;8,95;5;8578,60;EUR;C02-Javier
F2025-001308;3;19/01/2025;CLI0356;S10;198,08;8,81;0;1745,08;EUR;C02-Javier
F2025-001308;4;19/01/2025;CLI0356;S15;3,00;88,27;5;251,57;EUR;C04-Andrés
F2025-001309;1;11/01/2025;CLI0045;S06;552,83;1,16;0;641,28;EUR;C05-Rocío
F2025-001309;2;11/01/2025;CLI0045;S06;738,59;1,14;0;841,99;EUR;C02-Javier
F2025-001309;3;11/01/2025;CLI0045;S13;1,00;683,36;0;683,36;EUR;C02-Javier
F2025-001310;1;12/05/2025;CLI0043;S05;346,04;3,38;5;1111,13;EUR;C03-Lucía
F2025-001310;2;12/05/2025;CLI0043;S06;705,37;1,12;0;790,01;EUR;C02-Javier
F2025-001311;1;26/04/2025;CLI0367;S05;1292,28;3,43;5;4210,89;EUR;C01-Marta
F2025-001312;1;17/04/2025;CLI0312;S13;1,00;679,38;0;679,38;EUR;C05-Rocío
F2025-001312;2;17/04/2025;CLI0312;S07;50,13;1,57;0;78,70;EUR;C02-Javier
F2025-001312;3;17/04/2025;CLI0312;S14;11,00;225,44;5;2355,85;EUR;C04-Andrés
F2025-001312;4;17/04/2025;CLI0312;S08;1357,51;2,55;0;3461,65;EUR;C04-Andrés
F2025-001313;1;12/02/2025;CLI0203;S10;1072,97;8,84;0;9485,05;EUR;C05-Rocío
F2025-001314;1;11/06/2025;CLI0008;S13;1,00;647,84;10;583,06;EUR;C03-Lucía
F2025-001314;2;11/06/2025;CLI0008;S13;1,00;675,43;0;675,43;EUR;C03-Lucía
F2025-001314;3;11/06/2025;CLI0008;S01;65,05;100,82;0;6558,34;EUR;C04-Andrés
F2025-001314;4;11/06/2025;CLI0008;S02;1815,64;6,63;0;12037,69;EUR;C01-Marta
F2025-001315;1;15/02/2025;CLI0377;S11;59,70;31,90;0;1904,47;USD;C01-Marta
F2025-001316;1;23/09/2025;CLI0205;S05;18,05;3,14;0;56,68;EUR;C03-Lucía
F2025-001317;1;15/08/2025;CLI0146;S09;137,11;42,25;0;5792,90;EUR;C03-Lucía
F2025-001317;2;15/08/2025;CLI0146;S09;112,24;44,57;0;5002,54;EUR;C03-Lucía
F2025-001317;3;15/08/2025;CLI0146;S09;128,05;43,08;5;5240,57;EUR;C04-Andrés
F2025-001318;1;01/09/2025;CLI0400;S06;2035,56;1,13;5;2185,17;EUR;C04-Andrés
F2025-001318;2;01/09/2025;CLI0400;S05;216,28;3,14;10;611,21;EUR;C05-Rocío
F2025-001318;3;01/09/2025;CLI0400;S06;2455,76;1,18;10;2608,02;EUR;C05-Rocío
F2025-001318;4;01/09/2025;CLI0400;S06;7215,25;1,16;5;7951,21;EUR;C01-Marta
F2025-001319;1;20/03/2025;CLI0147;S14;3,00;211,36;0;634,08;EUR;C04-Andrés
F2025-001319;2;20/03/2025;CLI0147;S01;32,46;102,43;0;3324,88;EUR;C03-Lucía
F2025-001319;3;20/03/2025;CLI0147;S02;143,67;6,59;0;946,79;EUR;C03-Lucía
F2025-001319;4;20/03/2025;CLI0147;S01;35,46;101,94;5;3434,05;EUR;C04-Andrés
F2025-001320;1;03/02/2025;CLI0395;S02;434,29;6,96;0;3022,66;EUR;C02-Javier
F2025-001320;2;2025-02-03;CLI0395;S01;79,74;100,29;10;7197,41;EUR;C02-Javier
F2025-001320;3;03/02/2025;CLI0395;S14;6,00;217,50;0;1305,00;EUR;C04-Andrés
F2025-001321;1;07/03/2025;CLI0365;S08;5283,37;2,54;0;13419,76;EUR;C02-Javier
F2025-001321;2;07/03/2025;CLI0365;S07;347,66;1,60;5;528,44;EUR;C01-Marta
F2025-001321;3;07/03/2025;CLI0365;S08;774,46;2,58;5;1898,20;EUR;C05-Rocío
F2025-001322;1;24/03/2025;CLI0241;S14;11,00;212,38;0;2336,18;EUR;C01-Marta
F2025-001323;1;25/02/2025;CLI0008;S11;26,97;26,88;0;724,95;EUR;C01-Marta
F2025-001323;2;25/02/2025;cli0008;S02;175,63;6,51;5;1086,18;EUR;C01-Marta
F2025-001323;3;25/02/2025;CLI0008;S13;1,00;644,20;0;644,20;EUR;C03-Lucía
F2025-001324;1;09/06/2025;CLI0095;S13;1,00;657,45;15;558,83;EUR;C03-Lucía
F2025-001324;2;09/06/2025;CLI0095;S13;1,00;699,11;0;699,11;EUR;C02-Javier
F2025-001324;3;09/06/2025;CLI0095;S09;79,75;43,92;0;3502,62;EUR;C03-Lucía
F2025-001325;1;22/11/2025;CLI0024;S14;11,00;206,12;0;2267,32;EUR;C02-Javier
F2025-001325;2;22/11/2025;CLI0024;S15;1,00;84,66;5;80,43;EUR;C03-Lucía
F2025-001325;3;22/11/2025;CLI0024;S05;767,19;3,30;0;2531,73;EUR;C04-Andrés
F2025-001326;1;10/07/2025;CLI0095;S09;126,40;42,79;0;5408,66;EUR;C05-Rocío
F2025-001326;2;10/07/2025;CLI0095;S09;89,37;45,33;15;;EUR;C03-Lucía
F2025-001326;3;10/07/2025;CLI0095;S09;47,57;43,69;0;2078,33;EUR;C03-Lucía
F2025-001327;1;26/01/2025;CLI0356;S10;269,01;9,12;10;2208,03;EUR;C02-Javier
F2025-001327;2;26/01/2025;CLI0356;S10;98,91;8,60;0;850,63;EUR;C05-Rocío
F2025-001327;3;26/01/2025;CLI0356;S10;126,63;8,32;10;948,21;EUR;C04-Andrés
F2025-001327;4;26/01/2025;CLI0356;S10;220,63;8,93;5;1871,71;EUR;C04-Andrés
F2025-001328;1;27/03/2025;CLI0356;S10;106,35;8,38;0;891,21;EUR;C02-Javier
F2025-001328;2;27/03/2025;CLI0356;S10;1632,31;8,54;0;13939,93;EUR;C04-Andrés
F2025-001329;1;03/05/2025;CLI0152;S11;138,39;24,57;0;3400,24;EUR;C04-Andrés
F2025-001329;2;03/05/2025;CLI0152;S14;14,00;210,37;5;2797,92;EUR;C03-Lucía
F2025-001329;3;03/05/2025;CLI0152;S02;641,47;6,78;0;4349,17;EUR;C01-Marta
F2025-001330;1;14/08/2025;CLI0080;S15;1,00;88,93;0;88,93;EUR;C03-Lucía
F2025-001330;2;14/08/2025;CLI0080;S11;118,21;25,79;5;2896,20;EUR;C04-Andrés
F2025-001330;3;14/08/2025;cli0080;S15;1,00;88,29;5;83,88;EUR;C02-Javier
F2025-001331;1;06/11/2025;CLI0078;S10;302,34;9,01;0;2724,08;EUR;C03-Lucía
F2025-001331;2;06/11/2025;CLI0078;S13;1,00;674,89;5;641,15;EUR;C01-Marta
F2025-001331;3;06/11/2025;CLI0078;S10;182,25;9,08;0;1654,83;EUR;C02-Javier
F2025-001331;4;06/11/2025;CLI0078;S13;1,00;701,99;0;701,99;EUR;C05-Rocío
F2025-001332;1;11/04/2025;CLI0324;S10;366,15;8,42;0;3082,98;EUR;C05-Rocío
F2025-001332;2;11/04/2025;CLI0324;S10;735,56;8,69;0;6392,02;EUR;C05-Rocío
F2025-001332;3;11/04/2025;cli0324;S10;826,56;8,99;0;7430,77;EUR;C03-Lucía
F2025-001332;4;11/04/2025;CLI0324;S13;1,00;651,44;5;618,87;EUR;C03-Lucía
F2025-001333;1;11/05/2025;CLI0051;S06;160,04;1,16;0;185,65;EUR;C03-Lucía
F2025-001334;1;16/09/2025;CLI0095;S09;182,56;43,73;0;7983,35;EUR;C04-Andrés
F2025-001334;2;16/09/2025;CLI0095;S09;97,57;44,26;0;4318,45;EUR;C01-Marta
F2025-001335;1;06/06/2025;CLI0354;S13;1,00;687,52;0;687,52;EUR;C05-Rocío
F2025-001335;2;06/06/2025;CLI0354;S02;623,55;6,50;0;4053,07;EUR;C02-Javier
F2025-001335;3;06/06/2025;CLI0354;S01;47,09;96,28;5;4307,13;EUR;C02-Javier
F2025-001335;4;06/06/2025;CLI0354;S11;36,26;26,92;0;976,12;EUR;C04-Andrés
F2025-001336;1;06/03/2025;CLI0162;S04;524,13;14,53;5;7234,83;EUR;C04-Andrés
F2025-001336;2;06/03/2025;CLI0162;S03;35,44;39,95;0;1415,83;EUR;C04-Andrés
F2025-001337;1;06/05/2025;CLI0292;S05;234,08;3,33;0;779,49;EUR;C05-Rocío
F2025-001338;1;07/03/2025;CLI0251;S05;376,89;3,24;0;1221,12;EUR;C01-Marta
F2025-001338;2;07/03/2025;CLI0251;S06;974,70;1,14;0;1111,16;EUR;C04-Andrés
F2025-001339;1;19/11/2025;CLI0158;S09;125,20;43,42;0;5436,18;EUR;C05-Rocío
F2025-001339;2;19/11/2025;CLI0158;S09;117,94;44,68;10;4742,60;EUR;C02-Javier
F2025-001339;3;19/11/2025;CLI0158;S15;3,00;84,37;10;227,80;EUR;C03-Lucía
F2025-001340;1;14/05/2025;CLI0094;S07;597,09;1,72;0;1026,99;EUR;C03-Lucía
F2025-001340;2;14/05/2025;CLI0094;S07;497,49;1,71;5;808,17;EUR;C05-Rocío
F2025-001340;3;14/05/2025;CLI0094;S07;58,26;1,71;5;94,64;EUR;C01-Marta
F2025-001341;1;17/09/2025;CLI0056;S10;337,27;8,77;0;2957,86;EUR;C03-Lucía
F2025-001341;2;17/09/2025;CLI0056;S10;106,35;8,83;5;892,12;EUR;C01-Marta
F2025-001342;1;10/06/2025;CLI0194;S02;1620,96;7,89;0;12796,57;USD;C03-Lucía
F2025-001342;2;10/06/2025;CLI0194;S02;572,83;7,33;0;4199,17;USD;C02-Javier
F2025-001342;3;10/06/2025;CLI0194;S11;30,79;26,86;10;744,32;EUR;C02-Javier
F2025-001342;4;10/06/2025;CLI0194;S01;19,07;98,54;0;1879,16;EUR;C03-Lucía
F2025-001343;1;28/02/2025;CLI0175;S10;1010,48;8,88;5;8524,41;EUR;C04-Andrés
F2025-001343;2;28/02/2025;CLI0175;S10;581,80;8,90;0;5178,02;EUR;C05-Rocío
F2025-001343;3;28/02/2025;CLI0175;S10;209,02;8,97;0;1874,91;EUR;C01-Marta
F2025-001344;1;21/07/2025;CLI0025;S08;3019,80;2,43;0;7338,11;EUR;C02-Javier
F2025-001345;1;15/12/2025;CLI0051;S14;16,00;207,38;15;2820,37;EUR;C03-Lucía
F2025-001345;2;15/12/2025;CLI0051;S14;3,00;226,40;0;679,20;EUR;C02-Javier
F2025-001345;3;15/12/2025;CLI0051;S06;609,88;1,11;15;575,42;EUR;C02-Javier
F2025-001345;4;15/12/2025;CLI0051;S13;1,00;699,41;0;699,41;EUR;C02-Javier
F2025-001346;1;10/08/2025;CLI0274;S07;297,60;1,72;10;460,68;EUR;C01-Marta
F2025-001346;2;10/08/2025;CLI0274;S15;3,00;86,33;15;220,14;EUR;C04-Andrés
F2025-001346;3;10/08/2025;CLI0274;S08;580,03;2,37;15;1168,47;EUR;C01-Marta
F2025-001347;1;14/03/2025;CLI0168;S10;537,32;8,76;5;4471,58;EUR;C05-Rocío
F2025-001347;2;14/03/2025;CLI0168;S10;1419,52;8,89;0;12619,53;EUR;C02-Javier
F2025-001348;1;23/02/2025;CLI0212;S03;40,25;38,46;0;1548,02;EUR;C04-Andrés
F2025-001349;1;26/06/2025;CLI0380;S06;243,66;1,19;0;289,96;EUR;C01-Marta
F2025-001349;2;26/06/2025;CLI0380;S05;286,87;3,33;0;955,28;EUR;C04-Andrés
F2025-001349;3;26/06/2025;CLI0380;S05;167,84;3,35;0;562,26;EUR;C05-Rocío
F2025-001349;4;26/06/2025;CLI0380;S14;16,00;222,92;0;3566,72;EUR;C04-Andrés
F2025-001350;1;26/05/2025;CLI0078;S10;139,62;8,88;0;1239,83;EUR;C01-Marta
F2025-001350;2;26/05/2025;CLI0078;S10;148,08;8,49;0;1257,20;EUR;C05-Rocío
F2025-001350;3;26/05/2025;CLI0078;S15;2,00;89,96;0;179,92;EUR;C03-Lucía
F2025-001351;1;08/06/2025;CLI0292;S06;664,38;1,08;0;717,53;EUR;C02-Javier
F2025-001351;2;08/06/2025;CLI0292;S14;9,00;225,91;0;2033,19;EUR;C04-Andrés
F2025-001351;3;08/06/2025;CLI0292;S13;1,00;696,30;0;696,30;EUR;C02-Javier
F2025-001351;4;08/06/2025;CLI0292;S06;1769,28;1,11;0;1963,90;EUR;C04-Andrés
F2025-001352;1;22/08/2025;CLI0241;S12;1,00;121,89;0;121,89;EUR;C05-Rocío
F2025-001353;1;28/05/2025;CLI0087;S15;4,00;103,83;0;415,34;USD;C02-Javier
F2025-001353;2;28/05/2025;CLI0087;S10;199,05;8,72;0;1735,72;EUR;C05-Rocío
F2025-001353;3;28/05/2025;CLI0087;S13;1,00;800,68;0;800,68;USD;C03-Lucía
F2025-001354;1;20/06/2025;CLI0095;S09;73,18;45,18;0;3306,27;EUR;C05-Rocío
F2025-001354;2;20/06/2025;CLI0095;S15;1,00;84,73;0;84,73;EUR;C02-Javier
F2025-001355;1;04/09/2025;CLI0371;S13;1,00;667,72;5;634,33;EUR;C02-Javier
F2025-001355;2;04/09/2025;CLI0371;S14;10,00;213,49;5;2028,15;EUR;C04-Andrés
F2025-001355;3;04/09/2025;CLI0371;S10;162,79;8,80;0;1432,55;EUR;C02-Javier
F2025-001355;4;04/09/2025;CLI0371;S13;1,00;692,46;0;692,46;EUR;C04-Andrés
F2025-001356;1;13/01/2025;CLI0230;S11;19,40;31,74;0;615,80;USD;C01-Marta
F2025-001357;1;15/05/2025;CLI0366;S05;72,21;3,45;0;249,12;EUR;C02-Javier
F2025-001357;2;15/05/2025;CLI0366;S05;164,73;3,27;15;457,87;EUR;C01-Marta
F2025-001357;3;15/05/2025;CLI0366;S13;1,00;665,20;0;665,20;EUR;C01-Marta
F2025-001357;4;15/05/2025;CLI0366;S06;2390,71;1,14;10;2452,87;EUR;C01-Marta
F2025-001358;1;12/06/2025;CLI0134;S05;178,10;3,13;0;557,45;EUR;C01-Marta
F2025-001358;2;12/06/2025;CLI0134;S05;492,50;3,35;0;1649,88;EUR;C04-Andrés
F2025-001359;1;12/05/2025;CLI0040;S08;3064,57;2,41;0;7385,61;EUR;C03-Lucía
F2025-001360;1;04/06/2025;CLI0230;S01;52,57;102,66;15;4587,31;EUR;C01-Marta
F2025-001360;2;04/06/2025;CLI0230;S11;34,00;29,57;0;1005,39;USD;C05-Rocío
F2025-001360;3;04/06/2025;CLI0230;S11;19,70;24,70;15;413,60;EUR;C05-Rocío
F2025-001360;4;04/06/2025;CLI0230;S14;3,00;223,10;0;669,30;EUR;C05-Rocío
F2025-001361;1;16/02/2025;CLI0054;S07;568,16;1,70;0;965,87;EUR;C05-Rocío
F2025-001361;2;16/02/2025;CLI0054;S07;1140,94;1,59;0;1814,09;EUR;C01-Marta
F2025-001362;1;03/08/2025;CLI0380;S05;979,08;3,31;0;3240,75;EUR;C01-Marta
F2025-001363;1;07/04/2025;CLI0214;S01;70,88;95,63;0;6778,25;EUR;C03-Lucía
F2025-001363;2;07/04/2025;CLI0214;S02;146,03;6,72;0;981,32;EUR;C02-Javier
F2025-001363;3;07/04/2025;CLI0214;S01;167,53;96,16;0;16109,68;EUR;C03-Lucía
F2025-001363;4;07/04/2025;CLI0214;S01;80,51;96,54;0;7772,44;EUR;C04-Andrés
F2025-001364;1;23/02/2025;CLI0371;S13;1,00;685,93;5;651,63;EUR;C02-Javier
F2025-001364;2;23/02/2025;CLI0371;S10;394,88;9,06;0;3577,61;EUR;C01-Marta
F2025-001365;1;08/03/2025;CLI0370;S06;1339,61;1,09;0;1460,17;EUR;C02-Javier
F2025-001365;2;08/03/2025;CLI0370;S13;1,00;699,91;0;699,91;EUR;C01-Marta
F2025-001365;3;08/03/2025;CLI0370;S05;731,07;3,20;5;2222,45;EUR;C05-Rocío
F2025-001366;1;01/09/2025;CLI0350;S15;3,00;86,16;15;219,71;EUR;C02-Javier
F2025-001366;2;01/09/2025;CLI0350;S06;1065,65;1,08;10;1035,81;EUR;C02-Javier
F2025-001366;3;01/09/2025;CLI0350;S13;1,00;651,18;0;651,18;EUR;C02-Javier
F2025-001366;4;01/09/2025;CLI0350;S15;3,00;84,57;10;228,34;EUR;C01-Marta
F2025-001367;1;18/07/2025;CLI0361;S06;568,50;1,18;0;670,83;EUR;C05-Rocío
F2025-001367;2;18/07/2025;CLI0361;S13;1,00;653,92;0;653,92;EUR;C05-Rocío
F2025-001368;1;02/11/2025;CLI0245;S05;331,97;3,39;0;1125,38;EUR;C03-Lucía
F2025-001369;1;27/04/2025;CLI0267;S14;10,00;217,73;5;2068,43;EUR;C01-Marta
F2025-001370;1;10/08/2025;CLI0120;S01;206,30;100,69;0;20772,35;EUR;C05-Rocío
F2025-001370;2;10/08/2025;CLI0120;S01;214,18;96,97;10;18692,13;EUR;C02-Javier
F2025-001370;3;10/08/2025;CLI0120;S01;311,57;96,80;15;25635,98;EUR;C02-Javier
F2025-001370;4;10/08/2025;CLI0120;S02;213,58;6,65;0;1420,31;EUR;C04-Andrés
F2025-001371;1;12/01/2025;CLI0207;S10;202,39;8,64;5;1661,22;EUR;C03-Lucía
F2025-001371;2;12/01/2025;CLI0207;S10;695,24;9,05;0;6291,92;EUR;C04-Andrés
F2025-001372;1;05/06/2025;CLI0158;S09;147,82;44,53;0;6582,42;EUR;C02-Javier
F2025-001373;1;15/02/2025;CLI0095;S14;2,00;223,18;0;446,36;EUR;C01-Marta
F2025-001373;2;15/02/2025;CLI0095;S14;14,00;225,87;0;3162,18;EUR;C03-Lucía
F2025-001373;3;15/02/2025;CLI0095;S09;66,15;43,36;0;2868,26;EUR;C05-Rocío
F2025-001373;4;15/02/2025;CLI0095;S14;3,00;208,74;0;626,22;EUR;C03-Lucía
F2025-001374;1;12/09/2025;CLI0212;S15;4,00;87,83;5;333,75;EUR;C02-Javier
F2025-001374;2;12/09/2025;CLI0212;S13;1,00;636,77;0;636,77;EUR;C05-Rocío
F2025-001374;3;12/09/2025;CLI0212;S12;1,00;118,93;0;118,93;EUR;C02-Javier
F2025-001375;1;10/11/2025;CLI0034;S13;1,00;638,79;0;638,79;EUR;C02-Javier
F2025-001375;2;10/11/2025;CLI0034;S09;75,12;42,85;0;3218,89;EUR;C01-Marta
F2025-001375;3;10/11/2025;CLI0034;S09;97,25;44,39;0;4316,93;EUR;C03-Lucía
F2025-001376;1;28/10/2025;CLI0317;S10;166,28;8,43;0;1401,74;EUR;C05-Rocío
F2025-001376;2;28/10/2025;CLI0317;S15;1,00;86,64;15;73,64;EUR;C05-Rocío
F2025-001376;3;28/10/2025;CLI0317;S10;100,88;8,96;0;903,88;EUR;C03-Lucía
F2025-001377;1;20/10/2025;CLI0051;S06;1481,66;1,12;5;1576,49;EUR;C01-Marta
F2025-001377;2;20/10/2025;CLI0051;S05;359,91;3,26;0;1173,31;EUR;C03-Lucía
F2025-001377;3;20/10/2025;CLI0051;S05;379,10;3,39;0;1285,15;EUR;C04-Andrés
F2025-001378;1;08/01/2025;CLI0043;S05;252,06;3,44;5;823,73;EUR;C02-Javier
F2025-001378;2;08/01/2025;CLI0043;S05;97,04;3,28;0;318,29;EUR;C03-Lucía
F2025-001378;3;08/01/2025;CLI0043;S05;168,67;3,20;5;512,76;EUR;C05-Rocío
F2025-001378;4;08/01/2025;CLI0043;S05;2472,80;3,34;5;7846,19;EUR;C04-Andrés
F2025-001379;1;27/01/2025;CLI0207;S14;10,00;217,93;0;2179,30;EUR;C05-Rocío
F2025-001380;1;05/10/2025;CLI0179;S05;77,29;3,21;0;248,10;EUR;C03-Lucía
F2025-001380;2;05/10/2025;CLI0179;S05;892,21;3,24;0;2890,76;EUR;C03-Lucía
F2025-001381;1;14/09/2025;CLI0120;S01;113,49;94,76;10;9678,88;EUR;C03-Lucía
F2025-001381;2;14/09/2025;CLI0120;S02;372,90;6,49;15;2057,10;EUR;C03-Lucía
F2025-001382;1;19/12/2025;CLI0219;S05;159,81;3,32;10;477,51;EUR;C03-Lucía
F2025-001382;2;19/12/2025;CLI0219;S06;2672,93;1,12;5;2844,00;EUR;C02-Javier
F2025-001382;3;19/12/2025;CLI0219;S05;947,24;3,14;15;2528,18;EUR;C05-Rocío
F2025-001382;4;19/12/2025;CLI0219;S06;1568,96;1,10;0;1725,86;EUR;C01-Marta
F2025-001383;1;01/07/2025;CLI0158;S09;84,00;43,40;5;3463,32;EUR;C04-Andrés
F2025-001384;1;11/11/2025;CLI0158;S14;5,00;210,46;5;999,68;EUR;C03-Lucía
F2025-001384;2;11/11/2025;CLI0158;S09;70,26;43,87;5;2928,19;EUR;C03-Lucía
F2025-001384;3;11/11/2025;CLI0158;S15;1,00;87,87;15;74,69;EUR;C02-Javier
F2025-001385;1;21/06/2025;CLI0143;S10;938,53;8,65;10;7306,46;EUR;C04-Andrés
F2025-001385;2;21/06/2025;CLI0143;S10;74,20;8,75;5;616,79;EUR;C01-Marta
F2025-001385;3;21/06/2025;CLI0143;S10;267,29;8,44;0;2255,93;EUR;C03-Lucía
F2025-001385;4;21/06/2025;CLI0143;S10;166,05;8,64;10;1291,20;EUR;C02-Javier
F2025-001386;1;22/04/2025;CLI0201;S15;3,00;84,43;5;240,63;EUR;C05-Rocío
F2025-001386;2;22/04/2025;CLI0201;S02;826,78;6,86;0;5671,71;EUR;C05-Rocío
F2025-001387;1;20/05/2025;CLI0290;S10;364,45;9,02;0;3287,34;EUR;C01-Marta
F2025-001387;2;20/05/2025;CLI0290;S10;110,51;9,11;0;1006,75;EUR;C04-Andrés
F2025-001387;3;20/05/2025;CLI0290;S10;568,02;8,74;15;4219,82;EUR;C04-Andrés
F2025-001387;4;20/05/2025;CLI0290;S10;337,28;9,18;0;3096,23;EUR;C04-Andrés
F2025-001388;1;11/01/2025;CLI0088;S10;68,21;8,64;0;589,33;EUR;C03-Lucía
F2025-001389;1;23/06/2025;CLI0377;S01;69,35;107,95;15;6363,43;USD;C01-Marta
F2025-001389;2;23/06/2025;CLI0377;S02;328,56;6,46;0;2122,50;EUR;C04-Andrés
F2025-001390;1;03/05/2025;CLI0017;S13;1,00;693,07;0;693,07;EUR;C05-Rocío
F2025-001390;2;03/05/2025;CLI0017;S05;947,32;3,21;5;2888,85;EUR;C03-Lucía
F2025-001390;3;03/05/2025;CLI0017;S06;2169,32;1,10;0;2386,25;EUR;C05-Rocío
F2025-001391;1;17/03/2025;CLI0095;S13;1,00;672,44;15;571,57;EUR;C04-Andrés
F2025-001391;2;17/03/2025;CLI0095;S15;3,00;86,54;10;233,66;EUR;C02-Javier
F2025-001392;1;09/04/2025;CLI0107;S13;1,00;639,29;0;639,29;EUR;C04-Andrés
F2025-001392;2;09/04/2025;CLI0107;S05;1338,89;3,35;0;4485,28;EUR;C05-Rocío
F2025-001393;1;23/05/2025;CLI0212;S14;14,00;215,05;0;3010,70;EUR;C04-Andrés
F2025-001393;2;23/05/2025;CLI0212;S04;150,66;14,98;5;2144,04;EUR;C03-Lucía
F2025-001394;1;28/08/2025;CLI0039;S10;293,34;8,95;5;2494,12;EUR;C02-Javier
F2025-001394;2;28/08/2025;CLI0039;S10;114,80;9,08;5;990,26;EUR;C04-Andrés
F2025-001394;3;28/08/2025;CLI0039;S14;11,00;224,24;0;2466,64;EUR;C03-Lucía
F2025-001395;1;22/06/2025;CLI0306;S02;391,75;6,53;15;2174,41;EUR;C02-Javier
F2025-001396;1;16/11/2025;CLI0094;S07;76,09;1,62;0;123,27;EUR;C02-Javier
F2025-001396;2;16/11/2025;CLI0094;S08;760,37;2,53;0;1923,74;EUR;C02-Javier
F2025-001396;3;16/11/2025;CLI0094;S08;2416,29;2,47;0;5968,24;EUR;C02-Javier
F2025-001397;1;01/09/2025;CLI0105;S10;178,82;9,19;5;1561,19;EUR;C05-Rocío
F2025-001398;1;21/09/2025;CLI0158;S14;5,00;221,58;5;1052,51;EUR;C02-Javier
F2025-001398;2;21/09/2025;CLI0158;S09;112,16;42,86;10;4326,46;EUR;C04-Andrés
F2025-001398;2;21/09/2025;CLI0158;S09;112,16;42,86;10;4326,46;EUR;C04-Andrés
F2025-001398;3;21/09/2025;CLI0158;S09;68,20;43,28;5;2804,11;EUR;C04-Andrés
F2025-001398;4;21/09/2025;CLI0158;S09;138,19;43,97;5;5772,40;EUR;C04-Andrés
F2025-001399;1;06/06/2025;CLI0045;S05;691,29;3,42;0;2364,21;EUR;C04-Andrés
F2025-001399;2;2025-06-06;CLI0045;S06;1571,84;1,14;5;1702,30;EUR;C05-Rocío
F2025-001399;3;06/06/2025;CLI0045;S05;169,79;3,40;0;577,29;EUR;C04-Andrés
F2025-001399;4;06/06/2025;CLI0045;S05;857,10;3,21;0;2751,29;EUR;C05-Rocío
F2025-001400;1;20/04/2025;CLI0341;S15;2,00;91,55;0;183,10;EUR;C05-Rocío
F2025-001401;1;27/02/2025;CLI0244;S09;207,16;42,87;0;8880,95;EUR;C02-Javier
F2025-001401;2;27/02/2025;CLI0244;S13;1,00;657,01;0;657,01;EUR;C03-Lucía
F2025-001401;3;27/02/2025;CLI0244;S09;163,51;41,48;0;6782,39;EUR;C01-Marta
F2025-001401;4;27/02/2025;CLI0244;S09;90,72;45,04;0;4086,03;EUR;C05-Rocío
F2025-001402;1;15/09/2025;CLI0207;S10;380,37;8,36;5;3020,90;EUR;C03-Lucía
F2025-001402;2;15/09/2025;CLI0207;S10;535,11;9,15;0;4896,26;EUR;C02-Javier
F2025-001402;3;15/09/2025;CLI0207;S15;1,00;86,71;0;86,71;EUR;C05-Rocío
F2025-001403;1;26/05/2025;CLI0381;S11;41,47;26,49;0;1098,54;EUR;C03-Lucía
F2025-001403;2;26/05/2025;CLI0381;S14;4,00;222,13;0;888,52;EUR;C05-Rocío
F2025-001403;3;26/05/2025;CLI0381;S01;133,38;94,63;0;12621,75;EUR;C03-Lucía
F2025-001404;1;22/08/2025;CLI0370;S06;1511,51;1,11;15;1426,11;EUR;C02-Javier
F2025-001404;2;22/08/2025;CLI0370;S15;4,00;86,59;5;329,04;EUR;C05-Rocío
F2025-001405;1;15/06/2025;CLI0253;S07;433,32;1,61;5;662,76;EUR;C02-Javier
F2025-001405;2;15/06/2025;CLI0253;S07;95,61;1,70;0;162,54;EUR;C01-Marta
F2025-001405;3;15/06/2025;CLI0253;S07;128,29;1,57;0;201,42;EUR;C01-Marta
F2025-001406;1;07/06/2025;CLI0368;S10;604,54;8,75;0;5289,72;EUR;C01-Marta
F2025-001406;2;07/06/2025;CLI0368;S10;901,43;9,12;0;8221,04;EUR;C04-Andrés
F2025-001406;3;07/06/2025;CLI0368;S10;286,02;8,63;0;2468,35;EUR;C05-Rocío
F2025-001406;4;07/06/2025;CLI0368;S13;1,00;652,45;0;652,45;EUR;C05-Rocío
F2025-001407;1;02/12/2025;CLI0225;S05;25,46;3,32;0;84,53;EUR;C02-Javier
F2025-001407;2;02/12/2025;CLI0225;S05;1197,84;3,16;0;3785,17;EUR;C02-Javier
F2025-001408;1;27/04/2025;CLI0095;S09;103,30;43,99;0;4544,17;EUR;C03-Lucía
F2025-001409;1;27/07/2025;CLI0306;S01;65,72;98,06;0;6444,50;EUR;C02-Javier
F2025-001409;2;27/07/2025;CLI0306;S01;84,51;97,27;15;6987,24;EUR;C02-Javier
F2025-001409;3;27/07/2025;CLI0306;S02;143,70;6,86;5;936,49;EUR;C03-Lucía
F2025-001410;1;14/08/2025;CLI0097;S13;1,00;699,91;0;699,91;EUR;C01-Marta
F2025-001410;2;14/08/2025;CLI0097;S09;238,57;41,37;0;9869,64;EUR;C02-Javier
F2025-001410;3;14/08/2025;CLI0097;S09;90,23;45,12;5;3867,62;EUR;C01-Marta
F2025-001410;4;14/08/2025;CLI0097;S09;235,62;42,58;10;9029,43;EUR;C03-Lucía
F2025-001411;1;22/04/2025;CLI0200;S02;265,69;6,54;0;1737,61;EUR;C02-Javier
F2025-001411;2;22/04/2025;CLI0200;S14;8,00;213,84;0;1710,72;EUR;C05-Rocío
F2025-001411;3;22/04/2025;CLI0200;S01;211,42;101,83;5;20452,45;EUR;C03-Lucía
F2025-001412;1;22/01/2025;CLI0114;S14;11,00;219,33;0;2412,63;EUR;C05-Rocío
F2025-001412;2;22/01/2025;CLI0114;S13;1,00;678,89;5;644,95;EUR;C05-Rocío
F2025-001412;3;22/01/2025;CLI0114;S14;9,00;208,35;0;1875,15;EUR;C02-Javier
F2025-001413;1;16/02/2025;CLI0212;S12;3,00;118,77;0;356,31;EUR;C05-Rocío
F2025-001413;2;16/02/2025;CLI0212;S12;4,00;122,82;0;491,28;EUR;C04-Andrés
F2025-001413;3;16/02/2025;CLI0212;S03;34,65;38,78;0;1343,73;EUR;C05-Rocío
F2025-001414;1;04/04/2025;CLI0207;S15;3,00;85,60;0;;EUR;C01-Marta
F2025-001414;2;04/04/2025;CLI0207;S10;139,95;9,14;0;1279,14;EUR;C02-Javier
F2025-001414;3;04/04/2025;CLI0207;S10;112,06;9,19;0;1029,83;EUR;C03-Lucía
F2025-001415;1;20/04/2025;cli0134;S06;693,63;1,13;0;783,80;EUR;C01-Marta
F2025-001415;2;20/04/2025;CLI0134;S15;1,00;85,64;5;81,36;EUR;C05-Rocío
F2025-001416;1;17/06/2025;CLI0324;S10;56,88;8,33;0;473,81;EUR;C03-Lucía
F2025-001416;2;17/06/2025;CLI0324;S10;584,94;8,49;0;4966,14;EUR;C02-Javier
F2025-001417;1;26/07/2025;CLI0051;S05;2568,96;3,25;10;7514,21;EUR;C05-Rocío
F2025-001418;1;02/12/2025;CLI0282;S07;447,48;1,64;0;733,87;EUR;C01-Marta
F2025-001418;2;02/12/2025;CLI0282;S15;2,00;95,77;0;191,54;USD;C05-Rocío
F2025-001418;3;02/12/2025;CLI0282;S15;2,00;100,94;0;201,88;USD;C01-Marta
F2025-001418;4;02/12/2025;CLI0282;S07;287,39;1,64;0;471,32;EUR;C05-Rocío
F2025-001419;1;18/07/2025;CLI0164;S09;208,21;43,25;5;8554,83;EUR;C05-Rocío
F2025-001419;2;18/07/2025;CLI0164;S15;3,00;98,30;5;280,16;USD;C03-Lucía
F2025-001420;1;17/02/2025;CLI0212;S04;337,86;13,89;0;4692,88;EUR;C02-Javier
F2025-001420;2;17/02/2025;CLI0212;S04;673,91;14,68;0;9893,00;EUR;C01-Marta
F2025-001421;1;09/04/2025;CLI0354;S11;24,38;24,76;0;;EUR;C04-Andrés
F2025-001422;1;07/09/2025;CLI0008;S01;191,04;96,23;10;16545,40;EUR;C01-Marta
F2025-001422;2;07/09/2025;CLI0008;S01;150,01;97,89;10;13216,03;EUR;C01-Marta
F2025-001423;1;07/03/2025;CLI0207;S10;90,30;8,56;0;772,97;EUR;C05-Rocío
F2025-001423;2;07/03/2025;CLI0207;S10;751,81;9,16;0;6886,58;EUR;C02-Javier
F2025-001423;3;07/03/2025;CLI0207;S10;439,77;8,50;0;3738,05;EUR;C05-Rocío
F2025-001423;4;07/03/2025;CLI0207;S10;556,24;9,19;0;5111,85;EUR;C01-Marta
F2025-001424;1;07/04/2025;CLI0237;S09;66,28;41,78;10;2492,26;EUR;C05-Rocío
F2025-001424;2;07/04/2025;CLI0237;S13;1,00;655,07;10;589,56;EUR;C02-Javier
F2025-001425;1;27/10/2025;CLI0008;S15;1,00;88,50;10;79,65;EUR;C05-Rocío
F2025-001425;2;27/10/2025;CLI0008;S02;286,48;6,43;0;1842,07;EUR;C03-Lucía
F2025-001426;1;09/10/2025;CLI0087;S10;488,18;10,12;0;4938,47;USD;C05-Rocío
F2025-001426;2;09/10/2025;CLI0087;S14;14,00;220,06;0;3080,84;EUR;C03-Lucía
F2025-001426;3;09/10/2025;CLI0087;S13;1,00;722,05;0;722,05;USD;C04-Andrés
F2025-001426;4;09/10/2025;CLI0087;S10;58,36;9,00;0;525,24;EUR;C04-Andrés
F2025-001427;1;20/01/2025;CLI0271;S14;11,00;219,77;0;2417,47;EUR;C02-Javier
F2025-001427;2;20/01/2025;CLI0271;S06;1097,77;1,18;5;1230,60;EUR;C01-Marta
F2025-001427;3;20/01/2025;CLI0271;S13;1,00;638,85;0;638,85;EUR;C05-Rocío
F2025-001428;1;14/11/2025;CLI0247;S10;592,72;8,57;0;5079,61;EUR;C05-Rocío
F2025-001428;2;14/11/2025;CLI0247;S10;467,33;8,86;0;4140,54;EUR;C02-Javier
F2025-001428;3;14/11/2025;CLI0247;S10;408,76;8,33;15;2894,23;EUR;C05-Rocío
F2025-001428;4;14/11/2025;CLI0247;S10;644,97;8,92;0;5753,13;EUR;C05-Rocío
F2025-001429;1;15/08/2025;CLI0054;S14;16,00;210,80;5;3204,16;EUR;C04-Andrés
F2025-001429;2;15/08/2025;CLI0054;S14;4,00;219,99;5;835,96;EUR;C02-Javier
F2025-001429;3;15/08/2025;CLI0054;S08;410,97;2,50;0;1027,43;EUR;C02-Javier
F2025-001430;1;23/07/2025;CLI0198;S01;181,83;97,90;5;16911,10;EUR;C01-Marta
F2025-001430;2;23/07/2025;CLI0198;S02;707,24;6,58;0;4653,64;EUR;C02-Javier
F2025-001430;3;23/07/2025;CLI0198;S01;10,79;98,79;5;1012,65;EUR;C05-Rocío
F2025-001430;4;23/07/2025;CLI0198;S11;39,85;26,37;5;998,30;EUR;C02-Javier
F2025-001431;1;14/06/2025;CLI0101;S10;318,06;8,81;0;2802,11;EUR;C04-Andrés
F2025-001431;2;14/06/2025;CLI0101;S14;6,00;214,00;10;1155,60;EUR;C02-Javier
F2025-001431;3;14/06/2025;CLI0101;S10;767,27;8,99;0;6897,76;EUR;C03-Lucía
F2025-001431;4;14/06/2025;CLI0101;S13;1,00;754,60;0;754,60;USD;C03-Lucía
F2025-001432;1;21/11/2025;CLI0372;S13;1,00;702,48;0;702,48;EUR;C05-Rocío
F2025-001432;2;21/11/2025;CLI0372;S09;294,21;43,95;5;12284,00;EUR;C04-Andrés
F2025-001432;3;21/11/2025;CLI0372;S09;106,66;43,31;0;4619,44;EUR;C04-Andrés
F2025-001432;4;21/11/2025;CLI0372;S13;1,00;647,11;0;647,11;EUR;C03-Lucía
F2025-001433;1;26/03/2025;CLI0131;S13;1,00;686,63;5;652,30;EUR;C02-Javier
F2025-001434;1;22/08/2025;CLI0089;S14;12,00;218,67;5;;EUR;C04-Andrés
F2025-001434;2;22/08/2025;CLI0089;S06;377,28;1,18;15;378,41;EUR;C04-Andrés
F2025-001435;1;20/06/2025;CLI0158;S09;78,61;42,16;0;3314,20;EUR;C01-Marta
F2025-001435;2;20/06/2025;CLI0158;S13;1,00;652,12;5;619,51;EUR;C04-Andrés
F2025-001435;3;20/06/2025;CLI0158;S13;1,00;658,42;0;658,42;EUR;C04-Andrés
F2025-001435;4;20/06/2025;CLI0158;S09;72,10;43,86;5;3004,19;EUR;C02-Javier
F2025-001436;1;26/04/2025;CLI0400;S06;1263,50;1,18;0;1490,93;EUR;C05-Rocío
F2025-001436;2;26/04/2025;CLI0400;S06;1277,59;1,17;10;1345,30;EUR;C04-Andrés
F2025-001437;1;20/06/2025;CLI0371;S10;254,53;8,52;0;2168,60;EUR;C03-Lucía
F2025-001438;1;26/04/2025;CLI0163;S11;81,65;26,97;0;2202,10;EUR;C02-Javier
F2025-001438;2;26/04/2025;CLI0163;S02;240,48;6,54;5;1494,10;EUR;C04-Andrés
F2025-001438;3;26/04/2025;CLI0163;S11;33,06;24,93;0;824,19;EUR;C04-Andrés
F2025-001439;1;22/04/2025;CLI0008;S11;9,57;26,70;0;255,52;EUR;C04-Andrés
F2025-001439;2;22/04/2025;CLI0008;S02;626,49;6,99;5;4160,21;EUR;C04-Andrés
F2025-001440;1;11/08/2025;CLI0051;S05;418,48;3,21;5;1276,15;EUR;C02-Javier
F2025-001440;2;11/08/2025;cli0051;S06;1718,53;1,16;10;1794,15;EUR;C05-Rocío
F2025-001440;3;11/08/2025;CLI0051;S05;210,24;3,35;10;633,87;EUR;C05-Rocío
F2025-001440;4;11/08/2025;CLI0051;S05;320,70;3,25;0;1042,27;EUR;C04-Andrés
F2025-001441;1;20/08/2025;CLI0152;S02;189,66;6,57;0;1246,07;EUR;C05-Rocío
F2025-001441;2;20/08/2025;CLI0152;S01;86,01;100,74;0;8664,65;EUR;C03-Lucía
F2025-001441;3;20/08/2025;CLI0152;S02;666,63;6,79;0;4526,42;EUR;C01-Marta
F2025-001441;4;20/08/2025;CLI0152;S02;147,92;6,82;5;958,37;EUR;C05-Rocío
F2025-001442;1;18/05/2025;CLI0391;S15;4,00;83,82;0;335,28;EUR;C05-Rocío
F2025-001442;2;18/05/2025;CLI0391;S03;57,29;40,51;0;2320,82;EUR;C04-Andrés
F2025-001442;3;18/05/2025;CLI0391;S12;1,00;122,26;0;122,26;EUR;C03-Lucía
F2025-001443;1;16/09/2025;CLI0158;S09;56,45;43,97;15;2109,79;EUR;C01-Marta
F2025-001443;2;16/09/2025;CLI0158;S09;394,48;42,04;0;16583,94;EUR;C05-Rocío
F2025-001443;3;16/09/2025;CLI0158;S15;4,00;85,25;0;341,00;EUR;C04-Andrés
F2025-001443;4;16/09/2025;CLI0158;S09;52,33;45,16;5;2245,06;EUR;C05-Rocío
F2025-001444;1;07/06/2025;CLI0326;S06;1198,70;1,11;0;1330,56;EUR;C05-Rocío
F2025-001445;1;18/12/2025;CLI0301;S07;70,66;1,59;0;112,35;EUR;C01-Marta
F2025-001445;2;18/12/2025;CLI0301;S07;268,01;1,61;0;431,50;EUR;C04-Andrés
F2025-001445;3;18/12/2025;CLI0301;S07;265,54;1,68;5;423,80;EUR;C01-Marta
F2025-001446;1;19/08/2025;CLI0274;S08;3608,97;2,51;0;9058,51;EUR;C01-Marta
F2025-001447;1;17/07/2025;CLI0236;S06;1399,44;1,13;5;1502,30;EUR;C02-Javier
F2025-001447;2;17/07/2025;CLI0236;S06;865,81;1,09;0;943,73;EUR;C04-Andrés
F2025-001447;3;17/07/2025;CLI0236;S05;121,58;3,45;5;398,48;EUR;C02-Javier
F2025-001447;4;17/07/2025;CLI0236;S05;415,29;3,34;0;1387,07;EUR;C02-Javier
F2025-001448;1;19/01/2025;CLI0167;S15;4,00;88,39;5;335,88;EUR;C02-Javier
F2025-001448;2;19/01/2025;CLI0167;S14;12,00;209,96;0;2519,52;EUR;C04-Andrés
F2025-001448;3;19/01/2025;CLI0167;S06;1868,31;1,19;0;2223,29;EUR;C01-Marta
F2025-001449;1;21/06/2025;CLI0350;S06;1925,85;1,15;5;2103,99;EUR;C02-Javier
F2025-001450;1;28/08/2025;CLI0051;S15;2,00;88,20;0;176,40;EUR;C04-Andrés
F2025-001450;2;28/08/2025;CLI0051;S05;142,49;3,40;5;460,24;EUR;C01-Marta
F2025-001450;3;28/08/2025;CLI0051;S05;867,43;3,33;0;2888,54;EUR;C05-Rocío
F2025-001450;4;28/08/2025;CLI0051;S05;1193,00;3,30;0;3936,90;EUR;C03-Lucía
F2025-001451;1;10/09/2025;CLI0071;S11;6,62;26,38;5;165,90;EUR;C04-Andrés
F2025-001452;1;23/08/2025;CLI0095;S09;82,87;45,33;10;3380,85;EUR;C02-Javier
F2025-001452;2;23/08/2025;CLI0095;S14;16,00;225,96;0;3615,36;EUR;C02-Javier
F2025-001452;3;23/08/2025;CLI0095;S09;37,95;44,01;0;1670,18;EUR;C04-Andrés
F2025-001452;4;23/08/2025;CLI0095;S14;16,00;210,68;0;3370,88;EUR;C02-Javier
F2025-001453;1;13/10/2025;CLI0020;S13;1,00;641,29;0;641,29;EUR;C04-Andrés
F2025-001453;2;13/10/2025;CLI0020;S06;264,54;1,13;0;298,93;EUR;C01-Marta
F2025-001453;3;13/10/2025;CLI0020;S05;1072,69;3,21;0;3443,33;EUR;C03-Lucía
F2025-001454;1;25/04/2025;CLI0159;S14;4,00;208,18;10;749,45;EUR;C04-Andrés
F2025-001454;2;25/04/2025;CLI0159;S03;43,97;37,63;15;1406,40;EUR;C01-Marta
F2025-001455;1;02/12/2025;CLI0299;S07;895,70;1,70;0;1522,69;EUR;C02-Javier
F2025-001455;2;02/12/2025;CLI0299;S07;925,73;1,69;5;1486,26;EUR;C03-Lucía
F2025-001456;1;09/01/2025;CLI0045;S05;200,19;3,29;0;658,63;EUR;C04-Andrés
F2025-001456;2;09/01/2025;CLI0045;S13;1,00;660,56;0;660,56;EUR;C03-Lucía
F2025-001457;1;15/11/2025;CLI0023;S10;627,07;9,11;5;5426,98;EUR;C01-Marta
F2025-001457;2;15/11/2025;CLI0023;S10;134,67;8,84;0;1190,48;EUR;C01-Marta
F2025-001458;1;16/08/2025;CLI0055;S09;102,07;45,12;0;4605,40;EUR;C04-Andrés
F2025-001459;1;2025-12-05;CLI0232;S10;426,83;8,95;0;3820,13;EUR;C01-Marta
F2025-001459;2;05/12/2025;CLI0232;S10;272,95;9,05;0;2470,20;EUR;C04-Andrés
F2025-001459;3;05/12/2025;CLI0232;S10;250,93;8,66;0;2173,05;EUR;C02-Javier
F2025-001460;1;26/07/2025;CLI0342;S14;15,00;216,41;5;3083,84;EUR;C01-Marta
F2025-001461;1;20/06/2025;CLI0212;S12;2,00;120,66;0;241,32;EUR;C04-Andrés
F2025-001461;2;20/06/2025;CLI0212;S04;1070,76;14,12;0;15119,13;EUR;C02-Javier
F2025-001461;3;20/06/2025;CLI0212;S12;4,00;124,53;0;498,12;EUR;C03-Lucía
F2025-001462;1;25/12/2025;CLI0078;S14;13,00;226,64;0;2946,32;EUR;C05-Rocío
F2025-001463;1;09/03/2025;CLI0301;S13;1,00;674,51;5;640,78;EUR;C01-Marta
F2025-001463;2;09/03/2025;CLI0301;S07;2645,14;1,64;0;4338,03;EUR;C03-Lucía
F2025-001463;3;09/03/2025;CLI0301;S07;371,40;1,69;5;596,28;EUR;C03-Lucía
F2025-001463;4;09/03/2025;CLI0301;S07;191,85;1,69;0;324,23;EUR;C03-Lucía
F2025-001464;1;03/08/2025;CLI0053;S08;1389,92;2,38;0;3308,01;EUR;C03-Lucía
F2025-001464;2;03/08/2025;CLI0053;S08;2192,63;2,36;10;4657,15;EUR;C01-Marta
F2025-001465;1;16/04/2025;CLI0051;S13;1,00;662,22;0;662,22;EUR;C03-Lucía
F2025-001465;2;16/04/2025;CLI0051;S05;70,95;3,24;5;218,38;EUR;C04-Andrés
F2025-001466;1;01/06/2025;CLI0188;S11;17,00;24,59;0;418,03;EUR;C02-Javier
F2025-001466;2;01/06/2025;CLI0188;S01;169,50;98,19;0;16643,20;EUR;C02-Javier
F2025-001466;3;01/06/2025;CLI0188;S11;24,20;25,90;0;626,78;EUR;C03-Lucía
F2025-001467;1;08/10/2025;CLI0027;S06;3432,39;1,14;0;3912,92;EUR;C05-Rocío
F2025-001468;1;21/07/2025;CLI0272;S14;9,00;222,73;0;2004,57;EUR;C05-Rocío
F2025-001469;1;20/11/2025;CLI0356;S10;1790,05;8,81;0;15770,34;EUR;C02-Javier
F2025-001470;1;25/06/2025;CLI0212;S14;13,00;226,19;5;2793,45;EUR;C04-Andrés
F2025-001470;2;25/06/2025;CLI0212;S03;19,67;38,47;0;756,70;EUR;C01-Marta
F2025-001470;3;25/06/2025;CLI0212;S04;293,34;14,11;0;4139,03;EUR;C04-Andrés
F2025-001470;4;25/06/2025;CLI0212;S12;1,00;122,01;5;115,91;EUR;C01-Marta
F2025-001471;1;19/01/2025;CLI0149;S14;12,00;215,17;5;2452,94;EUR;C03-Lucía
F2025-001472;1;28/03/2025;CLI0318;S06;1142,37;1,10;5;1193,78;EUR;C05-Rocío
F2025-001472;2;28/03/2025;CLI0318;S05;1769,66;3,40;0;6016,84;EUR;C05-Rocío
F2025-001472;3;28/03/2025;CLI0318;S06;590,21;1,10;5;616,77;EUR;C02-Javier
F2025-001472;4;28/03/2025;CLI0318;S06;7410,49;1,11;0;8225,64;EUR;C04-Andrés
F2025-001473;1;19/07/2025;CLI0095;S09;78,90;44,96;10;3192,61;EUR;C02-Javier
F2025-001474;1;28/03/2025;CLI0341;S13;1,00;676,99;0;676,99;EUR;C04-Andrés
F2025-001474;2;28/03/2025;CLI0341;S06;4464,95;1,08;0;4822,15;EUR;C05-Rocío
F2025-001475;1;08/08/2025;CLI0296;S05;59,32;3,22;5;181,46;EUR;C03-Lucía
F2025-001475;2;08/08/2025;CLI0296;S05;534,17;3,39;0;1810,84;EUR;C05-Rocío
F2025-001476;1;20/06/2025;CLI0263;S13;1,00;669,06;10;602,15;EUR;C01-Marta
F2025-001476;2;20/06/2025;CLI0263;S02;909,04;7,02;15;5424,24;EUR;C01-Marta
F2025-001476;3;20/06/2025;CLI0263;S01;61,06;100,08;5;5805,34;EUR;C01-Marta
F2025-001477;1;15/01/2025;CLI0207;S10;207,82;8,81;0;1830,89;EUR;C03-Lucía
F2025-001478;1;17/03/2025;CLI0125;S02;578,30;6,66;0;3851,48;EUR;C04-Andrés
F2025-001478;2;17/03/2025;CLI0125;S14;2,00;225,04;5;427,58;EUR;C01-Marta
F2025-001478;3;17/03/2025;CLI0125;S01;115,31;101,18;5;11083,71;EUR;C02-Javier
F2025-001479;1;25/02/2025;CLI0078;S10;439,77;8,65;0;3804,01;EUR;C05-Rocío
F2025-001480;1;02/02/2025;CLI0094;S07;275,56;1,65;5;431,94;EUR;C01-Marta
F2025-001480;2;02/02/2025;CLI0094;S13;1,00;696,01;0;696,01;EUR;C04-Andrés
F2025-001480;3;02/02/2025;CLI0094;S08;504,38;2,55;5;1221,86;EUR;C04-Andrés
F2025-001480;4;02/02/2025;CLI0094;S07;180,76;1,73;0;312,71;EUR;C04-Andrés
F2025-001481;1;02/08/2025;CLI0228;S14;7,00;219,09;10;1380,27;EUR;C02-Javier
F2025-001481;2;02/08/2025;CLI0228;S05;428,85;3,39;0;1453,80;EUR;C02-Javier
F2025-001481;3;02/08/2025;CLI0228;S13;1,00;678,24;10;610,42;EUR;C04-Andrés
F2025-001481;4;02/08/2025;CLI0228;S06;2559,12;1,12;0;2866,21;EUR;C04-Andrés
F2025-001482;1;26/01/2025;CLI0095;S14;16,00;227,09;0;3633,44;EUR;C04-Andrés
F2025-001483;1;22/11/2025;CLI0322;S13;1,00;675,30;0;675,30;EUR;C04-Andrés
F2025-001483;2;22/11/2025;CLI0322;S15;4,00;85,82;15;291,79;EUR;C05-Rocío
F2025-001483;3;22/11/2025;CLI0322;S06;741,69;1,08;0;801,03;EUR;C05-Rocío
F2025-001484;1;27/07/2025;CLI0230;S02;215,72;6,89;0;1486,31;EUR;C01-Marta
F2025-001484;2;27/07/2025;CLI0230;S02;292,59;6,86;0;2007,17;EUR;C04-Andrés
F2025-001484;3;27/07/2025;CLI0230;S11;128,10;26,85;0;3439,49;EUR;C01-Marta
F2025-001485;1;24/09/2025;CLI0263;S11;31,58;24,56;0;775,60;EUR;C05-Rocío
F2025-001485;1;24/09/2025;CLI0263;S11;31,58;24,56;0;775,60;EUR;C05-Rocío
F2025-001486;1;28/05/2025;CLI0074;S10;48,87;8,93;0;436,41;EUR;C04-Andrés
F2025-001487;1;17/12/2025;CLI0101;S10;143,02;9,78;0;1398,99;USD;C05-Rocío
F2025-001487;2;17/12/2025;CLI0101;S10;4175,73;9,09;0;37957,39;EUR;C03-Lucía
F2025-001487;3;17/12/2025;CLI0101;S10;291,07;10,13;10;2652,42;USD;C03-Lucía
F2025-001487;4;17/12/2025;CLI0101;S10;53,76;8,77;5;447,90;EUR;C02-Javier
F2025-001488;1;20/10/2025;CLI0101;S15;4,00;86,54;15;294,24;EUR;C05-Rocío
F2025-001488;2;20/10/2025;CLI0101;S13;1,00;725,36;10;652,82;USD;C05-Rocío
F2025-001488;3;20/10/2025;CLI0101;S10;743,35;8,90;15;5623,44;EUR;C04-Andrés
F2025-001489;1;15/08/2025;CLI0094;S13;1,00;662,99;5;629,84;EUR;C02-Javier
F2025-001489;2;15/08/2025;CLI0094;S07;753,24;1,71;5;1223,64;EUR;C02-Javier
F2025-001489;3;15/08/2025;CLI0094;S07;286,11;1,65;0;472,08;EUR;C02-Javier
F2025-001489;4;15/08/2025;CLI0094;S07;218,92;1,64;0;359,03;EUR;C05-Rocío
F2025-001490;1;09/01/2025;CLI0101;S10;644,69;10,04;10;5825,41;USD;C02-Javier
F2025-001490;2;09/01/2025;cli0101;S10;113,71;8,33;0;947,20;EUR;C01-Marta
F2025-001491;1;03/05/2025;CLI0207;S15;2,00;87,32;5;165,91;EUR;C01-Marta
F2025-001492;1;21/12/2025;CLI0357;S08;513,77;2,48;0;1274,15;EUR;C02-Javier
F2025-001493;1;19/06/2025;CLI0293;S10;94,63;9,11;5;818,98;EUR;C01-Marta
F2025-001493;2;19/06/2025;CLI0293;S10;2618,89;9,08;0;23779,52;EUR;C05-Rocío
F2025-001493;3;19/06/2025;CLI0293;S13;1,00;642,23;0;642,23;EUR;C03-Lucía
F2025-001493;4;19/06/2025;CLI0293;S13;1,00;666,72;0;666,72;EUR;C01-Marta
F2025-001494;1;19/02/2025;CLI0051;S05;240,22;3,30;0;792,73;EUR;C03-Lucía
F2025-001494;2;19/02/2025;CLI0051;S15;3,00;90,57;5;258,12;EUR;C05-Rocío
F2025-001494;3;19/02/2025;CLI0051;S15;2,00;85,24;0;170,48;EUR;C01-Marta
F2025-001494;4;19/02/2025;CLI0051;S15;4,00;84,37;0;337,48;EUR;C01-Marta
F2025-001495;1;2025-03-07;CLI0214;S02;504,31;7,03;0;3545,30;EUR;C02-Javier
F2025-001495;2;07/03/2025;CLI0214;S14;4,00;224,93;0;899,72;EUR;C04-Andrés
F2025-001496;1;12/05/2025;CLI0169;S09;94,92;43,40;5;3913,55;EUR;C01-Marta
F2025-001496;2;12/05/2025;CLI0169;S09;118,48;43,89;0;5200,09;EUR;C05-Rocío
F2025-001496;3;12/05/2025;CLI0169;S09;188,05;45,05;0;8471,65;EUR;C04-Andrés
F2025-001497;1;17/05/2025;CLI0042;S10;178,03;10,10;0;1798,19;USD;C04-Andrés
F2025-001497;2;17/05/2025;CLI0042;S13;1,00;795,87;0;795,87;USD;C05-Rocío
F2025-001497;3;17/05/2025;CLI0042;S10;455,23;8,58;0;3905,87;EUR;C05-Rocío
F2025-001497;4;17/05/2025;CLI0042;S10;238,23;8,68;5;1964,44;EUR;C03-Lucía
F2025-001498;1;08/08/2025;CLI0373;S11;52,59;25,76;0;1354,72;EUR;C01-Marta
F2025-001498;2;08/08/2025;CLI0373;S11;16,61;26,39;5;416,42;EUR;C03-Lucía
F2025-001498;3;08/08/2025;CLI0373;S14;10,00;207,61;0;2076,10;EUR;C05-Rocío
F2025-001499;1;01/01/2025;CLI0207;S10;831,11;9,15;0;7604,66;EUR;C02-Javier
F2025-001499;2;01/01/2025;CLI0207;S10;368,31;8,96;0;3300,06;EUR;C03-Lucía
F2025-001499;3;01/01/2025;CLI0207;S13;1,00;686,80;0;686,80;EUR;C02-Javier
F2025-001500;1;04/05/2025;CLI0207;S10;528,20;8,88;0;4690,42;EUR;C05-Rocío
F2025-001500;2;04/05/2025;CLI0207;S10;52,50;9,18;0;481,95;EUR;C02-Javier
F2025-001500;3;04/05/2025;CLI0207;S10;235,90;8,61;0;2031,10;EUR;C02-Javier
F2025-001500;3;04/05/2025;CLI0207;S10;235,90;8,61;0;2031,10;EUR;C02-Javier
F2025-001501;1;27/04/2025;CLI0207;S10;120,86;8,93;5;1025,32;EUR;C02-Javier
F2025-001502;1;03/05/2025;CLI0158;S09;51,22;44,60;0;2284,41;EUR;C04-Andrés
F2025-001503;1;28/06/2025;CLI0207;S14;7,00;221,44;0;1550,08;EUR;C05-Rocío
F2025-001503;2;28/06/2025;CLI0207;S10;147,26;8,35;0;1229,62;EUR;C02-Javier
F2025-001503;3;28/06/2025;CLI0207;S10;195,52;8,56;5;1589,97;EUR;C02-Javier
F2025-001503;4;28/06/2025;CLI0207;S10;856,79;9,09;5;7398,81;EUR;C05-Rocío
F2025-001504;1;27/09/2025;CLI0322;S06;220,13;1,08;15;202,08;EUR;C05-Rocío
F2025-001504;2;27/09/2025;CLI0322;S05;399,89;3,35;10;1205,67;EUR;C01-Marta
F2025-001504;3;27/09/2025;CLI0322;S06;2551,79;1,14;0;2909,04;EUR;C01-Marta
F2025-001504;4;27/09/2025;CLI0322;S06;2211,01;1,17;0;2586,88;EUR;C05-Rocío
F2025-001505;1;24/04/2025;CLI0377;S13;1,00;755,58;5;717,79;USD;C04-Andrés
F2025-001505;2;24/04/2025;CLI0377;S01;113,18;119,95;0;13576,31;USD;C02-Javier
F2025-001505;3;24/04/2025;CLI0377;S02;576,99;6,94;0;4004,31;EUR;C03-Lucía
F2025-001506;1;21/10/2025;CLI0306;S01;76,26;94,72;0;7223,35;EUR;C05-Rocío
F2025-001506;2;21/10/2025;CLI0306;S14;2,00;219,57;10;395,23;EUR;C01-Marta
F2025-001506;3;21/10/2025;CLI0306;S01;53,69;93,24;0;5006,06;EUR;C05-Rocío
F2025-001506;4;21/10/2025;CLI0306;S01;23,45;98,66;10;2082,22;EUR;C04-Andrés
F2025-001507;1;28/01/2025;CLI0180;S15;1,00;88,19;0;88,19;EUR;C03-Lucía
F2025-001508;1;01/08/2025;CLI0048;S13;1,00;670,60;0;670,60;EUR;C05-Rocío
F2025-001509;1;28/07/2025;CLI0302;S10;215,44;8,63;0;1859,25;EUR;C03-Lucía
F2025-001509;2;28/07/2025;CLI0302;S10;169,40;8,63;0;1461,92;EUR;C03-Lucía
F2025-001509;3;28/07/2025;cli0302;S10;58,50;9,12;0;533,52;EUR;C04-Andrés
F2025-001509;4;28/07/2025;CLI0302;S10;879,64;8,69;0;7644,07;EUR;C03-Lucía
F2025-001510;1;15/11/2025;CLI0207;S10;257,51;8,91;0;2294,41;EUR;C05-Rocío
F2025-001511;1;20/01/2025;CLI0024;S05;229,91;3,29;0;756,40;EUR;C04-Andrés
F2025-001511;2;20/01/2025;CLI0024;S14;15,00;224,91;0;3373,65;EUR;C01-Marta
F2025-001511;3;20/01/2025;CLI0024;S06;3205,72;1,10;0;3526,29;EUR;C05-Rocío
F2025-001511;4;20/01/2025;CLI0024;S05;5644,26;3,41;0;19246,93;EUR;C03-Lucía
F2025-001512;1;20/02/2025;CLI0070;S09;51,26;44,68;0;2290,30;EUR;C01-Marta
F2025-001512;2;20/02/2025;CLI0070;S09;273,51;41,90;0;11460,07;EUR;C01-Marta
F2025-001512;3;20/02/2025;CLI0070;S09;61,38;42,30;0;2596,37;EUR;C01-Marta
F2025-001513;1;13/03/2025;CLI0207;S10;332,78;8,57;5;2709,33;EUR;C05-Rocío
F2025-001514;1;04/01/2025;CLI0159;S13;1,00;686,87;0;686,87;EUR;C04-Andrés
F2025-001514;2;04/01/2025;CLI0159;S04;1554,81;14,74;15;19480,21;EUR;C02-Javier
F2025-001514;3;04/01/2025;CLI0159;S03;54,60;40,42;0;2206,93;EUR;C02-Javier
F2025-001514;4;04/01/2025;CLI0159;S03;84,81;39,57;0;3355,93;EUR;C05-Rocío
F2025-001515;1;27/11/2025;CLI0095;S13;1,00;642,70;10;578,43;EUR;C05-Rocío
F2025-001515;2;27/11/2025;CLI0095;S09;195,09;44,85;15;7437,32;EUR;C02-Javier
F2025-001515;3;27/11/2025;CLI0095;S09;79,61;44,68;10;3201,28;EUR;C03-Lucía
F2025-001516;1;01/06/2025;CLI0371;S10;2918,42;8,79;0;25652,91;EUR;C02-Javier
F2025-001516;2;01/06/2025;CLI0371;S10;157,61;9,13;0;1438,98;EUR;C05-Rocío
F2025-001516;3;01/06/2025;CLI0371;S15;2,00;91,28;0;182,56;EUR;C04-Andrés
F2025-001516;4;01/06/2025;CLI0371;S10;305,56;8,42;0;2572,82;EUR;C04-Andrés
F2025-001517;1;20/04/2025;CLI0162;S04;685,68;14,04;10;8664,25;EUR;C03-Lucía
F2025-001518;1;02/11/2025;CLI0158;S09;76,89;43,73;5;3194,28;EUR;C02-Javier
F2025-001518;2;02/11/2025;CLI0158;S09;46,89;43,97;0;2061,75;EUR;C04-Andrés
F2025-001518;3;02/11/2025;CLI0158;S09;137,95;43,51;0;6002,20;EUR;C04-Andrés
F2025-001518;4;02/11/2025;CLI0158;S09;139,58;42,45;0;5925,17;EUR;C02-Javier
F2025-001519;1;18/07/2025;CLI0382;S10;329,98;8,46;0;2791,63;EUR;C04-Andrés
F2025-001519;2;18/07/2025;CLI0382;S10;82,87;8,51;0;705,22;EUR;C01-Marta
F2025-001519;3;18/07/2025;CLI0382;S10;583,94;8,51;0;4969,33;EUR;C04-Andrés
F2025-001520;1;10/06/2025;CLI0356;S10;449,32;8,88;0;3989,96;EUR;C05-Rocío
F2025-001520;2;10/06/2025;CLI0356;S10;99,24;9,14;15;771,00;EUR;C05-Rocío
F2025-001521;1;15/09/2025;CLI0016;S11;28,84;25,59;0;738,02;EUR;C02-Javier
F2025-001521;2;15/09/2025;CLI0016;S11;23,02;25,38;0;584,25;EUR;C04-Andrés
F2025-001521;3;15/09/2025;CLI0016;S01;41,30;102,59;0;4236,97;EUR;C01-Marta
F2025-001522;1;19/06/2025;CLI0001;S05;4075,09;3,37;0;13733,05;EUR;C02-Javier
F2025-001522;2;19/06/2025;CLI0001;S06;2720,03;1,10;0;2992,03;EUR;C04-Andrés
F2025-001522;3;19/06/2025;CLI0001;S06;605,41;1,10;0;665,95;EUR;C03-Lucía
F2025-001522;4;19/06/2025;CLI0001;S05;279,70;3,14;5;834,35;EUR;C04-Andrés
F2025-001523;1;11/07/2025;CLI0095;S09;214,47;42,83;15;7807,89;EUR;C03-Lucía
F2025-001523;2;11/07/2025;CLI0095;S09;188,94;42,66;0;8060,18;EUR;C05-Rocío
F2025-001523;3;11/07/2025;CLI0095;S09;70,19;42,05;0;2951,49;EUR;C01-Marta
F2025-001524;1;08/03/2025;CLI0263;S11;54,48;25,75;5;1332,72;EUR;C01-Marta
F2025-001524;2;08/03/2025;CLI0263;S11;45,42;24,72;5;1066,64;EUR;C04-Andrés
F2025-001525;1;17/04/2025;CLI0309;S12;1,00;147,27;0;147,27;USD;C04-Andrés
F2025-001526;1;27/07/2025;CLI0094;S08;3340,63;2,54;5;8060,94;EUR;C02-Javier
F2025-001527;1;13/06/2025;CLI0072;S05;145,93;3,39;0;494,70;EUR;C01-Marta
F2025-001527;2;13/06/2025;CLI0072;S06;1404,05;1,17;5;1560,60;EUR;C04-Andrés
F2025-001527;3;13/06/2025;CLI0072;S05;3760,94;3,44;0;12937,63;EUR;C03-Lucía
F2025-001528;1;26/03/2025;CLI0373;S15;1,00;90,67;0;90,67;EUR;C05-Rocío
F2025-001528;2;26/03/2025;CLI0373;S15;2,00;85,29;5;162,05;EUR;C02-Javier
F2025-001528;3;26/03/2025;CLI0373;S13;1,00;662,05;0;662,05;EUR;C03-Lucía
F2025-001529;1;05/02/2025;CLI0095;S09;60,49;42,16;0;2550,26;EUR;C03-Lucía
F2025-001529;2;05/02/2025;CLI0095;S09;265,21;42,65;10;10180,09;EUR;C03-Lucía
F2025-001529;3;05/02/2025;CLI0095;S13;1,00;646,39;10;581,75;EUR;C04-Andrés
F2025-001529;4;05/02/2025;CLI0095;S09;110,36;44,26;15;4151,85;EUR;C01-Marta
F2025-001530;1;01/09/2025;CLI0051;S06;1913,71;1,10;15;1789,32;EUR;C02-Javier
F2025-001531;1;12/01/2025;CLI0393;S02;1159,67;6,91;0;8013,32;EUR;C01-Marta
F2025-001532;1;02/04/2025;CLI0370;S05;361,98;3,32;5;1141,68;EUR;C02-Javier
F2025-001532;2;02/04/2025;CLI0370;S06;1435,23;1,09;0;1564,40;EUR;C04-Andrés
F2025-001533;1;18/12/2025;CLI0072;S15;4,00;89,76;5;341,09;EUR;C01-Marta
F2025-001533;2;18/12/2025;CLI0072;S06;3482,46;1,13;5;3738,42;EUR;C03-Lucía
F2025-001533;3;18/12/2025;CLI0072;S13;1,00;661,88;0;661,88;EUR;C05-Rocío
F2025-001534;1;06/02/2025;CLI0113;S09;397,59;44,60;15;15072,64;EUR;C05-Rocío
F2025-001534;2;06/02/2025;CLI0113;S13;1,00;698,58;0;698,58;EUR;C01-Marta
F2025-001534;3;06/02/2025;CLI0113;S09;124,16;43,47;15;4587,65;EUR;C02-Javier
F2025-001535;1;10/03/2025;CLI0101;S13;1,00;761,38;0;761,38;USD;C03-Lucía
F2025-001535;2;10/03/2025;CLI0101;S10;172,01;9,87;0;1697,38;USD;C02-Javier
F2025-001536;1;16/05/2025;CLI0263;S01;77,47;97,06;0;7519,24;EUR;C04-Andrés
F2025-001537;1;25/01/2025;CLI0236;S14;9,00;207,77;0;1869,93;EUR;C03-Lucía
F2025-001537;2;25/01/2025;CLI0236;S14;2,00;218,75;0;437,50;EUR;C04-Andrés
F2025-001538;1;18/06/2025;CLI0052;S08;4926,74;2,47;10;10952,14;EUR;C01-Marta
F2025-001539;1;17/03/2025;CLI0159;S12;4,00;118,01;0;472,04;EUR;C02-Javier
F2025-001540;1;09/10/2025;CLI0257;S05;2649,30;3,36;0;8901,65;EUR;C03-Lucía
F2025-001540;2;09/10/2025;CLI0257;S05;501,96;3,38;0;1696,62;EUR;C05-Rocío
F2025-001541;1;12/02/2025;CLI0296;S06;1336,97;1,09;15;1238,70;EUR;C02-Javier
F2025-001541;2;12/02/2025;CLI0296;S06;1842,93;1,17;15;1832,79;EUR;C05-Rocío
F2025-001542;1;18/08/2025;CLI0095;S09;67,00;45,41;10;2738,22;EUR;C02-Javier
F2025-001543;1;25/07/2025;CLI0339;S08;6121,10;2,50;5;14537,61;EUR;C05-Rocío
F2025-001543;2;25/07/2025;CLI0339;S14;7,00;216,74;0;1517,18;EUR;C03-Lucía
F2025-001544;1;24/01/2025;CLI0386;S11;32,42;26,33;0;853,62;EUR;C02-Javier
F2025-001544;2;24/01/2025;CLI0386;S11;51,60;26,98;5;1322,56;EUR;C02-Javier
F2025-001544;3;24/01/2025;CLI0386;S01;182,91;96,34;5;16740,47;EUR;C05-Rocío
F2025-001545;1;08/07/2025;CLI0227;S15;3,00;86,16;0;258,48;EUR;C04-Andrés
F2025-001545;2;08/07/2025;CLI0227;S13;1,00;657,28;0;657,28;EUR;C01-Marta
F2025-001545;3;08/07/2025;CLI0227;S07;1115,01;1,58;0;1761,72;EUR;C01-Marta
F2025-001545;4;08/07/2025;CLI0227;S07;245,55;1,73;0;424,80;EUR;C01-Marta
F2025-001546;1;23/09/2025;CLI0249;S02;385,45;6,57;5;2405,79;EUR;C02-Javier
F2025-001546;2;23/09/2025;CLI0249;S01;78,94;98,21;0;7752,70;EUR;C01-Marta
F2025-001546;3;23/09/2025;CLI0249;S13;1,00;664,83;0;664,83;EUR;C05-Rocío
F2025-001546;4;23/09/2025;CLI0249;S01;58,31;102,06;0;5951,12;EUR;C03-Lucía
F2025-001547;1;06/08/2025;CLI0295;S05;525,31;3,29;0;1728,27;EUR;C04-Andrés
F2025-001548;1;21/04/2025;CLI0032;S08;3770,65;2,38;5;8525,44;EUR;C04-Andrés
F2025-001549;1;06/10/2025;CLI0242;S03;33,96;39,07;0;1326,82;EUR;C01-Marta
F2025-001549;2;06/10/2025;CLI0242;S04;213,58;13,77;0;2941,00;EUR;C02-Javier
F2025-001549;3;06/10/2025;CLI0242;S12;2,00;127,43;0;254,86;EUR;C03-Lucía
F2025-001549;4;06/10/2025;CLI0242;S04;280,98;14,42;5;3849,15;EUR;C04-Andrés
F2025-001550;1;21/08/2025;CLI0299;S08;1507,10;2,54;5;3636,63;EUR;C02-Javier
F2025-001550;2;21/08/2025;CLI0299;S08;699,87;2,52;0;1763,67;EUR;C02-Javier
F2025-001550;3;21/08/2025;CLI0299;S08;962,44;2,49;0;2396,48;EUR;C04-Andrés
F2025-001550;4;21/08/2025;CLI0299;S07;192,59;1,69;0;325,48;EUR;C05-Rocío
F2025-001551;1;17/04/2025;CLI0094;S08;2625,51;2,58;0;6773,82;EUR;C04-Andrés
F2025-001551;2;17/04/2025;CLI0094;S07;110,87;1,68;0;186,26;EUR;C05-Rocío
F2025-001551;3;17/04/2025;CLI0094;S07;1329,15;1,68;0;2232,97;EUR;C01-Marta
F2025-001552;1;24/09/2025;CLI0291;S15;1,00;88,83;10;79,95;EUR;C02-Javier
F2025-001552;2;24/09/2025;CLI0291;S10;177,62;8,38;0;1488,46;EUR;C03-Lucía
F2025-001553;1;22/02/2025;CLI0219;S05;459,82;3,25;0;1494,41;EUR;C01-Marta
F2025-001554;1;21/06/2025;CLI0290;S10;58,84;8,88;5;496,37;EUR;C05-Rocío
F2025-001554;2;21/06/2025;CLI0290;S10;145,88;8,92;0;1301,25;EUR;C03-Lucía
F2025-001554;3;21/06/2025;CLI0290;S13;1,00;649,06;15;551,70;EUR;C01-Marta
F2025-001554;4;21/06/2025;CLI0290;S14;15,00;217,29;15;2770,45;EUR;C01-Marta
F2025-001555;1;17/04/2025;CLI0207;S14;14,00;223,29;0;3126,06;EUR;C04-Andrés
F2025-001555;2;17/04/2025;cli0207;S13;1,00;639,73;0;639,73;EUR;C05-Rocío
F2025-001555;3;17/04/2025;CLI0207;S10;366,54;8,72;0;3196,23;EUR;C02-Javier
F2025-001555;4;17/04/2025;CLI0207;S10;1647,43;8,42;0;13871,36;EUR;C02-Javier
F2025-001556;1;10/03/2025;CLI0158;S09;90,38;44,77;5;3844,00;EUR;C04-Andrés
F2025-001556;2;10/03/2025;CLI0158;S09;114,01;44,59;15;4321,15;EUR;C03-Lucía
F2025-001556;3;10/03/2025;CLI0158;S09;293,09;42,46;5;11822,37;EUR;C04-Andrés
F2025-001556;4;10/03/2025;CLI0158;S09;115,38;42,90;0;4949,80;EUR;C01-Marta
F2025-001557;1;25/07/2025;CLI0138;S09;268,69;42,17;5;10764,12;EUR;C01-Marta
F2025-001557;2;25/07/2025;CLI0138;S09;107,60;44,58;5;4556,97;EUR;C04-Andrés
F2025-001558;1;27/10/2025;CLI0146;S09;105,64;44,27;0;4676,68;EUR;C01-Marta
F2025-001558;2;27/10/2025;CLI0146;S09;259,25;43,66;0;11318,85;EUR;C05-Rocío
F2025-001558;3;27/10/2025;CLI0146;S14;14,00;213,72;0;2992,08;EUR;C02-Javier
F2025-001558;4;27/10/2025;CLI0146;S13;1,00;691,69;5;657,11;EUR;C01-Marta
F2025-001559;1;11/10/2025;CLI0034;S09;67,55;41,41;15;2377,66;EUR;C04-Andrés
F2025-001559;2;11/10/2025;CLI0034;S09;89,98;41,92;5;3583,36;EUR;C04-Andrés
F2025-001559;3;11/10/2025;CLI0034;S09;163,72;44,94;5;6989,70;EUR;C01-Marta
F2025-001559;4;11/10/2025;CLI0034;S15;3,00;89,95;0;269,85;EUR;C02-Javier
F2025-001560;1;28/06/2025;CLI0356;S10;1331,15;8,75;5;11065,18;EUR;C03-Lucía
F2025-001560;2;28/06/2025;CLI0356;S10;164,41;8,64;15;1207,43;EUR;C03-Lucía
F2025-001561;1;12/05/2025;CLI0069;S09;79,37;41,90;5;3159,32;EUR;C05-Rocío
F2025-001562;1;05/02/2025;CLI0339;S07;253,42;1,59;0;402,94;EUR;C05-Rocío
F2025-001562;2;05/02/2025;CLI0339;S08;3724,90;2,37;0;8828,01;EUR;C03-Lucía
F2025-001562;3;05/02/2025;CLI0339;S07;1107,56;1,57;0;1738,87;EUR;C02-Javier
F2025-001562;4;05/02/2025;CLI0339;S07;2335,03;1,65;0;3852,80;EUR;C01-Marta
F2025-001563;1;02/03/2025;CLI0247;S10;69,14;8,85;0;611,89;EUR;C01-Marta
F2025-001563;2;02/03/2025;CLI0247;S15;1,00;87,64;5;83,26;EUR;C02-Javier
F2025-001563;3;02/03/2025;CLI0247;S10;414,57;8,62;5;3394,91;EUR;C03-Lucía
F2025-001563;4;02/03/2025;CLI0247;S10;116,68;8,35;0;974,28;EUR;C01-Marta
F2025-001564;1;12/07/2025;CLI0370;S13;1,00;679,84;0;679,84;EUR;C03-Lucía
F2025-001565;1;05/03/2025;CLI0158;S09;56,41;43,99;10;2233,33;EUR;C04-Andrés
F2025-001565;2;05/03/2025;CLI0158;S09;129,14;43,55;0;5624,05;EUR;C05-Rocío
F2025-001565;3;05/03/2025;CLI0158;S09;238,30;45,19;0;10768,78;EUR;C02-Javier
F2025-001565;4;05/03/2025;CLI0158;S15;1,00;89,56;0;89,56;EUR;C04-Andrés
F2025-001566;1;07/09/2025;CLI0089;S05;1334,36;3,34;0;4456,76;EUR;C02-Javier
F2025-001566;2;07/09/2025;CLI0089;S06;1397,70;1,10;0;1537,47;EUR;C02-Javier
F2025-001566;3;07/09/2025;CLI0089;S05;7125,24;3,20;5;21660,73;EUR;C01-Marta
F2025-001567;1;08/12/2025;CLI0377;S02;302,77;7,48;0;2263,99;USD;C01-Marta
F2025-001568;1;12/01/2025;CLI0356;S10;50,64;9,15;0;463,36;EUR;C02-Javier
F2025-001569;1;08/08/2025;CLI0201;S15;3,00;87,35;0;262,05;EUR;C01-Marta
F2025-001569;2;08/08/2025;CLI0201;S02;198,43;6,55;0;1299,72;EUR;C04-Andrés
F2025-001569;3;08/08/2025;CLI0201;S11;58,89;25,36;5;1418,78;EUR;C03-Lucía
F2025-001570;1;04/07/2025;CLI0254;S10;250,19;9,10;5;2162,89;EUR;C03-Lucía
F2025-001571;1;21/02/2025;CLI0034;S14;9,00;220,66;15;1688,05;EUR;C03-Lucía
F2025-001571;2;21/02/2025;CLI0034;S13;1,00;696,74;10;627,07;EUR;C05-Rocío
F2025-001571;3;21/02/2025;CLI0034;S14;8,00;208,48;0;1667,84;EUR;C04-Andrés
F2025-001571;4;21/02/2025;CLI0034;S09;97,48;42,59;15;3528,92;EUR;C02-Javier
F2025-001572;1;01/10/2025;CLI0207;S10;338,67;9,00;0;3048,03;EUR;C01-Marta
F2025-001572;2;01/10/2025;CLI0207;S10;384,64;9,10;0;3500,22;EUR;C04-Andrés
F2025-001573;1;01/10/2025;CLI0143;S10;961,30;8,33;5;7607,25;EUR;C03-Lucía
F2025-001574;1;05/04/2025;CLI0326;S05;564,04;3,45;0;1945,94;EUR;C04-Andrés
F2025-001574;2;05/04/2025;CLI0326;S05;239,55;3,39;0;812,07;EUR;C05-Rocío
F2025-001574;3;05/04/2025;CLI0326;S05;82,89;3,15;0;261,10;EUR;C01-Marta
F2025-001574;4;05/04/2025;CLI0326;S06;2390,59;1,15;5;2611,72;EUR;C05-Rocío
F2025-001575;1;04/02/2025;CLI0230;S02;197,10;8,31;0;1637,80;USD;C01-Marta
F2025-001576;1;12/03/2025;CLI0370;S06;1212,24;1,08;0;1309,22;EUR;C05-Rocío
F2025-001577;1;27/12/2025;CLI0095;S13;1,00;698,02;0;698,02;EUR;C02-Javier
F2025-001578;1;17/02/2025;CLI0051;S05;308,01;3,45;0;1062,63;EUR;C01-Marta
F2025-001578;2;17/02/2025;CLI0051;S05;332,47;3,27;10;978,46;EUR;C01-Marta
F2025-001579;1;16/07/2025;CLI0236;S14;15,00;209,59;0;3143,85;EUR;C02-Javier
F2025-001579;2;16/07/2025;CLI0236;S06;1219,81;1,12;5;1297,88;EUR;C04-Andrés
F2025-001580;1;15/02/2025;CLI0136;S11;23,41;24,53;0;574,25;EUR;C02-Javier
F2025-001580;2;15/02/2025;CLI0136;S11;16,36;24,57;0;401,97;EUR;C04-Andrés
F2025-001581;1;12/07/2025;CLI0111;S01;294,77;101,40;0;29889,68;EUR;C05-Rocío
F2025-001581;2;12/07/2025;CLI0111;S14;13,00;217,30;0;2824,90;EUR;C05-Rocío
F2025-001581;3;12/07/2025;CLI0111;S02;142,35;6,99;0;995,03;EUR;C02-Javier
F2025-001582;1;24/06/2025;CLI0047;S10;633,05;8,46;0;5355,60;EUR;C02-Javier
F2025-001582;2;24/06/2025;CLI0047;S10;128,31;8,34;0;1070,11;EUR;C05-Rocío
F2025-001583;1;03/04/2025;CLI0158;S09;52,02;42,97;0;2235,30;EUR;C03-Lucía
F2025-001583;2;03/04/2025;CLI0158;S09;49,06;42,12;0;2066,41;EUR;C02-Javier
F2025-001583;3;03/04/2025;CLI0158;S09;50,38;41,12;10;1864,46;EUR;C04-Andrés
F2025-001584;1;17/10/2025;CLI0051;S15;2,00;89,47;0;178,94;EUR;C04-Andrés
F2025-001584;2;17/10/2025;CLI0051;S13;1,00;682,39;5;648,27;EUR;C05-Rocío
F2025-001584;3;17/10/2025;CLI0051;S05;1212,03;3,15;0;3817,89;EUR;C01-Marta
F2025-001584;4;17/10/2025;CLI0051;S06;809,62;1,15;5;884,51;EUR;C02-Javier
F2025-001585;1;28/04/2025;CLI0336;S06;542,31;1,09;0;591,12;EUR;C03-Lucía
F2025-001585;2;28/04/2025;CLI0336;S06;1441,74;1,13;0;1629,17;EUR;C05-Rocío
F2025-001585;3;28/04/2025;CLI0336;S13;1,00;671,89;0;671,89;EUR;C01-Marta
F2025-001586;1;26/02/2025;CLI0009;S09;143,62;42,78;0;6144,06;EUR;C02-Javier
F2025-001586;2;26/02/2025;CLI0009;S09;86,32;44,83;0;3869,73;EUR;C02-Javier
F2025-001586;3;26/02/2025;CLI0009;S09;159,49;43,93;5;6656,08;EUR;C01-Marta
F2025-001587;1;15/05/2025;CLI0101;S10;285,80;10,02;10;2577,48;USD;C03-Lucía
F2025-001587;2;15/05/2025;CLI0101;S14;4,00;214,73;5;815,97;EUR;C03-Lucía
F2025-001587;3;15/05/2025;CLI0101;S10;202,71;10,40;0;2107,61;USD;C03-Lucía
F2025-001588;1;02/08/2025;CLI0108;S10;162,12;8,59;5;1322,98;EUR;C05-Rocío
F2025-001589;1;08/06/2025;CLI0236;S06;3935,00;1,18;0;4643,30;EUR;C05-Rocío
F2025-001589;2;08/06/2025;CLI0236;S05;172,73;3,31;0;571,74;EUR;C03-Lucía
F2025-001589;3;08/06/2025;CLI0236;S15;1,00;83,90;0;83,90;EUR;C03-Lucía
F2025-001590;1;13/02/2025;CLI0051;S05;201,38;3,37;5;644,72;EUR;C04-Andrés
F2025-001590;2;13/02/2025;CLI0051;S06;821,79;1,17;0;961,49;EUR;C03-Lucía
F2025-001590;3;13/02/2025;CLI0051;S06;1857,22;1,11;10;1855,36;EUR;C02-Javier
F2025-001591;1;12/02/2025;CLI0157;S04;8504,11;18,00;0;153106,47;USD;C05-Rocío
F2025-001591;2;12/02/2025;CLI0157;S04;773,93;14,73;5;10829,99;EUR;C02-Javier
F2025-001592;1;16/06/2025;CLI0311;S08;2425,76;2,35;0;5700,54;EUR;C02-Javier
F2025-001592;2;16/06/2025;CLI0311;S08;772,78;2,48;0;1916,49;EUR;C02-Javier
F2025-001592;3;16/06/2025;CLI0311;S07;745,00;1,66;0;1236,70;EUR;C02-Javier
F2025-001592;4;16/06/2025;CLI0311;S08;3234,05;2,55;5;7834,49;EUR;C01-Marta
F2025-001593;1;16/04/2025;CLI0053;S13;1,00;670,75;5;637,21;EUR;C04-Andrés
F2025-001593;2;16/04/2025;CLI0053;S07;961,02;1,57;15;1282,48;EUR;C03-Lucía
F2025-001593;3;16/04/2025;CLI0053;S13;1,00;643,66;0;643,66;EUR;C02-Javier
F2025-001593;4;16/04/2025;CLI0053;S08;2523,22;2,57;0;6484,68;EUR;C04-Andrés
F2025-001594;1;11/01/2025;CLI0399;S15;2,00;91,76;0;183,52;EUR;C03-Lucía
F2025-001595;1;07/10/2025;CLI0041;S10;1167,84;8,43;0;9844,89;EUR;C04-Andrés
F2025-001596;1;26/05/2025;CLI0252;S08;2483,78;2,58;0;6408,15;EUR;C02-Javier
F2025-001596;2;26/05/2025;CLI0252;S08;2586,06;2,55;5;6264,73;EUR;C04-Andrés
F2025-001596;3;26/05/2025;CLI0252;S13;1,00;693,88;0;693,88;EUR;C05-Rocío
F2025-001596;4;26/05/2025;CLI0252;S07;228,06;1,63;0;371,74;EUR;C02-Javier
F2025-001597;1;03/07/2025;CLI0141;S10;605,26;8,75;0;5296,02;EUR;C03-Lucía
F2025-001598;1;04/07/2025;CLI0313;S13;1,00;637,50;0;637,50;EUR;C04-Andrés
F2025-001598;2;04/07/2025;CLI0313;S10;106,62;8,53;0;909,47;EUR;C04-Andrés
F2025-001598;3;04/07/2025;CLI0313;S10;172,96;8,76;5;1439,37;EUR;C05-Rocío
F2025-001598;4;04/07/2025;CLI0313;S14;15,00;207,09;0;3106,35;EUR;C01-Marta
F2025-001599;1;17/07/2025;CLI0200;S15;4,00;91,13;5;346,29;EUR;C01-Marta
F2025-001599;2;17/07/2025;CLI0200;S02;298,62;6,52;5;1849,65;EUR;C02-Javier
F2025-001599;3;17/07/2025;CLI0200;S02;1842,67;6,38;0;11756,23;EUR;C04-Andrés
F2025-001600;1;02/08/2025;CLI0138;S09;170,39;45,40;0;7735,71;EUR;C01-Marta
F2025-001600;2;02/08/2025;CLI0138;S14;16,00;225,43;5;3426,54;EUR;C01-Marta
F2025-001601;1;12/01/2025;CLI0212;S15;4,00;83,62;0;334,48;EUR;C01-Marta
F2025-001601;2;12/01/2025;CLI0212;S13;1,00;672,27;5;638,66;EUR;C04-Andrés
F2025-001601;3;12/01/2025;CLI0212;S04;265,68;13,78;0;3661,07;EUR;C05-Rocío
F2025-001602;1;05/11/2025;CLI0398;S15;4,00;89,42;5;339,80;EUR;C01-Marta
F2025-001602;2;05/11/2025;CLI0398;S10;102,67;8,70;0;893,23;EUR;C04-Andrés
F2025-001602;3;05/11/2025;CLI0398;S10;119,82;9,03;0;1081,97;EUR;C05-Rocío
F2025-001603;1;07/12/2025;CLI0370;S05;515,79;3,43;5;1680,70;EUR;C03-Lucía
F2025-001604;1;25/03/2025;CLI0094;S13;1,00;683,53;0;683,53;EUR;C02-Javier
F2025-001604;2;25/03/2025;CLI0094;S14;5,00;210,06;0;1050,30;EUR;C05-Rocío
F2025-001604;3;25/03/2025;CLI0094;S07;269,77;1,72;0;464,00;EUR;C02-Javier
F2025-001605;1;04/05/2025;CLI0291;S10;496,86;8,67;15;3661,61;EUR;C01-Marta
F2025-001605;2;04/05/2025;CLI0291;S10;80,56;9,15;5;700,27;EUR;C03-Lucía
F2025-001605;3;04/05/2025;CLI0291;S10;58,00;9,14;0;530,12;EUR;C02-Javier
F2025-001605;4;04/05/2025;CLI0291;S10;511,59;8,65;0;4425,25;EUR;C04-Andrés
F2025-001606;1;03/05/2025;CLI0158;S14;13,00;215,78;5;2664,88;EUR;C01-Marta
F2025-001606;2;03/05/2025;CLI0158;S09;96,86;43,44;0;4207,60;EUR;C03-Lucía
F2025-001606;3;03/05/2025;CLI0158;S09;45,70;41,61;5;1806,50;EUR;C04-Andrés
F2025-001606;4;03/05/2025;CLI0158;S09;211,53;43,10;0;9116,94;EUR;C04-Andrés
F2025-001607;1;28/10/2025;CLI0095;S09;100,67;42,50;10;3850,63;EUR;C04-Andrés
F2025-001607;2;28/10/2025;CLI0095;S09;118,78;43,34;10;4633,13;EUR;C05-Rocío
F2025-001607;3;28/10/2025;CLI0095;S09;68,38;42,66;0;2917,09;EUR;C01-Marta
F2025-001607;4;28/10/2025;CLI0095;S09;59,17;41,14;5;2312,54;EUR;C02-Javier
F2025-001608;1;21/03/2025;CLI0263;S02;612,14;6,46;0;3954,42;EUR;C03-Lucía
F2025-001608;2;21/03/2025;CLI0263;S14;8,00;216,89;0;1735,12;EUR;C05-Rocío
F2025-001608;3;21/03/2025;CLI0263;S01;155,60;101,27;5;14969,73;EUR;C03-Lucía
F2025-001608;4;21/03/2025;CLI0263;S13;1,00;661,53;0;661,53;EUR;C02-Javier
F2025-001609;1;28/05/2025;CLI0212;S12;2,00;120,19;0;240,38;EUR;C05-Rocío
F2025-001609;2;28/05/2025;CLI0212;S03;24,23;40,98;0;992,95;EUR;C03-Lucía
F2025-001610;1;28/03/2025;CLI0051;S06;2027,15;1,16;5;2233,92;EUR;C01-Marta
F2025-001610;1;28/03/2025;CLI0051;S06;2027,15;1,16;5;2233,92;EUR;C01-Marta
F2025-001610;2;28/03/2025;CLI0051;S06;3201,91;1,10;15;2993,79;EUR;C05-Rocío
F2025-001610;3;28/03/2025;CLI0051;S13;1,00;647,58;5;615,20;EUR;C02-Javier
F2025-001611;1;12/04/2025;CLI0361;S06;1514,36;1,10;0;1665,80;EUR;C03-Lucía
F2025-001611;2;12/04/2025;CLI0361;S15;3,00;88,22;5;251,43;EUR;C05-Rocío
F2025-001611;3;12/04/2025;CLI0361;S05;373,16;3,15;5;1116,68;EUR;C02-Javier
F2025-001611;4;12/04/2025;CLI0361;S06;1362,15;1,18;0;1607,34;EUR;C04-Andrés
F2025-001612;1;22/10/2025;CLI0101;S10;457,14;8,45;10;3476,55;EUR;C04-Andrés
F2025-001612;2;22/10/2025;CLI0101;S15;3,00;89,38;0;268,14;EUR;C05-Rocío
F2025-001612;3;22/10/2025;CLI0101;S10;198,15;9,51;15;1601,42;USD;C04-Andrés
F2025-001613;1;20/08/2025;CLI0295;S05;167,03;3,38;0;564,56;EUR;C03-Lucía
F2025-001613;2;20/08/2025;cli0295;S15;4,00;87,93;0;351,72;EUR;C05-Rocío
F2025-001614;1;23/05/2025;CLI0325;S11;6,16;26,12;5;152,85;EUR;C05-Rocío
F2025-001615;1;04/06/2025;CLI0003;S09;108,66;42,56;5;4393,34;EUR;C03-Lucía
F2025-001616;1;01/02/2025;CLI0101;S10;90,83;8,81;15;680,18;EUR;C03-Lucía
F2025-001616;2;01/02/2025;CLI0101;S10;80,36;9,96;15;680,12;USD;C02-Javier
F2025-001617;1;18/11/2025;CLI0158;S09;178,93;42,21;0;7552,64;EUR;C02-Javier
F2025-001617;2;18/11/2025;CLI0158;S09;316,27;41,30;5;12408,85;EUR;C05-Rocío
F2025-001617;3;18/11/2025;CLI0158;S13;1,00;695,16;10;625,64;EUR;C04-Andrés
F2025-001618;1;10/04/2025;CLI0201;S02;505,11;6,97;10;3168,56;EUR;C02-Javier
F2025-001618;2;10/04/2025;CLI0201;S14;11,00;221,19;0;2433,09;EUR;C04-Andrés
F2025-001618;3;10/04/2025;CLI0201;S11;12,06;26,15;10;283,83;EUR;C02-Javier
F2025-001619;1;17/07/2025;CLI0158;S15;1,00;84,35;15;71,70;EUR;C02-Javier
F2025-001620;1;05/06/2025;CLI0225;S06;996,84;1,08;0;1076,59;EUR;C05-Rocío
F2025-001621;1;12/05/2025;CLI0328;S05;371,91;3,23;0;1201,27;EUR;C01-Marta
F2025-001621;2;12/05/2025;CLI0328;S13;1,00;799,05;5;759,10;USD;C05-Rocío
F2025-001621;3;12/05/2025;CLI0328;S05;169,56;3,23;0;547,68;EUR;C02-Javier
F2025-001622;1;14/06/2025;cli0307;S09;174,33;43,40;0;7565,92;EUR;C02-Javier
F2025-001622;2;14/06/2025;CLI0307;S09;44,57;44,47;0;1982,03;EUR;C04-Andrés
F2025-001622;3;14/06/2025;CLI0307;S09;203,52;43,82;5;8472,33;EUR;C05-Rocío
F2025-001622;4;14/06/2025;CLI0307;S09;242,19;41,63;5;9578,25;EUR;C04-Andrés
F2025-001623;1;14/11/2025;CLI0095;S15;1,00;85,79;0;85,79;EUR;C05-Rocío
F2025-001624;1;04/01/2025;CLI0346;S05;191,64;3,36;0;643,91;EUR;C05-Rocío
F2025-001625;1;14/05/2025;CLI0277;S11;37,82;25,48;0;963,65;EUR;C04-Andrés
F2025-001625;2;14/05/2025;CLI0277;S15;2,00;90,65;5;172,24;EUR;C04-Andrés
F2025-001626;1;16/05/2025;CLI0366;S13;1,00;692,86;0;692,86;EUR;C01-Marta
F2025-001626;2;16/05/2025;CLI0366;S06;1380,57;1,11;15;1302,57;EUR;C04-Andrés
F2025-001626;3;16/05/2025;CLI0366;S06;1187,62;1,15;10;1229,19;EUR;C01-Marta
F2025-001626;4;16/05/2025;CLI0366;S06;810,24;1,16;0;939,88;EUR;C01-Marta
F2025-001627;1;21/07/2025;CLI0158;S13;1,00;656,06;0;656,06;EUR;C03-Lucía
F2025-001628;1;26/09/2025;CLI0386;S11;11,39;25,23;5;273,00;EUR;C01-Marta
F2025-001628;2;26/09/2025;CLI0386;S01;311,17;93,36;0;29050,83;EUR;C03-Lucía
F2025-001629;1;26/04/2025;CLI0212;S13;1,00;685,90;5;651,60;EUR;C03-Lucía
F2025-001629;2;26/04/2025;CLI0212;S12;4,00;125,43;0;501,72;EUR;C05-Rocío
F2025-001630;1;10/12/2025;CLI0007;S05;118,89;3,35;0;398,28;EUR;C03-Lucía
F2025-001630;1;10/12/2025;CLI0007;S05;118,89;3,35;0;398,28;EUR;C03-Lucía
F2025-001630;2;10/12/2025;CLI0007;S05;466,19;3,38;0;1575,72;EUR;C03-Lucía
F2025-001631;1;15/04/2025;CLI0207;S10;325,46;8,88;0;2890,08;EUR;C02-Javier
F2025-001631;2;15/04/2025;CLI0207;S10;228,85;8,77;5;1906,66;EUR;C04-Andrés
F2025-001631;3;15/04/2025;CLI0207;S10;2302,59;8,91;0;20516,08;EUR;C02-Javier
F2025-001631;4;15/04/2025;CLI0207;S15;4,00;91,03;5;345,91;EUR;C01-Marta
F2025-001632;1;08/12/2025;CLI0263;S02;394,99;6,47;10;2300,03;EUR;C01-Marta
F2025-001632;2;08/12/2025;CLI0263;S11;56,17;25,37;0;1425,03;EUR;C03-Lucía
F2025-001632;3;08/12/2025;CLI0263;S11;21,92;26,71;15;497,66;EUR;C05-Rocío
F2025-001632;4;08/12/2025;CLI0263;S01;80,62;96,31;0;7764,51;EUR;C04-Andrés
F2025-001633;1;10/07/2025;CLI0143;S10;239,41;9,13;15;1857,94;EUR;C01-Marta
F2025-001634;1;28/04/2025;CLI0061;S11;106,91;25,52;0;2728,34;EUR;C02-Javier
F2025-001635;1;05/11/2025;CLI0323;S06;5605,90;1,09;0;6110,43;EUR;C04-Andrés
F2025-001635;2;05/11/2025;CLI0323;S05;648,96;3,19;0;2070,18;EUR;C05-Rocío
F2025-001635;3;05/11/2025;CLI0323;S05;125,51;3,38;0;424,22;EUR;C04-Andrés
F2025-001635;4;05/11/2025;CLI0323;S06;2012,99;1,12;0;2254,55;EUR;C04-Andrés
F2025-001636;1;09/12/2025;CLI0272;S09;45,79;43,90;0;2010,18;EUR;C05-Rocío
F2025-001636;2;09/12/2025;CLI0272;S09;264,84;45,36;0;12013,14;EUR;C05-Rocío
F2025-001636;3;09/12/2025;CLI0272;S09;116,74;42,15;0;4920,59;EUR;C04-Andrés
F2025-001637;1;17/12/2025;CLI0101;S10;284,16;8,36;10;2138,02;EUR;C01-Marta
F2025-001637;2;17/12/2025;CLI0101;S10;294,67;9,69;0;2856,28;USD;C05-Rocío
F2025-001637;3;17/12/2025;CLI0101;S10;147,89;8,96;0;1325,09;EUR;C01-Marta
F2025-001638;1;13/11/2025;CLI0058;S08;1132,94;2,40;5;2583,10;EUR;C04-Andrés
F2025-001638;2;13/11/2025;CLI0058;S08;608,70;2,46;5;1422,53;EUR;C01-Marta
F2025-001639;1;24/11/2025;CLI0089;S05;490,00;3,17;10;1397,97;EUR;C01-Marta
F2025-001639;2;24/11/2025;CLI0089;S05;590,15;3,38;0;1994,71;EUR;C03-Lucía
F2025-001639;3;24/11/2025;CLI0089;S06;542,14;1,14;5;587,14;EUR;C04-Andrés
F2025-001639;4;24/11/2025;CLI0089;S05;206,71;3,35;0;692,48;EUR;C03-Lucía
F2025-001640;1;08/06/2025;CLI0051;S06;564,80;1,09;0;615,63;EUR;C04-Andrés
F2025-001640;2;08/06/2025;CLI0051;S06;1936,74;1,12;10;1952,23;EUR;C01-Marta
F2025-001640;3;08/06/2025;CLI0051;S14;14,00;212,65;15;2530,53;EUR;C03-Lucía
F2025-001641;1;14/02/2025;CLI0192;S10;504,46;10,46;0;5275,87;USD;C05-Rocío
F2025-001642;1;13/05/2025;CLI0051;S05;1445,17;3,39;15;4164,26;EUR;C05-Rocío
F2025-001642;2;13/05/2025;CLI0051;S06;5695,92;1,16;5;6276,90;EUR;C04-Andrés
F2025-001643;1;28/08/2025;CLI0051;S05;184,42;3,40;15;532,97;EUR;C05-Rocío
F2025-001644;1;27/02/2025;CLI0076;S09;185,48;42,47;0;7877,34;EUR;C04-Andrés
F2025-001645;1;21/03/2025;CLI0047;S10;171,91;8,69;0;1493,90;EUR;C05-Rocío
F2025-001645;2;21/03/2025;CLI0047;S10;557,61;8,98;0;5007,34;EUR;C03-Lucía
F2025-001645;3;21/03/2025;CLI0047;S10;412,62;8,70;0;3589,79;EUR;C04-Andrés
F2025-001646;1;28/07/2025;CLI0159;S12;1,00;126,04;0;126,04;EUR;C04-Andrés
F2025-001646;2;28/07/2025;CLI0159;S03;21,18;40,25;0;852,50;EUR;C05-Rocío
F2025-001646;3;28/07/2025;CLI0159;S03;38,16;39,66;10;1362,08;EUR;C02-Javier
F2025-001646;4;28/07/2025;CLI0159;S04;240,34;14,33;0;3444,07;EUR;C03-Lucía
F2025-001647;1;28/10/2025;CLI0095;S09;94,92;42,83;0;4065,42;EUR;C01-Marta
F2025-001647;2;28/10/2025;CLI0095;S15;1,00;88,11;0;88,11;EUR;C05-Rocío
F2025-001647;3;28/10/2025;CLI0095;S09;145,39;42,47;5;5865,98;EUR;C01-Marta
F2025-001647;4;28/10/2025;CLI0095;S13;1,00;659,58;0;659,58;EUR;C01-Marta
F2025-001648;1;18/07/2025;CLI0381;S13;1,00;668,01;5;634,61;EUR;C04-Andrés
F2025-001648;2;18/07/2025;CLI0381;S13;1,00;699,27;0;699,27;EUR;C01-Marta
F2025-001648;3;18/07/2025;CLI0381;S11;149,18;26,85;0;4005,48;EUR;C05-Rocío
F2025-001648;4;18/07/2025;CLI0381;S11;31,85;26,72;0;851,03;EUR;C04-Andrés
F2025-001649;1;21/07/2025;CLI0329;S01;62,04;101,33;0;6286,51;EUR;C02-Javier
F2025-001649;2;21/07/2025;CLI0329;S02;407,18;6,71;0;2732,18;EUR;C05-Rocío
F2025-001650;1;24/10/2025;CLI0306;S13;1,00;691,47;5;656,90;EUR;C03-Lucía
F2025-001650;2;24/10/2025;CLI0306;S02;144,59;6,90;0;997,67;EUR;C04-Andrés
F2025-001650;3;24/10/2025;CLI0306;S01;187,90;100,87;0;18953,47;EUR;C01-Marta
F2025-001650;4;24/10/2025;CLI0306;S01;86,95;93,94;5;7759,68;EUR;C04-Andrés
F2025-001651;1;26/10/2025;CLI0329;S15;4,00;89,37;10;321,73;EUR;C04-Andrés
F2025-001651;2;26/10/2025;CLI0329;S11;21,46;24,60;15;448,73;EUR;C01-Marta
F2025-001651;3;26/10/2025;CLI0329;S02;804,84;6,55;0;5271,70;EUR;C03-Lucía
F2025-001651;4;26/10/2025;CLI0329;S02;132,48;6,48;5;815,55;EUR;C01-Marta
F2025-001652;1;22/08/2025;CLI0136;S15;4,00;89,03;0;356,12;EUR;C03-Lucía
F2025-001652;2;22/08/2025;CLI0136;S11;12,28;26,50;0;325,42;EUR;C01-Marta
F2025-001652;3;22/08/2025;CLI0136;S01;46,79;100,26;0;4691,17;EUR;C02-Javier
F2025-001652;4;22/08/2025;CLI0136;S02;978,76;6,68;0;6538,12;EUR;C03-Lucía
F2025-001653;1;03/06/2025;CLI0051;S15;3,00;86,24;10;232,85;EUR;C01-Marta
F2025-001653;2;03/06/2025;CLI0051;S05;1687,89;3,44;0;5806,34;EUR;C03-Lucía
F2025-001654;1;04/12/2025;CLI0366;S06;429,08;1,18;0;506,31;EUR;C04-Andrés
F2025-001654;2;04/12/2025;CLI0366;S13;1,00;696,06;0;696,06;EUR;C02-Javier
F2025-001654;3;04/12/2025;CLI0366;S06;668,59;1,11;5;705,03;EUR;C05-Rocío
F2025-001655;1;01/12/2025;CLI0359;S05;425,69;3,23;0;1374,98;EUR;C04-Andrés
F2025-001655;2;01/12/2025;CLI0359;S06;931,38;1,10;0;1024,52;EUR;C04-Andrés
F2025-001655;3;01/12/2025;CLI0359;S15;1,00;86,70;0;86,70;EUR;C01-Marta
F2025-001656;1;12/03/2025;CLI0391;S03;111,21;38,67;0;4300,49;EUR;C02-Javier
F2025-001657;1;16/12/2025;CLI0024;S06;2377,76;1,15;0;2734,42;EUR;C01-Marta
F2025-001658;1;23/06/2025;CLI0350;S06;4135,95;1,11;0;4590,90;EUR;C05-Rocío
F2025-001658;2;23/06/2025;CLI0350;S06;2058,18;1,13;15;1976,88;EUR;C01-Marta
F2025-001658;3;23/06/2025;CLI0350;S05;108,67;3,44;0;373,82;EUR;C05-Rocío
F2025-001658;4;23/06/2025;CLI0350;S06;697,01;1,14;10;715,13;EUR;C04-Andrés
F2025-001659;1;19/05/2025;CLI0078;S10;535,25;8,42;0;4506,81;EUR;C03-Lucía
F2025-001659;2;19/05/2025;CLI0078;S10;12,85;8,95;0;115,01;EUR;C04-Andrés
F2025-001659;3;19/05/2025;CLI0078;S13;1,00;658,00;0;658,00;EUR;C03-Lucía
F2025-001660;1;20/08/2025;CLI0149;S07;320,39;1,72;0;551,07;EUR;C04-Andrés
F2025-001660;2;20/08/2025;CLI0149;S13;1,00;645,74;10;581,17;EUR;C03-Lucía
F2025-001660;3;20/08/2025;CLI0149;S08;1005,94;2,46;0;2474,61;EUR;C05-Rocío
F2025-001661;1;09/03/2025;CLI0390;S09;106,08;44,51;0;4721,62;EUR;C04-Andrés
F2025-001661;2;09/03/2025;CLI0390;S09;86,73;42,58;5;3508,32;EUR;C05-Rocío
F2025-001661;3;09/03/2025;CLI0390;S09;57,88;44,76;0;2590,71;EUR;C05-Rocío
F2025-001661;4;09/03/2025;CLI0390;S09;40,34;44,18;0;1782,22;EUR;C01-Marta
F2025-001662;1;03/09/2025;CLI0286;S11;41,91;25,03;0;1049,01;EUR;C05-Rocío
F2025-001662;2;03/09/2025;CLI0286;S11;27,36;24,96;5;648,76;EUR;C02-Javier
F2025-001662;3;03/09/2025;CLI0286;S01;61,65;94,66;10;5252,21;EUR;C02-Javier
F2025-001663;1;23/01/2025;CLI0169;S09;206,91;42,50;5;8353,99;EUR;C02-Javier
F2025-001663;2;23/01/2025;CLI0169;S13;1,00;670,08;5;636,58;EUR;C05-Rocío
F2025-001663;3;23/01/2025;CLI0169;S09;131,82;44,01;0;5801,40;EUR;C02-Javier
F2025-001663;4;23/01/2025;CLI0169;S15;2,00;85,14;0;170,28;EUR;C05-Rocío
F2025-001664;1;24/02/2025;CLI0361;S05;145,42;3,20;0;465,34;EUR;C03-Lucía
F2025-001665;1;21/02/2025;CLI0207;S10;368,72;8,96;0;3303,73;EUR;C03-Lucía
F2025-001665;2;21/02/2025;CLI0207;S10;745,12;8,34;0;6214,30;EUR;C03-Lucía
F2025-001665;3;21/02/2025;CLI0207;S10;380,16;8,48;5;3062,57;EUR;C02-Javier
F2025-001665;4;21/02/2025;CLI0207;S13;1,00;668,81;0;668,81;EUR;C01-Marta
F2025-001666;1;23/11/2025;CLI0144;S15;2,00;86,87;0;173,74;EUR;C02-Javier
F2025-001667;1;25/09/2025;CLI0287;S10;446,78;8,96;0;4003,15;EUR;C01-Marta
F2025-001668;1;15/07/2025;CLI0027;S05;344,97;3,13;5;1025,77;EUR;C03-Lucía
F2025-001668;2;15/07/2025;CLI0027;S15;4,00;86,23;0;344,92;EUR;C04-Andrés
F2025-001669;1;15/06/2025;CLI0128;S08;481,22;2,53;0;1217,49;EUR;C02-Javier
F2025-001669;2;15/06/2025;CLI0128;S08;2767,84;2,68;0;7429,19;USD;C03-Lucía
F2025-001669;3;15/06/2025;CLI0128;S15;3,00;103,60;0;310,79;USD;C03-Lucía
F2025-001670;1;21/04/2025;CLI0367;S05;235,91;3,41;5;764,23;EUR;C05-Rocío
F2025-001670;2;21/04/2025;CLI0367;S06;1074,66;1,13;5;1153,65;EUR;C01-Marta
F2025-001670;3;21/04/2025;CLI0367;S06;358,80;1,18;0;423,38;EUR;C03-Lucía
F2025-001670;4;21/04/2025;CLI0367;S15;4,00;87,15;0;348,60;EUR;C05-Rocío
F2025-001671;1;26/08/2025;CLI0368;S10;193,88;8,33;0;1615,02;EUR;C04-Andrés
F2025-001671;2;26/08/2025;CLI0368;S15;2,00;84,73;0;169,46;EUR;C03-Lucía
F2025-001671;3;26/08/2025;CLI0368;S10;180,88;8,78;0;1588,13;EUR;C01-Marta
F2025-001671;4;26/08/2025;CLI0368;S15;4,00;89,49;0;357,96;EUR;C03-Lucía
F2025-001672;1;26/05/2025;CLI0051;S14;14,00;206,90;5;2751,77;EUR;C03-Lucía
F2025-001672;2;26/05/2025;CLI0051;S14;14,00;208,67;5;2775,31;EUR;C03-Lucía
F2025-001672;3;26/05/2025;CLI0051;S06;348,52;1,13;15;334,75;EUR;C05-Rocío
F2025-001672;4;26/05/2025;CLI0051;S13;1,00;651,33;15;553,63;EUR;C03-Lucía
F2025-001673;1;12/05/2025;CLI0051;S06;657,14;1,09;0;716,28;EUR;C05-Rocío
F2025-001674;1;11/11/2025;CLI0380;S05;963,94;3,25;0;3132,81;EUR;C02-Javier
F2025-001674;2;11/11/2025;CLI0380;S06;728,36;1,10;0;801,20;EUR;C02-Javier
F2025-001674;3;11/11/2025;CLI0380;S05;4293,69;3,41;5;13909,41;EUR;C05-Rocío
F2025-001675;1;24/11/2025;CLI0086;S10;201,29;8,70;0;1751,22;EUR;C03-Lucía
F2025-001676;1;08/09/2025;CLI0175;S10;756,76;9,15;0;6924,35;EUR;C02-Javier
F2025-001677;1;06/06/2025;CLI0252;S07;113,56;1,66;0;188,51;EUR;C02-Javier
F2025-001677;2;06/06/2025;CLI0252;S08;867,29;2,53;5;2084,53;EUR;C02-Javier
F2025-001677;3;06/06/2025;CLI0252;S07;849,47;1,68;0;1427,11;EUR;C01-Marta
F2025-001678;1;02/06/2025;CLI0309;S13;1,00;754,61;5;716,87;USD;C04-Andrés
F2025-001678;2;02/06/2025;CLI0309;S15;3,00;83,64;0;250,92;EUR;C05-Rocío
F2025-001679;1;02/03/2025;CLI0051;S15;1,00;87,47;0;87,47;EUR;C03-Lucía
F2025-001679;2;02/03/2025;CLI0051;S05;331,60;3,30;15;930,14;EUR;C03-Lucía
F2025-001679;3;02/03/2025;CLI0051;S06;4705,53;1,18;5;5274,90;EUR;C04-Andrés
F2025-001680;1;04/08/2025;CLI0207;S10;220,65;8,85;5;1855,11;EUR;C03-Lucía
F2025-001680;2;04/08/2025;CLI0207;S10;136,08;8,65;0;1177,09;EUR;C04-Andrés
F2025-001680;3;04/08/2025;CLI0207;S10;37,59;9,08;5;324,25;EUR;C03-Lucía
F2025-001681;1;13/09/2025;CLI0240;S06;2170,44;1,08;5;2226,87;EUR;C02-Javier
F2025-001681;2;13/09/2025;CLI0240;S05;108,61;3,15;0;342,12;EUR;C05-Rocío
F2025-001682;1;21/04/2025;CLI0058;S07;603,74;1,64;5;940,63;EUR;C05-Rocío
F2025-001682;2;21/04/2025;CLI0058;S08;1365,44;2,54;0;3468,22;EUR;C02-Javier
F2025-001682;3;21/04/2025;CLI0058;S07;898,93;1,65;5;1409,07;EUR;C04-Andrés
F2025-001683;1;27/06/2025;CLI0310;S04;79,45;14,94;0;1186,98;EUR;C01-Marta
F2025-001684;1;22/04/2025;CLI0201;S01;153,96;100,54;10;13931,22;EUR;C02-Javier
F2025-001684;2;22/04/2025;CLI0201;S13;1,00;665,67;0;665,67;EUR;C03-Lucía
F2025-001684;3;22/04/2025;CLI0201;S02;742,38;6,74;0;5003,64;EUR;C04-Andrés
F2025-001685;1;09/03/2025;CLI0377;S02;442,82;6,87;15;2585,85;EUR;C03-Lucía
F2025-001685;2;09/03/2025;CLI0377;S01;131,92;115,48;5;14472,40;USD;C01-Marta
F2025-001685;3;09/03/2025;CLI0377;S02;164,79;6,48;15;907,66;EUR;C01-Marta
F2025-001686;1;28/02/2025;CLI0094;S07;176,17;1,67;5;279,49;EUR;C03-Lucía
F2025-001687;1;28/03/2025;CLI0158;S09;130,53;43,19;10;5073,83;EUR;C02-Javier
F2025-001687;2;28/03/2025;CLI0158;S09;248,06;41,90;0;10393,71;EUR;C01-Marta
F2025-001687;3;28/03/2025;CLI0158;S15;4,00;86,33;10;310,79;EUR;C02-Javier
F2025-001687;4;28/03/2025;CLI0158;S09;59,94;45,40;15;2313,08;EUR;C03-Lucía
F2025-001688;1;23/12/2025;CLI0370;S13;1,00;674,85;15;573,62;EUR;C03-Lucía
F2025-001688;2;23/12/2025;CLI0370;S06;758,33;1,17;0;887,25;EUR;C02-Javier
F2025-001688;3;23/12/2025;CLI0370;S15;4,00;89,15;0;356,60;EUR;C04-Andrés
F2025-001689;1;06/01/2025;CLI0357;S07;213,88;1,72;0;367,87;EUR;C02-Javier
F2025-001689;2;06/01/2025;CLI0357;S08;972,75;2,46;0;2392,97;EUR;C02-Javier
F2025-001689;3;06/01/2025;CLI0357;S07;220,29;1,67;0;367,88;EUR;C05-Rocío
F2025-001689;4;06/01/2025;CLI0357;S14;8,00;223,29;0;1786,32;EUR;C04-Andrés
F2025-001690;1;07/03/2025;CLI0395;S15;3,00;84,90;0;254,70;EUR;C05-Rocío
F2025-001690;2;07/03/2025;CLI0395;S13;1,00;639,63;15;543,69;EUR;C01-Marta
F2025-001690;3;07/03/2025;CLI0395;S13;1,00;694,21;0;694,21;EUR;C04-Andrés
F2025-001690;4;07/03/2025;CLI0395;S11;7,56;26,35;0;199,21;EUR;C02-Javier
F2025-001691;1;22/05/2025;CLI0158;S13;1,00;692,04;0;692,04;EUR;C01-Marta
F2025-001691;2;22/05/2025;CLI0158;S13;1,00;642,81;10;578,53;EUR;C03-Lucía
F2025-001691;3;22/05/2025;CLI0158;S09;113,85;44,86;0;5107,31;EUR;C02-Javier
F2025-001692;1;06/04/2025;CLI0356;S10;1148,89;9,09;0;10443,41;EUR;C02-Javier
F2025-001692;2;06/04/2025;CLI0356;S10;277,51;8,74;0;2425,44;EUR;C01-Marta
F2025-001693;1;02/02/2025;CLI0207;S10;581,49;9,18;0;5338,08;EUR;C02-Javier
F2025-001693;2;02/02/2025;CLI0207;S10;34,63;8,52;0;295,05;EUR;C01-Marta
F2025-001694;1;03/04/2025;CLI0370;S05;188,79;3,22;15;516,72;EUR;C01-Marta
F2025-001695;1;01/03/2025;CLI0029;S08;1026,96;2,47;10;2282,93;EUR;C01-Marta
F2025-001695;2;01/03/2025;CLI0029;S08;3151,39;2,58;10;7317,53;EUR;C02-Javier
F2025-001695;3;01/03/2025;CLI0029;S08;1181,50;2,42;5;2716,27;EUR;C02-Javier
F2025-001696;1;17/11/2025;CLI0263;S14;4,00;206,80;0;827,20;EUR;C02-Javier
F2025-001696;2;17/11/2025;CLI0263;S15;1,00;90,75;0;90,75;EUR;C02-Javier
F2025-001697;1;22/12/2025;CLI0188;S02;699,00;6,36;0;4445,64;EUR;C02-Javier
F2025-001697;2;22/12/2025;CLI0188;S02;263,70;6,96;0;1835,35;EUR;C01-Marta
F2025-001698;1;11/11/2025;CLI0370;S05;423,04;3,21;0;1357,96;EUR;C01-Marta
F2025-001698;2;11/11/2025;CLI0370;S05;293,96;3,34;5;932,74;EUR;C02-Javier
F2025-001698;3;11/11/2025;CLI0370;S06;645,36;1,09;0;703,44;EUR;C02-Javier
F2025-001699;1;16/09/2025;CLI0097;S09;60,73;41,28;10;2256,24;EUR;C03-Lucía
F2025-001699;2;16/09/2025;CLI0097;S09;49,74;44,30;10;1983,13;EUR;C05-Rocío
F2025-001699;3;16/09/2025;CLI0097;S09;191,51;41,44;15;6745,75;EUR;C02-Javier
F2025-001699;4;16/09/2025;CLI0097;S15;2,00;87,61;0;175,22;EUR;C05-Rocío
F2025-001700;1;18/04/2025;CLI0191;S02;511,76;6,74;0;3449,26;EUR;C02-Javier
F2025-001700;2;18/04/2025;CLI0191;S01;89,12;98,45;0;8773,86;EUR;C02-Javier
F2025-001700;3;18/04/2025;CLI0191;S15;3,00;91,34;5;260,32;EUR;C01-Marta
F2025-001701;1;20/03/2025;CLI0251;S05;211,49;3,38;0;714,84;EUR;C04-Andrés
F2025-001701;2;20/03/2025;CLI0251;S14;3,00;208,73;5;594,88;EUR;C03-Lucía
F2025-001701;3;20/03/2025;CLI0251;S15;4,00;90,14;0;360,56;EUR;C03-Lucía
F2025-001701;4;20/03/2025;CLI0251;S13;1,00;643,51;0;643,51;EUR;C01-Marta
F2025-001702;1;13/04/2025;CLI0241;S15;2,00;83,18;0;166,36;EUR;C04-Andrés
F2025-001702;2;13/04/2025;CLI0241;S13;1,00;671,20;0;671,20;EUR;C04-Andrés
F2025-001702;3;13/04/2025;CLI0241;S12;2,00;125,10;0;250,20;EUR;C01-Marta
F2025-001703;1;03/10/2025;CLI0054;S14;8,00;214,70;0;1717,60;EUR;C01-Marta
F2025-001703;2;03/10/2025;CLI0054;S08;1340,44;2,40;0;3217,06;EUR;C02-Javier
F2025-001703;3;03/10/2025;CLI0054;S08;1638,99;2,56;0;4195,81;EUR;C04-Andrés
F2025-001704;1;08/03/2025;CLI0071;S15;3,00;87,26;0;261,78;EUR;C04-Andrés
F2025-001704;2;08/03/2025;CLI0071;S15;4,00;83,23;0;332,92;EUR;C05-Rocío
F2025-001704;3;08/03/2025;CLI0071;S11;22,37;25,98;0;581,17;EUR;C03-Lucía
F2025-001705;1;13/06/2025;CLI0113;S09;190,59;42,30;15;6852,66;EUR;C01-Marta
F2025-001706;1;22/02/2025;CLI0051;S15;4,00;85,03;0;340,12;EUR;C02-Javier
F2025-001707;1;05/05/2025;CLI0291;S10;583,89;8,43;0;4922,19;EUR;C02-Javier
F2025-001707;2;05/05/2025;CLI0291;S13;1,00;668,19;15;567,96;EUR;C04-Andrés
F2025-001708;1;09/03/2025;CLI0363;S05;748,84;3,40;5;2418,75;EUR;C03-Lucía
F2025-001708;2;09/03/2025;CLI0363;S05;461,37;3,18;5;1393,80;EUR;C03-Lucía
F2025-001708;3;09/03/2025;CLI0363;S06;3246,51;1,17;0;3798,42;EUR;C01-Marta
F2025-001708;4;09/03/2025;CLI0363;S06;5600,67;1,13;0;6328,76;EUR;C03-Lucía
F2025-001709;1;07/06/2025;CLI0067;S10;363,48;8,47;0;3078,68;EUR;C05-Rocío
F2025-001710;1;14/03/2025;CLI0051;S06;1434,75;1,08;10;1394,58;EUR;C05-Rocío
F2025-001710;2;14/03/2025;CLI0051;S05;156,73;3,32;0;520,34;EUR;C05-Rocío
F2025-001711;1;08/04/2025;CLI0129;S14;15,00;215,37;0;3230,55;EUR;C03-Lucía
F2025-001711;2;08/04/2025;CLI0129;S10;471,36;9,18;0;4327,08;EUR;C03-Lucía
F2025-001712;1;08/12/2025;CLI0207;S14;9,00;217,45;0;1957,05;EUR;C05-Rocío
F2025-001712;2;08/12/2025;CLI0207;S15;3,00;83,44;0;250,32;EUR;C01-Marta
F2025-001712;3;08/12/2025;CLI0207;S10;215,91;8,48;0;1830,92;EUR;C03-Lucía
F2025-001712;4;08/12/2025;CLI0207;S10;2265,14;8,62;0;19525,51;EUR;C04-Andrés
F2025-001713;1;13/08/2025;CLI0056;S10;168,14;8,73;5;1394,47;EUR;C01-Marta
F2025-001713;2;13/08/2025;CLI0056;S13;1,00;667,14;0;667,14;EUR;C03-Lucía
F2025-001713;3;13/08/2025;CLI0056;S10;1119,30;9,12;5;9697,62;EUR;C05-Rocío
F2025-001713;4;13/08/2025;CLI0056;S10;341,28;8,41;0;2870,16;EUR;C03-Lucía
F2025-001714;1;12/03/2025;CLI0370;S05;528,89;3,19;10;1518,44;EUR;C04-Andrés
F2025-001715;1;14/03/2025;CLI0158;S09;119,91;43,07;0;5164,52;EUR;C03-Lucía
F2025-001715;2;14/03/2025;CLI0158;S09;66,60;43,68;0;2909,09;EUR;C02-Javier
F2025-001716;1;22/01/2025;CLI0088;S10;324,84;9,11;0;2959,29;EUR;C02-Javier
F2025-001716;2;22/01/2025;CLI0088;S14;4,00;216,68;0;866,72;EUR;C04-Andrés
F2025-001716;3;22/01/2025;CLI0088;S14;14,00;226,49;5;3012,32;EUR;C01-Marta
F2025-001717;1;25/09/2025;CLI0158;S09;43,70;44,77;5;1858,63;EUR;C05-Rocío
F2025-001718;1;06/03/2025;CLI0389;S13;1,00;648,59;0;648,59;EUR;C04-Andrés
F2025-001718;2;06/03/2025;CLI0389;S07;138,57;1,69;0;234,18;EUR;C04-Andrés
F2025-001718;3;06/03/2025;CLI0389;S13;1,00;671,44;0;671,44;EUR;C04-Andrés
F2025-001718;4;06/03/2025;CLI0389;S07;50,21;1,59;0;79,83;EUR;C04-Andrés
F2025-001719;1;28/10/2025;CLI0201;S11;32,02;25,58;0;819,07;EUR;C04-Andrés
F2025-001719;2;28/10/2025;CLI0201;S14;16,00;225,34;5;3425,17;EUR;C05-Rocío
F2025-001720;1;18/06/2025;CLI0341;S05;1277,64;3,24;0;4139,55;EUR;C05-Rocío
F2025-001721;1;07/07/2025;CLI0170;S05;452,06;3,16;15;1214,23;EUR;C04-Andrés
F2025-001721;2;07/07/2025;CLI0170;S06;4344,43;1,13;15;4172,83;EUR;C04-Andrés
F2025-001721;3;07/07/2025;CLI0170;S06;2689,32;1,15;0;3092,72;EUR;C04-Andrés
F2025-001721;4;07/07/2025;CLI0170;S05;225,05;3,32;0;747,17;EUR;C03-Lucía
F2025-001722;1;06/06/2025;CLI0178;S13;1,00;666,89;0;666,89;EUR;C02-Javier
F2025-001722;2;06/06/2025;CLI0178;S10;1208,94;8,49;0;10263,90;EUR;C01-Marta
F2025-001723;1;01/03/2025;CLI0228;S14;5,00;221,00;5;1049,75;EUR;C04-Andrés
F2025-001724;1;13/01/2025;CLI0324;S13;1,00;661,72;10;595,55;EUR;C04-Andrés
F2025-001725;1;23/04/2025;CLI0023;S10;614,73;8,89;0;5464,95;EUR;C03-Lucía
F2025-001725;2;23/04/2025;CLI0023;S10;290,17;8,46;0;2454,84;EUR;C03-Lucía
F2025-001726;1;26/02/2025;CLI0126;S13;1,00;666,65;0;666,65;EUR;C03-Lucía
F2025-001726;2;26/02/2025;CLI0126;S15;2,00;88,56;5;168,26;EUR;C02-Javier
F2025-001726;3;26/02/2025;CLI0126;S13;1,00;667,62;0;667,62;EUR;C04-Andrés
F2025-001727;1;08/01/2025;CLI0356;S10;588,61;9,02;15;4512,87;EUR;C03-Lucía
F2025-001727;2;08/01/2025;CLI0356;S15;1,00;90,37;5;85,85;EUR;C05-Rocío
F2025-001727;3;08/01/2025;CLI0356;S10;453,64;8,38;0;3801,50;EUR;C01-Marta
F2025-001728;1;05/03/2025;CLI0158;S09;97,80;41,99;15;3490,63;EUR;C03-Lucía
F2025-001729;1;20/06/2025;CLI0035;S08;1092,62;2,47;0;2698,77;EUR;C05-Rocío
F2025-001729;2;20/06/2025;CLI0035;S07;205,33;1,71;5;333,56;EUR;C04-Andrés
F2025-001729;3;20/06/2025;CLI0035;S15;3,00;89,06;0;267,18;EUR;C03-Lucía
F2025-001730;1;13/07/2025;CLI0207;S13;1,00;667,24;5;633,88;EUR;C01-Marta
F2025-001730;2;13/07/2025;cli0207;S10;306,65;8,63;0;2646,39;EUR;C01-Marta
F2025-001730;3;13/07/2025;CLI0207;S10;122,08;8,90;0;1086,51;EUR;C04-Andrés
F2025-001730;4;13/07/2025;CLI0207;S10;489,65;8,89;0;4352,99;EUR;C05-Rocío
F2025-001731;1;28/11/2025;CLI0312;S13;1,00;659,18;10;593,26;EUR;C02-Javier
F2025-001731;2;28/11/2025;CLI0312;S15;4,00;91,31;10;328,72;EUR;C02-Javier
F2025-001731;3;28/11/2025;CLI0312;S07;1917,48;1,63;0;3125,49;EUR;C01-Marta
F2025-001731;4;28/11/2025;CLI0312;S08;1543,98;2,56;0;3952,59;EUR;C03-Lucía
F2025-001732;1;02/12/2025;cli0349;S08;584,22;2,41;0;1407,97;EUR;C03-Lucía
F2025-001732;2;02/12/2025;CLI0349;S13;1,00;638,03;5;606,13;EUR;C02-Javier
F2025-001732;3;02/12/2025;CLI0349;S08;2054,79;2,55;0;5239,71;EUR;C03-Lucía
F2025-001733;1;17/08/2025;CLI0350;S13;1,00;655,78;0;655,78;EUR;C03-Lucía
F2025-001733;2;17/08/2025;CLI0350;S15;3,00;83,43;0;250,29;EUR;C03-Lucía
F2025-001734;1;09/06/2025;CLI0008;S11;28,29;26,79;0;757,89;EUR;C04-Andrés
F2025-001734;2;2025-06-09;CLI0008;S15;3,00;90,86;10;245,32;EUR;C04-Andrés
F2025-001734;3;09/06/2025;CLI0008;S01;50,31;102,13;10;4624,34;EUR;C01-Marta
F2025-001735;1;08/07/2025;CLI0095;S09;58,90;41,81;15;2093,22;EUR;C01-Marta
F2025-001735;2;08/07/2025;CLI0095;S09;121,00;42,71;5;4909,51;EUR;C05-Rocío
F2025-001735;3;08/07/2025;CLI0095;S09;120,33;42,38;0;5099,59;EUR;C03-Lucía
F2025-001735;4;08/07/2025;CLI0095;S09;49,73;45,40;0;2257,74;EUR;C02-Javier
F2025-001736;1;27/01/2025;CLI0366;S06;631,93;1,14;5;684,38;EUR;C03-Lucía
F2025-001736;2;27/01/2025;CLI0366;S15;2,00;87,72;15;149,12;EUR;C01-Marta
F2025-001737;1;25/07/2025;CLI0024;S05;999,81;3,43;5;3257,88;EUR;C05-Rocío
F2025-001738;1;21/10/2025;CLI0031;S11;21,41;24,54;0;525,40;EUR;C02-Javier
F2025-001738;2;21/10/2025;CLI0031;S02;333,74;6,57;0;2192,67;EUR;C02-Javier
F2025-001738;3;21/10/2025;CLI0031;S13;1,00;688,28;5;653,87;EUR;C04-Andrés
F2025-001739;1;09/10/2025;CLI0095;S09;96,83;44,17;0;4276,98;EUR;C03-Lucía
F2025-001740;1;21/03/2025;CLI0212;S03;44,09;40,19;5;1683,38;EUR;C02-Javier
F2025-001740;2;21/03/2025;CLI0212;S12;3,00;117,97;5;336,21;EUR;C02-Javier
F2025-001740;3;21/03/2025;CLI0212;S04;354,70;14,60;0;5178,62;EUR;C02-Javier
F2025-001741;1;10/12/2025;CLI0325;S15;2,00;87,59;0;175,18;EUR;C03-Lucía
F2025-001742;1;05/11/2025;CLI0051;S14;15,00;222,36;15;2835,09;EUR;C05-Rocío
F2025-001742;2;05/11/2025;CLI0051;S06;698,27;1,13;0;789,05;EUR;C05-Rocío
F2025-001743;1;28/08/2025;CLI0112;S02;401,69;6,48;0;2602,95;EUR;C04-Andrés
F2025-001743;2;28/08/2025;CLI0112;S01;75,13;99,74;0;7493,47;EUR;C02-Javier
F2025-001744;1;08/01/2025;CLI0139;S05;1044,65;3,23;0;3374,22;EUR;C05-Rocío
F2025-001744;2;08/01/2025;CLI0139;S13;1,00;667,45;0;667,45;EUR;C05-Rocío
F2025-001744;3;08/01/2025;CLI0139;S05;2589,36;3,33;0;8622,57;EUR;C01-Marta
F2025-001745;1;12/05/2025;CLI0211;S06;1140,69;1,14;0;1300,39;EUR;C01-Marta
F2025-001745;2;12/05/2025;CLI0211;S06;1699,26;1,15;5;1856,44;EUR;C01-Marta
F2025-001746;1;01/01/2025;CLI0068;S06;903,17;1,08;0;975,42;EUR;C01-Marta
F2025-001747;1;04/04/2025;CLI0218;S15;1,00;89,65;0;89,65;EUR;C03-Lucía
F2025-001747;2;04/04/2025;CLI0218;S10;100,44;8,65;0;868,81;EUR;C05-Rocío
F2025-001747;3;04/04/2025;CLI0218;S10;340,98;8,77;0;2990,39;EUR;C05-Rocío
F2025-001747;4;04/04/2025;CLI0218;S10;833,79;8,91;0;7429,07;EUR;C03-Lucía
F2025-001748;1;26/02/2025;CLI0158;S14;2,00;217,06;10;390,71;EUR;C05-Rocío
F2025-001748;2;26/02/2025;CLI0158;S15;4,00;86,26;0;345,04;EUR;C05-Rocío
F2025-001748;3;26/02/2025;CLI0158;S09;91,30;42,13;0;3846,47;EUR;C05-Rocío
F2025-001749;1;23/05/2025;CLI0114;S09;85,65;41,42;0;3547,62;EUR;C03-Lucía
F2025-001750;1;18/08/2025;CLI0335;S11;33,31;24,62;5;779,09;EUR;C03-Lucía
F2025-001750;2;18/08/2025;CLI0335;S01;61,50;93,91;0;5775,47;EUR;C05-Rocío
F2025-001750;3;18/08/2025;CLI0335;S11;17,62;26,35;0;464,29;EUR;C03-Lucía
F2025-001750;4;18/08/2025;CLI0335;S01;260,97;98,21;0;25629,86;EUR;C04-Andrés
F2025-001751;1;19/12/2025;CLI0095;S14;12,00;219,20;5;2498,88;EUR;C04-Andrés
F2025-001751;2;19/12/2025;CLI0095;S09;222,04;42,58;0;9454,46;EUR;C05-Rocío
F2025-001751;3;19/12/2025;CLI0095;S15;4,00;87,10;0;348,40;EUR;C03-Lucía
F2025-001752;1;20/08/2025;CLI0374;S09;254,36;41,61;0;10583,92;EUR;C03-Lucía
F2025-001752;2;20/08/2025;CLI0374;S09;404,67;43,18;0;17473,65;EUR;C03-Lucía
F2025-001752;3;20/08/2025;CLI0374;S09;144,96;43,40;5;5976,70;EUR;C03-Lucía
F2025-001753;1;25/12/2025;CLI0207;S10;155,53;8,50;5;1255,90;EUR;C02-Javier
F2025-001753;2;25/12/2025;CLI0207;S10;661,05;8,52;0;5632,15;EUR;C05-Rocío
F2025-001753;3;25/12/2025;CLI0207;S15;1,00;90,41;5;85,89;EUR;C01-Marta
F2025-001754;1;10/12/2025;CLI0177;S06;2021,96;1,15;0;2325,25;EUR;C03-Lucía
F2025-001755;1;09/12/2025;CLI0180;S15;1,00;87,45;0;87,45;EUR;C03-Lucía
F2025-001756;1;10/09/2025;CLI0095;S09;87,80;43,59;15;3253,12;EUR;C03-Lucía
F2025-001756;2;10/09/2025;CLI0095;S09;68,29;41,76;0;2851,79;EUR;C03-Lucía
F2025-001756;3;10/09/2025;CLI0095;S14;3,00;226,47;10;611,47;EUR;C05-Rocío
F2025-001756;4;10/09/2025;CLI0095;S09;437,71;43,42;15;16154,56;EUR;C03-Lucía
F2025-001757;1;18/10/2025;CLI0322;S15;4,00;88,76;0;355,04;EUR;C01-Marta
F2025-001757;2;18/10/2025;CLI0322;S06;319,60;1,14;0;364,34;EUR;C01-Marta
F2025-001758;1;08/10/2025;CLI0094;S08;1147,00;2,53;0;2901,91;EUR;C05-Rocío
F2025-001758;2;08/10/2025;CLI0094;S07;217,21;1,67;0;362,74;EUR;C01-Marta
F2025-001759;1;14/01/2025;CLI0336;S06;1120,32;1,13;5;1202,66;EUR;C01-Marta
F2025-001760;1;28/12/2025;CLI0219;S06;1534,06;1,10;0;1687,47;EUR;C03-Lucía
F2025-001760;2;28/12/2025;CLI0219;S13;1,00;658,37;15;559,61;EUR;C05-Rocío
F2025-001761;1;20/01/2025;CLI0296;S05;108,15;3,34;15;307,04;EUR;C03-Lucía
F2025-001761;2;20/01/2025;CLI0296;S05;161,87;3,17;10;461,82;EUR;C05-Rocío
F2025-001761;3;20/01/2025;CLI0296;S06;3823,07;1,16;15;3769,55;EUR;C05-Rocío
F2025-001761;4;20/01/2025;CLI0296;S05;151,15;3,18;10;432,59;EUR;C04-Andrés
F2025-001762;1;21/02/2025;CLI0159;S04;487,31;14,05;0;6846,71;EUR;C01-Marta
F2025-001762;2;21/02/2025;CLI0159;S03;59,42;38,33;15;1935,93;EUR;C05-Rocío
F2025-001762;3;21/02/2025;CLI0159;S04;373,28;14,60;10;4904,90;EUR;C01-Marta
F2025-001762;4;21/02/2025;CLI0159;S14;4,00;222,03;0;888,12;EUR;C01-Marta
F2025-001763;1;12/09/2025;CLI0114;S09;72,92;45,27;0;3301,09;EUR;C02-Javier
F2025-001764;1;14/02/2025;CLI0079;S06;1109,14;1,17;0;1297,69;EUR;C04-Andrés
F2025-001764;2;14/02/2025;CLI0079;S14;13,00;213,83;0;2779,79;EUR;C04-Andrés
F2025-001764;3;14/02/2025;CLI0079;S06;1656,87;1,15;0;1905,40;EUR;C01-Marta
F2025-001764;4;14/02/2025;CLI0079;S13;1,00;649,02;0;649,02;EUR;C05-Rocío
F2025-001765;1;18/05/2025;CLI0351;S05;128,76;3,41;0;439,07;EUR;C05-Rocío
F2025-001765;2;18/05/2025;CLI0351;S05;1230,02;3,15;0;3874,56;EUR;C01-Marta
F2025-001765;3;18/05/2025;CLI0351;S06;3301,62;1,16;0;3829,88;EUR;C02-Javier
F2025-001766;1;16/02/2025;CLI0263;S13;1,00;681,82;5;647,73;EUR;C01-Marta
F2025-001766;2;16/02/2025;CLI0263;S15;2,00;86,26;0;172,52;EUR;C01-Marta
F2025-001767;1;08/09/2025;CLI0207;S10;1586,49;8,41;0;13342,38;EUR;C05-Rocío
F2025-001767;2;08/09/2025;CLI0207;S15;4,00;85,06;5;323,23;EUR;C01-Marta
F2025-001767;3;08/09/2025;CLI0207;S14;5,00;213,11;5;1012,27;EUR;C01-Marta
F2025-001767;4;08/09/2025;CLI0207;S10;574,82;8,55;0;4914,71;EUR;C01-Marta
F2025-001768;1;2025-05-21;CLI0095;S09;150,97;44,77;5;6420,98;EUR;C02-Javier
F2025-001768;2;21/05/2025;CLI0095;S09;87,84;41,96;10;3317,19;EUR;C02-Javier
F2025-001769;1;06/12/2025;CLI0094;S08;1143,18;2,56;0;2926,54;EUR;C01-Marta
F2025-001769;2;06/12/2025;CLI0094;S13;1,00;655,92;0;655,92;EUR;C03-Lucía
F2025-001770;1;10/10/2025;CLI0262;S01;89,99;97,90;5;8369,52;EUR;C05-Rocío
F2025-001771;1;26/11/2025;CLI0051;S06;1717,72;1,19;10;1839,68;EUR;C01-Marta
F2025-001772;1;25/04/2025;CLI0212;S12;3,00;126,58;0;379,74;EUR;C01-Marta
F2025-001772;2;25/04/2025;CLI0212;S15;4,00;87,22;5;331,44;EUR;C05-Rocío
F2025-001773;1;10/05/2025;CLI0138;S09;185,06;44,00;5;7735,51;EUR;C03-Lucía
F2025-001773;2;10/05/2025;CLI0138;S09;351,53;43,14;0;15165,00;EUR;C02-Javier
F2025-001774;1;15/07/2025;CLI0325;S11;33,04;26,20;0;865,65;EUR;C04-Andrés
F2025-001774;2;15/07/2025;CLI0325;S11;35,25;25,66;0;904,51;EUR;C01-Marta
F2025-001774;3;15/07/2025;CLI0325;S01;23,26;96,86;0;2252,96;EUR;C05-Rocío
F2025-001775;1;09/02/2025;CLI0207;S10;1424,79;8,96;0;12766,12;EUR;C03-Lucía
F2025-001776;1;23/02/2025;CLI0217;S10;289,93;8,51;5;2343,94;EUR;C03-Lucía
F2025-001777;1;24/09/2025;CLI0201;S15;1,00;84,22;0;84,22;EUR;C04-Andrés
F2025-001777;2;24/09/2025;CLI0201;S02;137,84;6,79;0;935,93;EUR;C05-Rocío
F2025-001777;3;24/09/2025;CLI0201;S11;40,54;25,72;5;990,55;EUR;C02-Javier
F2025-001778;1;14/07/2025;CLI0136;S11;23,25;24,57;0;571,25;EUR;C04-Andrés
F2025-001779;1;24/12/2025;CLI0386;S01;309,47;99,61;0;30826,31;EUR;C03-Lucía
F2025-001779;2;24/12/2025;CLI0386;S02;725,95;6,97;0;5059,87;EUR;C03-Lucía
F2025-001779;3;24/12/2025;CLI0386;S01;195,61;94,54;0;18492,97;EUR;C01-Marta
F2025-001780;1;12/10/2025;CLI0051;S14;13,00;223,64;0;2907,32;EUR;C05-Rocío
F2025-001780;2;12/10/2025;CLI0051;S06;495,17;1,08;0;534,78;EUR;C02-Javier
F2025-001780;3;12/10/2025;CLI0051;S14;10,00;216,23;15;1837,95;EUR;C02-Javier
F2025-001780;4;12/10/2025;CLI0051;S15;4,00;85,75;5;325,85;EUR;C01-Marta
F2025-001781;1;26/06/2025;CLI0051;S13;1,00;656,78;0;656,78;EUR;C03-Lucía
F2025-001781;2;26/06/2025;CLI0051;S15;3,00;91,27;0;273,81;EUR;C02-Javier
F2025-001781;3;26/06/2025;CLI0051;S13;1,00;698,14;10;628,33;EUR;C03-Lucía
F2025-001782;1;11/06/2025;CLI0087;S10;910,24;8,67;0;7891,78;EUR;C04-Andrés
F2025-001782;2;11/06/2025;CLI0087;S10;246,32;10,24;0;2522,38;USD;C02-Javier
F2025-001782;3;11/06/2025;CLI0087;S10;79,45;9,69;0;769,69;USD;C04-Andrés
F2025-001782;4;11/06/2025;CLI0087;S10;50,70;9,51;0;482,01;USD;C05-Rocío
F2025-001783;1;16/11/2025;CLI0034;S09;128,95;44,83;0;5780,83;EUR;C01-Marta
F2025-001784;1;11/12/2025;CLI0152;S02;228,82;6,42;5;1395,57;EUR;C02-Javier
F2025-001784;2;11/12/2025;CLI0152;S02;445,59;6,56;5;2776,92;EUR;C02-Javier
F2025-001785;1;23/07/2025;CLI0055;S09;101,12;45,11;5;4333,45;EUR;C01-Marta
F2025-001785;2;23/07/2025;CLI0055;S09;188,76;44,05;0;8314,88;EUR;C04-Andrés
F2025-001785;3;23/07/2025;CLI0055;S09;195,26;42,98;0;8392,27;EUR;C01-Marta
F2025-001785;4;23/07/2025;CLI0055;S09;79,45;44,24;0;3514,87;EUR;C05-Rocío
F2025-001786;1;17/03/2025;CLI0368;S10;823,10;8,77;5;6857,66;EUR;C02-Javier
F2025-001787;1;17/03/2025;CLI0032;S13;1,00;645,42;5;613,15;EUR;C03-Lucía
F2025-001787;2;17/03/2025;CLI0032;S08;585,00;2,46;5;1367,14;EUR;C02-Javier
F2025-001787;3;17/03/2025;CLI0032;S13;1,00;682,11;0;682,11;EUR;C02-Javier
F2025-001787;4;17/03/2025;CLI0032;S08;821,87;2,49;5;1944,13;EUR;C05-Rocío
F2025-001788;1;23/04/2025;CLI0212;S12;2,00;119,83;0;239,66;EUR;C04-Andrés
F2025-001788;2;23/04/2025;CLI0212;S12;2,00;118,35;0;236,70;EUR;C01-Marta
F2025-001788;3;23/04/2025;CLI0212;S04;549,05;14,37;0;7889,85;EUR;C02-Javier
F2025-001789;1;28/12/2025;CLI0251;S15;1,00;90,22;5;85,71;EUR;C02-Javier
F2025-001789;2;28/12/2025;CLI0251;S14;6,00;215,31;0;1291,86;EUR;C05-Rocío
F2025-001789;3;28/12/2025;CLI0251;S05;111,60;3,31;0;369,40;EUR;C01-Marta
F2025-001790;1;07/02/2025;CLI0366;S05;90,17;3,34;15;255,99;EUR;C01-Marta
F2025-001790;2;07/02/2025;CLI0366;S14;16,00;206,25;0;3300,00;EUR;C04-Andrés
F2025-001790;3;07/02/2025;CLI0366;S05;169,80;3,44;15;496,50;EUR;C05-Rocío
F2025-001790;3;07/02/2025;CLI0366;S05;169,80;3,44;15;496,50;EUR;C05-Rocío
F2025-001791;1;26/04/2025;CLI0341;S06;3351,71;1,18;0;3955,02;EUR;C02-Javier
F2025-001791;2;26/04/2025;CLI0341;S06;2618,87;1,11;0;2906,95;EUR;C04-Andrés
F2025-001792;1;05/07/2025;CLI0282;S07;545,76;1,82;0;994,53;USD;C04-Andrés
F2025-001792;2;05/07/2025;CLI0282;S15;4,00;99,13;0;396,51;USD;C02-Javier
F2025-001793;1;22/04/2025;CLI0092;S05;1664,26;3,34;0;5558,63;EUR;C01-Marta
F2025-001794;1;15/02/2025;cli0207;S14;12,00;224,99;0;2699,88;EUR;C03-Lucía
F2025-001794;2;15/02/2025;CLI0207;S10;156,01;8,42;0;1313,60;EUR;C05-Rocío
F2025-001794;3;15/02/2025;CLI0207;S10;115,97;8,46;0;981,11;EUR;C01-Marta
F2025-001794;4;15/02/2025;CLI0207;S10;1509,72;8,68;0;13104,37;EUR;C01-Marta
F2025-001795;1;09/10/2025;CLI0370;S06;1782,79;1,17;0;2085,86;EUR;C01-Marta
F2025-001795;2;09/10/2025;CLI0370;S06;2816,68;1,16;10;2940,61;EUR;C05-Rocío
F2025-001795;3;09/10/2025;CLI0370;S06;1289,17;1,13;5;1383,92;EUR;C05-Rocío
F2025-001796;1;27/10/2025;cli0094;S08;160,37;2,42;5;368,69;EUR;C02-Javier
F2025-001796;2;27/10/2025;CLI0094;S07;346,88;1,71;0;593,16;EUR;C03-Lucía
F2025-001796;3;27/10/2025;CLI0094;S07;489,68;1,62;5;753,62;EUR;C03-Lucía
F2025-001797;1;02/08/2025;CLI0095;S13;1,00;701,63;0;701,63;EUR;C01-Marta
F2025-001797;2;02/08/2025;CLI0095;S13;1,00;652,95;0;652,95;EUR;C03-Lucía
F2025-001797;3;02/08/2025;CLI0095;S09;89,37;41,12;0;3674,89;EUR;C01-Marta
F2025-001797;4;02/08/2025;CLI0095;S09;92,66;43,19;0;4001,99;EUR;C05-Rocío
F2025-001798;1;16/10/2025;CLI0367;S06;631,59;1,09;0;688,43;EUR;C05-Rocío
F2025-001798;2;16/10/2025;CLI0367;S06;2685,06;1,18;0;3168,37;EUR;C05-Rocío
F2025-001799;1;01/07/2025;CLI0399;S10;2266,39;8,90;5;19162,33;EUR;C05-Rocío
F2025-001800;1;26/02/2025;CLI0213;S10;347,30;8,49;0;2948,58;EUR;C01-Marta
F2025-001800;2;26/02/2025;cli0213;S10;210,42;8,85;0;1862,22;EUR;C05-Rocío
F2025-001800;3;26/02/2025;CLI0213;S10;264,74;8,75;0;2316,47;EUR;C03-Lucía
F2025-001801;1;07/11/2025;CLI0280;S01;70,87;93,77;0;6645,48;EUR;C05-Rocío
F2025-001802;1;24/10/2025;CLI0201;S11;5,65;25,31;0;143,00;EUR;C05-Rocío
F2025-001802;2;24/10/2025;CLI0201;S02;563,73;6,71;0;3782,63;EUR;C02-Javier
F2025-001802;3;24/10/2025;CLI0201;S13;1,00;666,55;5;633,22;EUR;C03-Lucía
F2025-001803;1;26/02/2025;CLI0122;S13;1,00;682,81;5;648,67;EUR;C05-Rocío
F2025-001804;1;11/04/2025;CLI0051;S06;1947,12;1,10;0;2141,83;EUR;C04-Andrés
F2025-001804;2;11/04/2025;CLI0051;S05;353,56;3,27;0;1156,14;EUR;C02-Javier
F2025-001805;1;09/09/2025;CLI0031;S11;88,63;25,57;5;2152,96;EUR;C05-Rocío
F2025-001805;2;09/09/2025;CLI0031;S15;3,00;84,47;0;253,41;EUR;C04-Andrés
F2025-001805;3;09/09/2025;CLI0031;S15;2,00;84,82;0;169,64;EUR;C05-Rocío
F2025-001805;4;09/09/2025;CLI0031;S02;747,45;6,94;0;5187,30;EUR;C03-Lucía
F2025-001806;1;20/04/2025;CLI0101;S10;112,11;9,94;5;1058,20;USD;C02-Javier
F2025-001807;1;18/02/2025;CLI0095;S09;205,28;41,17;0;8451,38;EUR;C02-Javier
F2025-001807;2;18/02/2025;CLI0095;S09;105,97;44,36;15;3995,70;EUR;C01-Marta
F2025-001807;3;18/02/2025;CLI0095;S09;235,64;42,56;0;10028,84;EUR;C01-Marta
F2025-001807;4;18/02/2025;CLI0095;S09;71,65;42,41;0;3038,68;EUR;C02-Javier
F2025-001808;1;25/10/2025;CLI0114;S09;178,43;44,38;0;7918,72;EUR;C03-Lucía
F2025-001808;2;25/10/2025;CLI0114;S09;69,09;43,81;5;2875,49;EUR;C03-Lucía
F2025-001809;1;07/10/2025;CLI0275;S14;10,00;222,31;0;2223,10;EUR;C05-Rocío
F2025-001809;2;07/10/2025;CLI0275;S15;2,00;85,90;5;;EUR;C03-Lucía
F2025-001810;1;15/03/2025;CLI0159;S03;20,47;40,92;5;795,75;EUR;C02-Javier
F2025-001811;1;24/07/2025;CLI0005;S09;165,46;41,37;5;6502,83;EUR;C01-Marta
F2025-001811;2;24/07/2025;CLI0005;S09;44,26;44,44;0;1966,91;EUR;C01-Marta
F2025-001811;3;24/07/2025;CLI0005;S09;102,18;43,25;0;4419,28;EUR;C05-Rocío
F2025-001811;4;24/07/2025;CLI0005;S09;54,26;42,95;0;2330,47;EUR;C02-Javier
F2025-001812;1;24/10/2025;CLI0236;S05;159,14;3,34;0;531,53;EUR;C01-Marta
F2025-001813;1;11/12/2025;CLI0024;S05;2286,33;3,16;0;7224,80;EUR;C05-Rocío
F2025-001813;2;11/12/2025;CLI0024;S05;2486,57;3,20;0;7957,02;EUR;C04-Andrés
F2025-001814;1;05/05/2025;CLI0272;S09;60,70;44,26;0;2686,58;EUR;C05-Rocío
F2025-001814;2;05/05/2025;CLI0272;S09;114,03;41,73;5;4520,55;EUR;C03-Lucía
F2025-001814;3;05/05/2025;CLI0272;S09;35,50;42,97;0;1525,43;EUR;C03-Lucía
F2025-001815;1;02/10/2025;CLI0158;S09;161,77;42,29;0;6841,25;EUR;C03-Lucía
F2025-001815;2;02/10/2025;CLI0158;S09;106,57;45,20;15;4094,42;EUR;C02-Javier
F2025-001815;3;02/10/2025;CLI0158;S09;137,89;43,41;0;5985,80;EUR;C01-Marta
F2025-001815;4;02/10/2025;CLI0158;S14;9,00;212,72;0;1914,48;EUR;C02-Javier
F2025-001816;1;06/08/2025;CLI0178;S10;95,36;8,59;5;778,19;EUR;C05-Rocío
F2025-001817;1;21/01/2025;CLI0211;S05;94,74;3,17;5;285,31;EUR;C02-Javier
F2025-001817;2;21/01/2025;CLI0211;S06;249,31;1,17;0;291,69;EUR;C05-Rocío
F2025-001817;3;21/01/2025;CLI0211;S06;2412,32;1,16;0;2798,29;EUR;C02-Javier
F2025-001818;1;03/12/2025;CLI0029;S07;83,68;1,66;10;125,02;EUR;C03-Lucía
F2025-001819;1;01/08/2025;CLI0207;S14;14,00;213,03;5;2833,30;EUR;C02-Javier
F2025-001820;1;22/03/2025;CLI0207;S13;1,00;694,88;0;694,88;EUR;C05-Rocío
F2025-001820;2;22/03/2025;CLI0207;S10;415,38;8,98;0;3730,11;EUR;C05-Rocío
F2025-001820;3;22/03/2025;CLI0207;S10;314,43;8,50;5;2539,02;EUR;C02-Javier
F2025-001821;1;20/12/2025;CLI0024;S13;1,00;701,03;0;701,03;EUR;C01-Marta
F2025-001821;2;20/12/2025;CLI0024;S05;123,29;3,19;0;393,30;EUR;C03-Lucía
F2025-001822;1;28/02/2025;CLI0023;S10;1029,47;8,34;5;8156,49;EUR;C01-Marta
F2025-001822;2;28/02/2025;CLI0023;S13;1,00;639,79;0;639,79;EUR;C04-Andrés
F2025-001822;3;28/02/2025;CLI0023;S15;4,00;85,72;5;325,74;EUR;C02-Javier
F2025-001822;4;28/02/2025;CLI0023;S10;331,26;8,36;5;2630,87;EUR;C04-Andrés
F2025-001823;1;03/01/2025;CLI0205;S14;14,00;226,79;5;3016,31;EUR;C02-Javier
F2025-001823;2;03/01/2025;CLI0205;S05;608,33;3,14;0;1910,16;EUR;C05-Rocío
F2025-001824;1;09/01/2025;CLI0103;S13;1,00;639,02;0;639,02;EUR;C03-Lucía
F2025-001824;2;09/01/2025;CLI0103;S08;1679,20;2,43;0;4080,46;EUR;C01-Marta
F2025-001824;3;09/01/2025;CLI0103;S07;116,75;1,64;0;191,47;EUR;C03-Lucía
F2025-001825;1;10/05/2025;CLI0153;S03;9,75;40,28;5;373,09;EUR;C02-Javier
F2025-001825;2;10/05/2025;CLI0153;S13;1,00;679,36;0;679,36;EUR;C02-Javier
F2025-001825;3;10/05/2025;CLI0153;S12;4,00;127,85;0;511,40;EUR;C05-Rocío
F2025-001826;1;03/09/2025;CLI0207;S14;16,00;221,97;0;3551,52;EUR;C02-Javier
F2025-001826;2;03/09/2025;CLI0207;S10;425,13;8,58;5;3465,23;EUR;C02-Javier
F2025-001827;1;28/03/2025;CLI0371;S10;391,46;8,67;0;3393,96;EUR;C02-Javier
F2025-001828;1;27/05/2025;CLI0242;S14;13,00;216,43;0;2813,59;EUR;C03-Lucía
F2025-001828;2;27/05/2025;CLI0242;S12;2,00;125,45;0;250,90;EUR;C04-Andrés
F2025-001828;3;27/05/2025;CLI0242;S12;1,00;127,16;0;127,16;EUR;C05-Rocío
F2025-001829;1;20/03/2025;CLI0095;S09;199,26;43,96;0;8759,47;EUR;C02-Javier
F2025-001829;2;20/03/2025;CLI0095;S09;95,97;43,51;5;3966,87;EUR;C05-Rocío
F2025-001829;3;20/03/2025;CLI0095;S09;111,16;42,82;15;4045,89;EUR;C05-Rocío
F2025-001829;4;20/03/2025;CLI0095;S09;53,75;41,44;0;2227,40;EUR;C04-Andrés
F2025-001830;1;15/02/2025;CLI0024;S05;289,74;3,28;0;950,35;EUR;C01-Marta
F2025-001830;1;15/02/2025;CLI0024;S05;289,74;3,28;0;950,35;EUR;C01-Marta
F2025-001830;2;15/02/2025;CLI0024;S13;1,00;685,23;0;685,23;EUR;C03-Lucía
F2025-001830;3;15/02/2025;CLI0024;S14;2,00;211,72;0;423,44;EUR;C03-Lucía
F2025-001830;4;15/02/2025;CLI0024;S05;1047,72;3,19;0;3342,23;EUR;C03-Lucía
F2025-001831;1;01/05/2025;CLI0046;S05;603,02;3,14;0;;EUR;C02-Javier
F2025-001832;1;25/02/2025;CLI0222;S13;1,00;655,71;5;622,92;EUR;C05-Rocío
F2025-001832;2;25/02/2025;CLI0222;S02;1882,00;6,46;5;11549,83;EUR;C05-Rocío
F2025-001832;3;25/02/2025;CLI0222;S14;10,00;215,33;0;2153,30;EUR;C03-Lucía
F2025-001833;1;01/12/2025;CLI0238;S03;16,33;37,43;10;550,11;EUR;C03-Lucía
F2025-001833;2;01/12/2025;CLI0238;S04;361,62;15,02;0;5431,53;EUR;C02-Javier
F2025-001834;1;12/06/2025;CLI0044;S07;47,37;1,71;5;76,95;EUR;C05-Rocío
F2025-001834;2;12/06/2025;CLI0044;S13;1,00;679,60;5;645,62;EUR;C02-Javier
F2025-001834;3;12/06/2025;CLI0044;S08;347,59;2,58;5;851,94;EUR;C02-Javier
F2025-001834;4;12/06/2025;CLI0044;S08;1087,45;2,55;5;2634,35;EUR;C04-Andrés
F2025-001835;1;02/07/2025;CLI0288;S14;14,00;209,48;0;2932,72;EUR;C03-Lucía
F2025-001835;2;02/07/2025;CLI0288;S06;624,36;1,12;0;699,28;EUR;C03-Lucía
F2025-001836;1;23/02/2025;CLI0238;S04;192,74;14,40;5;2636,68;EUR;C04-Andrés
F2025-001836;2;23/02/2025;CLI0238;S14;6,00;221,62;5;1263,23;EUR;C05-Rocío
F2025-001836;3;23/02/2025;CLI0238;S14;6,00;209,30;15;1067,43;EUR;C02-Javier
F2025-001837;1;17/09/2025;CLI0113;S09;235,27;41,96;5;9378,33;EUR;C02-Javier
F2025-001838;1;27/05/2025;CLI0225;S06;5367,96;1,14;0;6119,47;EUR;C02-Javier
F2025-001838;2;27/05/2025;CLI0225;S06;1015,17;1,17;0;1187,75;EUR;C03-Lucía
F2025-001839;1;17/02/2025;CLI0204;S13;1,00;668,40;0;668,40;EUR;C04-Andrés
F2025-001839;2;17/02/2025;CLI0204;S10;781,24;9,00;0;7031,16;EUR;C01-Marta
F2025-001840;1;25/01/2025;CLI0071;S02;213,87;6,42;0;1373,05;EUR;C05-Rocío
F2025-001840;2;25/01/2025;CLI0071;S01;71,52;95,35;0;6819,43;EUR;C05-Rocío
F2025-001841;1;18/07/2025;CLI0024;S05;1261,70;3,27;0;4125,76;EUR;C03-Lucía
F2025-001841;2;18/07/2025;CLI0024;S06;3553,77;1,14;0;4051,30;EUR;C04-Andrés
F2025-001841;3;18/07/2025;cli0024;S05;843,17;3,26;5;2611,30;EUR;C05-Rocío
F2025-001842;1;23/05/2025;CLI0272;S09;291,13;42,31;0;12317,71;EUR;C01-Marta
F2025-001842;2;23/05/2025;CLI0272;S09;744,59;41,36;0;30796,24;EUR;C04-Andrés
F2025-001843;1;28/12/2025;CLI0158;S15;3,00;85,48;10;230,80;EUR;C05-Rocío
F2025-001843;2;28/12/2025;CLI0158;S09;133,70;45,41;5;5767,75;EUR;C05-Rocío
F2025-001843;3;28/12/2025;CLI0158;S13;1,00;682,99;5;648,84;EUR;C02-Javier
F2025-001844;1;14/01/2025;CLI0219;S05;192,91;3,15;10;546,90;EUR;C05-Rocío
F2025-001844;2;14/01/2025;CLI0219;S06;3845,05;1,18;0;4537,16;EUR;C04-Andrés
F2025-001845;1;09/05/2025;CLI0237;S09;43,87;42,61;0;1869,30;EUR;C04-Andrés
F2025-001845;2;09/05/2025;CLI0237;S09;304,63;43,61;5;12620,67;EUR;C02-Javier
F2025-001845;3;09/05/2025;CLI0237;S09;147,87;42,95;0;6351,02;EUR;C05-Rocío
F2025-001846;1;12/07/2025;CLI0393;S02;331,66;6,90;0;2288,45;EUR;C05-Rocío
F2025-001846;2;12/07/2025;CLI0393;S01;56,75;94,51;0;5363,44;EUR;C01-Marta
F2025-001847;1;18/03/2025;CLI0184;S02;151,77;6,70;5;966,02;EUR;C01-Marta
F2025-001847;2;18/03/2025;CLI0184;S13;1,00;670,23;0;670,23;EUR;C05-Rocío
F2025-001847;3;18/03/2025;CLI0184;S11;14,68;25,25;0;370,67;EUR;C02-Javier
F2025-001848;1;28/04/2025;CLI0368;S10;2780,91;9,01;5;23803,20;EUR;C05-Rocío
F2025-001848;2;28/04/2025;CLI0368;S13;1,00;683,34;0;683,34;EUR;C01-Marta
F2025-001848;3;28/04/2025;CLI0368;S10;125,97;8,70;0;1095,94;EUR;C05-Rocío
F2025-001848;4;28/04/2025;CLI0368;S10;412,68;8,63;0;3561,43;EUR;C01-Marta
F2025-001849;1;23/08/2025;CLI0095;S09;268,72;44,80;10;10834,79;EUR;C04-Andrés
F2025-001850;1;19/02/2025;CLI0087;S10;196,63;8,72;5;1628,88;EUR;C04-Andrés
F2025-001850;2;19/02/2025;CLI0087;S10;645,77;8,37;0;5405,09;EUR;C03-Lucía
F2025-001850;3;19/02/2025;CLI0087;S10;117,30;10,11;5;1126,85;USD;C03-Lucía
F2025-001850;4;19/02/2025;CLI0087;S10;139,57;10,03;0;1399,70;USD;C04-Andrés
F2025-001851;1;24/07/2025;CLI0030;S01;83,98;98,40;0;8263,63;EUR;C05-Rocío
F2025-001852;1;19/07/2025;CLI0094;S08;4413,22;2,36;5;9894,44;EUR;C01-Marta
F2025-001853;1;01/12/2025;CLI0090;S01;259,01;96,46;0;24984,10;EUR;C05-Rocío
F2025-001853;2;01/12/2025;CLI0090;S01;51,40;95,74;0;4921,04;EUR;C02-Javier
F2025-001854;1;11/09/2025;CLI0094;S07;1342,34;1,67;0;2241,71;EUR;C02-Javier
F2025-001854;2;11/09/2025;CLI0094;S08;418,74;2,36;5;938,82;EUR;C04-Andrés
F2025-001855;1;20/12/2025;CLI0292;S06;1667,74;1,15;0;1917,90;EUR;C05-Rocío
F2025-001855;2;20/12/2025;CLI0292;S14;14,00;212,80;5;2830,24;EUR;C05-Rocío
F2025-001856;1;24/05/2025;CLI0194;S02;144,91;7,52;0;1089,89;USD;C03-Lucía
F2025-001856;2;24/05/2025;CLI0194;S01;228,81;113,58;0;25988,55;USD;C03-Lucía
F2025-001857;1;28/03/2025;CLI0320;S08;829,65;2,48;5;1954,66;EUR;C04-Andrés
F2025-001858;1;13/08/2025;CLI0237;S09;157,98;44,04;15;5913,82;EUR;C04-Andrés
F2025-001859;1;19/07/2025;CLI0207;S10;135,29;8,94;0;1209,49;EUR;C02-Javier
F2025-001859;2;19/07/2025;CLI0207;S10;159,42;8,73;0;1391,74;EUR;C01-Marta
F2025-001859;3;19/07/2025;CLI0207;S10;419,62;9,09;0;3814,35;EUR;C02-Javier
F2025-001860;1;22/03/2025;CLI0027;S06;577,86;1,13;0;652,98;EUR;C05-Rocío
F2025-001860;2;22/03/2025;CLI0027;S06;1319,35;1,13;0;1490,87;EUR;C01-Marta
F2025-001860;3;22/03/2025;CLI0027;S06;807,68;1,13;0;912,68;EUR;C04-Andrés
F2025-001860;3;22/03/2025;CLI0027;S06;807,68;1,13;0;912,68;EUR;C04-Andrés
F2025-001860;4;22/03/2025;CLI0027;S06;1538,68;1,13;0;1738,71;EUR;C04-Andrés
F2025-001861;1;15/02/2025;CLI0207;S10;287,97;8,97;0;2583,09;EUR;C05-Rocío
F2025-001861;2;15/02/2025;CLI0207;S13;1,00;693,21;0;693,21;EUR;C01-Marta
F2025-001862;1;02/09/2025;CLI0225;S06;916,21;1,08;0;989,51;EUR;C04-Andrés
F2025-001862;2;02/09/2025;CLI0225;S13;1,00;670,09;5;636,59;EUR;C04-Andrés
F2025-001863;1;26/04/2025;CLI0370;S06;1316,91;1,09;10;1291,89;EUR;C02-Javier
F2025-001863;2;26/04/2025;CLI0370;S06;990,81;1,08;0;1070,07;EUR;C04-Andrés
F2025-001863;3;26/04/2025;CLI0370;S05;688,66;3,38;15;1978,52;EUR;C02-Javier
F2025-001864;1;20/06/2025;CLI0087;S13;1,00;675,62;0;675,62;EUR;C05-Rocío
F2025-001865;1;24/11/2025;CLI0070;S15;4,00;86,60;0;346,40;EUR;C03-Lucía
F2025-001866;1;10/11/2025;CLI0277;S14;13,00;230,69;0;2998,93;USD;C01-Marta
F2025-001867;1;01/02/2025;CLI0215;S08;984,21;2,51;0;2470,37;EUR;C02-Javier
F2025-001867;2;01/02/2025;CLI0215;S08;313,95;2,47;0;775,46;EUR;C05-Rocío
F2025-001867;3;01/02/2025;CLI0215;S08;1612,33;2,42;0;3901,84;EUR;C05-Rocío
F2025-001867;4;01/02/2025;CLI0215;S08;1189,94;2,41;5;2724,37;EUR;C05-Rocío
F2025-001868;1;11/01/2025;CLI0126;S10;644,35;8,96;0;5773,38;EUR;C02-Javier
F2025-001868;2;11/01/2025;CLI0126;S10;1208,56;8,95;0;10816,61;EUR;C05-Rocío
F2025-001868;3;11/01/2025;CLI0126;S10;49,48;8,89;0;439,88;EUR;C03-Lucía
F2025-001869;1;10/02/2025;CLI0095;S09;139,67;44,30;0;6187,38;EUR;C02-Javier
F2025-001869;2;10/02/2025;CLI0095;S09;120,54;44,18;10;4792,91;EUR;C05-Rocío
F2025-001869;3;10/02/2025;CLI0095;S09;190,87;43,67;0;8335,29;EUR;C05-Rocío
F2025-001869;4;10/02/2025;CLI0095;S09;64,20;43,14;0;2769,59;EUR;C02-Javier
F2025-001870;1;2025-03-12;CLI0040;S07;1192,25;1,60;0;1907,60;EUR;C03-Lucía
F2025-001870;2;12/03/2025;CLI0040;S14;15,00;214,07;0;3211,05;EUR;C04-Andrés
F2025-001870;3;12/03/2025;CLI0040;S07;438,18;1,62;0;709,85;EUR;C02-Javier
F2025-001871;1;04/07/2025;CLI0087;S14;11,00;212,56;0;2338,16;EUR;C01-Marta
F2025-001871;2;04/07/2025;CLI0087;S13;1,00;653,59;0;653,59;EUR;C01-Marta
F2025-001872;1;28/09/2025;CLI0380;S05;1941,34;3,23;0;6270,53;EUR;C02-Javier
F2025-001873;1;28/01/2025;CLI0316;S09;69,67;41,79;0;2911,51;EUR;C01-Marta
F2025-001873;2;28/01/2025;CLI0316;S09;411,25;43,65;0;17951,06;EUR;C05-Rocío
F2025-001873;3;28/01/2025;CLI0316;S15;2,00;90,26;0;180,52;EUR;C01-Marta
F2025-001874;1;07/12/2025;CLI0113;S15;2,00;89,80;10;161,64;EUR;C02-Javier
F2025-001874;2;07/12/2025;CLI0113;S09;263,31;43,38;0;11422,39;EUR;C02-Javier
F2025-001874;3;07/12/2025;CLI0113;S09;59,57;42,77;15;2165,64;EUR;C03-Lucía
F2025-001875;1;04/01/2025;CLI0201;S01;106,48;93,27;0;9931,39;EUR;C02-Javier
F2025-001875;2;04/01/2025;CLI0201;S02;765,44;6,55;10;4512,27;EUR;C05-Rocío
F2025-001875;3;04/01/2025;CLI0201;S01;18,64;100,22;0;1868,10;EUR;C04-Andrés
F2025-001876;1;27/05/2025;CLI0153;S13;1,00;689,46;5;654,99;EUR;C04-Andrés
F2025-001876;2;27/05/2025;CLI0153;S14;10,00;210,19;0;2101,90;EUR;C02-Javier
F2025-001876;3;27/05/2025;CLI0153;S04;150,13;14,45;0;2169,38;EUR;C03-Lucía
F2025-001877;1;21/11/2025;CLI0078;S10;1203,60;8,73;0;10507,43;EUR;C02-Javier
F2025-001877;2;21/11/2025;CLI0078;S10;508,80;8,87;0;4513,06;EUR;C01-Marta
F2025-001878;1;13/07/2025;CLI0044;S08;4318,91;2,39;0;10322,19;EUR;C03-Lucía
F2025-001878;2;13/07/2025;CLI0044;S08;4058,92;2,55;0;10350,25;EUR;C03-Lucía
F2025-001878;3;13/07/2025;CLI0044;S08;773,54;2,48;0;1918,38;EUR;C02-Javier
F2025-001879;1;10/10/2025;CLI0041;S10;71,20;8,90;0;633,68;EUR;C05-Rocío
F2025-001879;2;10/10/2025;CLI0041;S10;2689,91;8,77;0;23590,51;EUR;C05-Rocío
F2025-001879;3;10/10/2025;CLI0041;S10;614,49;8,72;0;5358,35;EUR;C04-Andrés
F2025-001879;4;10/10/2025;CLI0041;S10;380,49;8,73;0;3321,68;EUR;C05-Rocío
F2025-001880;1;05/09/2025;CLI0048;S10;217,40;8,53;5;1761,70;EUR;C03-Lucía
F2025-001881;1;14/01/2025;CLI0100;S13;1,00;697,92;5;663,02;EUR;C03-Lucía
F2025-001881;2;14/01/2025;CLI0100;S07;778,81;1,58;0;1230,52;EUR;C01-Marta
F2025-001881;3;14/01/2025;CLI0100;S07;15,25;1,71;0;26,08;EUR;C04-Andrés
F2025-001882;1;19/10/2025;CLI0237;S09;48,76;41,64;5;1928,85;EUR;C03-Lucía
F2025-001882;2;19/10/2025;CLI0237;S14;12,00;218,90;0;2626,80;EUR;C02-Javier
F2025-001882;3;19/10/2025;CLI0237;S09;120,95;42,31;0;5117,39;EUR;C05-Rocío
F2025-001882;4;19/10/2025;CLI0237;S14;9,00;213,98;10;1733,24;EUR;C03-Lucía
F2025-001883;1;22/07/2025;CLI0154;S10;3870,30;8,94;5;32870,46;EUR;C01-Marta
F2025-001883;2;22/07/2025;CLI0154;S10;730,26;8,93;5;6195,16;EUR;C05-Rocío
F2025-001883;3;22/07/2025;CLI0154;S10;73,90;8,54;5;599,55;EUR;C02-Javier
F2025-001884;1;2025-08-10;CLI0031;S11;17,65;24,93;0;440,01;EUR;C02-Javier
F2025-001885;1;17/05/2025;CLI0008;S01;48,40;98,14;0;4749,98;EUR;C01-Marta
F2025-001885;2;17/05/2025;CLI0008;S01;144,17;93,22;0;13439,53;EUR;C03-Lucía
F2025-001885;3;17/05/2025;CLI0008;S01;76,51;97,87;0;7488,03;EUR;C05-Rocío
F2025-001885;4;17/05/2025;CLI0008;S02;166,04;6,94;0;1152,32;EUR;C03-Lucía
F2025-001886;1;10/09/2025;CLI0094;S07;57,60;1,71;0;98,50;EUR;C02-Javier
F2025-001887;1;2025-04-27;CLI0212;S03;10,69;37,61;0;402,05;EUR;C01-Marta
F2025-001887;2;27/04/2025;CLI0212;S12;4,00;120,33;0;481,32;EUR;C03-Lucía
F2025-001887;3;27/04/2025;CLI0212;S03;29,40;39,29;0;1155,13;EUR;C05-Rocío
F2025-001887;4;27/04/2025;CLI0212;S15;1,00;86,94;5;82,59;EUR;C01-Marta
F2025-001888;1;03/02/2025;CLI0158;S09;261,12;43,71;10;10272,20;EUR;C02-Javier
F2025-001888;2;03/02/2025;CLI0158;S15;3,00;90,58;10;244,57;EUR;C03-Lucía
F2025-001888;3;03/02/2025;CLI0158;S09;115,36;44,16;0;5094,30;EUR;C01-Marta
F2025-001888;4;03/02/2025;CLI0158;S09;66,46;41,42;10;2477,50;EUR;C03-Lucía
F2025-001889;1;14/03/2025;CLI0370;S15;4,00;85,16;0;340,64;EUR;C05-Rocío
F2025-001889;2;14/03/2025;CLI0370;S15;3,00;88,60;15;225,93;EUR;C02-Javier
F2025-001889;3;14/03/2025;CLI0370;S05;28,43;3,34;0;94,96;EUR;C03-Lucía
F2025-001889;4;14/03/2025;CLI0370;S05;585,05;3,43;15;1705,71;EUR;C01-Marta
F2025-001890;1;08/11/2025;CLI0044;S14;4,00;210,98;0;843,92;EUR;C05-Rocío
F2025-001891;1;14/02/2025;CLI0179;S05;388,53;3,21;0;1247,18;EUR;C05-Rocío
F2025-001891;2;14/02/2025;CLI0179;S06;884,99;1,18;5;992,07;EUR;C03-Lucía
F2025-001891;3;14/02/2025;CLI0179;S15;3,00;89,90;5;256,22;EUR;C03-Lucía
F2025-001891;4;14/02/2025;CLI0179;S06;1861,30;1,16;0;2159,11;EUR;C01-Marta
F2025-001892;1;05/09/2025;CLI0194;S01;213,85;102,37;5;20798,08;USD;C05-Rocío
F2025-001892;2;05/09/2025;CLI0194;S01;264,82;102,72;0;27202,31;EUR;C02-Javier
F2025-001893;1;08/09/2025;CLI0207;S10;499,43;8,56;0;4275,12;EUR;C04-Andrés
F2025-001893;2;08/09/2025;CLI0207;S10;555,65;9,05;0;5028,63;EUR;C02-Javier
F2025-001893;3;08/09/2025;CLI0207;S14;7,00;223,69;0;1565,83;EUR;C01-Marta
F2025-001894;1;03/07/2025;CLI0158;S09;391,15;44,44;0;17382,71;EUR;C01-Marta
F2025-001894;2;03/07/2025;CLI0158;S09;33,00;45,09;5;1413,57;EUR;C03-Lucía
F2025-001894;3;03/07/2025;CLI0158;S09;122,02;42,66;0;5205,37;EUR;C01-Marta
F2025-001894;4;03/07/2025;CLI0158;S09;136,59;41,46;10;;EUR;C01-Marta
F2025-001895;1;16/10/2025;cli0175;S10;118,69;8,59;0;1019,55;EUR;C03-Lucía
F2025-001895;2;16/10/2025;CLI0175;S10;567,79;8,40;5;4530,96;EUR;C04-Andrés
F2025-001895;3;16/10/2025;CLI0175;S10;177,72;8,89;0;1579,93;EUR;C02-Javier
F2025-001896;1;20/02/2025;CLI0033;S10;1873,45;8,85;0;16580,03;EUR;C01-Marta
F2025-001897;1;20/10/2025;CLI0158;S09;229,73;42,12;0;9676,23;EUR;C02-Javier
F2025-001897;2;20/10/2025;CLI0158;S09;73,71;44,54;10;2954,74;EUR;C04-Andrés
F2025-001898;1;10/07/2025;CLI0101;S10;110,63;10,13;10;1008,62;USD;C02-Javier
F2025-001898;2;10/07/2025;CLI0101;S14;6,00;254,28;10;1373,13;USD;C02-Javier
F2025-001898;3;10/07/2025;CLI0101;S10;369,73;10,02;5;3518,39;USD;C04-Andrés
F2025-001898;4;10/07/2025;CLI0101;S13;1,00;758,91;0;758,91;USD;C04-Andrés
F2025-001899;1;27/09/2025;cli0207;S14;2,00;219,67;0;439,34;EUR;C04-Andrés
F2025-001899;2;27/09/2025;CLI0207;S10;128,07;8,82;0;1129,58;EUR;C01-Marta
F2025-001900;1;04/03/2025;CLI0299;S14;2,00;208,42;0;416,84;EUR;C03-Lucía
F2025-001900;2;04/03/2025;CLI0299;S14;9,00;214,44;5;1833,46;EUR;C01-Marta
F2025-001900;3;04/03/2025;CLI0299;S07;279,00;1,57;0;438,03;EUR;C03-Lucía
F2025-001901;1;22/04/2025;CLI0356;S10;52,83;8,34;0;440,60;EUR;C01-Marta
F2025-001901;2;22/04/2025;CLI0356;S10;410,39;9,10;0;3734,55;EUR;C04-Andrés
F2025-001902;1;24/10/2025;CLI0032;S08;5554,28;2,56;0;14218,96;EUR;C01-Marta
F2025-001902;2;24/10/2025;CLI0032;S14;11,00;214,63;0;2360,93;EUR;C02-Javier
F2025-001902;3;24/10/2025;CLI0032;S07;242,72;1,64;5;378,16;EUR;C04-Andrés
F2025-001903;1;18/05/2025;CLI0306;S15;3,00;91,77;10;247,78;EUR;C05-Rocío
F2025-001903;2;18/05/2025;CLI0306;S01;34,43;97,91;0;3371,04;EUR;C02-Javier
F2025-001904;1;25/04/2025;CLI0370;S05;146,50;3,15;0;461,47;EUR;C05-Rocío
F2025-001905;1;09/03/2025;CLI0115;S01;308,04;95,43;10;26456,63;EUR;C02-Javier
F2025-001905;2;09/03/2025;CLI0115;S02;121,07;6,45;0;780,90;EUR;C04-Andrés
F2025-001905;3;09/03/2025;CLI0115;S01;218,95;93,56;0;20484,96;EUR;C01-Marta
F2025-001905;4;09/03/2025;CLI0115;S02;563,97;6,57;5;3520,02;EUR;C03-Lucía
F2025-001906;1;21/12/2025;CLI0145;S10;374,68;8,91;5;3171,48;EUR;C01-Marta
F2025-001906;2;21/12/2025;CLI0145;S10;300,59;8,57;0;2576,06;EUR;C05-Rocío
F2025-001906;3;21/12/2025;cli0145;S14;7,00;219,68;5;1460,87;EUR;C02-Javier
F2025-001907;1;27/10/2025;CLI0395;S02;463,31;6,72;10;2802,10;EUR;C05-Rocío
F2025-001908;1;03/06/2025;CLI0095;S09;48,87;41,45;10;1823,10;EUR;C04-Andrés
F2025-001908;2;03/06/2025;CLI0095;S09;177,54;43,74;5;7377,32;EUR;C01-Marta
F2025-001908;3;03/06/2025;CLI0095;S09;66,04;45,18;0;2983,69;EUR;C04-Andrés
F2025-001909;1;20/11/2025;CLI0090;S02;2405,21;6,97;5;15926,10;EUR;C05-Rocío
F2025-001909;2;20/11/2025;CLI0090;S01;57,30;100,29;5;5459,29;EUR;C04-Andrés
F2025-001909;3;20/11/2025;CLI0090;S11;47,40;26,85;0;1272,69;EUR;C02-Javier
F2025-001910;1;10/04/2025;CLI0158;S13;1,00;701,71;0;701,71;EUR;C03-Lucía
F2025-001910;2;10/04/2025;CLI0158;S09;271,59;45,14;5;11646,59;EUR;C03-Lucía
F2025-001910;3;10/04/2025;CLI0158;S09;154,46;42,84;0;6617,07;EUR;C03-Lucía
F2025-001911;1;14/03/2025;CLI0247;S10;678,16;8,85;15;5101,46;EUR;C05-Rocío
F2025-001912;1;03/03/2025;CLI0152;S01;209,74;97,18;0;20382,53;EUR;C02-Javier
F2025-001912;2;03/03/2025;CLI0152;S14;4,00;216,94;5;824,37;EUR;C01-Marta
F2025-001913;1;23/02/2025;CLI0189;S04;286,01;15,06;5;4091,95;EUR;C03-Lucía
F2025-001913;2;23/02/2025;CLI0189;S03;40,14;37,61;0;1509,67;EUR;C04-Andrés
F2025-001913;3;23/02/2025;CLI0189;S04;421,04;14,31;0;6025,08;EUR;C03-Lucía
F2025-001914;1;05/11/2025;CLI0207;S10;359,22;8,62;5;2941,65;EUR;C01-Marta
F2025-001914;2;05/11/2025;CLI0207;S10;1171,33;8,33;5;9269,32;EUR;C01-Marta
F2025-001914;3;05/11/2025;CLI0207;S10;68,39;8,80;0;;EUR;C05-Rocío
F2025-001915;1;01/05/2025;CLI0027;S14;16,00;214,77;0;3436,32;EUR;C05-Rocío
F2025-001915;2;01/05/2025;CLI0027;S15;3,00;88,57;0;265,71;EUR;C01-Marta
F2025-001916;1;23/03/2025;CLI0213;S10;952,67;8,95;0;8526,40;EUR;C02-Javier
F2025-001916;2;23/03/2025;CLI0213;S15;4,00;84,53;0;338,12;EUR;C04-Andrés
F2025-001916;3;23/03/2025;CLI0213;S10;182,09;8,60;0;1565,97;EUR;C05-Rocío
F2025-001916;4;23/03/2025;CLI0213;S10;1218,49;8,34;0;10162,21;EUR;C03-Lucía
F2025-001917;1;12/05/2025;CLI0211;S06;1660,53;1,13;5;1782,58;EUR;C04-Andrés
F2025-001918;1;27/08/2025;CLI0298;S11;24,70;26,00;0;642,20;EUR;C01-Marta
F2025-001919;1;20/05/2025;CLI0320;S08;2818,52;2,58;0;7271,78;EUR;C05-Rocío
F2025-001919;2;20/05/2025;CLI0320;S15;1,00;91,49;0;91,49;EUR;C02-Javier
F2025-001920;1;20/08/2025;CLI0215;S08;563,52;2,37;0;1335,54;EUR;C05-Rocío
F2025-001920;2;20/08/2025;CLI0215;S08;5484,85;2,54;5;13234,94;EUR;C01-Marta
F2025-001921;1;19/09/2025;CLI0024;S05;1233,96;3,37;0;4158,45;EUR;C04-Andrés
F2025-001922;1;21/01/2025;CLI0061;S15;1,00;86,37;0;86,37;EUR;C02-Javier
F2025-001922;2;21/01/2025;CLI0061;S02;406,96;6,61;5;2555,51;EUR;C03-Lucía
F2025-001923;1;05/06/2025;CLI0311;S07;1921,37;1,71;0;3285,54;EUR;C04-Andrés
F2025-001923;2;05/06/2025;CLI0311;S08;4150,68;2,53;0;10501,22;EUR;C03-Lucía
F2025-001923;3;05/06/2025;CLI0311;S14;10,00;218,84;5;2078,98;EUR;C01-Marta
F2025-001924;1;12/10/2025;CLI0078;S10;119,49;9,17;0;1095,72;EUR;C04-Andrés
F2025-001924;2;12/10/2025;CLI0078;S14;14,00;214,83;5;2857,24;EUR;C04-Andrés
F2025-001924;3;12/10/2025;CLI0078;S13;1,00;652,50;5;619,88;EUR;C05-Rocío
F2025-001925;1;02/02/2025;CLI0370;S05;165,02;3,45;5;540,85;EUR;C04-Andrés
F2025-001925;2;02/02/2025;CLI0370;S06;3073,13;1,09;0;3349,71;EUR;C04-Andrés
F2025-001926;1;22/05/2025;CLI0208;S04;130,07;15,13;0;1967,96;EUR;C04-Andrés
F2025-001927;1;03/11/2025;CLI0170;S05;1262,59;3,33;0;4204,42;EUR;C04-Andrés
F2025-001927;2;03/11/2025;CLI0170;S15;3,00;86,11;10;232,50;EUR;C02-Javier
F2025-001928;1;15/06/2025;CLI0380;S05;53,51;3,31;5;168,26;EUR;C03-Lucía
F2025-001928;2;15/06/2025;CLI0380;S06;456,07;1,16;0;529,04;EUR;C05-Rocío
F2025-001928;3;15/06/2025;CLI0380;S15;1,00;90,48;0;90,48;EUR;C01-Marta
F2025-001928;4;15/06/2025;CLI0380;S06;210,18;1,08;0;226,99;EUR;C04-Andrés
F2025-001929;1;22/06/2025;CLI0309;S03;32,98;38,74;0;1277,65;EUR;C04-Andrés
F2025-001929;2;22/06/2025;CLI0309;S03;57,12;40,73;0;2326,50;EUR;C01-Marta
F2025-001929;3;22/06/2025;CLI0309;S04;819,93;15,80;5;12307,27;USD;C01-Marta
F2025-001929;4;22/06/2025;CLI0309;S04;694,84;14,76;5;9743,05;EUR;C03-Lucía
F2025-001930;1;26/05/2025;CLI0253;S07;199,20;1,68;5;317,92;EUR;C02-Javier
F2025-001930;2;26/05/2025;CLI0253;S15;3,00;87,29;0;261,87;EUR;C03-Lucía
F2025-001931;1;25/06/2025;CLI0094;S08;2124,91;2,43;0;5163,53;EUR;C05-Rocío
F2025-001931;2;25/06/2025;CLI0094;S07;444,44;1,59;0;706,66;EUR;C02-Javier
F2025-001931;3;25/06/2025;CLI0094;S15;1,00;86,21;5;81,90;EUR;C05-Rocío
F2025-001931;4;25/06/2025;CLI0094;S08;1196,38;2,54;0;3038,81;EUR;C03-Lucía
F2025-001932;1;18/12/2025;CLI0056;S14;10,00;214,39;0;2143,90;EUR;C03-Lucía
F2025-001932;2;18/12/2025;CLI0056;S13;1,00;649,39;0;649,39;EUR;C02-Javier
F2025-001933;1;20/05/2025;CLI0356;S10;689,38;8,41;0;5797,69;EUR;C05-Rocío
F2025-001934;1;11/12/2025;CLI0400;S05;66,84;3,40;10;204,53;EUR;C02-Javier
F2025-001934;2;11/12/2025;CLI0400;S05;75,92;3,40;0;258,13;EUR;C01-Marta
F2025-001934;3;11/12/2025;CLI0400;S13;1,00;673,65;15;572,60;EUR;C04-Andrés
F2025-001934;4;11/12/2025;CLI0400;S13;1,00;676,67;0;676,67;EUR;C05-Rocío
F2025-001935;1;06/11/2025;CLI0306;S15;4,00;88,78;10;319,61;EUR;C05-Rocío
F2025-001936;1;08/01/2025;CLI0056;S15;4,00;83,99;0;335,96;EUR;C01-Marta
F2025-001937;1;13/05/2025;CLI0136;S11;14,58;25,21;0;367,56;EUR;C05-Rocío
F2025-001938;1;08/03/2025;CLI0094;S08;2221,07;2,39;0;5308,36;EUR;C05-Rocío
F2025-001938;2;08/03/2025;CLI0094;S07;85,54;1,62;0;138,57;EUR;C03-Lucía
F2025-001939;1;09/05/2025;CLI0212;S15;1,00;86,64;0;86,64;EUR;C03-Lucía
F2025-001939;2;09/05/2025;CLI0212;S04;144,48;15,09;0;2180,20;EUR;C02-Javier
F2025-001939;3;09/05/2025;CLI0212;S03;45,31;39,25;0;1778,42;EUR;C02-Javier
F2025-001940;1;16/11/2025;CLI0247;S10;128,51;8,57;15;936,13;EUR;C02-Javier
F2025-001941;1;06/04/2025;CLI0088;S10;299,72;8,57;5;2440,17;EUR;C02-Javier
F2025-001942;1;11/10/2025;CLI0317;S10;109,85;9,06;0;995,24;EUR;C02-Javier
F2025-001942;2;11/10/2025;CLI0317;S15;4,00;88,31;5;335,58;EUR;C02-Javier
F2025-001942;3;11/10/2025;CLI0317;S10;91,62;8,60;15;669,74;EUR;C02-Javier
F2025-001942;4;11/10/2025;CLI0317;S10;212,66;9,01;15;1628,66;EUR;C04-Andrés
F2025-001943;1;26/08/2025;CLI0087;S10;337,03;10,21;0;3440,31;USD;C03-Lucía
F2025-001944;1;08/11/2025;CLI0138;S09;137,06;43,70;0;5989,52;EUR;C01-Marta
F2025-001944;2;08/11/2025;CLI0138;S09;105,01;45,34;5;4523,10;EUR;C04-Andrés
F2025-001944;3;08/11/2025;CLI0138;S09;66,07;43,30;0;2860,83;EUR;C01-Marta
F2025-001945;1;17/10/2025;CLI0356;S14;12,00;215,24;15;2195,45;EUR;C05-Rocío
F2025-001946;1;09/09/2025;CLI0048;S10;244,48;8,65;5;2009,01;EUR;C04-Andrés
F2025-001946;2;09/09/2025;CLI0048;S10;514,05;8,89;0;4569,90;EUR;C04-Andrés
F2025-001946;3;09/09/2025;cli0048;S10;141,80;8,66;0;1227,99;EUR;C01-Marta
F2025-001946;4;09/09/2025;CLI0048;S10;364,47;8,79;0;3203,69;EUR;C01-Marta
F2025-001947;1;02/03/2025;CLI0247;S13;1,00;691,65;5;657,07;EUR;C05-Rocío
F2025-001947;2;02/03/2025;CLI0247;S10;334,01;8,85;0;2955,99;EUR;C03-Lucía
F2025-001947;3;02/03/2025;CLI0247;S10;696,37;8,34;0;5807,73;EUR;C01-Marta
F2025-001947;4;02/03/2025;CLI0247;S13;1,00;663,57;0;663,57;EUR;C01-Marta
F2025-001948;1;06/01/2025;CLI0028;S08;2443,65;2,54;0;6206,87;EUR;C02-Javier
F2025-001948;2;06/01/2025;CLI0028;S07;843,20;1,58;5;1265,64;EUR;C01-Marta
F2025-001948;3;06/01/2025;CLI0028;S13;1,00;695,88;0;695,88;EUR;C02-Javier
F2025-001949;1;28/07/2025;CLI0004;S09;575,28;41,64;0;23954,66;EUR;C04-Andrés
F2025-001949;2;28/07/2025;CLI0004;S09;78,03;41,17;0;3212,50;EUR;C02-Javier
F2025-001949;3;28/07/2025;CLI0004;S09;98,41;44,03;5;4116,34;EUR;C04-Andrés
F2025-001950;1;24/08/2025;CLI0024;S06;684,87;1,14;0;780,75;EUR;C03-Lucía
F2025-001951;1;17/11/2025;CLI0273;S10;934,38;9,10;0;8502,86;EUR;C04-Andrés
F2025-001952;1;25/10/2025;CLI0136;S13;1,00;651,75;0;651,75;EUR;C01-Marta
F2025-001952;2;25/10/2025;CLI0136;S01;150,52;100,55;0;15134,79;EUR;C02-Javier
F2025-001953;1;18/09/2025;CLI0124;S13;1,00;670,15;5;636,64;EUR;C05-Rocío
F2025-001953;2;18/09/2025;CLI0124;S06;3035,09;1,18;5;3402,34;EUR;C05-Rocío
F2025-001954;1;07/09/2025;CLI0291;S13;1,00;642,97;5;610,82;EUR;C01-Marta
F2025-001955;1;02/07/2025;CLI0095;S09;149,69;41,93;0;6276,50;EUR;C05-Rocío
F2025-001955;2;02/07/2025;CLI0095;S14;6,00;206,94;0;1241,64;EUR;C04-Andrés
F2025-001955;3;02/07/2025;CLI0095;S13;1,00;670,51;0;670,51;EUR;C04-Andrés
F2025-001955;4;02/07/2025;CLI0095;S13;1,00;687,98;0;687,98;EUR;C02-Javier
F2025-001956;1;13/07/2025;CLI0094;S13;1,00;643,88;0;643,88;EUR;C04-Andrés
F2025-001956;2;13/07/2025;CLI0094;S15;3,00;89,64;0;268,92;EUR;C01-Marta
F2025-001956;3;13/07/2025;CLI0094;S15;4,00;89,25;5;339,15;EUR;C05-Rocío
F2025-001957;1;13/04/2025;CLI0084;S14;3,00;206,55;0;619,65;EUR;C01-Marta
F2025-001957;2;13/04/2025;CLI0084;S01;61,74;97,41;0;6014,09;EUR;C02-Javier
F2025-001957;3;13/04/2025;CLI0084;S11;28,29;26,06;0;737,24;EUR;C03-Lucía
F2025-001957;4;13/04/2025;CLI0084;S01;84,06;94,12;0;7911,73;EUR;C01-Marta
F2025-001958;1;21/12/2025;CLI0301;S08;814,27;2,50;0;2035,67;EUR;C05-Rocío
F2025-001958;2;21/12/2025;CLI0301;S07;329,04;1,61;0;529,75;EUR;C05-Rocío
F2025-001958;3;21/12/2025;CLI0301;S13;1,00;690,78;0;690,78;EUR;C01-Marta
F2025-001959;1;25/10/2025;CLI0370;S14;14,00;225,41;0;3155,74;EUR;C04-Andrés
F2025-001960;1;20/03/2025;CLI0317;S10;691,11;8,65;15;5081,39;EUR;C03-Lucía
F2025-001960;2;20/03/2025;CLI0317;S10;318,68;8,63;10;2475,19;EUR;C01-Marta
F2025-001960;3;20/03/2025;CLI0317;S14;9,00;212,50;0;1912,50;EUR;C05-Rocío
F2025-001960;4;20/03/2025;CLI0317;S10;54,16;8,41;5;432,71;EUR;C05-Rocío
F2025-001961;1;08/07/2025;CLI0262;S02;605,65;7,36;0;4455,82;USD;C04-Andrés
F2025-001961;2;08/07/2025;CLI0262;S11;39,84;29,86;0;1189,56;USD;C01-Marta
F2025-001962;1;14/03/2025;CLI0051;S06;1040,91;1,13;15;999,79;EUR;C04-Andrés
F2025-001962;2;14/03/2025;CLI0051;S06;2151,74;1,15;0;2474,50;EUR;C01-Marta
F2025-001962;3;14/03/2025;CLI0051;S05;751,56;3,45;10;2333,59;EUR;C02-Javier
F2025-001963;1;15/11/2025;CLI0058;S07;301,08;1,62;0;487,75;EUR;C05-Rocío
F2025-001964;1;09/03/2025;CLI0237;S09;124,15;43,39;0;5386,87;EUR;C01-Marta
F2025-001964;2;09/03/2025;CLI0237;S09;114,78;44,38;15;4329,85;EUR;C04-Andrés
F2025-001964;3;09/03/2025;cli0237;S09;116,32;43,79;0;5093,65;EUR;C04-Andrés
F2025-001964;4;09/03/2025;CLI0237;S09;286,22;41,33;0;11829,47;EUR;C01-Marta
F2025-001965;1;13/01/2025;CLI0370;S06;1199,39;1,14;0;1367,30;EUR;C03-Lucía
F2025-001965;2;13/01/2025;CLI0370;S05;567,81;3,26;0;1851,06;EUR;C04-Andrés
F2025-001965;3;13/01/2025;CLI0370;S05;105,06;3,43;10;324,32;EUR;C02-Javier
F2025-001966;1;10/09/2025;CLI0031;S14;10,00;212,70;0;2127,00;EUR;C01-Marta
F2025-001966;2;10/09/2025;CLI0031;S01;25,87;100,34;0;2595,80;EUR;C03-Lucía
F2025-001966;3;10/09/2025;CLI0031;S02;132,87;6,36;0;845,05;EUR;C02-Javier
F2025-001966;4;10/09/2025;CLI0031;S14;4,00;218,68;5;830,98;EUR;C04-Andrés
F2025-001967;1;04/05/2025;CLI0161;S09;106,20;41,93;0;4452,97;EUR;C01-Marta
F2025-001967;2;04/05/2025;CLI0161;S09;97,21;43,04;5;3974,72;EUR;C03-Lucía
F2025-001967;3;04/05/2025;CLI0161;S09;143,99;43,85;5;5998,26;EUR;C01-Marta
F2025-001968;1;27/04/2025;CLI0212;S03;58,78;39,00;0;2292,42;EUR;C02-Javier
F2025-001968;2;27/04/2025;CLI0212;S04;1374,07;14,93;0;20514,87;EUR;C05-Rocío
F2025-001969;1;22/05/2025;CLI0296;S05;11182,06;3,32;5;35268,22;EUR;C02-Javier
F2025-001970;1;03/10/2025;CLI0399;S10;34,98;9,10;0;318,32;EUR;C03-Lucía
F2025-001970;2;03/10/2025;CLI0399;S14;3,00;206,24;0;618,72;EUR;C02-Javier
F2025-001970;3;03/10/2025;CLI0399;S10;65,34;9,03;0;590,02;EUR;C01-Marta
F2025-001971;1;07/05/2025;CLI0078;S10;94,76;9,03;0;855,68;EUR;C03-Lucía
F2025-001971;2;07/05/2025;CLI0078;S10;199,11;8,92;5;1687,26;EUR;C04-Andrés
F2025-001971;3;07/05/2025;CLI0078;S10;635,96;8,87;0;5640,97;EUR;C02-Javier
F2025-001972;1;21/02/2025;CLI0212;S03;21,55;40,46;0;871,91;EUR;C01-Marta
F2025-001973;1;19/05/2025;CLI0329;S14;6,00;221,24;5;1261,07;EUR;C01-Marta
F2025-001973;2;19/05/2025;CLI0329;S15;1,00;87,77;15;74,60;EUR;C04-Andrés
F2025-001973;3;19/05/2025;CLI0329;S11;37,72;26,35;15;844,83;EUR;C01-Marta
F2025-001973;4;19/05/2025;CLI0329;S01;295,50;101,93;15;25602,27;EUR;C04-Andrés
F2025-001974;1;13/11/2025;CLI0299;S13;1,00;663,89;0;663,89;EUR;C03-Lucía
F2025-001974;2;13/11/2025;CLI0299;S07;147,99;1,57;0;232,34;EUR;C04-Andrés
F2025-001974;3;13/11/2025;CLI0299;S07;302,53;1,72;0;520,35;EUR;C05-Rocío
F2025-001974;4;13/11/2025;CLI0299;S07;493,37;1,72;0;848,60;EUR;C01-Marta
F2025-001975;1;15/07/2025;CLI0356;S10;884,88;9,08;0;8034,71;EUR;C05-Rocío
F2025-001975;2;15/07/2025;CLI0356;S10;1153,47;8,99;10;9332,73;EUR;C02-Javier
F2025-001975;3;15/07/2025;CLI0356;S15;4,00;91,91;10;330,88;EUR;C05-Rocío
F2025-001976;1;22/02/2025;CLI0095;S09;225,66;43,24;0;9757,54;EUR;C02-Javier
F2025-001976;2;22/02/2025;CLI0095;S09;123,46;43,36;15;4550,24;EUR;C01-Marta
F2025-001977;1;15/01/2025;CLI0013;S09;51,87;43,92;5;2164,22;EUR;C01-Marta
F2025-001978;1;04/11/2025;CLI0060;S02;1821,38;6,90;0;12567,52;EUR;C05-Rocío
F2025-001978;2;04/11/2025;CLI0060;S02;282,73;6,56;0;1854,71;EUR;C05-Rocío
F2025-001979;1;22/08/2025;CLI0034;S09;206,24;44,10;0;9095,18;EUR;C03-Lucía
F2025-001979;2;22/08/2025;CLI0034;S09;114,35;43,53;15;4231,01;EUR;C03-Lucía
F2025-001980;1;26/03/2025;CLI0095;S09;86,20;41,48;0;3575,58;EUR;C04-Andrés
F2025-001980;2;26/03/2025;CLI0095;S09;121,65;42,94;0;5223,65;EUR;C05-Rocío
F2025-001980;3;26/03/2025;CLI0095;S15;3,00;84,24;15;214,81;EUR;C03-Lucía
F2025-001980;4;26/03/2025;CLI0095;S09;317,18;42,02;15;11328,72;EUR;C04-Andrés
F2025-001981;1;07/07/2025;CLI0117;S14;12,00;215,68;5;2458,75;EUR;C02-Javier
F2025-001982;1;21/04/2025;CLI0212;S04;63,72;13,73;0;874,88;EUR;C03-Lucía
F2025-001982;2;21/04/2025;CLI0212;S03;37,70;40,61;0;1531,00;EUR;C01-Marta
F2025-001982;3;21/04/2025;CLI0212;S04;1690,92;13,84;0;23402,33;EUR;C03-Lucía
F2025-001982;4;21/04/2025;CLI0212;S12;2,00;128,73;0;257,46;EUR;C05-Rocío
F2025-001982;4;21/04/2025;CLI0212;S12;2,00;128,73;0;257,46;EUR;C05-Rocío
F2025-001983;1;25/11/2025;CLI0095;S09;236,82;41,19;5;9266,89;EUR;C03-Lucía
F2025-001983;2;25/11/2025;CLI0095;S09;118,24;42,44;15;4265,39;EUR;C05-Rocío
F2025-001983;3;25/11/2025;CLI0095;S09;95,62;43,91;5;3988,74;EUR;C03-Lucía
F2025-001984;1;24/05/2025;CLI0390;S14;14,00;224,71;0;3145,94;EUR;C05-Rocío
F2025-001985;1;12/09/2025;CLI0095;S09;117,93;41,28;15;4137,93;EUR;C05-Rocío
F2025-001985;2;12/09/2025;CLI0095;S09;81,34;42,84;0;3484,61;EUR;C03-Lucía
F2025-001985;3;12/09/2025;CLI0095;S09;78,27;42,06;10;2962,83;EUR;C05-Rocío
F2025-001985;4;12/09/2025;CLI0095;S09;70,87;43,90;0;3111,19;EUR;C05-Rocío
F2025-001986;1;19/12/2025;CLI0226;S14;9,00;225,89;0;2033,01;EUR;C02-Javier
F2025-001986;2;19/12/2025;CLI0226;S10;99,85;8,74;0;872,69;EUR;C01-Marta
F2025-001987;1;19/04/2025;CLI0207;S10;172,40;8,86;5;1451,09;EUR;C02-Javier
F2025-001987;2;19/04/2025;CLI0207;S10;388,52;9,03;0;3508,34;EUR;C04-Andrés
F2025-001988;1;08/10/2025;CLI0048;S10;308,97;9,17;0;2833,25;EUR;C04-Andrés
F2025-001988;2;08/10/2025;CLI0048;S10;464,45;8,38;0;3892,09;EUR;C01-Marta
F2025-001988;3;08/10/2025;CLI0048;S10;494,71;8,57;0;4239,66;EUR;C02-Javier
F2025-001989;1;24/11/2025;CLI0045;S05;273,20;3,45;0;942,54;EUR;C01-Marta
F2025-001989;2;24/11/2025;CLI0045;S15;1,00;85,91;5;81,61;EUR;C01-Marta
F2025-001989;3;24/11/2025;CLI0045;S05;99,14;3,21;0;318,24;EUR;C01-Marta
F2025-001989;4;24/11/2025;CLI0045;S14;14,00;223,39;0;3127,46;EUR;C01-Marta
F2025-001990;1;07/08/2025;CLI0186;S06;699,11;1,08;0;755,04;EUR;C04-Andrés
F2025-001991;1;26/02/2025;CLI0391;S03;51,94;38,31;0;1989,82;EUR;C02-Javier
F2025-001992;1;17/11/2025;CLI0025;S07;304,91;1,60;0;487,86;EUR;C03-Lucía
F2025-001992;2;17/11/2025;CLI0025;S08;2429,64;2,56;0;6219,88;EUR;C05-Rocío
F2025-001992;3;17/11/2025;CLI0025;S07;259,63;1,61;0;418,00;EUR;C05-Rocío
F2025-001992;4;17/11/2025;CLI0025;S08;553,09;2,59;0;1432,50;EUR;C05-Rocío
F2025-001993;1;01/01/2025;CLI0048;S14;2,00;226,51;5;430,37;EUR;C02-Javier
F2025-001993;2;01/01/2025;CLI0048;S13;1,00;684,32;5;650,10;EUR;C01-Marta
F2025-001994;1;06/10/2025;CLI0056;S10;371,00;8,60;0;3190,60;EUR;C01-Marta
F2025-001994;2;06/10/2025;CLI0056;S10;410,33;8,99;5;3504,42;EUR;C04-Andrés
F2025-001994;3;06/10/2025;CLI0056;S10;1735,92;8,78;0;15241,38;EUR;C01-Marta
F2025-001995;1;15/08/2025;CLI0354;S14;7,00;219,89;0;1539,23;EUR;C02-Javier
F2025-001995;2;15/08/2025;CLI0354;S01;67,38;99,10;5;6343,49;EUR;C05-Rocío
F2025-001995;3;15/08/2025;CLI0354;S02;153,84;6,50;5;949,96;EUR;C02-Javier
F2025-001996;1;11/09/2025;CLI0027;S14;10,00;211,34;0;2113,40;EUR;C01-Marta
F2025-001996;2;11/09/2025;CLI0027;S13;1,00;645,75;5;613,46;EUR;C03-Lucía
F2025-001996;3;11/09/2025;CLI0027;S14;10,00;208,74;0;2087,40;EUR;C01-Marta
F2025-001997;1;16/03/2025;CLI0141;S10;1200,80;9,16;0;10999,33;EUR;C02-Javier
F2025-001998;1;21/08/2025;CLI0382;S10;748,17;9,10;0;6808,35;EUR;C04-Andrés
F2025-001999;1;19/05/2025;CLI0245;S05;69,32;3,40;0;235,69;EUR;C05-Rocío
F2025-002000;1;01/10/2025;CLI0384;S10;337,64;9,15;5;2934,94;EUR;C05-Rocío
F2025-002000;2;01/10/2025;CLI0384;S10;757,59;8,67;0;6568,31;EUR;C02-Javier
F2025-002000;2;01/10/2025;CLI0384;S10;757,59;8,67;0;6568,31;EUR;C02-Javier
F2025-002000;3;01/10/2025;CLI0384;S10;215,55;8,45;5;1730,33;EUR;C05-Rocío
F2025-002000;4;01/10/2025;CLI0384;S15;4,00;87,27;0;349,08;EUR;C03-Lucía
F2025-002001;1;21/10/2025;CLI0236;S13;1,00;666,42;5;633,10;EUR;C02-Javier
F2025-002001;2;21/10/2025;CLI0236;S15;3,00;89,93;0;269,79;EUR;C05-Rocío
F2025-002001;3;21/10/2025;CLI0236;S06;498,13;1,11;0;552,92;EUR;C03-Lucía
F2025-002001;4;21/10/2025;CLI0236;S14;9,00;225,01;0;2025,09;EUR;C05-Rocío
F2025-002002;1;22/07/2025;CLI0101;S10;231,69;9,09;15;1790,15;EUR;C01-Marta
F2025-002002;2;22/07/2025;CLI0101;S10;1288,86;9,12;0;11754,40;EUR;C02-Javier
F2025-002002;3;22/07/2025;CLI0101;S10;133,69;9,60;5;1219,03;USD;C03-Lucía
F2025-002002;4;22/07/2025;CLI0101;S10;70,69;9,12;5;612,46;EUR;C04-Andrés
F2025-002003;1;18/11/2025;CLI0101;S10;252,65;10,17;15;2183,20;USD;C01-Marta
F2025-002004;1;19/12/2025;CLI0327;S06;1693,21;1,15;0;1947,19;EUR;C01-Marta
F2025-002004;2;19/12/2025;CLI0327;S06;1647,42;1,13;0;1861,58;EUR;C02-Javier
F2025-002004;3;19/12/2025;CLI0327;S05;729,97;3,42;5;2371,67;EUR;C03-Lucía
F2025-002005;1;18/11/2025;CLI0078;S15;2,00;90,20;0;180,40;EUR;C03-Lucía
F2025-002005;2;18/11/2025;CLI0078;S10;476,76;9,03;0;4305,14;EUR;C02-Javier
F2025-002006;1;28/09/2025;CLI0272;S09;89,19;44,41;5;3762,88;EUR;C05-Rocío
F2025-002006;2;28/09/2025;CLI0272;S09;141,85;43,51;0;6171,89;EUR;C03-Lucía
F2025-002006;3;28/09/2025;CLI0272;S09;196,13;42,96;0;8425,74;EUR;C04-Andrés
F2025-002006;4;28/09/2025;CLI0272;S09;91,62;44,16;0;4045,94;EUR;C05-Rocío
F2025-002007;1;01/07/2025;CLI0194;S14;10,00;247,83;10;2230,49;USD;C03-Lucía
F2025-002007;2;01/07/2025;CLI0194;S02;1078,86;7,47;5;7656,42;USD;C05-Rocío
F2025-002008;1;22/09/2025;CLI0162;S14;7,00;223,60;15;1330,42;EUR;C02-Javier
F2025-002008;2;22/09/2025;CLI0162;S03;27,45;37,69;15;879,40;EUR;C01-Marta
F2025-002008;3;22/09/2025;CLI0162;S14;10,00;212,02;0;2120,20;EUR;C04-Andrés
F2025-002008;4;22/09/2025;CLI0162;S04;434,61;14,77;5;6098,23;EUR;C03-Lucía
F2025-002009;1;23/05/2025;CLI0142;S15;3,00;89,43;15;228,05;EUR;C02-Javier
F2025-002010;1;03/09/2025;CLI0225;S06;1835,83;1,17;0;2147,92;EUR;C05-Rocío
F2025-002010;2;03/09/2025;CLI0225;S06;945,81;1,10;10;936,35;EUR;C03-Lucía
F2025-002010;3;03/09/2025;CLI0225;S05;250,97;3,46;5;824,94;EUR;C01-Marta
F2025-002010;4;03/09/2025;CLI0225;S05;782,81;3,36;0;2630,24;EUR;C01-Marta
F2025-002011;1;12/08/2025;CLI0328;S05;2882,73;3,39;0;9772,45;EUR;C03-Lucía
F2025-002011;2;12/08/2025;CLI0328;S05;735,20;3,79;5;2644,30;USD;C03-Lucía
F2025-002011;3;12/08/2025;CLI0328;S05;327,20;3,62;5;1124,77;USD;C02-Javier
F2025-002011;4;12/08/2025;CLI0328;S06;2868,10;1,09;0;3126,23;EUR;C04-Andrés
F2025-002012;1;03/10/2025;CLI0207;S15;4,00;89,94;5;341,77;EUR;C01-Marta
F2025-002012;2;03/10/2025;CLI0207;S10;287,32;8,69;0;2496,81;EUR;C04-Andrés
F2025-002012;3;03/10/2025;CLI0207;S10;268,82;8,45;0;2271,53;EUR;C02-Javier
F2025-002012;4;03/10/2025;CLI0207;S13;1,00;662,79;0;662,79;EUR;C01-Marta
F2025-002013;1;15/09/2025;CLI0158;S14;9,00;220,28;0;;EUR;C03-Lucía
F2025-002014;1;25/08/2025;CLI0051;S06;2580,70;1,09;15;2391,02;EUR;C04-Andrés
F2025-002014;2;25/08/2025;CLI0051;S06;991,79;1,17;15;986,34;EUR;C03-Lucía
F2025-002014;3;25/08/2025;CLI0051;S06;549,96;1,18;10;584,06;EUR;C05-Rocío
F2025-002015;1;05/02/2025;CLI0207;S10;284,00;8,90;0;2527,60;EUR;C04-Andrés
F2025-002016;1;06/03/2025;CLI0121;S09;129,20;43,05;0;5562,06;EUR;C04-Andrés
F2025-002017;1;15/02/2025;CLI0024;S15;1,00;91,54;5;86,96;EUR;C04-Andrés
F2025-002017;2;15/02/2025;CLI0024;S06;291,81;1,12;0;326,83;EUR;C03-Lucía
F2025-002017;3;15/02/2025;CLI0024;S14;16,00;221,38;0;3542,08;EUR;C01-Marta
F2025-002017;4;15/02/2025;CLI0024;S05;30,41;3,45;0;104,91;EUR;C05-Rocío
F2025-002018;1;23/09/2025;CLI0095;S09;84,05;43,73;15;3124,18;EUR;C04-Andrés
F2025-002018;2;23/09/2025;CLI0095;S09;108,36;44,70;0;4843,69;EUR;C01-Marta
F2025-002019;1;26/01/2025;CLI0095;S09;88,99;41,41;10;3316,57;EUR;C05-Rocío
F2025-002019;2;26/01/2025;CLI0095;S09;53,39;45,16;10;;EUR;C03-Lucía
F2025-002019;3;26/01/2025;CLI0095;S09;101,78;44,94;15;3887,89;EUR;C05-Rocío
F2025-002020;1;21/12/2025;CLI0051;S13;1,00;699,05;0;699,05;EUR;C03-Lucía
F2025-002020;2;21/12/2025;CLI0051;S06;2020,40;1,15;10;2091,11;EUR;C01-Marta
F2025-002020;3;21/12/2025;CLI0051;S05;732,79;3,22;0;2359,58;EUR;C01-Marta
F2025-002021;1;27/12/2025;CLI0095;S09;183,93;44,07;0;8105,80;EUR;C03-Lucía
F2025-002021;2;27/12/2025;CLI0095;S14;13,00;219,14;5;2706,38;EUR;C01-Marta
F2025-002021;3;27/12/2025;CLI0095;S09;180,98;42,83;10;6976,24;EUR;C01-Marta
F2025-002022;1;23/04/2025;CLI0158;S15;4,00;87,92;10;316,51;EUR;C01-Marta
F2025-002022;2;23/04/2025;CLI0158;S09;182,93;44,55;0;8149,53;EUR;C04-Andrés
F2025-002022;3;23/04/2025;CLI0158;S13;1,00;641,02;0;641,02;EUR;C03-Lucía
F2025-002022;4;23/04/2025;CLI0158;S13;1,00;677,11;10;609,40;EUR;C03-Lucía
F2025-002023;1;11/06/2025;CLI0333;S13;1,00;682,09;5;647,99;EUR;C01-Marta
F2025-002023;2;11/06/2025;CLI0333;S11;32,88;26,60;0;874,61;EUR;C03-Lucía
F2025-002023;3;11/06/2025;CLI0333;S11;50,87;25,34;5;1224,59;EUR;C01-Marta
F2025-002024;1;22/06/2025;CLI0016;S11;11,47;25,94;10;267,78;EUR;C04-Andrés
F2025-002024;2;22/06/2025;CLI0016;S14;14,00;208,84;5;2777,57;EUR;C04-Andrés
F2025-002025;1;10/01/2025;CLI0101;S10;971,46;8,39;0;8150,55;EUR;C03-Lucía
F2025-002025;2;10/01/2025;CLI0101;S14;8,00;221,97;0;1775,76;EUR;C01-Marta
F2025-002026;1;03/11/2025;CLI0158;S09;106,56;44,39;5;4493,69;EUR;C03-Lucía
F2025-002026;2;03/11/2025;CLI0158;S15;3,00;88,66;0;265,98;EUR;C04-Andrés
F2025-002027;1;28/10/2025;CLI0024;S13;1,00;680,23;0;680,23;EUR;C02-Javier
F2025-002027;2;28/10/2025;CLI0024;S05;273,21;3,39;5;879,87;EUR;C01-Marta
F2025-002027;3;28/10/2025;CLI0024;S13;1,00;673,61;5;639,93;EUR;C04-Andrés
F2025-002027;4;28/10/2025;CLI0024;S05;106,10;3,40;0;360,74;EUR;C01-Marta
F2025-002028;1;14/08/2025;CLI0025;S13;1,00;660,54;0;660,54;EUR;C05-Rocío
F2025-002028;2;14/08/2025;CLI0025;S07;356,87;1,67;5;566,17;EUR;C03-Lucía
F2025-002028;3;14/08/2025;CLI0025;S07;625,99;1,57;0;982,80;EUR;C02-Javier
F2025-002028;4;14/08/2025;CLI0025;S08;1575,34;2,57;0;4048,62;EUR;C04-Andrés
F2025-002029;1;07/06/2025;CLI0146;S09;41,95;43,92;5;1750,32;EUR;C02-Javier
F2025-002030;1;15/09/2025;CLI0350;S06;1388,12;1,08;15;1274,29;EUR;C04-Andrés
F2025-002030;2;15/09/2025;CLI0350;S14;10,00;217,39;0;2173,90;EUR;C02-Javier
F2025-002031;1;22/08/2025;CLI0120;S13;1,00;687,37;10;618,63;EUR;C04-Andrés
F2025-002031;2;22/08/2025;CLI0120;S01;61,83;96,57;5;5672,38;EUR;C04-Andrés
F2025-002032;1;09/01/2025;CLI0262;S11;28,44;26,70;0;759,35;EUR;C03-Lucía
F2025-002033;1;25/08/2025;CLI0096;S07;499,52;1,70;0;849,18;EUR;C05-Rocío
F2025-002033;2;25/08/2025;CLI0096;S13;1,00;676,10;0;676,10;EUR;C04-Andrés
F2025-002033;3;2025-08-25;CLI0096;S08;677,59;2,45;0;1660,10;EUR;C05-Rocío
F2025-002033;4;25/08/2025;CLI0096;S08;1968,39;2,50;5;4674,93;EUR;C01-Marta
F2025-002034;1;25/02/2025;CLI0051;S05;133,08;3,24;5;409,62;EUR;C03-Lucía
F2025-002034;2;25/02/2025;CLI0051;S05;241,23;3,36;10;729,48;EUR;C02-Javier
F2025-002034;3;25/02/2025;CLI0051;S05;566,52;3,15;0;1784,54;EUR;C03-Lucía
F2025-002035;1;08/05/2025;CLI0024;S13;1,00;685,69;0;685,69;EUR;C05-Rocío
F2025-002036;1;12/12/2025;CLI0101;S10;299,60;9,39;0;2814,46;USD;C05-Rocío
F2025-002037;1;19/11/2025;CLI0336;S06;2692,10;1,14;0;3068,99;EUR;C04-Andrés
F2025-002037;2;19/11/2025;CLI0336;S06;3472,15;1,16;0;4027,69;EUR;C03-Lucía
F2025-002038;1;02/11/2025;CLI0365;S13;1,00;648,83;0;648,83;EUR;C03-Lucía
F2025-002039;1;26/05/2025;CLI0212;S04;853,41;13,97;0;11922,14;EUR;C04-Andrés
F2025-002040;1;03/08/2025;CLI0355;S02;463,70;7,00;0;3245,90;EUR;C01-Marta
F2025-002041;1;07/09/2025;CLI0169;S09;174,11;42,58;5;7042,92;EUR;C01-Marta
F2025-002042;1;17/09/2025;CLI0295;S05;200,05;3,20;0;640,16;EUR;C02-Javier
F2025-002042;2;17/09/2025;CLI0295;S05;1546,83;3,34;5;4908,09;EUR;C02-Javier
F2025-002043;1;20/09/2025;CLI0254;S10;182,49;9,10;0;1660,66;EUR;C03-Lucía
F2025-002043;2;20/09/2025;CLI0254;S15;3,00;87,26;0;261,78;EUR;C04-Andrés
F2025-002043;3;20/09/2025;CLI0254;S10;71,15;9,05;0;643,91;EUR;C05-Rocío
F2025-002044;1;18/06/2025;CLI0004;S09;79,75;44,64;0;3560,04;EUR;C05-Rocío
F2025-002045;1;20/07/2025;CLI0095;S09;73,81;45,35;15;2845,19;EUR;C03-Lucía
F2025-002045;2;20/07/2025;CLI0095;S15;3,00;85,59;5;243,93;EUR;C04-Andrés
F2025-002045;3;20/07/2025;CLI0095;S09;103,97;42,41;5;4188,90;EUR;C01-Marta
F2025-002046;1;04/03/2025;CLI0026;S10;261,61;8,93;0;2336,18;EUR;C02-Javier
F2025-002046;2;04/03/2025;CLI0026;S14;16,00;222,72;5;3385,34;EUR;C01-Marta
F2025-002047;1;12/03/2025;CLI0189;S03;16,16;37,28;0;602,44;EUR;C03-Lucía
F2025-002048;1;26/05/2025;CLI0329;S02;220,30;6,59;0;1451,78;EUR;C04-Andrés
F2025-002049;1;23/03/2025;CLI0142;S06;366,98;1,12;5;390,47;EUR;C01-Marta
F2025-002049;2;23/03/2025;CLI0142;S06;2053,80;1,08;5;2107,20;EUR;C03-Lucía
F2025-002049;3;23/03/2025;CLI0142;S06;1170,78;1,14;5;1267,95;EUR;C04-Andrés
F2025-002050;1;15/01/2025;CLI0169;S09;43,30;45,05;5;1853,13;EUR;C02-Javier
F2025-002050;2;15/01/2025;CLI0169;S09;159,86;42,42;5;6442,20;EUR;C05-Rocío
F2025-002050;3;15/01/2025;CLI0169;S09;171,80;44,59;0;7660,56;EUR;C04-Andrés
F2025-002050;4;15/01/2025;CLI0169;S09;48,04;44,11;0;2119,04;EUR;C03-Lucía
F2025-002051;1;19/07/2025;CLI0386;S01;185,06;98,43;0;18215,46;EUR;C05-Rocío
F2025-002051;2;19/07/2025;CLI0386;S15;4,00;87,80;0;351,20;EUR;C04-Andrés
F2025-002051;3;19/07/2025;CLI0386;S01;22,96;98,69;0;2265,92;EUR;C03-Lucía
F2025-002051;4;19/07/2025;CLI0386;S01;171,67;100,98;0;17335,24;EUR;C04-Andrés
F2025-002052;1;17/09/2025;CLI0143;S10;98,94;9,11;0;901,34;EUR;C04-Andrés
F2025-002053;1;03/05/2025;CLI0212;S04;871,05;14,32;5;11849,76;EUR;C02-Javier
F2025-002053;2;03/05/2025;CLI0212;S03;45,89;38,94;0;1786,96;EUR;C05-Rocío
F2025-002054;1;09/06/2025;CLI0212;S03;22,35;39,19;0;875,90;EUR;C03-Lucía
F2025-002054;2;09/06/2025;CLI0212;S03;27,19;39,69;0;1079,17;EUR;C01-Marta
F2025-002054;3;09/06/2025;CLI0212;S03;256,55;39,48;5;9622,16;EUR;C01-Marta
F2025-002054;4;09/06/2025;CLI0212;S13;1,00;691,01;0;691,01;EUR;C02-Javier
F2025-002055;1;27/12/2025;CLI0306;S11;29,76;26,19;0;779,41;EUR;C03-Lucía
F2025-002055;2;27/12/2025;CLI0306;S02;136,23;6,94;0;945,44;EUR;C01-Marta
F2025-002056;1;28/10/2025;CLI0371;S10;127,13;8,38;0;1065,35;EUR;C01-Marta
F2025-002057;1;19/12/2025;CLI0104;S10;246,04;8,35;0;2054,43;EUR;C05-Rocío
F2025-002058;1;10/03/2025;CLI0095;S09;41,02;44,24;15;1542,52;EUR;C05-Rocío
F2025-002058;2;10/03/2025;CLI0095;S14;9,00;221,14;0;1990,26;EUR;C01-Marta
F2025-002059;1;20/12/2025;CLI0372;S09;102,34;44,41;0;4544,92;EUR;C01-Marta
F2025-002059;2;20/12/2025;CLI0372;S13;1,00;647,01;0;647,01;EUR;C05-Rocío
F2025-002059;3;20/12/2025;CLI0372;S13;1,00;658,64;0;658,64;EUR;C02-Javier
F2025-002059;4;20/12/2025;CLI0372;S14;12,00;215,07;0;2580,84;EUR;C05-Rocío
F2025-002060;1;14/03/2025;CLI0188;S11;16,29;25,77;5;398,80;EUR;C04-Andrés
F2025-002061;1;02/03/2025;CLI0374;S14;15,00;226,80;0;3402,00;EUR;C03-Lucía
F2025-002061;2;02/03/2025;CLI0374;S09;80,94;45,32;0;3668,20;EUR;C04-Andrés
F2025-002062;1;02/04/2025;CLI0027;S05;918,01;3,18;5;2773,31;EUR;C04-Andrés
F2025-002063;1;26/07/2025;CLI0051;S15;1,00;91,27;5;86,71;EUR;C05-Rocío
F2025-002064;1;15/04/2025;CLI0154;S10;700,63;8,81;0;6172,55;EUR;C04-Andrés
F2025-002064;2;15/04/2025;CLI0154;S10;351,78;8,48;0;2983,09;EUR;C02-Javier
F2025-002065;1;22/01/2025;CLI0282;S08;821,71;2,79;0;2289,50;USD;C04-Andrés
F2025-002065;2;22/01/2025;CLI0282;S08;3505,25;3,04;5;10139,51;USD;C03-Lucía
F2025-002065;3;22/01/2025;CLI0282;S07;1297,15;2,01;0;2607,72;USD;C04-Andrés
F2025-002066;1;22/12/2025;CLI0274;S08;3856,80;2,39;0;9217,75;EUR;C04-Andrés
F2025-002066;2;22/12/2025;CLI0274;S07;130,89;1,67;0;218,59;EUR;C03-Lucía
F2025-002067;1;26/04/2025;CLI0056;S15;3,00;84,80;0;254,40;EUR;C05-Rocío
F2025-002067;2;26/04/2025;CLI0056;S10;738,71;8,63;5;6056,31;EUR;C04-Andrés
F2025-002067;3;26/04/2025;CLI0056;S14;14,00;213,85;0;2993,90;EUR;C03-Lucía
F2025-002067;4;26/04/2025;CLI0056;S14;6,00;212,86;0;1277,16;EUR;C04-Andrés
F2025-002068;1;25/06/2025;CLI0191;S02;245,96;6,62;0;1628,26;EUR;C02-Javier
F2025-002068;2;25/06/2025;CLI0191;S11;59,66;25,36;0;1512,98;EUR;C03-Lucía
F2025-002068;3;25/06/2025;CLI0191;S11;19,98;26,66;0;532,67;EUR;C01-Marta
F2025-002068;4;25/06/2025;CLI0191;S13;1,00;650,16;0;650,16;EUR;C02-Javier
F2025-002069;1;15/08/2025;CLI0291;S10;2351,77;8,98;0;21118,89;EUR;C04-Andrés
F2025-002069;2;15/08/2025;CLI0291;S10;176,45;8,99;0;1586,29;EUR;C05-Rocío
F2025-002069;3;15/08/2025;CLI0291;S10;234,70;8,68;0;2037,20;EUR;C01-Marta
F2025-002070;1;15/07/2025;CLI0207;S10;945,99;9,07;0;8580,13;EUR;C01-Marta
F2025-002071;1;18/12/2025;CLI0350;S15;4,00;83,79;5;318,40;EUR;C05-Rocío
F2025-002071;2;18/12/2025;CLI0350;S05;341,95;3,46;0;1183,15;EUR;C02-Javier
F2025-002072;1;25/10/2025;CLI0326;S15;2,00;90,02;0;180,04;EUR;C04-Andrés
F2025-002073;1;25/12/2025;CLI0045;S15;3,00;84,48;0;253,44;EUR;C01-Marta
F2025-002073;2;25/12/2025;CLI0045;S05;97,32;3,44;5;318,04;EUR;C02-Javier
F2025-002073;3;25/12/2025;CLI0045;S06;2541,12;1,13;5;2727,89;EUR;C04-Andrés
F2025-002074;1;15/02/2025;CLI0039;S10;73,24;8,88;0;650,37;EUR;C04-Andrés
F2025-002075;1;01/03/2025;CLI0095;S09;245,81;41,50;0;10201,11;EUR;C04-Andrés
F2025-002075;2;01/03/2025;CLI0095;S09;89,42;41,25;0;3688,58;EUR;C02-Javier
F2025-002076;1;04/01/2025;CLI0264;S15;1,00;87,15;0;87,15;EUR;C01-Marta
F2025-002076;2;04/01/2025;CLI0264;S08;883,23;2,43;5;2038,94;EUR;C01-Marta
F2025-002076;3;04/01/2025;CLI0264;S08;1274,79;2,45;0;3123,24;EUR;C01-Marta
F2025-002077;1;25/03/2025;CLI0198;S11;42,46;26,70;0;1133,68;EUR;C05-Rocío
F2025-002077;2;25/03/2025;CLI0198;S11;79,89;26,16;0;2089,92;EUR;C02-Javier
F2025-002078;1;12/07/2025;CLI0212;S04;360,09;15,08;0;5430,16;EUR;C02-Javier
F2025-002078;1;12/07/2025;CLI0212;S04;360,09;15,08;0;5430,16;EUR;C02-Javier
F2025-002078;2;12/07/2025;CLI0212;S12;4,00;119,04;5;452,35;EUR;C05-Rocío
F2025-002078;3;12/07/2025;CLI0212;S04;245,74;13,80;0;3391,21;EUR;C02-Javier
F2025-002078;4;12/07/2025;CLI0212;S14;10,00;218,57;5;2076,41;EUR;C05-Rocío
F2025-002079;1;12/02/2025;CLI0182;S06;1793,01;1,18;5;2009,96;EUR;C04-Andrés
F2025-002079;2;12/02/2025;CLI0182;S05;1907,31;3,35;0;6389,49;EUR;C04-Andrés
F2025-002079;3;12/02/2025;CLI0182;S06;1799,19;1,15;0;2069,07;EUR;C01-Marta
F2025-002079;4;12/02/2025;CLI0182;S05;311,46;3,28;0;1021,59;EUR;C05-Rocío
F2025-002080;1;01/11/2025;cli0188;S14;2,00;212,49;0;424,98;EUR;C05-Rocío
F2025-002080;2;01/11/2025;CLI0188;S11;151,10;26,29;0;3972,42;EUR;C02-Javier
F2025-002081;1;17/05/2025;CLI0329;S11;22,34;26,74;0;597,37;EUR;C02-Javier
F2025-002081;2;17/05/2025;CLI0329;S01;36,20;95,89;0;3471,22;EUR;C03-Lucía
F2025-002081;3;17/05/2025;CLI0329;S11;13,96;24,85;5;329,56;EUR;C02-Javier
F2025-002082;1;05/03/2025;CLI0225;S14;3,00;218,48;0;655,44;EUR;C02-Javier
F2025-002082;2;05/03/2025;CLI0225;S05;58,92;3,44;10;182,42;EUR;C04-Andrés
F2025-002082;3;05/03/2025;CLI0225;S05;75,37;3,34;0;251,74;EUR;C01-Marta
F2025-002082;4;05/03/2025;CLI0225;S06;448,70;1,16;0;520,49;EUR;C05-Rocío
F2025-002083;1;22/06/2025;CLI0095;S09;85,54;43,46;0;3717,57;EUR;C01-Marta
F2025-002083;2;22/06/2025;CLI0095;S09;138,08;44,87;0;6195,65;EUR;C04-Andrés
F2025-002083;3;22/06/2025;CLI0095;S09;187,38;41,21;15;6563,64;EUR;C05-Rocío
F2025-002083;4;22/06/2025;CLI0095;S14;2,00;224,91;10;404,84;EUR;C05-Rocío
F2025-002084;1;25/10/2025;CLI0205;S06;6924,97;1,10;0;7617,47;EUR;C04-Andrés
F2025-002085;1;17/05/2025;CLI0371;S10;1849,40;8,87;5;15583,97;EUR;C02-Javier
F2025-002086;1;03/08/2025;CLI0158;S09;44,38;43,96;0;1950,94;EUR;C05-Rocío
F2025-002087;1;12/05/2025;CLI0207;S10;260,75;8,89;5;2202,16;EUR;C01-Marta
F2025-002087;2;12/05/2025;CLI0207;S10;221,37;8,93;0;1976,83;EUR;C02-Javier
F2025-002087;3;12/05/2025;CLI0207;S10;26,18;9,18;0;240,33;EUR;C01-Marta
F2025-002087;4;12/05/2025;CLI0207;S15;2,00;83,57;0;167,14;EUR;C02-Javier
F2025-002088;1;03/10/2025;CLI0044;S08;1176,30;2,51;5;2804,89;EUR;C03-Lucía
F2025-002089;1;01/07/2025;CLI0171;S09;91,82;45,21;0;4151,18;EUR;C02-Javier
F2025-002089;2;01/07/2025;CLI0171;S13;1,00;686,01;5;651,71;EUR;C03-Lucía
F2025-002089;3;01/07/2025;CLI0171;S13;1,00;696,32;0;696,32;EUR;C05-Rocío
F2025-002090;1;14/02/2025;CLI0317;S10;205,37;9,17;0;1883,24;EUR;C01-Marta
F2025-002090;2;14/02/2025;CLI0317;S10;427,76;8,44;10;3249,26;EUR;C03-Lucía
F2025-002091;1;01/01/2025;CLI0313;S10;945,82;8,42;0;7963,80;EUR;C02-Javier
F2025-002091;2;01/01/2025;CLI0313;S13;1,00;652,13;0;652,13;EUR;C04-Andrés
F2025-002091;3;01/01/2025;CLI0313;S15;2,00;85,97;5;163,34;EUR;C03-Lucía
F2025-002092;1;12/08/2025;CLI0101;S10;572,89;9,75;0;5585,58;USD;C02-Javier
F2025-002092;2;12/08/2025;CLI0101;S15;2,00;87,76;0;175,52;EUR;C04-Andrés
F2025-002093;1;12/11/2025;CLI0322;S13;1,00;648,09;5;615,69;EUR;C01-Marta
F2025-002094;1;04/09/2025;CLI0322;S05;274,28;3,43;0;940,78;EUR;C03-Lucía
F2025-002094;2;04/09/2025;CLI0322;S15;3,00;88,23;15;224,99;EUR;C04-Andrés
F2025-002095;1;05/07/2025;CLI0212;S04;575,41;14,12;0;8124,79;EUR;C02-Javier
F2025-002095;2;05/07/2025;CLI0212;S04;216,84;14,35;0;3111,65;EUR;C04-Andrés
F2025-002096;1;27/08/2025;CLI0291;S10;2449,38;8,79;0;21530,05;EUR;C05-Rocío
F2025-002096;2;27/08/2025;CLI0291;S10;380,23;9,01;0;3425,87;EUR;C02-Javier
F2025-002096;3;27/08/2025;CLI0291;S10;518,72;8,37;0;4341,69;EUR;C03-Lucía
F2025-002096;4;27/08/2025;CLI0291;S10;657,02;8,41;15;4696,71;EUR;C01-Marta
F2025-002097;1;26/05/2025;CLI0325;S01;132,78;93,74;0;12446,80;EUR;C02-Javier
F2025-002097;2;26/05/2025;CLI0325;S01;16,05;101,96;0;1636,46;EUR;C01-Marta
F2025-002098;1;09/06/2025;CLI0352;S10;175,06;8,97;0;1570,29;EUR;C04-Andrés
F2025-002098;2;09/06/2025;CLI0352;S14;3,00;206,28;5;587,90;EUR;C02-Javier
F2025-002098;3;09/06/2025;CLI0352;S10;630,74;8,89;0;5607,28;EUR;C01-Marta
F2025-002098;4;09/06/2025;CLI0352;S10;109,79;8,77;5;914,72;EUR;C02-Javier
F2025-002099;1;03/07/2025;CLI0302;S15;4,00;89,41;0;357,64;EUR;C04-Andrés
F2025-002099;2;03/07/2025;CLI0302;S10;294,56;8,63;5;2414,95;EUR;C01-Marta
F2025-002099;3;03/07/2025;CLI0302;S14;11,00;218,26;5;2280,82;EUR;C04-Andrés
F2025-002100;1;13/05/2025;CLI0346;S06;1335,76;1,09;5;1383,18;EUR;C03-Lucía
F2025-002100;2;13/05/2025;CLI0346;S05;517,12;3,29;0;1701,32;EUR;C02-Javier
F2025-002100;3;13/05/2025;CLI0346;S05;257,14;3,32;0;853,70;EUR;C05-Rocío
F2025-002100;4;13/05/2025;CLI0346;S06;7839,90;1,13;0;8859,09;EUR;C01-Marta
F2025-002101;1;26/11/2025;CLI0208;S12;4,00;127,64;5;485,03;EUR;C03-Lucía
F2025-002101;2;26/11/2025;CLI0208;S03;109,05;39,87;0;4347,82;EUR;C03-Lucía
F2025-002102;1;17/05/2025;CLI0095;S13;1,00;702,69;15;597,29;EUR;C04-Andrés
F2025-002103;1;10/01/2025;CLI0211;S06;2692,93;1,10;5;2814,11;EUR;C05-Rocío
F2025-002103;2;10/01/2025;CLI0211;S05;194,95;3,22;0;627,74;EUR;C02-Javier
F2025-002103;2;10/01/2025;CLI0211;S05;194,95;3,22;0;627,74;EUR;C02-Javier
F2025-002104;1;11/02/2025;CLI0070;S09;95,70;41,17;0;3939,97;EUR;C02-Javier
F2025-002104;2;11/02/2025;CLI0070;S09;85,19;44,26;0;3770,51;EUR;C05-Rocío
F2025-002104;3;11/02/2025;CLI0070;S15;3,00;86,80;0;260,40;EUR;C05-Rocío
F2025-002104;4;11/02/2025;cli0070;S09;85,74;45,00;5;3665,38;EUR;C05-Rocío
F2025-002105;1;24/04/2025;CLI0146;S09;137,67;42,03;0;5786,27;EUR;C03-Lucía
F2025-002105;2;24/04/2025;CLI0146;S09;181,34;41,31;0;7491,16;EUR;C01-Marta
F2025-002105;3;24/04/2025;CLI0146;S09;141,58;41,81;5;5623,49;EUR;C01-Marta
F2025-002105;4;24/04/2025;CLI0146;S09;141,44;41,64;0;5889,56;EUR;C05-Rocío
F2025-002106;1;25/06/2025;cli0172;S10;450,68;8,53;0;3844,30;EUR;C04-Andrés
F2025-002107;1;17/01/2025;CLI0304;S06;524,28;1,11;0;581,95;EUR;C01-Marta
F2025-002107;2;17/01/2025;CLI0304;S05;510,19;3,32;0;1693,83;EUR;C05-Rocío
F2025-002107;3;17/01/2025;CLI0304;S05;575,30;3,31;0;1904,24;EUR;C01-Marta
F2025-002108;1;09/08/2025;CLI0129;S10;147,18;9,11;5;1273,77;EUR;C05-Rocío
F2025-002108;2;09/08/2025;CLI0129;S10;742,94;8,59;5;6062,76;EUR;C02-Javier
F2025-002108;3;09/08/2025;CLI0129;S10;392,20;8,89;0;3486,66;EUR;C02-Javier
F2025-002108;4;09/08/2025;CLI0129;S15;3,00;86,99;5;247,92;EUR;C03-Lucía
F2025-002109;1;20/05/2025;CLI0008;S11;26,21;25,93;0;679,63;EUR;C04-Andrés
F2025-002109;2;20/05/2025;CLI0008;S01;173,49;99,39;0;17243,17;EUR;C02-Javier
F2025-002109;3;20/05/2025;CLI0008;S11;80,46;25,62;15;1752,18;EUR;C03-Lucía
F2025-002109;4;20/05/2025;CLI0008;S15;1,00;90,08;0;90,08;EUR;C02-Javier
F2025-002110;1;13/12/2025;CLI0094;S08;2173,90;2,38;0;5173,88;EUR;C04-Andrés
F2025-002111;1;16/12/2025;CLI0207;S10;265,24;9,00;0;2387,16;EUR;C04-Andrés
F2025-002111;2;16/12/2025;CLI0207;S10;78,03;8,79;0;685,88;EUR;C04-Andrés
F2025-002112;1;24/09/2025;CLI0133;S02;96,55;6,57;0;634,33;EUR;C04-Andrés
F2025-002112;2;24/09/2025;CLI0133;S14;15,00;223,76;0;3356,40;EUR;C01-Marta
F2025-002113;1;18/01/2025;CLI0207;S10;2698,18;8,62;0;23258,31;EUR;C02-Javier
F2025-002114;1;11/01/2025;CLI0115;S02;1011,25;6,57;0;6643,91;EUR;C02-Javier
F2025-002114;2;11/01/2025;CLI0115;S01;51,45;95,91;0;4934,57;EUR;C01-Marta
F2025-002114;2;11/01/2025;CLI0115;S01;51,45;95,91;0;4934,57;EUR;C01-Marta
F2025-002115;1;07/09/2025;CLI0024;S05;665,79;3,31;0;2203,76;EUR;C04-Andrés
F2025-002115;2;07/09/2025;CLI0024;S06;1717,97;1,10;0;1889,77;EUR;C04-Andrés
F2025-002115;3;07/09/2025;CLI0024;S05;117,00;3,14;5;349,01;EUR;C02-Javier
F2025-002115;4;07/09/2025;CLI0024;S06;2140,55;1,12;0;2397,42;EUR;C05-Rocío
F2025-002116;1;08/07/2025;CLI0350;S05;232,97;3,23;0;752,49;EUR;C01-Marta
F2025-002117;1;24/05/2025;CLI0387;S15;3,00;89,38;0;268,14;EUR;C02-Javier
F2025-002117;2;24/05/2025;CLI0387;S07;1417,54;1,57;0;2225,54;EUR;C02-Javier
F2025-002117;2;24/05/2025;CLI0387;S07;1417,54;1,57;0;2225,54;EUR;C02-Javier
F2025-002117;3;24/05/2025;CLI0387;S07;384,88;1,69;0;650,45;EUR;C02-Javier
F2025-002117;4;24/05/2025;CLI0387;S15;2,00;89,54;0;179,08;EUR;C03-Lucía
F2025-002118;1;25/01/2025;CLI0101;S10;1660,27;9,11;15;12856,30;EUR;C05-Rocío
F2025-002118;2;25/01/2025;CLI0101;S10;205,54;8,71;5;1700,74;EUR;C04-Andrés
F2025-002118;3;25/01/2025;CLI0101;S10;327,07;9,95;10;2927,71;USD;C05-Rocío
F2025-002118;4;25/01/2025;CLI0101;S13;1,00;678,52;5;644,59;EUR;C01-Marta
F2025-002119;1;11/03/2025;CLI0052;S15;4,00;84,70;10;304,92;EUR;C02-Javier
F2025-002120;1;09/05/2025;CLI0296;S13;1,00;643,63;5;611,45;EUR;C04-Andrés
F2025-002121;1;19/08/2025;CLI0076;S14;13,00;217,13;5;2681,56;EUR;C05-Rocío
F2025-002121;2;19/08/2025;CLI0076;S13;1,00;691,81;0;691,81;EUR;C03-Lucía
F2025-002121;3;19/08/2025;CLI0076;S09;65,33;45,02;0;2941,16;EUR;C05-Rocío
F2025-002122;1;10/04/2025;CLI0144;S11;16,27;25,66;0;417,49;EUR;C05-Rocío
F2025-002122;2;10/04/2025;CLI0144;S02;213,68;6,70;5;1360,07;EUR;C05-Rocío
F2025-002123;1;14/03/2025;CLI0142;S15;2,00;89,55;5;170,14;EUR;C04-Andrés
F2025-002123;2;14/03/2025;CLI0142;S05;436,93;3,35;0;1463,72;EUR;C04-Andrés
F2025-002123;3;14/03/2025;CLI0142;S06;549,10;1,16;0;636,96;EUR;C01-Marta
F2025-002124;1;16/06/2025;CLI0379;S13;1,00;699,47;5;664,50;EUR;C02-Javier
F2025-002125;1;24/02/2025;CLI0224;S05;233,26;3,36;5;744,57;EUR;C03-Lucía
F2025-002125;2;24/02/2025;CLI0224;S06;2615,82;1,17;0;3060,51;EUR;C02-Javier
F2025-002125;3;24/02/2025;CLI0224;S06;784,69;1,15;0;902,39;EUR;C05-Rocío
F2025-002125;4;24/02/2025;CLI0224;S06;5599,73;1,16;0;6495,69;EUR;C02-Javier
F2025-002126;1;28/03/2025;CLI0024;S15;1,00;87,75;0;87,75;EUR;C02-Javier
F2025-002126;2;28/03/2025;CLI0024;S06;1681,46;1,17;5;1868,94;EUR;C03-Lucía
F2025-002126;3;28/03/2025;CLI0024;S06;859,15;1,10;0;945,07;EUR;C02-Javier
F2025-002126;4;28/03/2025;CLI0024;S05;289,43;3,14;0;908,81;EUR;C01-Marta
F2025-002127;1;08/03/2025;CLI0126;S10;409,63;8,94;0;3662,09;EUR;C05-Rocío
F2025-002127;2;08/03/2025;CLI0126;S10;849,78;8,58;5;6926,56;EUR;C03-Lucía
F2025-002127;3;08/03/2025;CLI0126;S10;1048,44;8,35;0;8754,47;EUR;C04-Andrés
F2025-002127;4;08/03/2025;CLI0126;S10;69,17;8,97;0;620,45;EUR;C01-Marta
F2025-002128;1;15/02/2025;CLI0380;S05;251,46;3,45;0;867,54;EUR;C02-Javier
F2025-002128;2;15/02/2025;CLI0380;S05;129,19;3,21;5;393,96;EUR;C05-Rocío
F2025-002128;3;15/02/2025;CLI0380;S06;3382,76;1,10;0;3721,04;EUR;C01-Marta
F2025-002129;1;03/03/2025;CLI0201;S02;2250,65;6,58;5;14068,81;EUR;C01-Marta
F2025-002129;2;03/03/2025;CLI0201;S15;2,00;90,52;0;181,04;EUR;C02-Javier
F2025-002130;1;24/10/2025;CLI0377;S01;96,10;101,67;0;9770,49;EUR;C04-Andrés
F2025-002131;1;12/10/2025;CLI0356;S15;1,00;87,10;0;87,10;EUR;C04-Andrés
F2025-002131;2;12/10/2025;CLI0356;S10;426,26;8,98;15;3253,64;EUR;C01-Marta
F2025-002132;1;28/06/2025;CLI0237;S09;87,49;42,49;15;3159,83;EUR;C03-Lucía
F2025-002132;2;28/06/2025;CLI0237;S09;197,12;41,13;5;7702,17;EUR;C05-Rocío
F2025-002132;3;28/06/2025;CLI0237;S09;83,72;43,51;10;3278,39;EUR;C02-Javier
F2025-002133;1;28/12/2025;CLI0218;S13;1,00;695,88;0;695,88;EUR;C03-Lucía
F2025-002133;2;28/12/2025;CLI0218;S14;16,00;206,89;0;3310,24;EUR;C04-Andrés
F2025-002133;3;28/12/2025;CLI0218;S10;1038,96;8,33;0;8654,54;EUR;C01-Marta
F2025-002134;1;16/06/2025;CLI0158;S14;3,00;207,10;15;528,10;EUR;C01-Marta
F2025-002135;1;25/12/2025;CLI0350;S05;241,65;3,43;15;704,53;EUR;C01-Marta
F2025-002135;2;25/12/2025;CLI0350;S05;1236,98;3,38;5;3971,94;EUR;C04-Andrés
F2025-002135;3;25/12/2025;CLI0350;S05;282,15;3,17;0;894,42;EUR;C04-Andrés
F2025-002135;4;25/12/2025;CLI0350;S13;1,00;645,47;0;645,47;EUR;C02-Javier
F2025-002136;1;23/05/2025;CLI0195;S11;41,07;25,11;5;979,70;EUR;C01-Marta
F2025-002136;2;23/05/2025;CLI0195;S14;3,00;213,23;0;639,69;EUR;C02-Javier
F2025-002136;3;23/05/2025;CLI0195;S01;22,09;100,29;0;2215,41;EUR;C04-Andrés
F2025-002137;1;02/01/2025;CLI0079;S06;939,50;1,15;0;1080,42;EUR;C03-Lucía
F2025-002137;2;02/01/2025;CLI0079;S05;690,38;3,44;0;2374,91;EUR;C01-Marta
F2025-002138;1;22/12/2025;CLI0094;S13;1,00;645,56;0;645,56;EUR;C02-Javier
F2025-002139;1;11/08/2025;CLI0024;S05;593,10;3,17;0;1880,13;EUR;C03-Lucía
F2025-002140;1;28/12/2025;CLI0138;S09;81,01;44,92;5;3457,02;EUR;C03-Lucía
F2025-002140;2;28/12/2025;CLI0138;S09;63,32;44,92;0;2844,33;EUR;C02-Javier
F2025-002140;3;28/12/2025;CLI0138;S09;101,32;41,87;0;4242,27;EUR;C01-Marta
F2025-002141;1;11/06/2025;CLI0024;S05;515,74;3,30;5;1616,84;EUR;C02-Javier
F2025-002142;1;27/02/2025;CLI0312;S08;877,60;2,50;5;2084,30;EUR;C05-Rocío
F2025-002142;2;27/02/2025;CLI0312;S13;1,00;683,69;10;615,32;EUR;C01-Marta
F2025-002142;3;27/02/2025;CLI0312;S15;1,00;90,32;15;76,77;EUR;C03-Lucía
F2025-002142;4;27/02/2025;CLI0312;S15;3,00;85,79;0;257,37;EUR;C01-Marta
F2025-002143;1;04/01/2025;CLI0024;S06;265,49;1,15;0;305,31;EUR;C04-Andrés
F2025-002144;1;01/02/2025;CLI0149;S15;3,00;84,13;0;252,39;EUR;C05-Rocío
F2025-002144;2;01/02/2025;CLI0149;S08;694,62;2,48;15;1464,26;EUR;C04-Andrés
F2025-002144;3;01/02/2025;CLI0149;S15;3,00;87,30;5;248,80;EUR;C04-Andrés
F2025-002144;4;01/02/2025;CLI0149;S08;1803,92;2,36;15;3618,66;EUR;C05-Rocío
F2025-002145;1;03/06/2025;CLI0297;S15;1,00;84,01;5;79,81;EUR;C05-Rocío
F2025-002146;1;16/01/2025;CLI0299;S08;1294,68;2,49;0;3223,75;EUR;C05-Rocío
F2025-002146;2;16/01/2025;CLI0299;S15;1,00;91,81;0;91,81;EUR;C05-Rocío
F2025-002147;1;23/04/2025;CLI0141;S14;16,00;216,14;5;3285,33;EUR;C05-Rocío
F2025-002148;1;22/06/2025;CLI0115;S13;1,00;655,99;10;590,39;EUR;C05-Rocío
F2025-002149;1;21/09/2025;CLI0207;S10;151,81;8,83;0;1340,48;EUR;C01-Marta
F2025-002149;2;21/09/2025;CLI0207;S10;340,82;8,88;5;2875,16;EUR;C05-Rocío
F2025-002149;3;21/09/2025;CLI0207;S10;119,94;9,17;0;1099,85;EUR;C01-Marta
F2025-002150;1;20/03/2025;CLI0388;S10;242,38;8,37;0;2028,72;EUR;C04-Andrés
F2025-002150;2;20/03/2025;CLI0388;S10;158,32;9,09;0;1439,13;EUR;C05-Rocío
F2025-002150;3;20/03/2025;CLI0388;S10;513,15;8,93;0;4582,43;EUR;C04-Andrés
F2025-002150;4;20/03/2025;CLI0388;S15;3,00;86,56;0;259,68;EUR;C04-Andrés
F2025-002151;1;21/09/2025;CLI0094;S08;576,81;2,53;0;1459,33;EUR;C03-Lucía
F2025-002151;2;21/09/2025;CLI0094;S07;432,87;1,72;5;707,31;EUR;C05-Rocío
F2025-002151;3;21/09/2025;CLI0094;S07;365,15;1,65;0;602,50;EUR;C03-Lucía
F2025-002152;1;08/09/2025;CLI0225;S14;12,00;212,56;0;2550,72;EUR;C05-Rocío
F2025-002152;2;08/09/2025;CLI0225;S06;892,79;1,15;0;1026,71;EUR;C05-Rocío
F2025-002152;3;08/09/2025;CLI0225;S05;351,35;3,19;10;1008,73;EUR;C05-Rocío
F2025-002153;1;15/04/2025;CLI0169;S09;181,07;41,29;0;7476,38;EUR;C05-Rocío
F2025-002153;2;15/04/2025;CLI0169;S09;45,81;43,24;5;1881,78;EUR;C03-Lucía
F2025-002154;1;27/04/2025;CLI0158;S09;91,57;41,41;0;3791,91;EUR;C05-Rocío
F2025-002155;1;20/10/2025;CLI0094;S07;807,14;1,66;0;1339,85;EUR;C04-Andrés
F2025-002156;1;25/08/2025;CLI0139;S13;1,00;698,20;5;663,29;EUR;C02-Javier
F2025-002156;2;25/08/2025;CLI0139;S05;209,53;3,17;0;664,21;EUR;C01-Marta
F2025-002157;1;28/06/2025;CLI0355;S02;436,97;7,54;0;3296,86;USD;C02-Javier
F2025-002157;2;28/06/2025;CLI0355;S02;154,20;7,69;0;1186,02;USD;C01-Marta
F2025-002158;1;22/12/2025;CLI0291;S10;838,38;8,83;0;7402,90;EUR;C04-Andrés
F2025-002158;2;22/12/2025;CLI0291;S10;492,29;8,33;10;3690,70;EUR;C02-Javier
F2025-002158;3;22/12/2025;CLI0291;S10;374,30;9,11;15;2898,39;EUR;C04-Andrés
F2025-002158;4;22/12/2025;CLI0291;S14;9,00;221,46;0;1993,14;EUR;C02-Javier
F2025-002159;1;16/01/2025;CLI0295;S06;483,49;1,19;0;575,35;EUR;C03-Lucía
F2025-002159;2;16/01/2025;CLI0295;S06;1317,16;1,17;5;1464,02;EUR;C02-Javier
F2025-002160;1;25/04/2025;CLI0078;S10;601,02;8,76;0;5264,94;EUR;C05-Rocío
F2025-002160;2;25/04/2025;CLI0078;S14;13,00;207,62;0;2699,06;EUR;C02-Javier
F2025-002160;3;25/04/2025;CLI0078;S10;2407,84;9,01;0;21694,64;EUR;C03-Lucía
F2025-002160;4;25/04/2025;CLI0078;S10;413,82;8,84;5;3475,26;EUR;C02-Javier
F2025-002161;1;23/08/2025;CLI0322;S06;1973,00;1,15;5;2155,50;EUR;C03-Lucía
F2025-002161;2;23/08/2025;CLI0322;S05;1347,86;3,29;10;3991,01;EUR;C01-Marta
F2025-002162;1;03/05/2025;CLI0143;S10;221,49;8,74;0;1935,82;EUR;C02-Javier
F2025-002163;1;28/02/2025;CLI0063;S05;2336,01;3,19;0;7451,87;EUR;C01-Marta
F2025-002163;2;28/02/2025;CLI0063;S05;103,96;3,27;0;339,95;EUR;C02-Javier
F2025-002164;1;15/06/2025;CLI0060;S13;1,00;700,86;0;700,86;EUR;C02-Javier
F2025-002164;2;15/06/2025;CLI0060;S01;506,89;97,21;0;49274,78;EUR;C01-Marta
F2025-002164;3;15/06/2025;CLI0060;S11;50,31;24,91;5;1190,56;EUR;C03-Lucía
F2025-002164;4;15/06/2025;CLI0060;S01;152,82;97,70;0;14930,51;EUR;C02-Javier
F2025-002165;1;03/04/2025;CLI0212;S03;64,44;39,53;5;2419,95;EUR;C05-Rocío
F2025-002166;1;13/02/2025;CLI0212;S03;31,23;40,87;0;1276,37;EUR;C03-Lucía
F2025-002166;2;13/02/2025;CLI0212;S12;1,00;118,68;0;118,68;EUR;C03-Lucía
F2025-002167;1;03/02/2025;CLI0341;S06;3631,00;1,18;0;4284,58;EUR;C04-Andrés
F2025-002167;2;03/02/2025;CLI0341;S06;7428,10;1,08;0;8022,35;EUR;C04-Andrés
F2025-002167;3;03/02/2025;CLI0341;S05;1036,71;3,17;0;3286,37;EUR;C02-Javier
F2025-002168;1;16/07/2025;CLI0170;S06;1679,23;1,09;0;1830,36;EUR;C05-Rocío
F2025-002168;2;16/07/2025;CLI0170;S06;4987,65;1,18;10;5296,88;EUR;C02-Javier
F2025-002169;1;27/11/2025;CLI0101;S14;12,00;214,36;0;2572,32;EUR;C04-Andrés
F2025-002170;1;26/09/2025;cli0145;S10;2762,52;8,64;0;23868,17;EUR;C05-Rocío
F2025-002170;2;26/09/2025;CLI0145;S13;1,00;658,64;0;658,64;EUR;C04-Andrés
F2025-002170;3;26/09/2025;CLI0145;S10;346,91;8,39;0;2910,57;EUR;C03-Lucía
F2025-002171;1;06/01/2025;CLI0056;S10;2041,11;8,53;0;17410,67;EUR;C02-Javier
F2025-002171;2;06/01/2025;CLI0056;S10;171,90;8,90;5;1453,41;EUR;C02-Javier
F2025-002171;3;06/01/2025;CLI0056;S10;2210,02;8,80;0;19448,18;EUR;C01-Marta
F2025-002172;1;07/08/2025;CLI0393;S15;1,00;85,33;5;81,06;EUR;C05-Rocío
F2025-002172;2;07/08/2025;CLI0393;S01;38,36;96,27;0;3692,92;EUR;C03-Lucía
F2025-002172;3;07/08/2025;CLI0393;S02;694,48;6,38;5;4209,24;EUR;C02-Javier
F2025-002172;4;07/08/2025;CLI0393;S02;351,80;6,52;0;2293,74;EUR;C05-Rocío
F2025-002173;1;01/12/2025;CLI0158;S14;7,00;215,37;0;1507,59;EUR;C02-Javier
F2025-002173;2;01/12/2025;CLI0158;S09;225,11;41,20;15;7883,35;EUR;C04-Andrés
F2025-002173;3;01/12/2025;CLI0158;S09;104,12;41,10;10;3851,40;EUR;C04-Andrés
F2025-002174;1;15/07/2025;CLI0318;S13;1,00;681,84;5;647,75;EUR;C02-Javier
F2025-002174;2;15/07/2025;CLI0318;S06;5245,46;1,08;0;5665,10;EUR;C04-Andrés
F2025-002174;3;15/07/2025;CLI0318;S06;2601,22;1,11;5;2742,99;EUR;C03-Lucía
F2025-002175;1;25/07/2025;CLI0241;S04;279,80;14,69;5;3904,75;EUR;C03-Lucía
F2025-002175;2;25/07/2025;CLI0241;S03;87,65;37,90;0;3321,93;EUR;C04-Andrés
F2025-002175;3;25/07/2025;CLI0241;S04;574,14;14,29;0;8204,46;EUR;C01-Marta
F2025-002176;1;14/12/2025;CLI0051;S05;294,81;3,22;0;949,29;EUR;C05-Rocío
F2025-002176;2;14/12/2025;CLI0051;S14;2,00;209,79;0;419,58;EUR;C05-Rocío
F2025-002177;1;19/04/2025;CLI0356;S10;263,02;9,05;5;2261,31;EUR;C03-Lucía
F2025-002177;2;19/04/2025;CLI0356;S10;617,64;8,43;10;4686,03;EUR;C02-Javier
F2025-002178;1;14/08/2025;CLI0071;S02;167,38;6,49;0;1086,30;EUR;C05-Rocío
F2025-002178;2;14/08/2025;CLI0071;S01;80,41;96,66;0;7772,43;EUR;C05-Rocío
F2025-002178;3;14/08/2025;CLI0071;S11;35,11;26,76;0;939,54;EUR;C01-Marta
F2025-002179;1;16/10/2025;CLI0078;S10;315,38;9,14;5;2738,44;EUR;C05-Rocío
F2025-002180;1;27/08/2025;CLI0024;S06;1254,39;1,15;0;1442,55;EUR;C05-Rocío
F2025-002181;1;18/07/2025;CLI0095;S09;115,06;42,58;0;4899,25;EUR;C03-Lucía
F2025-002181;2;18/07/2025;CLI0095;S09;150,77;42,77;10;5803,59;EUR;C05-Rocío
F2025-002181;3;18/07/2025;CLI0095;S09;90,69;44,22;15;3408,77;EUR;C03-Lucía
F2025-002181;4;18/07/2025;CLI0095;S09;158,41;41,58;5;6257,35;EUR;C03-Lucía
F2025-002182;1;24/01/2025;CLI0117;S05;316,54;3,42;0;1082,57;EUR;C01-Marta
F2025-002182;2;24/01/2025;CLI0117;S05;1527,97;3,45;0;5271,50;EUR;C03-Lucía
F2025-002182;3;24/01/2025;CLI0117;S14;9,00;215,83;5;1845,35;EUR;C02-Javier
F2025-002183;1;25/12/2025;CLI0095;S09;76,26;41,15;10;2824,29;EUR;C03-Lucía
F2025-002183;2;25/12/2025;CLI0095;S09;89,35;43,61;0;3896,55;EUR;C04-Andrés
F2025-002184;1;17/02/2025;CLI0342;S10;6823,92;8,73;0;59572,82;EUR;C02-Javier
F2025-002185;1;10/01/2025;CLI0296;S06;476,99;1,13;5;512,05;EUR;C02-Javier
F2025-002185;2;10/01/2025;CLI0296;S14;3,00;221,82;15;565,64;EUR;C02-Javier
F2025-002186;1;10/03/2025;CLI0212;S03;62,77;37,19;0;2334,42;EUR;C01-Marta
F2025-002186;2;10/03/2025;CLI0212;S12;1,00;124,19;0;124,19;EUR;C04-Andrés
F2025-002186;3;10/03/2025;CLI0212;S12;2,00;117,91;5;224,03;EUR;C04-Andrés
F2025-002186;4;10/03/2025;CLI0212;S03;38,93;41,09;0;1599,63;EUR;C03-Lucía
F2025-002187;1;21/06/2025;CLI0120;S02;249,27;6,41;0;1597,82;EUR;C02-Javier
F2025-002187;2;21/06/2025;CLI0120;S01;78,42;102,32;10;7221,54;EUR;C02-Javier
F2025-002188;1;20/03/2025;CLI0099;S10;4279,00;8,42;0;36029,18;EUR;C01-Marta
F2025-002188;2;20/03/2025;CLI0099;S14;10,00;222,04;0;2220,40;EUR;C05-Rocío
F2025-002188;3;20/03/2025;CLI0099;S10;126,53;8,49;0;1074,24;EUR;C04-Andrés
F2025-002189;1;08/09/2025;CLI0008;S14;8,00;224,69;5;1707,64;EUR;C01-Marta
F2025-002189;2;08/09/2025;CLI0008;S02;1120,49;6,70;0;7507,28;EUR;C05-Rocío
F2025-002190;1;26/09/2025;CLI0138;S09;40,99;44,94;5;1749,99;EUR;C04-Andrés
F2025-002190;2;26/09/2025;CLI0138;S09;78,38;42,59;0;3338,20;EUR;C05-Rocío
F2025-002190;3;26/09/2025;CLI0138;S09;53,62;41,29;0;2213,97;EUR;C02-Javier
F2025-002190;4;26/09/2025;CLI0138;S09;140,41;41,93;0;5887,39;EUR;C04-Andrés
F2025-002191;1;02/03/2025;CLI0362;S01;87,31;101,50;0;8861,97;EUR;C01-Marta
F2025-002191;2;02/03/2025;CLI0362;S11;101,85;25,18;0;2564,58;EUR;C02-Javier
F2025-002192;1;17/08/2025;CLI0087;S10;604,41;9,74;0;5886,15;USD;C01-Marta
F2025-002192;2;17/08/2025;CLI0087;S10;45,06;8,80;0;396,53;EUR;C01-Marta
F2025-002192;3;17/08/2025;CLI0087;S15;3,00;86,11;0;258,33;EUR;C02-Javier
F2025-002192;4;17/08/2025;CLI0087;S15;1,00;100,09;0;100,09;USD;C03-Lucía
F2025-002193;1;13/09/2025;CLI0274;S08;4209,10;2,40;10;9091,66;EUR;C02-Javier
F2025-002194;1;01/01/2025;CLI0087;S10;120,00;9,05;0;1086,00;EUR;C05-Rocío
F2025-002195;1;13/07/2025;CLI0159;S12;3,00;122,92;15;313,45;EUR;C04-Andrés
F2025-002195;2;13/07/2025;CLI0159;S14;5,00;225,38;0;1126,90;EUR;C01-Marta
F2025-002196;1;01/08/2025;CLI0207;S10;1432,76;8,63;5;11746,48;EUR;C02-Javier
F2025-002197;1;05/03/2025;CLI0161;S09;98,53;53,50;0;5271,50;USD;C05-Rocío
F2025-002197;2;05/03/2025;CLI0161;S09;60,62;43,72;5;2517,79;EUR;C03-Lucía
F2025-002198;1;17/10/2025;CLI0095;S09;174,22;44,20;0;7700,52;EUR;C04-Andrés
F2025-002199;1;09/09/2025;CLI0068;S06;1350,67;1,16;0;1566,78;EUR;C03-Lucía
F2025-002199;2;09/09/2025;CLI0068;S06;771,46;1,15;0;887,18;EUR;C03-Lucía
F2025-002199;3;09/09/2025;CLI0068;S06;2282,79;1,14;0;2602,38;EUR;C03-Lucía
F2025-002200;1;23/09/2025;CLI0299;S07;236,91;1,60;0;379,06;EUR;C01-Marta
F2025-002200;2;23/09/2025;CLI0299;S07;209,92;1,65;0;346,37;EUR;C01-Marta
F2025-002201;1;14/09/2025;CLI0079;S05;409,69;3,37;0;1380,66;EUR;C02-Javier
F2025-002202;1;02/01/2025;CLI0114;S09;55,70;42,22;0;2351,65;EUR;C04-Andrés
F2025-002202;2;02/01/2025;CLI0114;S09;170,76;41,33;0;7057,51;EUR;C03-Lucía
F2025-002202;3;02/01/2025;CLI0114;S09;107,47;44,12;0;4741,58;EUR;C04-Andrés
F2025-002202;4;02/01/2025;CLI0114;S09;267,66;44,70;5;11366,18;EUR;C02-Javier
F2025-002203;1;15/12/2025;CLI0048;S10;132,94;8,55;0;1136,64;EUR;C02-Javier
F2025-002204;1;28/07/2025;CLI0238;S04;3095,46;15,05;0;46586,67;EUR;C05-Rocío
F2025-002204;2;28/07/2025;CLI0238;S04;1033,06;15,03;15;13197,86;EUR;C02-Javier
F2025-002205;1;17/10/2025;CLI0186;S06;635,29;1,15;0;730,58;EUR;C03-Lucía
F2025-002205;2;17/10/2025;CLI0186;S06;222,25;1,12;0;248,92;EUR;C04-Andrés
F2025-002206;1;11/01/2025;CLI0213;S10;649,56;9,13;5;5633,96;EUR;C04-Andrés
F2025-002206;2;11/01/2025;CLI0213;S10;30,32;8,66;0;262,57;EUR;C01-Marta
F2025-002206;3;11/01/2025;CLI0213;S10;615,59;9,12;0;5614,18;EUR;C03-Lucía
F2025-002206;4;11/01/2025;CLI0213;S14;7,00;212,62;0;1488,34;EUR;C02-Javier
F2025-002207;1;02/11/2025;CLI0274;S08;2864,54;2,37;15;5770,62;EUR;C02-Javier
F2025-002207;2;02/11/2025;CLI0274;S07;733,06;1,65;5;1149,07;EUR;C05-Rocío
F2025-002208;1;14/12/2025;CLI0051;S06;456,43;1,15;5;498,65;EUR;C02-Javier
F2025-002209;1;02/08/2025;CLI0130;S06;5698,10;1,12;0;6381,87;EUR;C02-Javier
F2025-002209;2;02/08/2025;CLI0130;S05;3269,83;3,30;5;10250,92;EUR;C01-Marta
F2025-002209;3;02/08/2025;CLI0130;S15;3,00;90,53;0;271,59;EUR;C03-Lucía
F2025-002210;1;10/08/2025;CLI0207;S10;1062,36;9,09;0;9656,85;EUR;C04-Andrés
F2025-002210;2;10/08/2025;CLI0207;S10;901,32;8,52;0;7679,25;EUR;C02-Javier
F2025-002210;3;10/08/2025;CLI0207;S10;506,63;8,80;0;4458,34;EUR;C02-Javier
F2025-002211;1;22/11/2025;CLI0191;S14;13,00;207,93;0;2703,09;EUR;C05-Rocío
F2025-002211;2;22/11/2025;CLI0191;S01;271,33;94,12;5;24260,70;EUR;C05-Rocío
F2025-002212;1;11/06/2025;CLI0095;S09;184,80;43,09;0;7963,03;EUR;C04-Andrés
F2025-002213;1;22/01/2025;CLI0058;S08;2814,75;2,42;0;6811,69;EUR;C04-Andrés
F2025-002214;1;05/01/2025;CLI0235;S10;860,63;8,81;0;7582,15;EUR;C04-Andrés
F2025-002214;2;05/01/2025;CLI0235;S10;562,63;9,00;0;5063,67;EUR;C02-Javier
F2025-002214;3;05/01/2025;CLI0235;S10;83,56;8,71;0;727,81;EUR;C03-Lucía
F2025-002214;4;05/01/2025;CLI0235;S10;464,29;8,56;0;3974,32;EUR;C05-Rocío
F2025-002215;1;17/06/2025;CLI0101;S10;1821,41;9,60;0;17480,77;USD;C03-Lucía
F2025-002215;2;17/06/2025;CLI0101;S10;220,33;9,10;0;2005,00;EUR;C05-Rocío
F2025-002215;3;17/06/2025;CLI0101;S10;335,43;8,74;0;2931,66;EUR;C01-Marta
F2025-002216;1;19/09/2025;CLI0120;S01;288,47;101,78;10;26424,43;EUR;C01-Marta
F2025-002216;2;19/09/2025;CLI0120;S02;176,76;6,39;0;1129,50;EUR;C04-Andrés
F2025-002217;1;14/02/2025;CLI0153;S03;47,29;40,03;0;1893,02;EUR;C03-Lucía
F2025-002217;2;14/02/2025;CLI0153;S13;1,00;702,22;0;702,22;EUR;C02-Javier
F2025-002217;3;14/02/2025;CLI0153;S14;5,00;212,56;0;1062,80;EUR;C01-Marta
F2025-002218;1;11/05/2025;CLI0024;S05;844,33;3,24;0;2735,63;EUR;C04-Andrés
F2025-002218;2;11/05/2025;CLI0024;S05;106,62;3,36;0;358,24;EUR;C03-Lucía
F2025-002218;3;11/05/2025;CLI0024;S06;1679,31;1,11;0;1864,03;EUR;C04-Andrés
F2025-002219;1;04/04/2025;CLI0155;S01;140,87;97,08;0;13675,66;EUR;C04-Andrés
F2025-002220;1;20/05/2025;CLI0208;S03;34,86;40,61;0;1415,66;EUR;C03-Lucía
F2025-002221;1;25/11/2025;CLI0370;S06;16281,70;1,11;5;17169,05;EUR;C05-Rocío
F2025-002221;2;25/11/2025;CLI0370;S06;1783,60;1,17;10;1878,13;EUR;C01-Marta
F2025-002221;3;25/11/2025;CLI0370;S06;2241,93;1,19;15;2267,71;EUR;C05-Rocío
F2025-002222;1;08/05/2025;CLI0354;S11;35,44;26,42;0;936,32;EUR;C02-Javier
F2025-002222;2;08/05/2025;CLI0354;S01;74,81;94,42;0;7063,56;EUR;C02-Javier
F2025-002223;1;21/04/2025;CLI0263;S01;74,63;98,74;0;7368,97;EUR;C04-Andrés
F2025-002224;1;01/09/2025;CLI0068;S05;624,31;3,26;0;2035,25;EUR;C04-Andrés
F2025-002224;2;01/09/2025;CLI0068;S06;766,98;1,09;0;836,01;EUR;C01-Marta
F2025-002224;3;01/09/2025;CLI0068;S14;6,00;207,52;0;1245,12;EUR;C01-Marta
F2025-002225;1;13/11/2025;CLI0178;S10;163,63;9,14;5;1420,80;EUR;C04-Andrés
F2025-002225;2;13/11/2025;CLI0178;S10;960,76;8,39;0;8060,78;EUR;C04-Andrés
F2025-002225;3;13/11/2025;CLI0178;S15;1,00;87,83;0;87,83;EUR;C01-Marta
F2025-002226;1;24/07/2025;CLI0140;S07;405,70;1,66;5;639,79;EUR;C04-Andrés
F2025-002226;2;24/07/2025;CLI0140;S14;5,00;205,77;0;1028,85;EUR;C04-Andrés
F2025-002226;3;24/07/2025;CLI0140;S07;1321,92;1,61;0;2128,29;EUR;C01-Marta
F2025-002227;1;24/09/2025;CLI0089;S06;915,08;1,19;0;1088,95;EUR;C04-Andrés
F2025-002227;2;24/09/2025;CLI0089;S06;1057,66;1,10;15;988,91;EUR;C02-Javier
F2025-002227;3;24/09/2025;CLI0089;S14;10,00;208,95;5;1985,02;EUR;C04-Andrés
F2025-002227;4;24/09/2025;CLI0089;S05;321,72;3,20;5;978,03;EUR;C05-Rocío
F2025-002228;1;2025-02-27;CLI0207;S10;108,35;9,13;0;989,24;EUR;C04-Andrés
F2025-002228;2;27/02/2025;CLI0207;S10;512,21;8,95;0;4584,28;EUR;C04-Andrés
F2025-002229;1;06/01/2025;CLI0385;S15;3,00;84,17;5;239,88;EUR;C03-Lucía
F2025-002229;2;06/01/2025;CLI0385;S06;314,51;1,13;0;355,40;EUR;C01-Marta
F2025-002230;1;16/12/2025;CLI0312;S08;3579,47;2,54;0;9091,85;EUR;C04-Andrés
F2025-002231;1;26/12/2025;CLI0034;S09;104,31;41,52;0;4330,95;EUR;C05-Rocío
F2025-002232;1;14/11/2025;CLI0078;S10;1078,06;8,98;5;9196,93;EUR;C03-Lucía
F2025-002232;2;14/11/2025;CLI0078;S10;185,58;8,54;0;1584,85;EUR;C04-Andrés
F2025-002232;3;14/11/2025;CLI0078;S10;123,19;8,37;0;1031,10;EUR;C05-Rocío
F2025-002232;4;14/11/2025;CLI0078;S10;49,15;9,13;0;448,74;EUR;C05-Rocío
F2025-002233;1;27/05/2025;CLI0383;S14;7,00;224,80;5;1494,92;EUR;C04-Andrés
F2025-002234;1;10/01/2025;CLI0001;S05;1034,05;3,43;5;3369,45;EUR;C03-Lucía
F2025-002235;1;12/10/2025;CLI0225;S13;1,00;679,42;0;679,42;EUR;C03-Lucía
F2025-002235;2;12/10/2025;CLI0225;S13;1,00;667,40;10;600,66;EUR;C03-Lucía
F2025-002236;1;16/07/2025;CLI0356;S10;704,89;9,14;0;6442,69;EUR;C03-Lucía
F2025-002236;2;16/07/2025;CLI0356;S10;247,67;8,51;0;2107,67;EUR;C04-Andrés
F2025-002236;3;16/07/2025;CLI0356;S10;1943,20;9,09;0;17663,69;EUR;C02-Javier
F2025-002237;1;20/08/2025;CLI0207;S10;125,40;8,59;0;1077,19;EUR;C04-Andrés
F2025-002237;2;20/08/2025;CLI0207;S10;357,58;8,58;0;3068,04;EUR;C01-Marta
F2025-002237;3;20/08/2025;CLI0207;S10;440,64;8,94;0;3939,32;EUR;C03-Lucía
F2025-002237;4;20/08/2025;CLI0207;S10;349,25;8,32;0;2905,76;EUR;C04-Andrés
F2025-002238;1;28/12/2025;CLI0067;S10;1050,66;8,36;5;8344,34;EUR;C03-Lucía
F2025-002238;2;28/12/2025;CLI0067;S13;1,00;672,08;0;672,08;EUR;C05-Rocío
F2025-002239;1;26/02/2025;CLI0356;S13;1,00;696,33;0;696,33;EUR;C05-Rocío
F2025-002240;1;05/06/2025;CLI0207;S10;482,01;8,37;5;3832,70;EUR;C02-Javier
F2025-002241;1;10/01/2025;CLI0228;S05;696,59;3,22;10;2018,72;EUR;C05-Rocío
F2025-002242;1;2025-12-02;CLI0296;S06;1978,40;1,10;0;2176,24;EUR;C04-Andrés
F2025-002242;2;02/12/2025;CLI0296;S05;168,19;3,34;15;477,49;EUR;C01-Marta
F2025-002243;1;07/01/2025;CLI0207;S10;201,61;9,07;5;1737,17;EUR;C05-Rocío
F2025-002243;2;07/01/2025;CLI0207;S10;867,96;9,13;5;7528,25;EUR;C04-Andrés
F2025-002243;3;07/01/2025;CLI0207;S10;89,28;8,44;0;753,52;EUR;C02-Javier
F2025-002244;1;21/12/2025;CLI0218;S10;108,70;9,05;0;983,74;EUR;C04-Andrés
F2025-002244;2;21/12/2025;CLI0218;S14;16,00;224,92;0;3598,72;EUR;C05-Rocío
F2025-002244;3;21/12/2025;CLI0218;S10;4439,91;8,42;5;35514,84;EUR;C02-Javier
F2025-002244;4;2025-12-21;CLI0218;S10;822,98;8,55;5;6684,66;EUR;C04-Andrés
F2025-002245;1;21/11/2025;CLI0364;S08;3285,04;2,57;5;8020,43;EUR;C02-Javier
F2025-002246;1;24/05/2025;CLI0019;S03;41,07;38,97;0;1600,50;EUR;C01-Marta
F2025-002246;2;24/05/2025;CLI0019;S03;38,12;37,72;0;1437,89;EUR;C05-Rocío
F2025-002247;1;06/09/2025;CLI0152;S14;2,00;209,74;0;419,48;EUR;C03-Lucía
F2025-002247;2;06/09/2025;CLI0152;S14;4,00;214,14;0;856,56;EUR;C01-Marta
F2025-002247;3;06/09/2025;CLI0152;S02;577,29;6,89;0;3977,53;EUR;C04-Andrés
F2025-002247;4;06/09/2025;CLI0152;S15;1,00;83,52;5;79,34;EUR;C05-Rocío
F2025-002248;1;01/10/2025;CLI0207;S13;1,00;701,15;5;666,09;EUR;C02-Javier
F2025-002248;2;01/10/2025;CLI0207;S14;13,00;225,34;5;2782,95;EUR;C01-Marta
F2025-002248;3;01/10/2025;CLI0207;S10;1238,70;8,86;5;10426,14;EUR;C03-Lucía
F2025-002248;4;01/10/2025;CLI0207;S10;406,96;8,36;5;3232,08;EUR;C05-Rocío
F2025-002249;1;20/04/2025;CLI0051;S14;10,00;210,78;0;2107,80;EUR;C02-Javier
F2025-002250;1;19/04/2025;CLI0080;S11;72,22;25,59;0;1848,11;EUR;C03-Lucía
F2025-002250;2;19/04/2025;CLI0080;S01;86,18;100,41;0;8653,33;EUR;C03-Lucía
F2025-002250;3;19/04/2025;CLI0080;S14;6,00;209,97;0;1259,82;EUR;C02-Javier
F2025-002251;1;23/09/2025;CLI0356;S10;291,35;9,12;0;2657,11;EUR;C04-Andrés
F2025-002251;2;23/09/2025;CLI0356;S13;1,00;659,57;15;560,63;EUR;C02-Javier
F2025-002251;3;23/09/2025;CLI0356;S10;40,85;9,19;10;337,87;EUR;C03-Lucía
F2025-002251;4;23/09/2025;CLI0356;S10;385,88;8,43;5;3090,32;EUR;C01-Marta
F2025-002252;1;27/07/2025;CLI0279;S14;9,00;207,32;0;1865,88;EUR;C01-Marta
F2025-002253;1;02/01/2025;CLI0101;S10;400,47;8,86;0;3548,16;EUR;C04-Andrés
F2025-002253;2;02/01/2025;CLI0101;S10;388,47;10,69;0;4151,41;USD;C02-Javier
F2025-002253;3;02/01/2025;CLI0101;S10;377,95;8,93;5;3206,34;EUR;C05-Rocío
F2025-002254;1;23/12/2025;CLI0127;S09;177,15;43,00;5;7236,58;EUR;C02-Javier
F2025-002254;2;23/12/2025;CLI0127;S09;221,41;44,98;0;;EUR;C05-Rocío
F2025-002254;3;23/12/2025;CLI0127;S09;322,48;43,72;0;14098,83;EUR;C04-Andrés
F2025-002255;1;27/04/2025;CLI0251;S05;1180,32;3,28;0;3871,45;EUR;C02-Javier
F2025-002256;1;20/11/2025;CLI0158;S13;1,00;670,98;10;603,88;EUR;C01-Marta
F2025-002256;2;20/11/2025;CLI0158;S09;112,83;44,05;0;4970,16;EUR;C03-Lucía
F2025-002257;1;06/04/2025;CLI0095;S09;144,98;41,38;5;5699,31;EUR;C02-Javier
F2025-002257;2;06/04/2025;CLI0095;S09;151,78;41,95;5;6048,81;EUR;C01-Marta
F2025-002258;1;19/07/2025;CLI0183;S03;23,09;37,54;5;823,46;EUR;C02-Javier
F2025-002259;1;05/08/2025;CLI0099;S10;223,12;8,59;0;1916,60;EUR;C03-Lucía
F2025-002259;2;05/08/2025;CLI0099;S10;648,64;8,47;5;5219,28;EUR;C05-Rocío
F2025-002260;1;28/10/2025;CLI0095;S09;123,22;43,70;0;5384,71;EUR;C04-Andrés
F2025-002260;2;28/10/2025;CLI0095;S09;229,47;45,40;10;9376,14;EUR;C05-Rocío
F2025-002260;3;28/10/2025;CLI0095;S09;149,55;41,12;5;5842,02;EUR;C05-Rocío
F2025-002260;4;28/10/2025;CLI0095;S09;78,43;44,14;15;2942,62;EUR;C01-Marta
F2025-002261;1;02/06/2025;CLI0187;S01;156,30;99,92;0;15617,50;EUR;C04-Andrés
F2025-002261;2;02/06/2025;CLI0187;S02;105,46;6,84;0;721,35;EUR;C01-Marta
F2025-002261;3;02/06/2025;CLI0187;S02;2429,57;6,98;0;16958,40;EUR;C01-Marta
F2025-002261;4;02/06/2025;CLI0187;S01;306,60;95,57;0;29301,76;EUR;C05-Rocío
F2025-002262;1;24/05/2025;CLI0314;S15;3,00;84,17;0;252,51;EUR;C02-Javier
F2025-002262;2;24/05/2025;CLI0314;S08;988,09;2,53;0;2499,87;EUR;C03-Lucía
F2025-002262;3;24/05/2025;CLI0314;S07;123,96;1,65;0;204,53;EUR;C03-Lucía
F2025-002262;4;24/05/2025;CLI0314;S08;1771,02;2,45;0;4339,00;EUR;C02-Javier
F2025-002263;1;06/02/2025;CLI0182;S13;1,00;657,72;5;624,83;EUR;C04-Andrés
F2025-002263;2;06/02/2025;CLI0182;S05;1115,81;3,33;0;3715,65;EUR;C05-Rocío
F2025-002264;1;12/02/2025;CLI0400;S06;2025,89;1,16;15;1997,53;EUR;C05-Rocío
F2025-002264;2;12/02/2025;CLI0400;S15;2,00;90,24;0;180,48;EUR;C04-Andrés
F2025-002264;3;12/02/2025;CLI0400;S06;3890,69;1,18;5;4361,46;EUR;C03-Lucía
F2025-002265;1;09/09/2025;CLI0120;S01;177,75;97,11;5;16398,24;EUR;C05-Rocío
F2025-002265;2;09/09/2025;CLI0120;S11;15,87;26,83;5;404,50;EUR;C02-Javier
F2025-002265;3;09/09/2025;CLI0120;S11;67,32;26,35;0;1773,88;EUR;C04-Andrés
F2025-002265;4;09/09/2025;CLI0120;S02;283,21;6,42;10;1636,39;EUR;C01-Marta
F2025-002266;1;11/09/2025;CLI0020;S06;2549,92;1,17;0;2983,41;EUR;C04-Andrés
F2025-002266;2;11/09/2025;CLI0020;S05;84,35;3,24;0;273,29;EUR;C03-Lucía
F2025-002266;3;2025-09-11;CLI0020;S05;64,68;3,41;0;220,56;EUR;C01-Marta
F2025-002266;4;11/09/2025;CLI0020;S06;990,61;1,11;0;1099,58;EUR;C04-Andrés
F2025-002267;1;07/01/2025;CLI0052;S07;88,63;1,66;0;147,13;EUR;C01-Marta
F2025-002267;2;07/01/2025;CLI0052;S07;791,93;1,62;0;1282,93;EUR;C05-Rocío
F2025-002267;3;07/01/2025;CLI0052;S15;4,00;88,86;0;355,44;EUR;C03-Lucía
F2025-002267;4;07/01/2025;CLI0052;S07;1230,21;1,66;0;2042,15;EUR;C01-Marta
F2025-002268;1;20/02/2025;CLI0212;S03;15,29;39,11;0;597,99;EUR;C02-Javier
F2025-002268;2;20/02/2025;CLI0212;S12;2,00;118,85;5;225,81;EUR;C04-Andrés
F2025-002268;3;20/02/2025;CLI0212;S03;152,93;37,77;0;5776,17;EUR;C04-Andrés
F2025-002268;4;20/02/2025;CLI0212;S04;4451,91;14,33;5;60606,08;EUR;C02-Javier
F2025-002269;1;26/03/2025;CLI0048;S10;807,47;8,74;5;6704,42;EUR;C03-Lucía
F2025-002269;2;26/03/2025;CLI0048;S14;9,00;208,15;5;1779,68;EUR;C01-Marta
F2025-002269;3;26/03/2025;CLI0048;S10;60,25;8,80;5;503,69;EUR;C04-Andrés
F2025-002270;1;27/11/2025;CLI0139;S05;710,06;3,35;0;2378,70;EUR;C04-Andrés
F2025-002270;2;27/11/2025;CLI0139;S05;1330,23;3,21;0;4270,04;EUR;C02-Javier
F2025-002270;3;27/11/2025;CLI0139;S06;1428,80;1,09;0;1557,39;EUR;C04-Andrés
F2025-002271;1;23/05/2025;CLI0207;S10;201,77;8,63;0;1741,28;EUR;C04-Andrés
F2025-002271;2;23/05/2025;cli0207;S10;179,60;8,35;0;1499,66;EUR;C01-Marta
F2025-002271;3;23/05/2025;CLI0207;S14;10,00;209,00;0;2090,00;EUR;C01-Marta
F2025-002271;4;23/05/2025;CLI0207;S10;421,69;8,65;0;3647,62;EUR;C02-Javier
F2025-002272;1;14/03/2025;CLI0370;S15;2,00;88,26;0;176,52;EUR;C02-Javier
F2025-002272;2;14/03/2025;CLI0370;S06;1697,93;1,17;0;1986,58;EUR;C01-Marta
F2025-002273;1;01/09/2025;CLI0180;S07;179,18;1,66;0;297,44;EUR;C04-Andrés
F2025-002273;2;01/09/2025;CLI0180;S15;3,00;89,47;0;268,41;EUR;C03-Lucía
F2025-002273;3;01/09/2025;CLI0180;S15;3,00;85,87;5;244,73;EUR;C01-Marta
F2025-002274;1;06/07/2025;CLI0101;S10;154,28;8,79;10;1220,51;EUR;C01-Marta
F2025-002274;2;06/07/2025;CLI0101;S10;123,86;8,50;0;1052,81;EUR;C05-Rocío
F2025-002274;3;06/07/2025;CLI0101;S10;212,30;10,13;10;1935,57;USD;C05-Rocío
F2025-002275;1;11/06/2025;CLI0236;S15;2,00;89,26;0;178,52;EUR;C01-Marta
F2025-002275;2;11/06/2025;CLI0236;S06;2695,42;1,19;0;3207,55;EUR;C05-Rocío
F2025-002276;1;16/03/2025;CLI0031;S01;474,91;97,24;0;46180,25;EUR;C02-Javier
F2025-002277;1;21/09/2025;CLI0299;S08;1128,06;2,43;0;2741,19;EUR;C05-Rocío
F2025-002277;2;21/09/2025;CLI0299;S07;721,42;1,72;0;1240,84;EUR;C05-Rocío
F2025-002278;1;24/11/2025;CLI0312;S07;2151,86;1,64;0;3529,05;EUR;C03-Lucía
F2025-002278;2;24/11/2025;CLI0312;S07;371,13;1,70;5;599,37;EUR;C05-Rocío
F2025-002278;3;24/11/2025;CLI0312;S08;4317,94;2,40;10;9326,75;EUR;C04-Andrés
F2025-002278;4;24/11/2025;CLI0312;S08;1693,31;2,40;10;3657,55;EUR;C03-Lucía
F2025-002279;1;10/09/2025;CLI0207;S10;331,38;9,15;0;3032,13;EUR;C02-Javier
F2025-002279;2;10/09/2025;CLI0207;S10;235,21;9,10;0;2140,41;EUR;C04-Andrés
F2025-002279;3;10/09/2025;CLI0207;S10;190,52;8,73;0;1663,24;EUR;C03-Lucía
F2025-002280;1;25/04/2025;CLI0146;S09;95,17;42,79;0;4072,32;EUR;C04-Andrés
F2025-002280;2;25/04/2025;CLI0146;S09;118,44;45,38;0;5374,81;EUR;C02-Javier
F2025-002281;1;12/09/2025;CLI0366;S06;373,29;1,19;5;422,00;EUR;C02-Javier
F2025-002281;2;12/09/2025;CLI0366;S06;284,81;1,16;0;330,38;EUR;C04-Andrés
F2025-002282;1;01/02/2025;CLI0380;S06;1301,91;1,16;0;1510,22;EUR;C05-Rocío
F2025-002282;2;01/02/2025;CLI0380;S06;1103,10;1,11;5;1163,22;EUR;C01-Marta
F2025-002282;3;01/02/2025;CLI0380;S15;3,00;84,92;0;254,76;EUR;C01-Marta
F2025-002283;1;17/01/2025;CLI0006;S10;273,73;8,82;0;2414,30;EUR;C04-Andrés
F2025-002284;1;03/07/2025;CLI0034;S09;90,98;41,22;0;3750,20;EUR;C02-Javier
F2025-002284;2;03/07/2025;CLI0034;S09;101,18;42,75;0;4325,45;EUR;C04-Andrés
F2025-002284;3;03/07/2025;CLI0034;S09;259,74;44,79;10;10470,38;EUR;C03-Lucía
F2025-002284;4;03/07/2025;CLI0034;S09;81,30;42,64;0;3466,63;EUR;C03-Lucía
F2025-002285;1;21/08/2025;CLI0051;S06;2078,84;1,12;15;1979,06;EUR;C05-Rocío
F2025-002285;2;21/08/2025;CLI0051;S13;1,00;690,62;0;690,62;EUR;C05-Rocío
F2025-002285;3;21/08/2025;CLI0051;S06;1677,68;1,16;15;1654,19;EUR;C03-Lucía
F2025-002285;4;21/08/2025;CLI0051;S06;3187,09;1,15;0;3665,15;EUR;C04-Andrés
F2025-002286;1;26/04/2025;CLI0095;S09;228,42;44,12;0;10077,89;EUR;C02-Javier
F2025-002286;2;26/04/2025;CLI0095;S09;229,97;43,20;5;9437,97;EUR;C01-Marta
F2025-002287;1;24/09/2025;CLI0090;S02;223,26;6,73;0;1502,54;EUR;C02-Javier
F2025-002288;1;24/07/2025;CLI0192;S10;82,88;8,93;0;740,12;EUR;C03-Lucía
F2025-002288;2;24/07/2025;CLI0192;S10;1028,06;10,12;5;9882,64;USD;C03-Lucía
F2025-002288;3;24/07/2025;CLI0192;S10;641,55;9,12;0;5850,94;EUR;C03-Lucía
F2025-002289;1;26/09/2025;CLI0311;S14;10,00;209,84;0;2098,40;EUR;C03-Lucía
F2025-002289;2;26/09/2025;CLI0311;S13;1,00;645,32;5;613,05;EUR;C03-Lucía
F2025-002289;2;26/09/2025;CLI0311;S13;1,00;645,32;5;613,05;EUR;C03-Lucía
F2025-002289;3;26/09/2025;CLI0311;S07;805,34;1,65;0;1328,81;EUR;C05-Rocío
F2025-002289;4;26/09/2025;CLI0311;S08;4484,09;2,43;5;10351,52;EUR;C02-Javier
F2025-002290;1;05/12/2025;CLI0276;S14;5,00;220,46;0;1102,30;EUR;C03-Lucía
F2025-002290;2;05/12/2025;CLI0276;S15;2,00;86,63;0;173,26;EUR;C04-Andrés
F2025-002290;3;05/12/2025;CLI0276;S11;29,44;24,78;0;729,52;EUR;C04-Andrés
F2025-002290;4;05/12/2025;CLI0276;S02;245,82;6,52;0;1602,75;EUR;C03-Lucía
F2025-002291;1;01/09/2025;CLI0351;S06;432,20;1,08;0;466,78;EUR;C03-Lucía
F2025-002291;2;01/09/2025;CLI0351;S06;1192,04;1,09;0;1299,32;EUR;C03-Lucía
F2025-002292;1;16/08/2025;CLI0082;S10;390,15;9,11;0;3554,27;EUR;C02-Javier
F2025-002292;2;16/08/2025;CLI0082;S10;104,63;9,03;0;944,81;EUR;C04-Andrés
F2025-002292;3;16/08/2025;CLI0082;S10;273,33;8,54;0;2334,24;EUR;C05-Rocío
F2025-002293;1;24/02/2025;CLI0366;S13;1,00;652,30;10;587,07;EUR;C01-Marta
F2025-002294;1;22/12/2025;CLI0169;S09;154,50;42,64;0;6587,88;EUR;C01-Marta
F2025-002294;2;22/12/2025;CLI0169;S09;141,49;41,29;0;5842,12;EUR;C04-Andrés
F2025-002294;3;22/12/2025;CLI0169;S09;169,61;41,28;0;7001,50;EUR;C05-Rocío
F2025-002294;4;22/12/2025;CLI0169;S09;90,21;44,55;0;4018,86;EUR;C04-Andrés
F2025-002295;1;2025-11-13;CLI0297;S10;367,52;8,50;0;3123,92;EUR;C05-Rocío
F2025-002295;2;13/11/2025;CLI0297;S15;4,00;89,62;0;358,48;EUR;C04-Andrés
F2025-002295;3;13/11/2025;CLI0297;S10;353,34;8,36;5;2806,23;EUR;C05-Rocío
F2025-002295;4;13/11/2025;CLI0297;S10;236,50;8,84;0;2090,66;EUR;C03-Lucía
F2025-002296;1;26/05/2025;CLI0226;S10;752,61;8,50;0;6397,19;EUR;C01-Marta
F2025-002296;2;26/05/2025;CLI0226;S10;1045,24;8,80;0;9198,11;EUR;C04-Andrés
F2025-002297;1;01/01/2025;CLI0202;S06;2917,12;1,16;0;3383,86;EUR;C01-Marta
F2025-002297;2;01/01/2025;CLI0202;S13;1,00;638,54;5;606,61;EUR;C03-Lucía
F2025-002297;3;01/01/2025;CLI0202;S06;1808,32;1,13;0;2043,40;EUR;C03-Lucía
F2025-002298;1;09/03/2025;CLI0307;S09;156,65;44,75;0;7010,09;EUR;C02-Javier
F2025-002298;2;09/03/2025;CLI0307;S09;199,29;41,24;0;8218,72;EUR;C05-Rocío
F2025-002298;3;09/03/2025;CLI0307;S09;107,27;43,22;0;4636,21;EUR;C02-Javier
F2025-002299;1;28/09/2025;CLI0051;S05;1364,12;3,36;0;4583,44;EUR;C05-Rocío
F2025-002299;2;28/09/2025;CLI0051;S13;1,00;698,30;0;698,30;EUR;C03-Lucía
F2025-002299;3;28/09/2025;CLI0051;S13;1,00;658,51;0;658,51;EUR;C05-Rocío
F2025-002299;4;28/09/2025;CLI0051;S06;563,91;1,18;0;665,41;EUR;C05-Rocío
F2025-002300;1;06/04/2025;CLI0101;S10;116,72;8,60;0;1003,79;EUR;C05-Rocío
F2025-002300;2;06/04/2025;CLI0101;S10;316,35;9,03;5;2713,81;EUR;C02-Javier
F2025-002300;3;06/04/2025;CLI0101;S10;156,83;10,09;5;1502,93;USD;C02-Javier
F2025-002300;4;06/04/2025;CLI0101;S10;1135,07;9,01;0;10226,98;EUR;C04-Andrés
F2025-002301;1;12/03/2025;CLI0051;S06;1090,53;1,10;5;1139,60;EUR;C05-Rocío
F2025-002302;1;25/04/2025;CLI0207;S13;1,00;651,11;0;651,11;EUR;C03-Lucía
F2025-002302;2;25/04/2025;CLI0207;S10;241,32;9,16;0;2210,49;EUR;C03-Lucía
F2025-002302;3;25/04/2025;CLI0207;S10;266,98;8,56;0;2285,35;EUR;C01-Marta
F2025-002302;4;25/04/2025;CLI0207;S15;2,00;91,70;0;183,40;EUR;C03-Lucía
F2025-002303;1;08/02/2025;CLI0094;S08;4791,87;2,38;0;11404,65;EUR;C01-Marta
F2025-002304;1;14/11/2025;CLI0058;S08;1076,35;2,48;0;2669,35;EUR;C04-Andrés
F2025-002305;1;22/05/2025;CLI0254;S10;232,80;8,70;0;2025,36;EUR;C03-Lucía
F2025-002306;1;14/07/2025;CLI0082;S10;519,51;8,54;0;4436,62;EUR;C01-Marta
F2025-002307;1;05/09/2025;CLI0298;S02;733,98;6,76;5;4713,62;EUR;C05-Rocío
F2025-002307;2;05/09/2025;CLI0298;S11;31,13;25,86;0;805,02;EUR;C05-Rocío
F2025-002307;3;05/09/2025;CLI0298;S13;1,00;701,70;0;701,70;EUR;C03-Lucía
F2025-002307;4;05/09/2025;CLI0298;S02;371,40;6,50;0;2414,10;EUR;C04-Andrés
F2025-002308;1;14/07/2025;CLI0276;S11;51,36;26,24;0;1347,69;EUR;C03-Lucía
F2025-002308;2;14/07/2025;CLI0276;S02;793,80;6,57;0;5215,27;EUR;C04-Andrés
F2025-002308;3;14/07/2025;CLI0276;S02;255,77;6,90;5;1676,57;EUR;C03-Lucía
F2025-002309;1;18/04/2025;CLI0087;S10;123,23;8,62;0;1062,24;EUR;C02-Javier
F2025-002309;2;18/04/2025;CLI0087;S10;1472,21;9,74;0;14335,35;USD;C03-Lucía
F2025-002310;1;26/06/2025;CLI0008;S02;1172,11;6,37;15;6346,39;EUR;C05-Rocío
F2025-002310;2;26/06/2025;CLI0008;S02;375,72;6,99;0;2626,28;EUR;C03-Lucía
F2025-002310;3;26/06/2025;CLI0008;S02;920,03;6,73;0;6191,80;EUR;C04-Andrés
F2025-002310;4;26/06/2025;CLI0008;S02;792,56;6,44;15;4338,47;EUR;C01-Marta
F2025-002311;1;23/06/2025;CLI0150;S11;13,37;25,32;5;321,60;EUR;C01-Marta
F2025-002312;1;16/06/2025;CLI0341;S05;120,41;3,36;0;404,58;EUR;C04-Andrés
F2025-002312;2;16/06/2025;CLI0341;S05;172,87;3,37;5;553,44;EUR;C02-Javier
F2025-002312;3;16/06/2025;CLI0341;S05;668,85;3,25;5;2065,07;EUR;C03-Lucía
F2025-002312;4;16/06/2025;CLI0341;S15;1,00;86,52;0;86,52;EUR;C02-Javier
F2025-002313;1;05/07/2025;CLI0370;S06;979,62;1,13;10;996,27;EUR;C01-Marta
F2025-002313;2;05/07/2025;CLI0370;S05;1198,21;3,41;0;4085,90;EUR;C01-Marta
F2025-002313;3;05/07/2025;CLI0370;S05;119,48;3,44;0;411,01;EUR;C01-Marta
F2025-002314;1;02/11/2025;CLI0290;S10;136,11;9,01;0;1226,35;EUR;C02-Javier
F2025-002314;2;02/11/2025;CLI0290;S10;240,21;8,76;0;2104,24;EUR;C03-Lucía
F2025-002314;3;02/11/2025;CLI0290;S10;2644,40;8,45;10;20110,66;EUR;C04-Andrés
F2025-002314;4;02/11/2025;CLI0290;S10;797,03;8,53;0;6798,67;EUR;C01-Marta
F2025-002315;1;27/03/2025;CLI0309;S15;4,00;91,39;0;365,56;EUR;C01-Marta
F2025-002315;2;27/03/2025;CLI0309;S12;4,00;138,62;0;554,49;USD;C03-Lucía
F2025-002316;1;06/11/2025;CLI0095;S09;116,14;41,89;0;4865,10;EUR;C03-Lucía
F2025-002316;2;06/11/2025;CLI0095;S09;99,56;42,22;15;3572,91;EUR;C02-Javier
F2025-002317;1;19/03/2025;CLI0359;S15;4,00;88,66;0;354,64;EUR;C05-Rocío
F2025-002318;1;19/03/2025;CLI0101;S10;113,51;10,63;15;1026,03;USD;C01-Marta
F2025-002319;1;27/06/2025;CLI0264;S15;4,00;84,99;0;339,96;EUR;C01-Marta
F2025-002319;2;27/06/2025;CLI0264;S08;969,34;2,39;0;2316,72;EUR;C04-Andrés
F2025-002319;3;27/06/2025;CLI0264;S08;1479,06;2,46;0;3638,49;EUR;C01-Marta
F2025-002319;4;27/06/2025;CLI0264;S15;3,00;84,10;0;252,30;EUR;C03-Lucía
F2025-002320;1;12/07/2025;CLI0240;S06;2374,78;1,12;0;2659,75;EUR;C05-Rocío
F2025-002320;2;12/07/2025;CLI0240;S05;163,42;3,41;0;557,26;EUR;C03-Lucía
F2025-002321;1;22/09/2025;CLI0207;S10;1289,94;8,71;0;11235,38;EUR;C04-Andrés
F2025-002322;1;26/08/2025;CLI0274;S08;813,66;2,48;0;2017,88;EUR;C04-Andrés
F2025-002323;1;13/03/2025;CLI0370;S06;1720,29;1,15;5;1879,42;EUR;C04-Andrés
F2025-002323;2;13/03/2025;CLI0370;S05;609,17;3,42;0;2083,36;EUR;C05-Rocío
F2025-002324;1;05/02/2025;CLI0207;S10;1254,38;9,18;0;11515,21;EUR;C04-Andrés
F2025-002325;1;16/07/2025;CLI0153;S04;2399,99;13,89;0;33335,86;EUR;C04-Andrés
F2025-002325;2;16/07/2025;CLI0153;S03;60,59;37,73;0;2286,06;EUR;C05-Rocío
F2025-002325;3;16/07/2025;CLI0153;S03;27,58;39,97;0;1102,37;EUR;C03-Lucía
F2025-002326;1;27/12/2025;CLI0143;S15;1,00;90,15;0;90,15;EUR;C04-Andrés
F2025-002326;2;27/12/2025;CLI0143;S10;233,25;8,64;15;1712,99;EUR;C03-Lucía
F2025-002326;3;27/12/2025;CLI0143;S10;542,27;8,50;0;4609,30;EUR;C01-Marta
F2025-002326;4;27/12/2025;CLI0143;S10;1363,98;8,81;10;10815,00;EUR;C03-Lucía
F2025-002327;1;17/09/2025;CLI0175;S10;253,99;8,43;0;2141,14;EUR;C03-Lucía
F2025-002327;2;17/09/2025;CLI0175;S10;816,93;8,94;0;7303,35;EUR;C02-Javier
F2025-002327;3;17/09/2025;CLI0175;S10;169,80;8,45;5;1363,07;EUR;C02-Javier
F2025-002327;4;17/09/2025;CLI0175;S14;8,00;211,55;0;1692,40;EUR;C03-Lucía
F2025-002328;1;24/05/2025;CLI0302;S10;633,71;8,42;0;5335,84;EUR;C03-Lucía
F2025-002328;2;24/05/2025;CLI0302;S10;739,80;8,70;0;6436,26;EUR;C04-Andrés
F2025-002328;3;24/05/2025;CLI0302;S14;15,00;215,16;0;3227,40;EUR;C04-Andrés
F2025-002328;4;24/05/2025;CLI0302;S14;16,00;217,50;0;3480,00;EUR;C04-Andrés
F2025-002329;1;12/12/2025;CLI0087;S10;424,36;10,17;0;4315,52;USD;C05-Rocío
F2025-002329;2;12/12/2025;CLI0087;S10;585,98;8,96;0;5250,38;EUR;C04-Andrés
F2025-002329;3;12/12/2025;CLI0087;S10;714,97;8,56;0;6120,14;EUR;C05-Rocío
F2025-002330;1;08/08/2025;CLI0276;S01;67,16;97,75;0;6564,89;EUR;C02-Javier
F2025-002330;2;08/08/2025;CLI0276;S11;8,90;26,72;0;237,81;EUR;C01-Marta
F2025-002331;1;21/12/2025;CLI0350;S06;909,19;1,09;0;991,02;EUR;C05-Rocío
F2025-002331;2;21/12/2025;CLI0350;S13;1,00;636,72;10;573,05;EUR;C01-Marta
F2025-002331;3;21/12/2025;CLI0350;S05;226,93;3,43;0;778,37;EUR;C03-Lucía
F2025-002332;1;25/12/2025;CLI0201;S15;1,00;84,97;5;80,72;EUR;C01-Marta
F2025-002333;1;14/01/2025;CLI0370;S13;1,00;645,23;15;548,45;EUR;C05-Rocío
F2025-002333;2;14/01/2025;CLI0370;S05;2569,71;3,45;0;8865,50;EUR;C01-Marta
F2025-002334;1;02/11/2025;CLI0095;S09;184,01;42,93;0;7899,55;EUR;C02-Javier
F2025-002334;2;02/11/2025;CLI0095;S14;16,00;225,47;0;3607,52;EUR;C03-Lucía
F2025-002334;3;02/11/2025;CLI0095;S09;86,48;43,09;0;3726,42;EUR;C05-Rocío
F2025-002335;1;22/04/2025;CLI0212;S12;4,00;121,04;0;484,16;EUR;C03-Lucía
F2025-002335;2;22/04/2025;CLI0212;S14;14,00;211,36;0;2959,04;EUR;C04-Andrés
F2025-002335;3;22/04/2025;CLI0212;S12;1,00;119,65;0;119,65;EUR;C02-Javier
F2025-002336;1;26/04/2025;CLI0225;S05;210,44;3,36;5;671,72;EUR;C01-Marta
F2025-002336;2;26/04/2025;CLI0225;S15;1,00;91,20;0;91,20;EUR;C02-Javier
F2025-002337;1;18/01/2025;CLI0356;S10;504,44;8,82;0;4449,16;EUR;C01-Marta
F2025-002337;2;18/01/2025;CLI0356;S10;843,76;8,75;0;7382,90;EUR;C02-Javier
F2025-002337;3;18/01/2025;CLI0356;S10;623,70;8,88;10;4984,61;EUR;C03-Lucía
F2025-002338;1;25/09/2025;CLI0207;S10;355,71;8,75;5;2956,84;EUR;C04-Andrés
F2025-002338;2;25/09/2025;CLI0207;S10;462,09;8,93;0;4126,46;EUR;C03-Lucía
F2025-002339;1;26/08/2025;CLI0083;S01;173,68;93,35;0;16213,03;EUR;C03-Lucía
F2025-002339;2;26/08/2025;CLI0083;S11;30,08;24,64;0;741,17;EUR;C02-Javier
F2025-002339;3;26/08/2025;CLI0083;S02;644,12;6,76;0;4354,25;EUR;C04-Andrés
F2025-002340;1;12/10/2025;CLI0299;S07;341,30;1,65;0;563,14;EUR;C05-Rocío
F2025-002340;2;12/10/2025;CLI0299;S15;4,00;86,70;0;346,80;EUR;C04-Andrés
F2025-002341;1;01/01/2025;CLI0094;S08;2832,35;2,53;0;7165,85;EUR;C02-Javier
F2025-002342;1;25/06/2025;CLI0050;S07;118,97;1,70;0;202,25;EUR;C05-Rocío
F2025-002342;2;25/06/2025;CLI0050;S07;280,54;1,73;5;461,07;EUR;C03-Lucía
F2025-002343;1;07/07/2025;CLI0095;S09;123,25;41,18;5;4821,66;EUR;C01-Marta
F2025-002343;2;07/07/2025;CLI0095;S09;47,42;41,57;0;1971,25;EUR;C05-Rocío
F2025-002343;3;07/07/2025;CLI0095;S09;177,71;42,00;5;7090,63;EUR;C04-Andrés
F2025-002344;1;15/04/2025;CLI0051;S06;401,45;1,12;15;382,18;EUR;C01-Marta
F2025-002344;2;15/04/2025;CLI0051;S05;309,11;3,45;0;1066,43;EUR;C03-Lucía
F2025-002344;3;15/04/2025;CLI0051;S06;5666,37;1,09;10;5558,71;EUR;C02-Javier
F2025-002344;4;15/04/2025;CLI0051;S06;640,30;1,10;15;598,68;EUR;C01-Marta
F2025-002345;1;11/11/2025;CLI0311;S08;12386,83;2,54;0;31462,55;EUR;C02-Javier
F2025-002345;2;11/11/2025;CLI0311;S15;3,00;89,99;5;256,47;EUR;C03-Lucía
F2025-002346;1;07/10/2025;CLI0095;S14;2,00;223,19;0;446,38;EUR;C05-Rocío
F2025-002346;2;07/10/2025;CLI0095;S15;2,00;83,98;15;142,77;EUR;C01-Marta
F2025-002346;3;07/10/2025;CLI0095;S09;89,49;45,34;15;3448,86;EUR;C03-Lucía
F2025-002346;4;07/10/2025;CLI0095;S09;86,79;41,32;10;3227,55;EUR;C05-Rocío
F2025-002347;1;21/07/2025;CLI0048;S15;3,00;90,26;0;270,78;EUR;C01-Marta
F2025-002348;1;03/06/2025;CLI0287;S10;692,61;8,90;0;6164,23;EUR;C02-Javier
F2025-002348;2;03/06/2025;CLI0287;S10;608,24;9,08;0;;EUR;C02-Javier
F2025-002349;1;10/08/2025;CLI0207;S10;134,72;8,46;5;1082,74;EUR;C03-Lucía
F2025-002349;2;10/08/2025;CLI0207;S10;1901,04;9,09;0;17280,45;EUR;C01-Marta
F2025-002349;3;10/08/2025;CLI0207;S10;140,04;8,71;5;1158,76;EUR;C03-Lucía
F2025-002350;1;27/01/2025;CLI0279;S05;2588,48;3,42;0;8852,60;EUR;C03-Lucía
F2025-002350;2;27/01/2025;CLI0279;S06;16184,63;1,08;5;16605,43;EUR;C02-Javier
F2025-002350;3;27/01/2025;CLI0279;S06;1782,55;1,15;0;2049,93;EUR;C03-Lucía
F2025-002350;4;27/01/2025;CLI0279;S05;181,46;3,15;0;571,60;EUR;C05-Rocío
F2025-002351;1;20/07/2025;CLI0095;S13;1,00;651,91;15;;EUR;C02-Javier
F2025-002351;2;20/07/2025;CLI0095;S09;58,58;43,44;5;2417,48;EUR;C02-Javier
F2025-002351;3;20/07/2025;CLI0095;S09;114,00;43,21;10;4433,35;EUR;C01-Marta
F2025-002351;4;20/07/2025;CLI0095;S09;51,14;41,44;0;2119,24;EUR;C01-Marta
F2025-002352;1;10/12/2025;CLI0274;S14;6,00;213,84;5;1218,89;EUR;C05-Rocío
F2025-002352;2;10/12/2025;CLI0274;S13;1,00;681,76;5;647,67;EUR;C05-Rocío
F2025-002352;3;10/12/2025;CLI0274;S07;814,20;1,70;0;1384,14;EUR;C02-Javier
F2025-002353;1;25/11/2025;CLI0095;S09;190,96;42,32;15;6869,21;EUR;C04-Andrés
F2025-002353;2;25/11/2025;CLI0095;S09;175,57;42,78;0;7510,88;EUR;C01-Marta
F2025-002353;3;25/11/2025;CLI0095;S09;44,87;43,88;0;1968,90;EUR;C02-Javier
F2025-002353;4;25/11/2025;CLI0095;S13;1,00;701,67;15;596,42;EUR;C05-Rocío
F2025-002354;1;13/05/2025;CLI0039;S13;1,00;684,02;0;684,02;EUR;C02-Javier
F2025-002354;2;13/05/2025;CLI0039;S10;213,02;8,71;0;1855,40;EUR;C03-Lucía
F2025-002354;3;13/05/2025;CLI0039;S10;467,10;8,68;5;3851,71;EUR;C02-Javier
F2025-002355;1;19/02/2025;CLI0389;S07;245,06;1,59;0;389,65;EUR;C02-Javier
F2025-002355;2;19/02/2025;CLI0389;S14;12,00;213,46;0;2561,52;EUR;C01-Marta
F2025-002355;3;19/02/2025;CLI0389;S07;353,19;1,59;5;533,49;EUR;C02-Javier
F2025-002355;4;19/02/2025;CLI0389;S07;989,23;1,70;0;1681,69;EUR;C01-Marta
F2025-002356;1;24/04/2025;CLI0358;S08;2027,26;2,44;0;4946,51;EUR;C01-Marta
F2025-002356;2;24/04/2025;CLI0358;S07;173,43;1,57;0;272,29;EUR;C01-Marta
F2025-002356;3;24/04/2025;CLI0358;S13;1,00;680,71;0;680,71;EUR;C02-Javier
F2025-002357;1;05/02/2025;CLI0236;S06;1710,88;1,15;5;1869,14;EUR;C01-Marta
F2025-002358;1;06/09/2025;CLI0296;S05;419,13;3,45;0;;EUR;C05-Rocío
F2025-002358;2;06/09/2025;CLI0296;S05;825,42;3,35;0;2765,16;EUR;C02-Javier
F2025-002358;3;06/09/2025;CLI0296;S14;3,00;211,71;0;635,13;EUR;C02-Javier
F2025-002359;1;13/02/2025;CLI0051;S05;41,16;3,15;0;129,65;EUR;C02-Javier
F2025-002359;2;13/02/2025;CLI0051;S06;5776,80;1,11;5;6091,64;EUR;C04-Andrés
F2025-002359;3;13/02/2025;CLI0051;S06;1695,19;1,18;10;1800,29;EUR;C01-Marta
F2025-002359;4;13/02/2025;CLI0051;S06;3492,75;1,11;15;3295,41;EUR;C01-Marta
F2025-002360;1;11/06/2025;CLI0207;S15;1,00;85,40;5;81,13;EUR;C03-Lucía
F2025-002360;2;11/06/2025;CLI0207;S10;799,26;8,64;0;6905,61;EUR;C01-Marta
F2025-002360;3;11/06/2025;CLI0207;S15;3,00;89,38;5;254,73;EUR;C01-Marta
F2025-002360;4;11/06/2025;CLI0207;S10;1208,58;8,75;0;10575,07;EUR;C04-Andrés
F2025-002361;1;01/08/2025;CLI0223;S06;1648,59;1,10;5;1722,78;EUR;C03-Lucía
F2025-002362;1;01/04/2025;CLI0201;S13;1,00;659,99;0;;EUR;C03-Lucía
F2025-002362;2;01/04/2025;CLI0201;S02;367,93;6,78;15;2120,38;EUR;C05-Rocío
F2025-002362;3;01/04/2025;CLI0201;S01;94,57;97,44;5;8754,16;EUR;C03-Lucía
F2025-002363;1;02/07/2025;CLI0370;S06;1196,33;1,11;0;1327,93;EUR;C03-Lucía
F2025-002363;2;02/07/2025;CLI0370;S06;5894,40;1,12;15;5611,47;EUR;C05-Rocío
F2025-002363;3;02/07/2025;CLI0370;S05;383,08;3,20;0;1225,86;EUR;C01-Marta
F2025-002364;1;15/02/2025;CLI0318;S14;2,00;218,63;0;437,26;EUR;C02-Javier
F2025-002364;2;15/02/2025;CLI0318;S13;1,00;690,98;0;690,98;EUR;C04-Andrés
F2025-002364;3;15/02/2025;CLI0318;S05;240,59;3,34;0;803,57;EUR;C05-Rocío
F2025-002364;4;15/02/2025;CLI0318;S06;1624,16;1,09;5;1681,82;EUR;C04-Andrés
F2025-002365;1;17/09/2025;CLI0207;S10;384,13;8,89;5;3244,17;EUR;C04-Andrés
F2025-002365;2;17/09/2025;CLI0207;S13;1,00;680,71;5;646,67;EUR;C01-Marta
F2025-002365;3;17/09/2025;CLI0207;S10;78,82;8,80;0;693,62;EUR;C03-Lucía
F2025-002365;4;17/09/2025;CLI0207;S10;110,98;8,56;0;949,99;EUR;C01-Marta
F2025-002366;1;13/02/2025;CLI0107;S15;4,00;89,92;0;359,68;EUR;C01-Marta
F2025-002366;2;13/02/2025;CLI0107;S15;3,00;87,25;0;261,75;EUR;C03-Lucía
F2025-002366;3;13/02/2025;CLI0107;S06;353,68;1,11;5;372,96;EUR;C01-Marta
F2025-002367;1;16/10/2025;CLI0016;S11;100,64;26,83;15;2295,15;EUR;C01-Marta
F2025-002368;1;23/09/2025;CLI0324;S10;1887,41;9,04;0;17062,19;EUR;C03-Lucía
F2025-002369;1;11/03/2025;CLI0332;S04;843,21;14,85;5;11895,59;EUR;C03-Lucía
F2025-002370;1;08/10/2025;CLI0095;S09;147,11;44,42;5;6207,89;EUR;C04-Andrés
F2025-002370;2;08/10/2025;CLI0095;S09;153,20;44,63;0;6837,32;EUR;C02-Javier
F2025-002370;3;08/10/2025;CLI0095;S09;33,86;42,34;0;1433,63;EUR;C01-Marta
F2025-002371;1;28/08/2025;CLI0111;S01;159,23;101,48;0;16158,66;EUR;C01-Marta
F2025-002371;2;28/08/2025;CLI0111;S02;187,65;6,73;0;1262,88;EUR;C02-Javier
F2025-002371;3;28/08/2025;CLI0111;S02;272,86;6,68;5;1731,57;EUR;C03-Lucía
F2025-002371;4;28/08/2025;CLI0111;S01;154,20;96,41;0;14866,42;EUR;C02-Javier
F2025-002372;1;26/06/2025;CLI0212;S04;427,29;15,01;0;6413,62;EUR;C02-Javier
F2025-002372;2;26/06/2025;CLI0212;S04;220,92;14,43;5;3028,48;EUR;C05-Rocío
F2025-002373;1;04/08/2025;CLI0034;S09;106,41;43,90;0;4671,40;EUR;C04-Andrés
F2025-002374;1;17/06/2025;CLI0356;S10;1317,17;8,39;5;10498,50;EUR;C04-Andrés
F2025-002374;2;17/06/2025;CLI0356;S10;123,03;8,83;0;1086,35;EUR;C05-Rocío
F2025-002375;1;18/02/2025;CLI0342;S10;915,28;8,33;0;7624,28;EUR;C03-Lucía
F2025-002376;1;26/07/2025;CLI0400;S05;1105,75;3,21;15;3017,04;EUR;C05-Rocío
F2025-002376;2;26/07/2025;CLI0400;S05;640,82;3,19;0;2044,22;EUR;C03-Lucía
F2025-002376;3;26/07/2025;CLI0400;S13;1,00;655,54;15;557,21;EUR;C03-Lucía
F2025-002376;4;26/07/2025;CLI0400;S06;1148,88;1,11;10;1147,73;EUR;C03-Lucía
F2025-002377;1;27/04/2025;CLI0317;S10;252,40;8,36;0;2110,06;EUR;C03-Lucía
F2025-002377;2;27/04/2025;CLI0317;S15;2,00;89,51;0;179,02;EUR;C01-Marta
F2025-002377;3;27/04/2025;CLI0317;S10;194,29;8,90;10;1556,26;EUR;C02-Javier
F2025-002378;1;13/12/2025;CLI0272;S09;160,62;44,17;5;6739,86;EUR;C03-Lucía
F2025-002378;2;13/12/2025;CLI0272;S09;116,60;43,78;5;4849,51;EUR;C05-Rocío
F2025-002378;3;13/12/2025;CLI0272;S09;207,66;45,09;0;9363,39;EUR;C02-Javier
F2025-002378;4;13/12/2025;CLI0272;S09;127,71;44,72;0;5711,19;EUR;C04-Andrés
F2025-002379;1;23/04/2025;CLI0198;S01;179,19;94,64;0;16958,54;EUR;C02-Javier
F2025-002379;2;23/04/2025;CLI0198;S11;14,81;26,35;5;370,73;EUR;C01-Marta
F2025-002379;3;23/04/2025;CLI0198;S14;14,00;215,30;0;3014,20;EUR;C02-Javier
F2025-002379;4;23/04/2025;CLI0198;S14;15,00;213,64;0;3204,60;EUR;C05-Rocío
F2025-002380;1;09/03/2025;CLI0016;S02;506,08;6,95;15;2989,67;EUR;C02-Javier
F2025-002380;2;09/03/2025;CLI0016;S01;87,36;102,02;15;7575,60;EUR;C03-Lucía
F2025-002380;3;09/03/2025;CLI0016;S02;475,34;6,84;0;3251,33;EUR;C01-Marta
F2025-002380;4;09/03/2025;CLI0016;S14;5,00;220,37;5;1046,76;EUR;C05-Rocío
F2025-002381;1;21/06/2025;CLI0158;S09;98,09;42,41;0;4160,00;EUR;C02-Javier
F2025-002381;2;21/06/2025;CLI0158;S14;11,00;207,28;10;2052,07;EUR;C01-Marta
F2025-002382;1;27/03/2025;CLI0309;S03;103,16;45,43;0;4686,10;USD;C05-Rocío
F2025-002382;2;27/03/2025;CLI0309;S03;56,03;45,60;0;2555,10;USD;C05-Rocío
F2025-002383;1;20/07/2025;CLI0051;S05;224,55;3,37;0;756,73;EUR;C01-Marta
F2025-002384;1;01/03/2025;CLI0212;S12;4,00;120,48;5;457,82;EUR;C05-Rocío
F2025-002384;2;01/03/2025;CLI0212;S03;36,05;38,33;0;1381,80;EUR;C05-Rocío
F2025-002384;3;01/03/2025;CLI0212;S15;4,00;85,88;5;;EUR;C01-Marta
F2025-002385;1;19/11/2025;CLI0095;S09;124,03;41,51;5;4891,06;EUR;C02-Javier
F2025-002385;2;19/11/2025;CLI0095;S14;4,00;219,39;5;833,68;EUR;C02-Javier
F2025-002386;1;27/01/2025;CLI0103;S07;83,37;1,72;0;143,40;EUR;C03-Lucía
F2025-002387;1;11/07/2025;CLI0325;S01;122,52;99,26;0;12161,34;EUR;C04-Andrés
F2025-002388;1;06/03/2025;CLI0286;S01;136,05;99,27;0;13505,68;EUR;C04-Andrés
F2025-002388;2;06/03/2025;CLI0286;S13;1,00;647,19;0;647,19;EUR;C04-Andrés
F2025-002389;1;20/02/2025;CLI0247;S13;1,00;682,52;10;614,27;EUR;C02-Javier
F2025-002389;2;20/02/2025;CLI0247;S10;584,27;9,10;0;5316,86;EUR;C02-Javier
F2025-002390;1;27/12/2025;CLI0024;S14;3,00;216,46;0;649,38;EUR;C05-Rocío
F2025-002390;2;27/12/2025;CLI0024;S05;555,47;3,43;0;1905,26;EUR;C04-Andrés
F2025-002390;3;2025-12-27;CLI0024;S06;3633,51;1,16;5;4004,13;EUR;C03-Lucía
F2025-002391;1;12/01/2025;CLI0064;S14;15,00;218,42;0;3276,30;EUR;C05-Rocío
F2025-002391;2;12/01/2025;CLI0064;S10;133,27;8,67;0;1155,45;EUR;C03-Lucía
F2025-002391;3;12/01/2025;CLI0064;S10;254,35;8,86;0;2253,54;EUR;C02-Javier
F2025-002392;1;13/06/2025;CLI0228;S13;1,00;674,66;10;607,19;EUR;C01-Marta
F2025-002392;2;13/06/2025;CLI0228;S06;1842,52;1,17;15;1832,39;EUR;C03-Lucía
F2025-002392;3;13/06/2025;CLI0228;S05;249,89;3,41;15;724,31;EUR;C02-Javier
F2025-002393;1;03/02/2025;CLI0207;S15;1,00;85,77;0;85,77;EUR;C02-Javier
F2025-002393;2;03/02/2025;CLI0207;S10;110,82;8,49;0;940,86;EUR;C01-Marta
F2025-002393;3;03/02/2025;CLI0207;S10;272,03;8,76;5;2263,83;EUR;C05-Rocío
F2025-002393;4;03/02/2025;CLI0207;S10;232,44;8,68;0;2017,58;EUR;C01-Marta
F2025-002394;1;10/03/2025;CLI0117;S15;4,00;86,43;0;345,72;EUR;C01-Marta
F2025-002394;2;10/03/2025;CLI0117;S05;84,08;3,23;0;271,58;EUR;C02-Javier
F2025-002394;3;10/03/2025;CLI0117;S05;985,22;3,25;0;3201,97;EUR;C04-Andrés
F2025-002394;4;10/03/2025;CLI0117;S13;1,00;685,69;5;651,41;EUR;C03-Lucía
F2025-002395;1;03/08/2025;CLI0146;S09;206,84;43,92;5;8630,19;EUR;C01-Marta
F2025-002395;2;03/08/2025;CLI0146;S09;305,44;42,80;0;13072,83;EUR;C05-Rocío
F2025-002396;1;28/07/2025;CLI0356;S10;1341,42;9,16;5;11673,04;EUR;C01-Marta
F2025-002396;2;28/07/2025;CLI0356;S13;1,00;641,50;15;545,27;EUR;C03-Lucía
F2025-002397;1;03/07/2025;CLI0101;S14;9,00;241,31;5;2063,23;USD;C01-Marta
F2025-002398;1;28/05/2025;CLI0086;S10;55,44;8,36;0;463,48;EUR;C04-Andrés
F2025-002398;2;28/05/2025;CLI0086;S10;247,11;8,89;0;2196,81;EUR;C03-Lucía
F2025-002399;1;28/07/2025;CLI0024;S13;1,00;687,96;5;653,56;EUR;C02-Javier
F2025-002399;2;28/07/2025;CLI0024;S05;314,21;3,14;5;937,29;EUR;C03-Lucía
F2025-002399;3;28/07/2025;CLI0024;S06;632,42;1,14;0;720,96;EUR;C03-Lucía
F2025-002399;4;28/07/2025;CLI0024;S13;1,00;646,82;0;646,82;EUR;C04-Andrés
F2025-002400;1;02/04/2025;CLI0306;S11;38,96;25,90;0;1009,06;EUR;C02-Javier
F2025-002400;2;02/04/2025;CLI0306;S13;1,00;695,37;5;660,60;EUR;C03-Lucía
F2025-002400;3;02/04/2025;CLI0306;S11;22,63;26,93;0;609,43;EUR;C02-Javier
F2025-002401;1;02/10/2025;CLI0372;S13;1,00;636,91;5;605,06;EUR;C03-Lucía
F2025-002402;1;01/08/2025;CLI0337;S08;2239,50;2,44;0;5464,38;EUR;C02-Javier
F2025-002403;1;20/05/2025;CLI0095;S09;166,50;42,40;15;6000,66;EUR;C03-Lucía
F2025-002404;1;17/06/2025;CLI0095;S09;107,64;44,74;5;4575,02;EUR;C03-Lucía
F2025-002404;2;17/06/2025;CLI0095;S14;10,00;214,56;0;2145,60;EUR;C05-Rocío
F2025-002404;3;17/06/2025;CLI0095;S09;169,87;43,28;10;6616,78;EUR;C04-Andrés
F2025-002405;1;11/08/2025;CLI0317;S13;1,00;652,76;15;554,85;EUR;C03-Lucía
F2025-002405;2;11/08/2025;CLI0317;S10;689,25;8,83;0;6086,08;EUR;C04-Andrés
F2025-002405;3;11/08/2025;CLI0317;S10;466,19;8,34;0;3888,02;EUR;C01-Marta
F2025-002406;1;08/04/2025;CLI0212;S14;9,00;219,05;0;1971,45;EUR;C03-Lucía
F2025-002407;1;24/05/2025;CLI0212;S03;39,87;38,46;5;1456,73;EUR;C03-Lucía
F2025-002407;2;24/05/2025;CLI0212;S04;364,00;14,53;0;5288,92;EUR;C01-Marta
F2025-002407;3;24/05/2025;CLI0212;S12;3,00;120,17;0;360,51;EUR;C03-Lucía
F2025-002408;1;28/05/2025;CLI0060;S02;509,19;6,69;5;3236,16;EUR;C05-Rocío
F2025-002408;2;28/05/2025;CLI0060;S11;51,94;25,68;0;1333,82;EUR;C04-Andrés
F2025-002408;3;28/05/2025;CLI0060;S02;246,79;6,57;5;1540,34;EUR;C01-Marta
F2025-002409;1;26/12/2025;CLI0287;S10;142,29;8,50;0;1209,46;EUR;C03-Lucía
F2025-002409;2;26/12/2025;CLI0287;S13;1,00;666,75;0;666,75;EUR;C04-Andrés
F2025-002409;3;26/12/2025;CLI0287;S13;1,00;648,38;0;648,38;EUR;C01-Marta
F2025-002410;1;11/09/2025;CLI0161;S15;2,00;97,78;5;185,78;USD;C02-Javier
F2025-002410;2;11/09/2025;CLI0161;S13;1,00;730,18;5;693,67;USD;C04-Andrés
F2025-002410;3;11/09/2025;CLI0161;S14;16,00;230,96;0;3695,41;USD;C04-Andrés
F2025-002411;1;28/10/2025;CLI0282;S07;148,79;1,90;0;282,94;USD;C04-Andrés
F2025-002411;2;28/10/2025;CLI0282;S07;315,95;1,69;5;507,26;EUR;C02-Javier
F2025-002411;3;28/10/2025;CLI0282;S15;3,00;84,89;0;254,67;EUR;C05-Rocío
F2025-002411;4;28/10/2025;CLI0282;S07;137,16;1,87;0;256,27;USD;C01-Marta
F2025-002412;1;14/11/2025;CLI0158;S09;52,35;41,28;5;2052,96;EUR;C04-Andrés
F2025-002412;2;14/11/2025;CLI0158;S15;3,00;84,77;15;216,16;EUR;C04-Andrés
F2025-002413;1;09/04/2025;CLI0212;S03;41,27;40,37;0;1666,07;EUR;C03-Lucía
F2025-002414;1;21/07/2025;CLI0244;S09;117,34;42,18;0;4949,40;EUR;C04-Andrés
F2025-002414;2;21/07/2025;cli0244;S09;64,02;41,61;0;2663,87;EUR;C04-Andrés
F2025-002415;1;20/02/2025;CLI0078;S13;1,00;673,43;0;673,43;EUR;C01-Marta
F2025-002415;2;20/02/2025;CLI0078;S13;1,00;685,37;0;685,37;EUR;C03-Lucía
F2025-002415;3;20/02/2025;CLI0078;S10;510,94;8,53;0;4358,32;EUR;C03-Lucía
F2025-002415;4;20/02/2025;CLI0078;S15;4,00;83,64;5;317,83;EUR;C03-Lucía
F2025-002416;1;12/06/2025;CLI0207;S10;148,32;8,77;0;1300,77;EUR;C02-Javier
F2025-002416;2;12/06/2025;CLI0207;S10;354,66;8,82;0;3128,10;EUR;C05-Rocío
F2025-002416;3;12/06/2025;CLI0207;S10;799,87;8,99;5;6831,29;EUR;C01-Marta
F2025-002416;4;12/06/2025;CLI0207;S10;343,18;9,17;0;3146,96;EUR;C01-Marta
F2025-002417;1;22/08/2025;CLI0094;S08;1770,25;2,42;0;4284,01;EUR;C05-Rocío
F2025-002417;2;22/08/2025;CLI0094;S13;1,00;672,84;0;672,84;EUR;C05-Rocío
F2025-002417;3;22/08/2025;CLI0094;S14;8,00;206,38;5;1568,49;EUR;C05-Rocío
F2025-002418;1;28/02/2025;CLI0244;S14;7,00;223,02;5;1483,08;EUR;C01-Marta
F2025-002419;1;19/01/2025;CLI0158;S09;96,08;41,82;0;4018,07;EUR;C04-Andrés
F2025-002419;2;19/01/2025;CLI0158;S09;163,60;42,35;0;6928,46;EUR;C05-Rocío
F2025-002419;3;19/01/2025;CLI0158;S13;1,00;701,97;5;666,87;EUR;C04-Andrés
F2025-002419;4;19/01/2025;CLI0158;S09;86,53;44,26;5;3638,33;EUR;C05-Rocío
F2025-002420;1;05/11/2025;CLI0376;S09;100,42;42,11;0;;EUR;C05-Rocío
F2025-002421;1;28/08/2025;CLI0079;S15;4,00;85,09;0;340,36;EUR;C01-Marta
F2025-002422;1;26/12/2025;CLI0296;S05;97,57;3,40;0;331,74;EUR;C04-Andrés
F2025-002422;2;26/12/2025;CLI0296;S05;656,16;3,25;10;1919,27;EUR;C01-Marta
F2025-002422;3;26/12/2025;CLI0296;S05;216,03;3,42;5;701,88;EUR;C05-Rocío
F2025-002422;4;26/12/2025;CLI0296;S13;1,00;689,21;10;620,29;EUR;C05-Rocío
F2025-002423;1;23/08/2025;CLI0247;S10;111,47;8,85;0;986,51;EUR;C03-Lucía
F2025-002423;2;23/08/2025;CLI0247;S10;550,30;8,43;0;4639,03;EUR;C04-Andrés
F2025-002423;3;23/08/2025;CLI0247;S13;1,00;657,35;0;657,35;EUR;C01-Marta
F2025-002424;1;28/09/2025;CLI0011;S14;8,00;216,28;0;1730,24;EUR;C02-Javier
F2025-002424;2;28/09/2025;CLI0011;S07;89,34;1,70;0;151,88;EUR;C01-Marta
F2025-002424;3;28/09/2025;CLI0011;S08;943,17;2,36;5;2114,59;EUR;C02-Javier
F2025-002424;4;28/09/2025;CLI0011;S08;2187,00;2,58;0;5642,46;EUR;C02-Javier
F2025-002425;1;04/04/2025;CLI0026;S10;878,33;9,16;0;8045,50;EUR;C02-Javier
F2025-002426;1;2025-11-23;CLI0193;S08;219,85;2,42;0;532,04;EUR;C04-Andrés
F2025-002426;2;23/11/2025;CLI0193;S08;1189,94;2,36;5;2667,85;EUR;C02-Javier
F2025-002427;1;04/04/2025;CLI0035;S08;1122,25;2,52;0;2828,07;EUR;C01-Marta
F2025-002427;2;04/04/2025;CLI0035;S15;1,00;89,29;5;84,83;EUR;C04-Andrés
F2025-002428;1;12/02/2025;CLI0291;S10;104,36;8,45;15;749,57;EUR;C01-Marta
F2025-002428;2;12/02/2025;CLI0291;S10;1871,62;8,59;0;16077,22;EUR;C03-Lucía
F2025-002429;1;08/08/2025;CLI0044;S07;389,97;1,67;5;618,69;EUR;C05-Rocío
F2025-002430;1;21/05/2025;CLI0201;S02;246,62;6,95;0;1714,01;EUR;C05-Rocío
F2025-002430;2;21/05/2025;CLI0201;S14;15,00;207,98;0;3119,70;EUR;C04-Andrés
F2025-002430;3;21/05/2025;CLI0201;S14;2,00;218,49;0;436,98;EUR;C02-Javier
F2025-002431;1;10/07/2025;CLI0207;S14;12,00;214,90;0;2578,80;EUR;C04-Andrés
F2025-002431;2;10/07/2025;CLI0207;S10;145,66;8,80;0;1281,81;EUR;C02-Javier
F2025-002431;3;10/07/2025;CLI0207;S10;830,69;8,53;0;7085,79;EUR;C02-Javier
F2025-002431;4;10/07/2025;CLI0207;S14;9,00;214,83;0;1933,47;EUR;C03-Lucía
F2025-002432;1;18/06/2025;CLI0294;S15;1,00;84,39;0;84,39;EUR;C03-Lucía
F2025-002432;2;18/06/2025;CLI0294;S06;10427,11;1,13;0;11782,63;EUR;C01-Marta
F2025-002433;1;13/10/2025;CLI0138;S14;4,00;221,73;0;886,92;EUR;C02-Javier
F2025-002433;2;13/10/2025;CLI0138;S09;112,48;45,12;5;4821,34;EUR;C03-Lucía
F2025-002433;3;13/10/2025;CLI0138;S09;70,45;43,81;5;2932,09;EUR;C04-Andrés
F2025-002434;1;25/02/2025;CLI0350;S06;1565,54;1,08;0;1690,78;EUR;C01-Marta
F2025-002434;2;25/02/2025;CLI0350;S06;1356,55;1,11;0;1505,77;EUR;C02-Javier
F2025-002434;3;25/02/2025;CLI0350;S14;6,00;213,29;0;1279,74;EUR;C05-Rocío
F2025-002434;4;25/02/2025;CLI0350;S05;579,02;3,43;0;1986,04;EUR;C01-Marta
F2025-002435;1;21/02/2025;CLI0277;S11;10,55;32,12;0;338,83;USD;C02-Javier
F2025-002435;2;21/02/2025;CLI0277;S11;41,77;24,65;0;1029,63;EUR;C05-Rocío
F2025-002435;3;21/02/2025;CLI0277;S13;1,00;655,46;5;622,69;EUR;C02-Javier
F2025-002436;1;08/11/2025;CLI0127;S09;127,14;42,02;0;5342,42;EUR;C03-Lucía
F2025-002436;2;08/11/2025;CLI0127;S09;73,90;41,41;0;3060,20;EUR;C04-Andrés
F2025-002436;3;08/11/2025;CLI0127;S09;142,46;44,48;0;6336,62;EUR;C02-Javier
F2025-002436;4;08/11/2025;CLI0127;S09;63,33;43,06;0;2726,99;EUR;C01-Marta
F2025-002437;1;04/08/2025;CLI0207;S10;1729,96;8,96;0;15500,44;EUR;C04-Andrés
F2025-002437;2;04/08/2025;CLI0207;S10;405,97;8,84;0;3588,77;EUR;C02-Javier
F2025-002437;3;04/08/2025;CLI0207;S10;154,04;8,80;0;1355,55;EUR;C02-Javier
F2025-002437;4;04/08/2025;CLI0207;S14;13,00;215,87;0;2806,31;EUR;C05-Rocío
F2025-002438;1;12/02/2025;CLI0189;S03;48,34;38,94;0;1882,36;EUR;C02-Javier
F2025-002438;2;12/02/2025;CLI0189;S13;1,00;661,59;0;661,59;EUR;C05-Rocío
F2025-002438;3;12/02/2025;CLI0189;S15;1,00;90,09;0;90,09;EUR;C01-Marta
F2025-002439;1;11/11/2025;CLI0292;S05;452,92;3,24;0;1467,46;EUR;C04-Andrés
F2025-002440;1;05/04/2025;CLI0087;S14;8,00;215,89;0;1727,12;EUR;C02-Javier
F2025-002441;1;21/08/2025;CLI0189;S12;2,00;124,03;0;248,06;EUR;C01-Marta
F2025-002442;1;02/03/2025;CLI0300;S09;235,96;43,59;5;9771,22;EUR;C01-Marta
F2025-002442;2;02/03/2025;CLI0300;S09;52,28;45,40;0;2373,51;EUR;C04-Andrés
F2025-002442;3;02/03/2025;CLI0300;S09;89,58;42,32;5;3601,47;EUR;C04-Andrés
F2025-002442;4;02/03/2025;cli0300;S09;214,26;43,63;0;9348,16;EUR;C04-Andrés
F2025-002443;1;19/10/2025;CLI0148;S08;625,06;2,46;0;1537,65;EUR;C05-Rocío
F2025-002443;2;19/10/2025;CLI0148;S07;176,12;1,63;5;272,72;EUR;C02-Javier
F2025-002443;3;19/10/2025;CLI0148;S08;572,82;2,48;0;1420,59;EUR;C01-Marta
F2025-002444;1;03/05/2025;CLI0299;S08;371,40;2,42;5;853,85;EUR;C03-Lucía
F2025-002444;2;03/05/2025;CLI0299;S07;409,57;1,66;5;645,89;EUR;C02-Javier
F2025-002445;1;05/05/2025;CLI0371;S10;1202,03;8,64;5;9866,26;EUR;C04-Andrés
F2025-002446;1;19/03/2025;CLI0049;S08;741,27;2,53;0;1875,41;EUR;C01-Marta
F2025-002447;1;20/09/2025;CLI0159;S13;1,00;680,39;0;680,39;EUR;C01-Marta
F2025-002447;2;20/09/2025;CLI0159;S13;1,00;692,50;15;588,62;EUR;C05-Rocío
F2025-002448;1;11/03/2025;CLI0174;S08;1395,05;2,51;0;3501,58;EUR;C05-Rocío
F2025-002449;1;21/08/2025;CLI0221;S10;229,87;8,38;0;1926,31;EUR;C03-Lucía
F2025-002449;2;21/08/2025;CLI0221;S10;896,18;8,87;0;7949,12;EUR;C03-Lucía
F2025-002449;3;21/08/2025;CLI0221;S13;1,00;673,42;0;673,42;EUR;C05-Rocío
F2025-002450;1;13/02/2025;CLI0207;S10;386,05;8,87;0;3424,26;EUR;C03-Lucía
F2025-002450;2;13/02/2025;CLI0207;S10;667,46;8,32;0;5553,27;EUR;C03-Lucía
F2025-002450;3;13/02/2025;CLI0207;S13;1,00;636,35;5;604,53;EUR;C05-Rocío
F2025-002451;1;02/01/2025;CLI0362;S13;1,00;651,47;5;618,90;EUR;C02-Javier
F2025-002451;2;02/01/2025;CLI0362;S02;102,98;6,95;0;715,71;EUR;C02-Javier
F2025-002452;1;17/01/2025;CLI0051;S06;1495,27;1,17;5;1661,99;EUR;C03-Lucía
F2025-002453;1;07/03/2025;CLI0341;S06;2845,46;1,13;5;3054,60;EUR;C05-Rocío
F2025-002453;2;07/03/2025;CLI0341;S05;2310,49;3,19;0;7370,46;EUR;C02-Javier
F2025-002453;3;07/03/2025;CLI0341;S05;1704,40;3,43;0;5846,09;EUR;C02-Javier
F2025-002454;1;01/11/2025;CLI0188;S11;34,05;25,85;0;880,19;EUR;C02-Javier
F2025-002455;1;27/02/2025;CLI0212;S04;1686,23;13,86;0;23371,15;EUR;C05-Rocío
F2025-002455;2;27/02/2025;CLI0212;S12;4,00;121,73;0;486,92;EUR;C01-Marta
F2025-002455;3;27/02/2025;CLI0212;S12;4,00;129,13;0;516,52;EUR;C02-Javier
F2025-002455;4;27/02/2025;CLI0212;S14;2,00;210,04;0;420,08;EUR;C05-Rocío
F2025-002456;1;09/06/2025;CLI0301;S08;8424,23;2,42;5;19367,30;EUR;C03-Lucía
F2025-002457;1;10/02/2025;CLI0212;S15;3,00;86,01;0;258,03;EUR;C05-Rocío
F2025-002458;1;02/06/2025;CLI0095;S13;1,00;649,46;0;649,46;EUR;C03-Lucía
F2025-002458;2;02/06/2025;CLI0095;S15;4,00;91,34;10;328,82;EUR;C01-Marta
F2025-002458;3;02/06/2025;CLI0095;S09;68,97;41,96;0;2893,98;EUR;C01-Marta
F2025-002459;1;23/10/2025;CLI0380;S05;154,06;3,15;5;461,02;EUR;C01-Marta
F2025-002459;2;23/10/2025;CLI0380;S05;120,64;3,36;5;385,08;EUR;C01-Marta
F2025-002459;3;23/10/2025;CLI0380;S05;237,24;3,14;0;744,93;EUR;C05-Rocío
F2025-002459;4;23/10/2025;CLI0380;S14;12,00;207,11;5;2361,05;EUR;C04-Andrés
F2025-002460;1;06/05/2025;CLI0325;S02;907,97;6,83;0;6201,44;EUR;C04-Andrés
F2025-002460;2;06/05/2025;CLI0325;S02;268,06;6,80;0;1822,81;EUR;C03-Lucía
F2025-002460;3;06/05/2025;CLI0325;S15;2,00;88,20;0;176,40;EUR;C05-Rocío
F2025-002461;1;23/09/2025;CLI0236;S13;1,00;656,82;0;656,82;EUR;C05-Rocío
F2025-002461;1;23/09/2025;CLI0236;S13;1,00;656,82;0;656,82;EUR;C05-Rocío
F2025-002462;1;18/07/2025;CLI0058;S08;1527,75;2,45;5;3555,84;EUR;C02-Javier
F2025-002462;2;18/07/2025;CLI0058;S07;333,27;1,65;5;522,40;EUR;C04-Andrés
F2025-002462;3;18/07/2025;CLI0058;S07;171,84;1,60;0;274,94;EUR;C03-Lucía
F2025-002463;1;16/11/2025;CLI0299;S07;623,71;1,69;5;1001,37;EUR;C01-Marta
F2025-002463;2;16/11/2025;CLI0299;S07;189,30;1,57;0;297,20;EUR;C03-Lucía
F2025-002464;1;26/09/2025;CLI0008;S02;218,18;7,03;15;1303,73;EUR;C05-Rocío
F2025-002464;2;26/09/2025;CLI0008;S15;2,00;84,81;0;169,62;EUR;C03-Lucía
F2025-002465;1;24/08/2025;CLI0257;S06;1910,72;1,09;5;1978,55;EUR;C04-Andrés
F2025-002466;1;21/12/2025;CLI0104;S10;778,95;8,77;0;6831,39;EUR;C03-Lucía
F2025-002466;2;21/12/2025;CLI0104;S10;682,75;8,95;0;6110,61;EUR;C03-Lucía
F2025-002467;1;27/07/2025;CLI0189;S03;39,13;37,32;0;1460,33;EUR;C04-Andrés
F2025-002468;1;25/02/2025;CLI0265;S01;36,70;93,26;0;3422,64;EUR;C02-Javier
F2025-002469;1;14/08/2025;CLI0366;S05;184,61;3,45;0;636,90;EUR;C03-Lucía
F2025-002469;2;14/08/2025;CLI0366;S05;212,68;3,30;0;701,84;EUR;C04-Andrés
F2025-002470;1;04/03/2025;CLI0063;S05;138,32;3,32;0;459,22;EUR;C05-Rocío
F2025-002470;2;04/03/2025;CLI0063;S06;1171,94;1,17;5;1302,61;EUR;C01-Marta
F2025-002470;3;04/03/2025;CLI0063;S05;277,66;3,36;0;932,94;EUR;C04-Andrés
F2025-002470;4;04/03/2025;CLI0063;S06;2849,12;1,08;0;3077,05;EUR;C04-Andrés
F2025-002471;1;26/08/2025;CLI0095;S09;216,99;43,31;10;8458,05;EUR;C04-Andrés
F2025-002471;2;26/08/2025;CLI0095;S09;147,77;43,15;0;6376,28;EUR;C03-Lucía
F2025-002471;3;26/08/2025;CLI0095;S09;91,54;43,13;0;3948,12;EUR;C03-Lucía
F2025-002471;4;26/08/2025;CLI0095;S09;300,85;43,24;0;13008,75;EUR;C02-Javier
F2025-002472;1;07/03/2025;CLI0017;S06;1523,38;1,18;10;1617,83;EUR;C02-Javier
F2025-002472;2;07/03/2025;CLI0017;S13;1,00;698,19;15;593,46;EUR;C03-Lucía
F2025-002473;1;27/07/2025;CLI0371;S15;3,00;91,90;0;275,70;EUR;C04-Andrés
F2025-002473;2;27/07/2025;CLI0371;S10;107,43;8,96;0;962,57;EUR;C03-Lucía
F2025-002474;1;15/05/2025;CLI0158;S15;3,00;87,62;5;249,72;EUR;C04-Andrés
F2025-002474;2;15/05/2025;CLI0158;S14;8,00;226,63;0;1813,04;EUR;C01-Marta
F2025-002474;3;15/05/2025;CLI0158;S09;93,59;43,28;10;3645,52;EUR;C05-Rocío
F2025-002474;4;15/05/2025;CLI0158;S09;33,64;43,68;5;1395,93;EUR;C04-Andrés
F2025-002475;1;10/09/2025;CLI0367;S14;13,00;215,52;5;2661,67;EUR;C02-Javier
F2025-002475;2;10/09/2025;CLI0367;S06;3134,14;1,10;0;3447,55;EUR;C02-Javier
F2025-002475;3;10/09/2025;CLI0367;S05;646,55;3,24;0;2094,82;EUR;C04-Andrés
F2025-002475;4;10/09/2025;CLI0367;S05;3629,03;3,17;0;11504,03;EUR;C01-Marta
F2025-002476;1;03/02/2025;CLI0207;S10;77,39;8,85;0;684,90;EUR;C05-Rocío
F2025-002476;2;03/02/2025;CLI0207;S10;131,82;8,52;5;1066,95;EUR;C02-Javier
F2025-002476;3;03/02/2025;CLI0207;S13;1,00;638,48;0;638,48;EUR;C05-Rocío
F2025-002477;1;18/03/2025;CLI0100;S07;261,93;1,68;0;440,04;EUR;C02-Javier
F2025-002477;2;18/03/2025;CLI0100;S07;88,94;1,72;0;152,98;EUR;C04-Andrés
F2025-002477;3;18/03/2025;CLI0100;S15;3,00;87,02;0;261,06;EUR;C02-Javier
F2025-002477;4;18/03/2025;CLI0100;S08;3452,89;2,56;0;8839,40;EUR;C05-Rocío
F2025-002478;1;16/02/2025;CLI0384;S14;8,00;215,46;5;1637,50;EUR;C04-Andrés
F2025-002479;1;25/08/2025;CLI0298;S01;45,73;94,97;5;4125,83;EUR;C02-Javier
F2025-002479;2;25/08/2025;CLI0298;S11;19,47;26,61;0;518,10;EUR;C02-Javier
F2025-002480;1;22/03/2025;CLI0241;S12;3,00;120,95;5;344,71;EUR;C04-Andrés
F2025-002480;2;22/03/2025;CLI0241;S04;190,68;15,04;5;2724,44;EUR;C04-Andrés
F2025-002480;3;22/03/2025;CLI0241;S03;142,10;39,45;0;5605,85;EUR;C01-Marta
F2025-002481;1;12/11/2025;CLI0113;S14;11,00;212,13;5;2216,76;EUR;C05-Rocío
F2025-002481;2;12/11/2025;CLI0113;S09;175,99;45,00;10;7127,60;EUR;C04-Andrés
F2025-002482;1;27/12/2025;CLI0385;S06;746,65;1,16;0;866,11;EUR;C02-Javier
F2025-002482;2;27/12/2025;CLI0385;S05;373,62;3,38;5;1199,69;EUR;C05-Rocío
F2025-002482;3;27/12/2025;CLI0385;S05;157,55;3,35;5;501,40;EUR;C02-Javier
F2025-002482;4;27/12/2025;CLI0385;S13;1,00;644,30;0;644,30;EUR;C02-Javier
F2025-002483;1;09/02/2025;CLI0218;S10;809,66;8,99;0;7278,84;EUR;C02-Javier
F2025-002483;2;09/02/2025;CLI0218;S10;747,95;9,16;5;6508,66;EUR;C05-Rocío
F2025-002484;1;07/06/2025;CLI0158;S09;171,15;45,28;10;6974,70;EUR;C03-Lucía
F2025-002485;1;27/06/2025;CLI0079;S06;2872,43;1,08;0;3102,22;EUR;C02-Javier
F2025-002485;2;27/06/2025;CLI0079;S15;3,00;85,80;0;257,40;EUR;C01-Marta
F2025-002485;3;27/06/2025;CLI0079;S05;153,58;3,26;0;500,67;EUR;C01-Marta
F2025-002486;1;23/01/2025;CLI0341;S15;3,00;84,84;0;254,52;EUR;C05-Rocío
F2025-002486;2;23/01/2025;CLI0341;S05;411,81;3,35;0;1379,56;EUR;C05-Rocío
F2025-002486;3;23/01/2025;CLI0341;S14;15,00;223,95;0;3359,25;EUR;C01-Marta
F2025-002487;1;27/08/2025;CLI0051;S06;1003,04;1,14;15;971,95;EUR;C03-Lucía
F2025-002487;2;27/08/2025;CLI0051;S05;209,62;3,35;10;632,00;EUR;C01-Marta
F2025-002487;3;27/08/2025;CLI0051;S06;652,12;1,10;15;609,73;EUR;C02-Javier
F2025-002488;1;27/01/2025;CLI0046;S06;998,85;1,11;0;1108,72;EUR;C01-Marta
F2025-002488;2;27/01/2025;CLI0046;S06;1099,19;1,14;0;1253,08;EUR;C05-Rocío
F2025-002489;1;26/04/2025;CLI0087;S10;1976,24;8,77;0;17331,62;EUR;C04-Andrés
F2025-002489;2;26/04/2025;CLI0087;S10;71,97;8,72;5;596,20;EUR;C02-Javier
F2025-002489;3;26/04/2025;CLI0087;S15;4,00;103,68;0;414,71;USD;C04-Andrés
F2025-002489;4;26/04/2025;CLI0087;S10;227,00;10,50;5;2263,50;USD;C01-Marta
F2025-002490;1;02/06/2025;CLI0017;S13;1,00;657,84;10;592,06;EUR;C01-Marta
F2025-002490;2;02/06/2025;CLI0017;S05;1142,60;3,21;0;3667,75;EUR;C04-Andrés
F2025-002490;3;02/06/2025;CLI0017;S05;449,00;3,44;0;1544,56;EUR;C01-Marta
F2025-002490;4;02/06/2025;CLI0017;S05;40,82;3,38;5;131,07;EUR;C03-Lucía
F2025-002491;1;18/12/2025;CLI0158;S09;47,02;41,66;10;1762,97;EUR;C03-Lucía
F2025-002491;2;18/12/2025;CLI0158;S15;1,00;91,76;10;82,58;EUR;C04-Andrés
F2025-002491;3;18/12/2025;CLI0158;S09;259,51;45,41;10;10605,91;EUR;C04-Andrés
F2025-002492;1;07/10/2025;CLI0317;S10;1099,40;9,18;15;8578,62;EUR;C03-Lucía
F2025-002492;2;07/10/2025;CLI0317;S10;370,28;8,97;15;2823,20;EUR;C05-Rocío
F2025-002492;3;07/10/2025;CLI0317;S10;355,06;8,94;0;3174,24;EUR;C05-Rocío
F2025-002492;4;07/10/2025;CLI0317;S10;377,59;9,10;5;3264,27;EUR;C01-Marta
F2025-002493;1;14/09/2025;CLI0107;S05;426,42;3,17;0;1351,75;EUR;C01-Marta
F2025-002494;1;05/10/2025;CLI0339;S13;1,00;657,34;0;657,34;EUR;C05-Rocío
F2025-002495;1;08/10/2025;CLI0236;S06;2770,26;1,08;0;2991,88;EUR;C04-Andrés
F2025-002495;2;08/10/2025;CLI0236;S05;168,92;3,25;0;548,99;EUR;C05-Rocío
F2025-002495;3;08/10/2025;CLI0236;S15;3,00;86,08;5;245,33;EUR;C03-Lucía
F2025-002496;1;11/01/2025;CLI0094;S07;3603,18;1,71;5;5853,37;EUR;C01-Marta
F2025-002496;2;11/01/2025;CLI0094;S15;3,00;87,22;0;261,66;EUR;C03-Lucía
F2025-002496;3;11/01/2025;CLI0094;S07;622,02;1,66;5;980,93;EUR;C01-Marta
F2025-002497;1;16/09/2025;CLI0301;S14;9,00;207,62;5;1775,15;EUR;C01-Marta
F2025-002497;2;16/09/2025;CLI0301;S07;300,34;1,63;5;465,08;EUR;C03-Lucía
F2025-002497;3;16/09/2025;CLI0301;S15;3,00;86,36;5;246,13;EUR;C05-Rocío
F2025-002498;1;03/12/2025;CLI0170;S06;1386,94;1,10;5;1449,35;EUR;C01-Marta
F2025-002498;2;03/12/2025;CLI0170;S05;189,28;3,23;5;580,81;EUR;C05-Rocío
F2025-002499;1;23/07/2025;CLI0311;S07;366,83;1,67;0;612,61;EUR;C02-Javier
F2025-002499;2;23/07/2025;CLI0311;S08;4028,92;2,44;0;9830,56;EUR;C05-Rocío
F2025-002500;1;12/03/2025;CLI0185;S09;196,40;42,99;0;8443,24;EUR;C01-Marta
F2025-002500;2;12/03/2025;CLI0185;S09;233,31;45,14;5;10005,03;EUR;C03-Lucía
F2025-002500;3;12/03/2025;CLI0185;S09;61,11;43,05;0;2630,79;EUR;C04-Andrés
F2025-002500;4;12/03/2025;CLI0185;S15;2,00;87,70;0;175,40;EUR;C03-Lucía
F2025-002501;1;09/12/2025;CLI0343;S09;44,10;42,46;5;1778,86;EUR;C04-Andrés
F2025-002501;2;09/12/2025;CLI0343;S14;11,00;216,99;0;2386,89;EUR;C05-Rocío
F2025-002502;1;02/05/2025;CLI0159;S12;2,00;124,25;0;248,50;EUR;C02-Javier
F2025-002502;2;02/05/2025;CLI0159;S12;2,00;127,23;0;254,46;EUR;C04-Andrés
F2025-002503;1;10/12/2025;CLI0072;S06;1886,22;1,15;0;2169,15;EUR;C03-Lucía
F2025-002503;2;10/12/2025;CLI0072;S05;413,18;3,28;0;1355,23;EUR;C03-Lucía
F2025-002504;1;19/10/2025;CLI0210;S09;307,61;42,84;5;12519,11;EUR;C02-Javier
F2025-002504;2;19/10/2025;CLI0210;S13;1,00;702,49;0;702,49;EUR;C05-Rocío
F2025-002505;1;17/08/2025;CLI0329;S11;41,61;24,60;0;1023,61;EUR;C02-Javier
F2025-002505;2;17/08/2025;CLI0329;S11;66,39;26,31;15;1484,71;EUR;C03-Lucía
F2025-002506;1;24/09/2025;CLI0341;S06;497,66;1,18;0;587,24;EUR;C04-Andrés
F2025-002507;1;03/03/2025;CLI0094;S14;8,00;222,90;5;1694,04;EUR;C02-Javier
F2025-002507;2;03/03/2025;CLI0094;S08;475,02;2,58;5;1164,27;EUR;C02-Javier
F2025-002507;3;03/03/2025;CLI0094;S15;3,00;91,12;0;273,36;EUR;C02-Javier
F2025-002508;1;20/09/2025;CLI0158;S09;130,20;42,63;0;5550,43;EUR;C05-Rocío
F2025-002508;2;20/09/2025;CLI0158;S09;267,32;45,27;0;12101,58;EUR;C02-Javier
F2025-002508;3;20/09/2025;CLI0158;S09;478,22;41,71;0;19946,56;EUR;C01-Marta
F2025-002509;1;18/05/2025;CLI0170;S06;1699,42;1,08;0;1835,37;EUR;C04-Andrés
F2025-002509;2;18/05/2025;CLI0170;S06;866,20;1,17;5;962,78;EUR;C03-Lucía
F2025-002510;1;09/03/2025;CLI0099;S10;324,19;8,39;0;2719,95;EUR;C01-Marta
F2025-002510;2;09/03/2025;CLI0099;S10;108,56;8,46;0;918,42;EUR;C01-Marta
F2025-002510;3;09/03/2025;CLI0099;S10;137,56;8,33;0;1145,87;EUR;C02-Javier
F2025-002511;1;02/09/2025;CLI0123;S15;3,00;87,57;5;;EUR;C01-Marta
F2025-002511;2;02/09/2025;CLI0123;S13;1,00;657,59;0;657,59;EUR;C01-Marta
F2025-002512;1;19/11/2025;CLI0238;S15;1,00;85,76;15;72,90;EUR;C03-Lucía
F2025-002512;2;19/11/2025;CLI0238;S03;61,00;37,29;0;2274,69;EUR;C01-Marta
F2025-002512;3;19/11/2025;CLI0238;S14;11,00;218,26;15;2040,73;EUR;C02-Javier
F2025-002513;1;24/11/2025;CLI0051;S05;336,95;3,18;5;1017,93;EUR;C03-Lucía
F2025-002514;1;26/01/2025;CLI0368;S15;3,00;88,29;0;264,87;EUR;C02-Javier
F2025-002514;2;26/01/2025;CLI0368;S14;12,00;208,31;0;2499,72;EUR;C03-Lucía
F2025-002515;1;20/11/2025;CLI0158;S13;1,00;644,08;10;579,67;EUR;C04-Andrés
F2025-002515;2;20/11/2025;CLI0158;S13;1,00;682,37;0;682,37;EUR;C04-Andrés
F2025-002516;1;21/04/2025;CLI0152;S02;1537,16;6,68;5;9754,82;EUR;C05-Rocío
F2025-002516;2;21/04/2025;CLI0152;S11;91,21;25,66;0;2340,45;EUR;C05-Rocío
F2025-002516;3;21/04/2025;CLI0152;S01;64,33;101,07;0;6501,83;EUR;C02-Javier
F2025-002517;1;16/10/2025;CLI0373;S15;2,00;83,21;0;166,42;EUR;C04-Andrés
F2025-002518;1;14/12/2025;CLI0274;S08;978,51;2,46;10;2166,42;EUR;C02-Javier
F2025-002518;2;14/12/2025;CLI0274;S08;1294,93;2,38;0;3081,93;EUR;C02-Javier
F2025-002519;1;28/02/2025;CLI0149;S08;1221,41;2,56;0;3126,81;EUR;C04-Andrés
F2025-002519;2;28/02/2025;CLI0149;S08;2957,85;2,38;5;6687,70;EUR;C05-Rocío
F2025-002519;3;28/02/2025;CLI0149;S08;2684,64;2,51;0;6738,45;EUR;C03-Lucía
F2025-002519;4;28/02/2025;CLI0149;S08;963,49;2,50;0;2408,72;EUR;C01-Marta
F2025-002520;1;04/07/2025;CLI0380;S06;2806,75;1,13;0;3171,63;EUR;C05-Rocío
F2025-002520;2;04/07/2025;CLI0380;S06;803,63;1,11;0;892,03;EUR;C03-Lucía
F2025-002520;3;04/07/2025;CLI0380;S05;547,94;3,37;0;1846,56;EUR;C05-Rocío
F2025-002521;1;07/07/2025;CLI0277;S02;2088,16;6,94;0;14491,83;EUR;C05-Rocío
F2025-002521;2;07/07/2025;CLI0277;S11;116,49;28,21;0;3285,72;USD;C05-Rocío
F2025-002522;1;19/09/2025;CLI0291;S10;399,66;9,08;0;3628,91;EUR;C01-Marta
F2025-002523;1;21/03/2025;CLI0306;S02;230,59;6,94;5;1520,28;EUR;C03-Lucía
F2025-002523;2;21/03/2025;CLI0306;S02;259,15;6,89;10;1606,99;EUR;C01-Marta
F2025-002523;3;21/03/2025;CLI0306;S11;7,93;26,20;0;207,77;EUR;C01-Marta
F2025-002524;1;03/03/2025;CLI0159;S04;766,00;15,06;0;11535,96;EUR;C01-Marta
F2025-002525;1;18/03/2025;CLI0159;S13;1,00;645,08;0;645,08;EUR;C03-Lucía
F2025-002525;1;18/03/2025;CLI0159;S13;1,00;645,08;0;645,08;EUR;C03-Lucía
F2025-002525;2;18/03/2025;CLI0159;S04;218,80;13,83;5;2874,70;EUR;C03-Lucía
F2025-002525;3;18/03/2025;CLI0159;S04;608,90;14,02;10;7683,10;EUR;C05-Rocío
F2025-002526;1;21/01/2025;CLI0101;S10;452,17;9,84;15;3781,99;USD;C03-Lucía
F2025-002526;2;21/01/2025;CLI0101;S10;287,01;9,05;5;2467,57;EUR;C04-Andrés
F2025-002526;3;21/01/2025;CLI0101;S10;736,68;10,36;0;7630,08;USD;C01-Marta
F2025-002526;4;21/01/2025;CLI0101;S10;7508,69;8,35;5;59562,68;EUR;C01-Marta
F2025-002527;1;07/11/2025;CLI0355;S13;1,00;637,30;0;637,30;EUR;C03-Lucía
F2025-002527;2;07/11/2025;CLI0355;S13;1,00;750,18;0;750,18;USD;C04-Andrés
F2025-002528;1;02/06/2025;CLI0094;S08;1608,88;2,58;5;3943,36;EUR;C03-Lucía
F2025-002529;1;01/09/2025;CLI0372;S09;100,96;42,83;5;4107,91;EUR;C04-Andrés
F2025-002529;2;01/09/2025;CLI0372;S09;120,63;42,58;0;5136,43;EUR;C03-Lucía
F2025-002529;3;01/09/2025;CLI0372;S09;90,22;42,82;0;3863,22;EUR;C04-Andrés
F2025-002529;4;01/09/2025;CLI0372;S09;61,54;45,10;0;2775,45;EUR;C03-Lucía
F2025-002530;1;01/02/2025;CLI0359;S05;445,83;3,38;0;1506,91;EUR;C04-Andrés
F2025-002530;2;01/02/2025;CLI0359;S14;14,00;213,28;0;2985,92;EUR;C05-Rocío
F2025-002530;3;01/02/2025;CLI0359;S05;216,28;3,46;0;748,33;EUR;C05-Rocío
F2025-002530;4;01/02/2025;CLI0359;S05;133,29;3,29;0;438,52;EUR;C01-Marta
F2025-002531;1;20/09/2025;CLI0213;S10;44,37;8,58;0;380,69;EUR;C05-Rocío
F2025-002532;1;21/05/2025;CLI0056;S13;1,00;662,70;5;629,57;EUR;C02-Javier
F2025-002532;2;21/05/2025;CLI0056;S10;70,25;8,62;0;605,55;EUR;C04-Andrés
F2025-002533;1;03/09/2025;CLI0181;S10;107,92;8,87;0;957,25;EUR;C02-Javier
F2025-002534;1;01/01/2025;CLI0371;S13;1,00;700,63;0;700,63;EUR;C04-Andrés
F2025-002534;2;01/01/2025;CLI0371;S14;16,00;224,09;0;3585,44;EUR;C04-Andrés
F2025-002535;1;23/05/2025;CLI0212;S13;1,00;657,76;5;624,87;EUR;C04-Andrés
F2025-002535;2;23/05/2025;CLI0212;S12;4,00;125,05;0;;EUR;C02-Javier
F2025-002535;3;23/05/2025;cli0212;S04;105,25;14,24;0;1498,76;EUR;C01-Marta
F2025-002535;4;23/05/2025;CLI0212;S03;90,76;38,79;0;3520,58;EUR;C05-Rocío
F2025-002536;1;15/01/2025;CLI0114;S09;122,16;44,11;0;5388,48;EUR;C05-Rocío
F2025-002536;2;15/01/2025;CLI0114;S09;119,98;42,58;5;4853,31;EUR;C04-Andrés
F2025-002536;3;15/01/2025;CLI0114;S09;87,12;45,14;0;3932,60;EUR;C05-Rocío
F2025-002537;1;27/04/2025;CLI0255;S05;79,87;3,70;0;295,61;USD;C05-Rocío
F2025-002537;2;27/04/2025;CLI0255;S15;1,00;105,71;5;100,42;USD;C01-Marta
F2025-002538;1;13/06/2025;CLI0096;S13;1,00;652,17;5;619,56;EUR;C02-Javier
F2025-002538;2;13/06/2025;CLI0096;S13;1,00;654,37;0;654,37;EUR;C05-Rocío
F2025-002538;3;13/06/2025;CLI0096;S13;1,00;664,27;5;631,06;EUR;C03-Lucía
F2025-002538;4;13/06/2025;CLI0096;S07;1232,47;1,66;0;2045,90;EUR;C02-Javier
F2025-002539;1;02/01/2025;CLI0273;S10;145,16;8,89;5;1225,95;EUR;C04-Andrés
F2025-002540;1;24/02/2025;CLI0051;S05;148,49;3,44;15;434,18;EUR;C03-Lucía
F2025-002540;2;24/02/2025;CLI0051;S05;2190,83;3,37;0;7383,10;EUR;C05-Rocío
F2025-002541;1;20/10/2025;CLI0228;S06;1769,84;1,17;0;2070,71;EUR;C02-Javier
F2025-002541;2;20/10/2025;CLI0228;S06;1229,45;1,08;0;1327,81;EUR;C01-Marta
F2025-002541;3;20/10/2025;CLI0228;S06;782,02;1,16;0;907,14;EUR;C04-Andrés
F2025-002542;1;04/02/2025;CLI0386;S11;29,95;26,42;0;791,28;EUR;C01-Marta
F2025-002542;2;04/02/2025;CLI0386;S11;69,26;24,65;0;1707,26;EUR;C02-Javier
F2025-002542;3;04/02/2025;CLI0386;S02;842,21;6,95;0;5853,36;EUR;C01-Marta
F2025-002542;4;04/02/2025;CLI0386;S11;36,44;26,69;5;923,95;EUR;C02-Javier
F2025-002543;1;12/12/2025;CLI0078;S15;2,00;84,12;5;159,83;EUR;C03-Lucía
F2025-002544;1;16/01/2025;CLI0051;S13;1,00;667,46;10;600,71;EUR;C01-Marta
F2025-002544;2;16/01/2025;CLI0051;S15;4,00;91,06;5;346,03;EUR;C01-Marta
F2025-002544;3;16/01/2025;CLI0051;S05;632,20;3,27;5;1963,93;EUR;C01-Marta
F2025-002544;4;16/01/2025;CLI0051;S06;1819,42;1,12;0;2037,75;EUR;C02-Javier
F2025-002545;1;08/11/2025;CLI0158;S09;126,90;43,74;5;5273,08;EUR;C05-Rocío
F2025-002546;1;19/05/2025;CLI0286;S02;649,17;6,54;0;4245,57;EUR;C04-Andrés
F2025-002546;2;19/05/2025;CLI0286;S02;425,76;6,39;15;2312,52;EUR;C01-Marta
F2025-002547;1;14/06/2025;CLI0127;S09;93,42;43,45;0;4059,10;EUR;C01-Marta
F2025-002547;2;14/06/2025;CLI0127;S09;82,47;42,34;0;3491,78;EUR;C01-Marta
F2025-002547;3;14/06/2025;CLI0127;S09;247,83;44,78;0;11097,83;EUR;C01-Marta
F2025-002547;4;14/06/2025;CLI0127;S09;121,29;41,46;0;5028,68;EUR;C01-Marta
F2025-002548;1;24/04/2025;CLI0212;S03;122,62;40,62;5;4731,78;EUR;C04-Andrés
F2025-002548;2;24/04/2025;CLI0212;S15;3,00;89,96;0;269,88;EUR;C05-Rocío
F2025-002548;3;24/04/2025;CLI0212;S03;26,81;38,51;0;1032,45;EUR;C01-Marta
F2025-002549;1;28/11/2025;CLI0087;S10;226,06;8,72;0;1971,24;EUR;C03-Lucía
F2025-002550;1;14/04/2025;CLI0207;S13;1,00;648,56;0;648,56;EUR;C05-Rocío
F2025-002551;1;06/07/2025;CLI0257;S06;766,97;1,18;5;859,77;EUR;C03-Lucía
F2025-002551;2;06/07/2025;CLI0257;S14;8,00;210,04;0;1680,32;EUR;C05-Rocío
F2025-002551;3;06/07/2025;CLI0257;S06;369,13;1,18;5;413,79;EUR;C04-Andrés
F2025-002551;4;06/07/2025;CLI0257;S06;2669,09;1,09;5;2763,84;EUR;C02-Javier
F2025-002551;4;06/07/2025;CLI0257;S06;2669,09;1,09;5;2763,84;EUR;C02-Javier
F2025-002552;1;26/02/2025;CLI0207;S10;1113,50;8,67;0;9654,05;EUR;C03-Lucía
F2025-002552;2;26/02/2025;CLI0207;S10;190,86;9,19;5;1666,30;EUR;C02-Javier
F2025-002552;3;26/02/2025;CLI0207;S10;89,95;9,18;0;825,74;EUR;C02-Javier
F2025-002553;1;06/02/2025;CLI0034;S09;56,73;44,03;0;2497,82;EUR;C04-Andrés
F2025-002553;2;06/02/2025;CLI0034;S09;228,82;43,58;15;8476,18;EUR;C01-Marta
F2025-002553;3;06/02/2025;CLI0034;S09;111,85;43,31;0;4844,22;EUR;C02-Javier
F2025-002553;4;06/02/2025;CLI0034;S09;235,50;43,31;5;9689,53;EUR;C05-Rocío
F2025-002554;1;10/12/2025;CLI0368;S14;3,00;206,17;5;587,58;EUR;C05-Rocío
F2025-002554;2;10/12/2025;CLI0368;S14;4,00;208,82;5;793,52;EUR;C04-Andrés
F2025-002554;3;10/12/2025;CLI0368;S10;806,86;8,73;5;6691,69;EUR;C02-Javier
F2025-002554;4;10/12/2025;CLI0368;S14;4,00;209,20;0;836,80;EUR;C05-Rocío
F2025-002555;1;16/04/2025;CLI0314;S07;80,71;1,72;0;138,82;EUR;C03-Lucía
F2025-002555;2;16/04/2025;CLI0314;S07;1074,98;1,63;0;1752,22;EUR;C02-Javier
F2025-002555;3;16/04/2025;CLI0314;S07;63,44;1,67;0;105,94;EUR;C05-Rocío
F2025-002555;4;16/04/2025;CLI0314;S08;307,70;2,41;5;704,48;EUR;C04-Andrés
F2025-002556;1;03/01/2025;CLI0056;S10;1015,63;8,33;5;8037,19;EUR;C04-Andrés
F2025-002556;2;03/01/2025;CLI0056;S14;4,00;219,41;0;877,64;EUR;C02-Javier
F2025-002556;3;03/01/2025;CLI0056;S10;935,69;8,42;0;7878,51;EUR;C02-Javier
F2025-002557;1;19/02/2025;CLI0138;S15;2,00;88,06;5;167,31;EUR;C05-Rocío
F2025-002557;2;19/02/2025;CLI0138;S14;10,00;208,10;5;1976,95;EUR;C02-Javier
F2025-002558;1;28/05/2025;cli0095;S14;10,00;214,26;0;2142,60;EUR;C05-Rocío
F2025-002558;2;28/05/2025;CLI0095;S09;80,64;43,73;0;3526,39;EUR;C02-Javier
F2025-002559;1;09/12/2025;CLI0216;S10;37,85;8,77;0;331,94;EUR;C03-Lucía
F2025-002560;1;24/06/2025;CLI0299;S14;4,00;207,53;0;830,12;EUR;C05-Rocío
F2025-002560;2;24/06/2025;CLI0299;S15;4,00;84,97;0;339,88;EUR;C03-Lucía
F2025-002561;1;21/04/2025;CLI0155;S02;236,37;6,77;0;1600,22;EUR;C02-Javier
F2025-002561;2;21/04/2025;CLI0155;S14;15,00;206,77;0;3101,55;EUR;C05-Rocío
F2025-002562;1;25/06/2025;CLI0192;S13;1,00;686,75;0;686,75;EUR;C02-Javier
F2025-002562;2;25/06/2025;CLI0192;S10;1611,62;10,10;0;16285,24;USD;C01-Marta
F2025-002563;1;07/04/2025;CLI0291;S10;270,77;8,72;5;2243,06;EUR;C05-Rocío
F2025-002563;2;07/04/2025;CLI0291;S10;934,35;8,38;0;7829,85;EUR;C04-Andrés
F2025-002563;3;07/04/2025;CLI0291;S10;206,63;9,06;5;1778,46;EUR;C02-Javier
F2025-002564;1;12/03/2025;CLI0251;S05;340,93;3,23;0;1101,20;EUR;C01-Marta
F2025-002564;2;12/03/2025;CLI0251;S05;392,55;3,38;0;1326,82;EUR;C02-Javier
F2025-002564;3;12/03/2025;CLI0251;S06;1181,78;1,13;5;1268,64;EUR;C05-Rocío
F2025-002564;4;12/03/2025;CLI0251;S13;1,00;694,64;0;694,64;EUR;C05-Rocío
F2025-002565;1;18/02/2025;CLI0212;S12;4,00;129,05;0;516,20;EUR;C05-Rocío
F2025-002566;1;03/06/2025;CLI0099;S10;632,99;8,53;5;5129,43;EUR;C05-Rocío
F2025-002567;1;19/01/2025;CLI0094;S15;4,00;87,44;5;332,27;EUR;C01-Marta
F2025-002567;2;19/01/2025;CLI0094;S07;165,75;1,70;0;281,77;EUR;C01-Marta
F2025-002568;1;16/11/2025;CLI0212;S15;4,00;90,71;0;362,84;EUR;C05-Rocío
F2025-002568;2;16/11/2025;CLI0212;S03;50,30;39,33;0;1978,30;EUR;C05-Rocío
F2025-002569;1;14/01/2025;CLI0158;S09;93,95;41,69;0;;EUR;C05-Rocío
F2025-002569;2;14/01/2025;CLI0158;S09;286,88;42,95;0;12321,50;EUR;C05-Rocío
F2025-002569;3;14/01/2025;cli0158;S09;194,01;44,55;0;8643,15;EUR;C05-Rocío
F2025-002570;1;14/10/2025;CLI0104;S10;162,00;9,16;5;1409,72;EUR;C01-Marta
F2025-002570;2;14/10/2025;CLI0104;S10;843,26;9,05;0;7631,50;EUR;C02-Javier
F2025-002570;3;14/10/2025;CLI0104;S15;2,00;84,55;0;169,10;EUR;C02-Javier
F2025-002570;4;14/10/2025;CLI0104;S10;385,56;8,40;0;3238,70;EUR;C03-Lucía
F2025-002571;1;15/04/2025;CLI0212;S12;3,00;118,74;0;356,22;EUR;C01-Marta
F2025-002572;1;24/10/2025;CLI0095;S09;235,74;44,63;0;10521,08;EUR;C04-Andrés
F2025-002572;2;24/10/2025;CLI0095;S09;181,40;44,31;10;7234,05;EUR;C01-Marta
F2025-002572;3;24/10/2025;CLI0095;S09;258,81;41,29;5;10151,95;EUR;C03-Lucía
F2025-002572;4;24/10/2025;CLI0095;S15;4,00;91,74;0;366,96;EUR;C01-Marta
F2025-002573;1;18/02/2025;CLI0180;S15;4,00;84,66;0;338,64;EUR;C03-Lucía
F2025-002573;2;18/02/2025;CLI0180;S15;3,00;86,17;0;258,51;EUR;C04-Andrés
F2025-002573;3;18/02/2025;CLI0180;S07;128,21;1,66;0;212,83;EUR;C01-Marta
F2025-002573;4;18/02/2025;CLI0180;S15;4,00;86,77;0;347,08;EUR;C02-Javier
F2025-002574;1;01/05/2025;CLI0273;S10;289,65;8,62;0;2496,78;EUR;C01-Marta
F2025-002574;2;01/05/2025;CLI0273;S10;97,29;8,69;0;845,45;EUR;C01-Marta
F2025-002574;3;01/05/2025;CLI0273;S13;1,00;699,88;0;699,88;EUR;C01-Marta
F2025-002575;1;05/01/2025;CLI0370;S06;1640,87;1,09;10;1609,69;EUR;C01-Marta
F2025-002575;2;05/01/2025;CLI0370;S06;4504,87;1,10;15;4212,05;EUR;C04-Andrés
F2025-002576;1;10/02/2025;CLI0207;S15;4,00;91,00;5;345,80;EUR;C02-Javier
F2025-002576;2;10/02/2025;CLI0207;S10;234,77;8,98;0;2108,23;EUR;C04-Andrés
F2025-002576;3;10/02/2025;CLI0207;S10;406,95;8,36;0;3402,10;EUR;C01-Marta
F2025-002577;1;04/04/2025;CLI0162;S04;112,55;13,95;0;1570,07;EUR;C01-Marta
F2025-002577;2;04/04/2025;CLI0162;S15;1,00;89,07;0;89,07;EUR;C05-Rocío
F2025-002578;1;09/02/2025;CLI0089;S06;1239,51;1,11;15;1169,48;EUR;C02-Javier
F2025-002578;2;09/02/2025;CLI0089;S05;836,14;3,15;10;2370,46;EUR;C03-Lucía
F2025-002579;1;18/08/2025;CLI0037;S09;235,63;44,52;0;10490,25;EUR;C01-Marta
F2025-002580;1;26/11/2025;CLI0053;S08;384,47;2,42;0;930,42;EUR;C04-Andrés
F2025-002580;2;26/11/2025;CLI0053;S14;2,00;207,72;0;415,44;EUR;C05-Rocío
F2025-002581;1;01/02/2025;CLI0141;S13;1,00;648,86;0;648,86;EUR;C03-Lucía
F2025-002581;2;01/02/2025;CLI0141;S10;122,20;8,88;0;1085,14;EUR;C01-Marta
F2025-002581;3;01/02/2025;CLI0141;S10;785,81;9,08;0;7135,15;EUR;C04-Andrés
F2025-002581;4;01/02/2025;CLI0141;S10;172,30;8,98;5;1469,89;EUR;C03-Lucía
F2025-002582;1;11/02/2025;CLI0103;S07;534,43;1,65;0;881,81;EUR;C05-Rocío
F2025-002582;2;11/02/2025;CLI0103;S14;6,00;208,45;0;1250,70;EUR;C03-Lucía
F2025-002583;1;23/06/2025;CLI0215;S08;1368,80;2,44;0;3339,87;EUR;C02-Javier
F2025-002583;2;23/06/2025;CLI0215;S08;2898,93;2,54;5;6995,12;EUR;C03-Lucía
F2025-002583;3;23/06/2025;CLI0215;S14;11,00;214,03;0;2354,33;EUR;C02-Javier
F2025-002583;4;23/06/2025;CLI0215;S08;6997,66;2,50;5;16619,44;EUR;C02-Javier
F2025-002584;1;28/04/2025;CLI0114;S09;354,76;44,97;0;15953,56;EUR;C01-Marta
F2025-002584;2;28/04/2025;CLI0114;S09;115,04;42,24;5;4616,33;EUR;C03-Lucía
F2025-002585;1;22/06/2025;CLI0078;S10;489,97;9,12;0;4468,53;EUR;C01-Marta
F2025-002585;2;22/06/2025;CLI0078;S10;1341,61;8,93;0;11980,58;EUR;C03-Lucía
F2025-002586;1;15/12/2025;CLI0048;S10;28,25;8,51;5;228,39;EUR;C04-Andrés
F2025-002586;2;15/12/2025;CLI0048;S10;28,44;8,59;0;244,30;EUR;C01-Marta
F2025-002587;1;12/06/2025;CLI0201;S02;333,55;6,78;0;2261,47;EUR;C02-Javier
F2025-002587;2;12/06/2025;CLI0201;S01;133,00;97,06;0;12908,98;EUR;C03-Lucía
F2025-002588;1;19/04/2025;CLI0095;S14;6,00;212,42;5;1210,79;EUR;C03-Lucía
F2025-002589;1;11/12/2025;CLI0144;S02;160,28;6,92;0;1109,14;EUR;C03-Lucía
F2025-002589;2;11/12/2025;CLI0144;S01;154,93;101,25;0;15686,66;EUR;C03-Lucía
F2025-002590;1;18/06/2025;CLI0295;S05;396,14;3,28;0;1299,34;EUR;C03-Lucía
F2025-002590;2;18/06/2025;CLI0295;S05;563,68;3,38;0;1905,24;EUR;C03-Lucía
F2025-002590;3;18/06/2025;CLI0295;S05;458,66;3,20;0;1467,71;EUR;C01-Marta
F2025-002590;4;18/06/2025;CLI0295;S06;1224,26;1,13;0;1383,41;EUR;C05-Rocío
F2025-002591;1;10/07/2025;CLI0333;S15;2,00;85,96;0;171,92;EUR;C02-Javier
F2025-002591;2;10/07/2025;CLI0333;S02;503,24;6,56;5;3136,19;EUR;C04-Andrés
F2025-002591;3;10/07/2025;CLI0333;S11;32,13;26,04;0;836,67;EUR;C03-Lucía
F2025-002592;1;16/05/2025;CLI0207;S10;82,17;9,02;0;741,17;EUR;C04-Andrés
F2025-002593;1;18/11/2025;CLI0262;S14;9,00;205,88;0;1852,92;EUR;C02-Javier
F2025-002593;2;18/11/2025;CLI0262;S01;108,44;104,01;0;11278,72;USD;C01-Marta
F2025-002594;1;03/03/2025;CLI0207;S10;335,88;8,35;5;2664,37;EUR;C04-Andrés
F2025-002595;1;15/06/2025;CLI0056;S10;601,71;8,92;5;5098,89;EUR;C01-Marta
F2025-002595;2;15/06/2025;CLI0056;S13;1,00;641,65;0;641,65;EUR;C03-Lucía
F2025-002595;3;15/06/2025;CLI0056;S13;1,00;674,84;0;674,84;EUR;C04-Andrés
F2025-002595;4;15/06/2025;CLI0056;S10;53,91;8,68;0;467,94;EUR;C03-Lucía
F2025-002596;1;09/10/2025;CLI0158;S09;235,96;44,27;0;10445,95;EUR;C04-Andrés
F2025-002596;2;09/10/2025;CLI0158;S09;231,66;44,34;15;8731,03;EUR;C02-Javier
F2025-002597;1;17/05/2025;CLI0377;S01;18,63;94,09;5;1665,25;EUR;C05-Rocío
F2025-002597;2;17/05/2025;CLI0377;S02;479,99;6,73;0;3230,33;EUR;C05-Rocío
F2025-002597;3;17/05/2025;CLI0377;S02;157,02;6,72;0;1055,17;EUR;C05-Rocío
F2025-002598;1;04/01/2025;CLI0207;S15;2,00;83,53;0;167,06;EUR;C05-Rocío
F2025-002598;2;04/01/2025;CLI0207;S10;159,94;9,16;0;1465,05;EUR;C02-Javier
F2025-002598;3;04/01/2025;CLI0207;S10;132,95;8,74;0;1161,98;EUR;C03-Lucía
F2025-002599;1;03/02/2025;CLI0212;S12;1,00;121,59;0;121,59;EUR;C01-Marta
F2025-002600;1;11/07/2025;CLI0342;S14;12,00;225,52;0;2706,24;EUR;C05-Rocío
F2025-002600;2;11/07/2025;CLI0342;S10;99,45;8,40;0;835,38;EUR;C03-Lucía
F2025-002600;3;11/07/2025;CLI0342;S10;172,87;8,49;0;1467,67;EUR;C05-Rocío
F2025-002601;1;14/02/2025;CLI0175;S10;187,78;8,85;0;1661,85;EUR;C03-Lucía
F2025-002602;1;19/05/2025;CLI0028;S07;233,17;1,65;0;384,73;EUR;C05-Rocío
F2025-002602;2;19/05/2025;CLI0028;S08;2304,01;2,45;0;5644,82;EUR;C04-Andrés
F2025-002603;1;15/09/2025;CLI0212;S12;3,00;121,51;0;364,53;EUR;C04-Andrés
F2025-002603;2;15/09/2025;CLI0212;S12;1,00;122,22;0;122,22;EUR;C03-Lucía
F2025-002603;3;15/09/2025;CLI0212;S03;13,80;37,77;0;521,23;EUR;C05-Rocío
F2025-002603;4;15/09/2025;CLI0212;S12;2,00;118,55;0;237,10;EUR;C05-Rocío
F2025-002604;1;09/05/2025;CLI0078;S10;1113,00;8,48;0;9438,24;EUR;C05-Rocío
F2025-002604;2;09/05/2025;CLI0078;S10;884,34;8,84;0;7817,57;EUR;C01-Marta
F2025-002604;3;09/05/2025;CLI0078;S15;1,00;84,60;0;84,60;EUR;C05-Rocío
F2025-002604;4;09/05/2025;CLI0078;S15;4,00;90,82;5;345,12;EUR;C02-Javier
F2025-002605;1;02/10/2025;CLI0149;S08;1469,85;2,41;5;3365,22;EUR;C05-Rocío
F2025-002605;2;02/10/2025;cli0149;S08;648,25;2,58;15;1421,61;EUR;C02-Javier
F2025-002606;1;07/11/2025;CLI0271;S06;1286,17;1,17;5;1429,58;EUR;C03-Lucía
F2025-002607;1;23/01/2025;CLI0058;S08;1094,19;2,41;5;2505,15;EUR;C05-Rocío
F2025-002607;2;23/01/2025;CLI0058;S14;5,00;211,13;0;1055,65;EUR;C04-Andrés
F2025-002608;1;26/01/2025;CLI0095;S14;2,00;222,34;5;422,45;EUR;C03-Lucía
F2025-002608;2;26/01/2025;CLI0095;S09;92,82;43,87;0;4072,01;EUR;C04-Andrés
F2025-002609;1;17/10/2025;CLI0051;S06;4040,54;1,13;10;4109,23;EUR;C04-Andrés
F2025-002609;2;17/10/2025;CLI0051;S06;247,67;1,14;5;268,23;EUR;C03-Lucía
F2025-002610;1;26/09/2025;CLI0236;S14;9,00;225,62;5;1929,05;EUR;C05-Rocío
F2025-002610;2;26/09/2025;CLI0236;S05;118,07;3,19;0;376,64;EUR;C04-Andrés
F2025-002610;3;26/09/2025;CLI0236;S06;3913,69;1,15;0;4500,74;EUR;C02-Javier
F2025-002611;1;01/05/2025;CLI0239;S10;1321,36;8,66;0;11442,98;EUR;C03-Lucía
F2025-002611;2;01/05/2025;CLI0239;S10;593,33;9,02;5;5084,24;EUR;C05-Rocío
F2025-002612;1;05/04/2025;CLI0094;S13;1,00;695,19;0;695,19;EUR;C05-Rocío
F2025-002612;2;05/04/2025;CLI0094;S13;1,00;701,77;5;666,68;EUR;C02-Javier
F2025-002612;3;05/04/2025;CLI0094;S13;1,00;690,82;0;690,82;EUR;C05-Rocío
F2025-002613;1;28/12/2025;CLI0027;S06;535,49;1,09;0;583,68;EUR;C05-Rocío
F2025-002613;2;28/12/2025;CLI0027;S15;4,00;89,26;0;357,04;EUR;C01-Marta
F2025-002614;1;18/09/2025;cli0299;S13;1,00;647,45;0;647,45;EUR;C02-Javier
F2025-002614;2;18/09/2025;CLI0299;S15;1,00;85,35;0;85,35;EUR;C04-Andrés
F2025-002614;3;18/09/2025;CLI0299;S13;1,00;640,02;0;640,02;EUR;C02-Javier
F2025-002615;1;16/04/2025;CLI0309;S03;46,57;39,91;0;1858,61;EUR;C04-Andrés
F2025-002615;2;16/04/2025;CLI0309;S14;12,00;216,93;0;2603,16;EUR;C01-Marta
F2025-002615;3;16/04/2025;CLI0309;S14;4,00;214,23;0;856,92;EUR;C01-Marta
F2025-002615;4;16/04/2025;CLI0309;S15;2,00;98,45;0;196,89;USD;C05-Rocío
F2025-002616;1;04/06/2025;CLI0023;S10;2593,47;8,36;0;21681,41;EUR;C04-Andrés
F2025-002616;2;04/06/2025;CLI0023;S10;451,82;8,55;0;3863,06;EUR;C01-Marta
F2025-002616;3;04/06/2025;CLI0023;S10;221,99;8,55;0;1898,01;EUR;C02-Javier
F2025-002617;1;19/08/2025;CLI0062;S05;35,44;3,26;0;115,53;EUR;C01-Marta
F2025-002617;2;19/08/2025;CLI0062;S06;3849,92;1,17;0;4504,41;EUR;C01-Marta
F2025-002617;3;19/08/2025;CLI0062;S15;3,00;83,64;5;238,37;EUR;C01-Marta
F2025-002618;1;12/07/2025;CLI0169;S09;92,01;43,33;0;3986,79;EUR;C01-Marta
F2025-002618;2;12/07/2025;CLI0169;S09;106,62;43,80;0;4669,96;EUR;C03-Lucía
F2025-002619;1;21/03/2025;CLI0149;S08;583,23;2,57;15;1274,07;EUR;C01-Marta
F2025-002619;2;21/03/2025;CLI0149;S08;3278,09;2,43;0;7965,76;EUR;C04-Andrés
F2025-002619;3;21/03/2025;CLI0149;S08;356,02;2,57;0;914,97;EUR;C04-Andrés
F2025-002619;4;21/03/2025;CLI0149;S08;1090,76;2,42;10;2375,68;EUR;C04-Andrés
F2025-002620;1;16/01/2025;CLI0169;S09;73,21;43,54;0;3187,56;EUR;C01-Marta
F2025-002621;1;17/02/2025;CLI0175;S10;2424,78;9,10;0;22065,50;EUR;C02-Javier
F2025-002621;2;17/02/2025;CLI0175;S10;297,84;8,53;0;2540,58;EUR;C03-Lucía
F2025-002621;3;17/02/2025;CLI0175;S10;721,37;9,12;0;6578,89;EUR;C05-Rocío
F2025-002621;4;17/02/2025;CLI0175;S10;74,88;9,01;0;674,67;EUR;C01-Marta
F2025-002622;1;11/05/2025;CLI0008;S01;80,08;101,17;0;8101,69;EUR;C04-Andrés
F2025-002623;1;22/10/2025;CLI0089;S06;3774,85;1,13;0;4265,58;EUR;C05-Rocío
F2025-002623;2;22/10/2025;CLI0089;S06;511,92;1,08;0;552,87;EUR;C03-Lucía
F2025-002623;3;22/10/2025;CLI0089;S06;2169,70;1,13;15;2084,00;EUR;C02-Javier
F2025-002624;1;17/09/2025;CLI0370;S06;229,33;1,12;0;256,85;EUR;C01-Marta
F2025-002624;2;17/09/2025;CLI0370;S06;6707,24;1,12;15;6385,29;EUR;C04-Andrés
F2025-002625;1;23/03/2025;CLI0092;S15;1,00;84,06;0;84,06;EUR;C04-Andrés
F2025-002626;1;05/11/2025;CLI0031;S15;3,00;88,29;0;264,87;EUR;C03-Lucía
F2025-002626;2;05/11/2025;CLI0031;S11;6,28;24,58;0;154,36;EUR;C05-Rocío
F2025-002626;3;05/11/2025;cli0031;S01;38,35;100,99;5;3679,32;EUR;C03-Lucía
F2025-002627;1;26/04/2025;CLI0095;S14;4,00;220,43;5;837,63;EUR;C02-Javier
F2025-002627;2;26/04/2025;CLI0095;S09;211,92;44,71;5;9001,20;EUR;C02-Javier
F2025-002627;3;26/04/2025;CLI0095;S13;1,00;640,48;15;544,41;EUR;C01-Marta
F2025-002628;1;08/09/2025;CLI0350;S05;832,14;3,26;0;2712,78;EUR;C03-Lucía
F2025-002629;1;20/02/2025;CLI0051;S05;300,78;3,35;5;957,23;EUR;C02-Javier
F2025-002629;2;20/02/2025;CLI0051;S06;273,81;1,18;5;306,94;EUR;C01-Marta
F2025-002630;1;19/05/2025;CLI0212;S12;1,00;127,44;0;127,44;EUR;C01-Marta
F2025-002630;2;19/05/2025;CLI0212;S13;1,00;694,52;0;694,52;EUR;C03-Lucía
F2025-002631;1;28/11/2025;CLI0154;S15;3,00;90,46;0;271,38;EUR;C01-Marta
F2025-002631;2;28/11/2025;CLI0154;S10;571,17;9,07;0;5180,51;EUR;C03-Lucía
F2025-002631;3;28/11/2025;CLI0154;S10;1086,29;9,03;0;9809,20;EUR;C01-Marta
F2025-002631;4;28/11/2025;CLI0154;S13;1,00;637,98;0;637,98;EUR;C02-Javier
F2025-002632;1;16/06/2025;CLI0282;S08;2024,08;2,51;0;5080,44;EUR;C01-Marta
F2025-002632;2;16/06/2025;CLI0282;S08;298,61;2,42;0;722,64;EUR;C04-Andrés
F2025-002633;1;17/01/2025;CLI0322;S05;77,90;3,27;0;254,73;EUR;C04-Andrés
F2025-002633;2;17/01/2025;CLI0322;S05;137,71;3,28;0;451,69;EUR;C01-Marta
F2025-002633;3;17/01/2025;CLI0322;S06;634,95;1,16;0;736,54;EUR;C03-Lucía
F2025-002634;1;09/07/2025;cli0212;S03;22,76;37,26;0;848,04;EUR;C04-Andrés
F2025-002634;2;09/07/2025;CLI0212;S03;42,95;37,94;0;1629,52;EUR;C03-Lucía
F2025-002635;1;16/01/2025;CLI0158;S09;191,24;42,82;0;8188,90;EUR;C04-Andrés
F2025-002635;2;16/01/2025;CLI0158;S09;110,46;44,73;0;4940,88;EUR;C03-Lucía
F2025-002635;3;16/01/2025;CLI0158;S15;2,00;89,63;5;170,30;EUR;C05-Rocío
F2025-002635;4;16/01/2025;CLI0158;S09;148,27;45,08;0;6684,01;EUR;C03-Lucía
F2025-002636;1;17/10/2025;CLI0095;S09;51,45;44,92;5;2195,58;EUR;C01-Marta
F2025-002636;2;17/10/2025;CLI0095;S13;1,00;662,67;15;563,27;EUR;C03-Lucía
F2025-002636;3;17/10/2025;CLI0095;S09;43,83;44,01;0;1928,96;EUR;C05-Rocío
F2025-002637;1;16/03/2025;CLI0106;S09;93,56;45,05;5;4004,13;EUR;C04-Andrés
F2025-002637;2;16/03/2025;CLI0106;S09;135,33;41,41;0;5604,02;EUR;C03-Lucía
F2025-002638;1;21/06/2025;CLI0051;S14;5,00;205,62;10;925,29;EUR;C02-Javier
F2025-002638;2;21/06/2025;CLI0051;S06;1467,18;1,13;5;1575,02;EUR;C04-Andrés
F2025-002638;3;21/06/2025;CLI0051;S06;650,08;1,12;0;728,09;EUR;C01-Marta
F2025-002638;4;21/06/2025;CLI0051;S06;3025,68;1,13;10;3077,12;EUR;C04-Andrés
F2025-002639;1;15/02/2025;CLI0051;S05;492,76;3,29;0;1621,18;EUR;C04-Andrés
F2025-002640;1;24/05/2025;CLI0030;S02;256,82;6,38;0;1638,51;EUR;C02-Javier
F2025-002641;1;28/10/2025;CLI0246;S13;1,00;689,45;0;689,45;EUR;C04-Andrés
F2025-002641;2;28/10/2025;CLI0246;S05;270,86;3,43;0;929,05;EUR;C02-Javier
F2025-002641;3;28/10/2025;CLI0246;S05;1538,95;3,19;0;4909,25;EUR;C01-Marta
F2025-002642;1;08/11/2025;CLI0135;S10;514,39;8,48;0;4362,03;EUR;C04-Andrés
F2025-002642;2;08/11/2025;CLI0135;S10;128,07;8,59;0;1100,12;EUR;C03-Lucía
F2025-002643;1;19/06/2025;CLI0386;S01;37,71;93,81;0;3537,58;EUR;C05-Rocío
F2025-002643;2;19/06/2025;CLI0386;S01;112,50;95,29;0;10720,12;EUR;C05-Rocío
F2025-002643;3;19/06/2025;CLI0386;S11;41,16;24,82;0;1021,59;EUR;C04-Andrés
F2025-002644;1;27/03/2025;CLI0391;S12;1,00;119,50;0;119,50;EUR;C05-Rocío
F2025-002645;1;18/06/2025;CLI0380;S05;32,31;3,45;0;111,47;EUR;C04-Andrés
F2025-002645;2;18/06/2025;CLI0380;S06;2337,24;1,09;0;2547,59;EUR;C02-Javier
F2025-002645;3;18/06/2025;CLI0380;S06;1522,11;1,15;0;1750,43;EUR;C02-Javier
F2025-002646;1;02/04/2025;CLI0095;S09;58,48;45,38;10;2388,44;EUR;C04-Andrés
F2025-002646;2;02/04/2025;CLI0095;S14;13,00;219,81;0;2857,53;EUR;C01-Marta
F2025-002647;1;20/06/2025;CLI0095;S09;196,04;45,23;0;8866,89;EUR;C02-Javier
F2025-002648;1;28/10/2025;CLI0144;S02;161,43;6,97;0;1125,17;EUR;C04-Andrés
F2025-002649;1;03/04/2025;CLI0051;S05;137,03;3,40;5;442,61;EUR;C05-Rocío
F2025-002650;1;10/01/2025;CLI0267;S13;1,00;687,28;0;687,28;EUR;C01-Marta
F2025-002651;1;14/06/2025;CLI0017;S06;620,74;1,18;0;732,47;EUR;C05-Rocío
F2025-002651;2;14/06/2025;CLI0017;S05;275,36;3,43;5;897,26;EUR;C02-Javier
F2025-002651;3;14/06/2025;CLI0017;S13;1,00;654,73;15;556,52;EUR;C05-Rocío
F2025-002651;4;14/06/2025;CLI0017;S06;720,36;1,16;15;710,27;EUR;C03-Lucía
F2025-002652;1;15/06/2025;CLI0371;S10;59,68;9,15;0;546,07;EUR;C05-Rocío
F2025-002652;2;15/06/2025;CLI0371;S13;1,00;702,13;0;702,13;EUR;C01-Marta
F2025-002652;3;15/06/2025;CLI0371;S10;61,12;9,17;5;532,45;EUR;C05-Rocío
F2025-002652;4;15/06/2025;CLI0371;S10;130,02;8,91;0;1158,48;EUR;C01-Marta
F2025-002653;1;26/04/2025;CLI0358;S08;974,37;2,50;0;2435,93;EUR;C01-Marta
F2025-002653;2;26/04/2025;CLI0358;S13;1,00;672,90;0;672,90;EUR;C02-Javier
F2025-002653;3;26/04/2025;CLI0358;S15;4,00;84,64;0;338,56;EUR;C01-Marta
F2025-002654;1;08/03/2025;CLI0101;S14;16,00;218,96;0;3503,36;EUR;C02-Javier
F2025-002655;1;11/02/2025;CLI0212;S03;26,27;38,81;5;968,56;EUR;C04-Andrés
F2025-002655;2;11/02/2025;CLI0212;S03;81,82;38,18;5;2967,69;EUR;C01-Marta
F2025-002655;3;11/02/2025;CLI0212;S12;3,00;123,25;5;351,26;EUR;C04-Andrés
F2025-002655;4;11/02/2025;cli0212;S04;312,04;13,76;0;4293,67;EUR;C04-Andrés
F2025-002656;1;04/08/2025;CLI0327;S05;358,27;3,32;5;1129,98;EUR;C05-Rocío
F2025-002656;2;04/08/2025;CLI0327;S05;1131,94;3,45;0;3905,19;EUR;C03-Lucía
F2025-002656;3;04/08/2025;CLI0327;S15;3,00;91,51;0;274,53;EUR;C04-Andrés
F2025-002657;1;23/07/2025;CLI0371;S10;871,26;8,40;0;7318,58;EUR;C02-Javier
F2025-002658;1;10/04/2025;CLI0153;S15;4,00;90,67;0;362,68;EUR;C05-Rocío
F2025-002659;1;16/12/2025;CLI0095;S15;4,00;87,73;0;350,92;EUR;C03-Lucía
F2025-002659;2;16/12/2025;CLI0095;S09;175,78;45,21;0;;EUR;C04-Andrés
F2025-002659;3;16/12/2025;CLI0095;S13;1,00;642,89;15;546,46;EUR;C04-Andrés
F2025-002659;4;16/12/2025;CLI0095;S09;260,22;43,84;5;10837,64;EUR;C01-Marta
F2025-002660;1;26/11/2025;CLI0356;S13;1,00;639,57;10;575,61;EUR;C04-Andrés
F2025-002660;2;26/11/2025;CLI0356;S10;316,00;8,35;10;2374,74;EUR;C02-Javier
F2025-002660;3;26/11/2025;CLI0356;S10;1372,12;9,11;0;12500,01;EUR;C05-Rocío
F2025-002660;4;26/11/2025;CLI0356;S15;1,00;86,19;5;81,88;EUR;C05-Rocío
F2025-002661;1;16/06/2025;CLI0060;S01;244,21;95,62;0;23351,36;EUR;C01-Marta
F2025-002661;2;16/06/2025;CLI0060;S11;33,35;25,40;0;847,09;EUR;C01-Marta
F2025-002661;3;16/06/2025;CLI0060;S14;12,00;226,38;0;2716,56;EUR;C02-Javier
F2025-002661;4;16/06/2025;CLI0060;S02;483,74;6,68;0;3231,38;EUR;C01-Marta
F2025-002662;1;02/05/2025;CLI0212;S03;58,91;37,59;0;2214,43;EUR;C05-Rocío
F2025-002662;2;02/05/2025;CLI0212;S03;64,01;39,06;0;2500,23;EUR;C02-Javier
F2025-002663;1;27/06/2025;CLI0051;S06;4218,74;1,18;10;4480,30;EUR;C04-Andrés
F2025-002663;2;27/06/2025;CLI0051;S06;3717,50;1,13;15;;EUR;C01-Marta
F2025-002663;3;27/06/2025;CLI0051;S06;1133,21;1,10;0;1246,53;EUR;C04-Andrés
F2025-002663;4;27/06/2025;CLI0051;S14;2,00;216,37;0;432,74;EUR;C04-Andrés
F2025-002664;1;25/12/2025;CLI0027;S05;221,32;3,25;0;719,29;EUR;C04-Andrés
F2025-002664;2;25/12/2025;cli0027;S05;636,86;3,43;5;2075,21;EUR;C04-Andrés
F2025-002665;1;04/01/2025;CLI0027;S06;3632,73;1,16;0;4213,97;EUR;C02-Javier
F2025-002665;2;04/01/2025;CLI0027;S05;412,08;3,13;5;1225,32;EUR;C04-Andrés
F2025-002665;3;04/01/2025;CLI0027;S05;391,07;3,15;5;1170,28;EUR;C04-Andrés
F2025-002666;1;12/06/2025;CLI0207;S10;47,90;8,74;0;418,65;EUR;C01-Marta
F2025-002666;2;12/06/2025;CLI0207;S10;933,78;8,40;5;7451,56;EUR;C01-Marta
F2025-002666;3;12/06/2025;CLI0207;S10;492,83;8,77;0;4322,12;EUR;C04-Andrés
F2025-002666;4;12/06/2025;CLI0207;S10;1319,24;8,83;5;11066,44;EUR;C03-Lucía
F2025-002667;1;15/09/2025;CLI0335;S02;393,13;6,53;0;2567,14;EUR;C05-Rocío
F2025-002668;1;14/09/2025;CLI0051;S06;1620,53;1,09;0;1766,38;EUR;C03-Lucía
F2025-002669;1;15/06/2025;CLI0032;S07;645,70;1,68;5;1030,54;EUR;C05-Rocío
F2025-002669;2;15/06/2025;CLI0032;S08;1848,89;2,52;5;4426,24;EUR;C05-Rocío
F2025-002669;3;15/06/2025;CLI0032;S13;1,00;684,92;0;684,92;EUR;C04-Andrés
F2025-002670;1;04/07/2025;CLI0382;S10;258,31;9,05;5;2220,82;EUR;C02-Javier
F2025-002670;2;04/07/2025;CLI0382;S10;519,48;8,40;0;4363,63;EUR;C05-Rocío
F2025-002671;1;04/10/2025;CLI0094;S15;1,00;85,44;5;81,17;EUR;C03-Lucía
F2025-002671;2;04/10/2025;CLI0094;S13;1,00;639,88;0;639,88;EUR;C05-Rocío
F2025-002671;3;04/10/2025;CLI0094;S15;2,00;90,87;5;172,65;EUR;C02-Javier
F2025-002671;4;04/10/2025;CLI0094;S07;49,53;1,73;0;85,69;EUR;C02-Javier
F2025-002672;1;10/01/2025;CLI0092;S06;2846,03;1,11;0;3159,09;EUR;C03-Lucía
F2025-002672;2;10/01/2025;CLI0092;S06;863,71;1,11;0;958,72;EUR;C05-Rocío
F2025-002672;3;10/01/2025;CLI0092;S06;6582,49;1,11;5;6941,24;EUR;C03-Lucía
F2025-002672;4;10/01/2025;CLI0092;S06;609,77;1,16;15;601,23;EUR;C01-Marta
F2025-002673;1;07/05/2025;CLI0058;S07;89,29;1,66;0;148,22;EUR;C03-Lucía
F2025-002674;1;04/07/2025;CLI0105;S13;1,00;658,00;0;658,00;EUR;C01-Marta
F2025-002674;2;04/07/2025;CLI0105;S10;273,00;9,09;0;2481,57;EUR;C03-Lucía
F2025-002675;1;18/01/2025;CLI0061;S01;171,07;93,76;0;16039,52;EUR;C03-Lucía
F2025-002675;2;18/01/2025;CLI0061;S11;31,85;25,11;0;799,75;EUR;C03-Lucía
F2025-002676;1;24/04/2025;CLI0131;S10;131,03;9,07;0;1188,44;EUR;C03-Lucía
F2025-002676;2;24/04/2025;CLI0131;S13;1,00;651,75;0;651,75;EUR;C04-Andrés
F2025-002676;3;24/04/2025;CLI0131;S10;876,69;8,94;0;7837,61;EUR;C02-Javier
F2025-002676;4;24/04/2025;CLI0131;S10;524,41;8,65;0;4536,15;EUR;C05-Rocío
F2025-002677;1;15/03/2025;CLI0212;S03;30,97;40,82;0;1264,20;EUR;C03-Lucía
F2025-002677;2;15/03/2025;CLI0212;S03;45,27;39,16;5;1684,13;EUR;C04-Andrés
F2025-002677;3;15/03/2025;CLI0212;S12;4,00;122,33;0;489,32;EUR;C04-Andrés
F2025-002678;1;07/04/2025;CLI0051;S05;113,09;3,45;0;390,16;EUR;C05-Rocío
F2025-002678;2;07/04/2025;CLI0051;S14;2,00;216,22;5;410,82;EUR;C03-Lucía
F2025-002678;3;07/04/2025;CLI0051;S05;643,21;3,29;0;2116,16;EUR;C04-Andrés
F2025-002679;1;15/06/2025;CLI0051;S06;9590,24;1,11;0;10645,17;EUR;C02-Javier
F2025-002679;2;15/06/2025;CLI0051;S06;4063,95;1,17;0;4754,82;EUR;C04-Andrés
F2025-002679;3;15/06/2025;CLI0051;S05;1000,31;3,26;10;2934,91;EUR;C02-Javier
F2025-002679;4;15/06/2025;CLI0051;S13;1,00;695,04;10;625,54;EUR;C05-Rocío
F2025-002680;1;01/01/2025;CLI0371;S10;396,38;9,00;0;3567,42;EUR;C04-Andrés
F2025-002681;1;13/10/2025;CLI0393;S01;30,29;97,36;0;2949,03;EUR;C01-Marta
F2025-002681;2;13/10/2025;CLI0393;S11;18,03;26,86;5;460,07;EUR;C04-Andrés
F2025-002682;1;26/04/2025;CLI0114;S09;197,18;44,71;0;8815,92;EUR;C02-Javier
F2025-002682;2;26/04/2025;CLI0114;S09;185,04;43,69;5;7680,18;EUR;C04-Andrés
F2025-002682;3;26/04/2025;CLI0114;S09;154,63;44,88;0;6939,79;EUR;C01-Marta
F2025-002682;4;26/04/2025;CLI0114;S09;114,12;42,18;0;4813,58;EUR;C02-Javier
F2025-002683;1;04/05/2025;CLI0207;S13;1,00;699,08;0;699,08;EUR;C01-Marta
F2025-002683;2;04/05/2025;CLI0207;S14;7,00;211,32;0;1479,24;EUR;C01-Marta
F2025-002683;3;04/05/2025;CLI0207;S14;2,00;206,77;0;413,54;EUR;C02-Javier
F2025-002683;4;04/05/2025;CLI0207;S10;45,31;8,49;0;384,68;EUR;C05-Rocío
F2025-002684;1;14/08/2025;CLI0072;S05;98,42;3,16;0;311,01;EUR;C02-Javier
F2025-002684;2;14/08/2025;CLI0072;S14;7,00;212,26;0;1485,82;EUR;C03-Lucía
F2025-002684;3;14/08/2025;CLI0072;S05;54,49;3,14;0;171,10;EUR;C05-Rocío
F2025-002685;1;06/01/2025;CLI0083;S02;212,37;6,95;5;1402,17;EUR;C05-Rocío
F2025-002685;2;06/01/2025;CLI0083;S01;59,17;95,81;0;5669,08;EUR;C05-Rocío
F2025-002686;1;15/05/2025;CLI0200;S13;1,00;683,11;5;648,95;EUR;C02-Javier
F2025-002687;1;18/08/2025;CLI0158;S13;1,00;689,63;0;689,63;EUR;C02-Javier
F2025-002687;2;18/08/2025;CLI0158;S09;388,62;44,50;10;15564,23;EUR;C02-Javier
F2025-002687;3;18/08/2025;CLI0158;S09;76,40;41,23;0;3149,97;EUR;C03-Lucía
F2025-002687;4;18/08/2025;CLI0158;S09;50,05;41,64;5;1979,88;EUR;C04-Andrés
F2025-002688;1;21/11/2025;CLI0159;S04;1112,45;13,88;5;14668,77;EUR;C03-Lucía
F2025-002688;2;21/11/2025;CLI0159;S12;4,00;127,96;0;511,84;EUR;C02-Javier
F2025-002689;1;20/08/2025;CLI0377;S14;10,00;216,68;0;2166,80;EUR;C04-Andrés
F2025-002689;2;20/08/2025;CLI0377;S02;379,62;6,53;15;2107,08;EUR;C03-Lucía
F2025-002690;1;17/02/2025;CLI0027;S06;755,67;1,17;0;884,13;EUR;C01-Marta
F2025-002690;2;17/02/2025;CLI0027;S05;1473,01;3,40;0;5008,23;EUR;C03-Lucía
F2025-002691;1;07/06/2025;CLI0201;S13;1,00;692,30;0;692,30;EUR;C04-Andrés
F2025-002691;2;07/06/2025;CLI0201;S02;54,80;6,62;5;344,64;EUR;C03-Lucía
F2025-002691;3;07/06/2025;CLI0201;S02;940,21;6,95;10;5881,01;EUR;C04-Andrés
F2025-002692;1;21/02/2025;CLI0291;S10;386,44;8,35;10;2904,10;EUR;C04-Andrés
F2025-002692;2;21/02/2025;CLI0291;S15;1,00;89,33;0;89,33;EUR;C01-Marta
F2025-002692;3;21/02/2025;CLI0291;S13;1,00;641,79;5;609,70;EUR;C03-Lucía
F2025-002692;4;21/02/2025;CLI0291;S13;1,00;678,38;0;678,38;EUR;C01-Marta
F2025-002693;1;07/09/2025;CLI0191;S02;436,54;6,81;0;2972,84;EUR;C04-Andrés
F2025-002694;1;04/03/2025;CLI0094;S07;233,61;1,61;0;376,11;EUR;C05-Rocío
F2025-002694;2;04/03/2025;CLI0094;S07;113,76;1,60;0;182,02;EUR;C03-Lucía
F2025-002695;1;10/07/2025;CLI0356;S10;400,09;8,76;5;3329,55;EUR;C04-Andrés
F2025-002695;2;10/07/2025;CLI0356;S10;577,87;8,44;10;4389,50;EUR;C01-Marta
F2025-002695;3;10/07/2025;CLI0356;S10;441,11;9,02;5;3779,87;EUR;C04-Andrés
F2025-002696;1;11/08/2025;CLI0158;S14;11,00;215,09;0;2365,99;EUR;C01-Marta
F2025-002697;1;20/09/2025;CLI0174;S15;1,00;86,17;0;86,17;EUR;C05-Rocío
F2025-002697;2;20/09/2025;CLI0174;S13;1,00;702,05;0;702,05;EUR;C02-Javier
F2025-002698;1;17/03/2025;CLI0078;S10;50,84;8,65;0;439,77;EUR;C03-Lucía
F2025-002698;2;17/03/2025;CLI0078;S10;146,49;8,90;0;1303,76;EUR;C02-Javier
F2025-002699;1;11/01/2025;CLI0205;S05;186,47;3,33;0;620,95;EUR;C03-Lucía
F2025-002700;1;08/02/2025;CLI0207;S10;30,72;9,10;0;279,55;EUR;C04-Andrés
F2025-002700;2;08/02/2025;CLI0207;S10;1341,62;8,37;0;11229,36;EUR;C01-Marta
F2025-002701;1;15/01/2025;CLI0189;S12;4,00;129,52;0;518,08;EUR;C04-Andrés
F2025-002701;2;15/01/2025;CLI0189;S04;325,56;15,02;0;4889,91;EUR;C05-Rocío
F2025-002701;3;15/01/2025;CLI0189;S15;3,00;91,57;0;274,71;EUR;C03-Lucía
F2025-002702;1;01/09/2025;CLI0027;S05;280,99;3,14;0;882,31;EUR;C05-Rocío
F2025-002702;2;01/09/2025;CLI0027;S06;3941,18;1,08;5;4043,65;EUR;C01-Marta
F2025-002703;1;12/06/2025;CLI0095;S14;14,00;212,14;0;2969,96;EUR;C02-Javier
F2025-002703;2;12/06/2025;CLI0095;S09;110,50;45,40;15;4264,19;EUR;C03-Lucía
F2025-002703;3;12/06/2025;CLI0095;S09;133,09;43,47;0;5785,42;EUR;C03-Lucía
F2025-002703;4;12/06/2025;CLI0095;S09;116,92;44,63;15;4435,42;EUR;C02-Javier
F2025-002704;1;18/03/2025;CLI0094;S08;2050,18;2,59;0;5309,97;EUR;C03-Lucía
F2025-002704;2;18/03/2025;CLI0094;S13;1,00;665,53;0;665,53;EUR;C04-Andrés
F2025-002705;1;17/01/2025;CLI0353;S06;908,36;1,09;5;940,61;EUR;C02-Javier
F2025-002705;2;17/01/2025;CLI0353;S05;759,16;3,28;0;2490,04;EUR;C04-Andrés
F2025-002706;1;24/11/2025;CLI0051;S06;1149,79;1,14;0;1310,76;EUR;C02-Javier
F2025-002706;2;24/11/2025;CLI0051;S13;1,00;651,62;0;651,62;EUR;C03-Lucía
F2025-002706;3;24/11/2025;CLI0051;S06;173,97;1,12;0;194,85;EUR;C01-Marta
F2025-002707;1;02/01/2025;CLI0207;S14;15,00;226,76;0;3401,40;EUR;C04-Andrés
F2025-002707;2;02/01/2025;CLI0207;S10;992,37;8,76;0;8693,16;EUR;C01-Marta
F2025-002707;3;02/01/2025;cli0207;S13;1,00;640,24;0;640,24;EUR;C03-Lucía
F2025-002707;4;02/01/2025;CLI0207;S10;835,18;9,08;5;7204,26;EUR;C04-Andrés
F2025-002708;1;23/02/2025;CLI0175;S10;214,85;8,86;0;1903,57;EUR;C04-Andrés
F2025-002709;1;09/01/2025;CLI0051;S13;1,00;651,24;10;586,12;EUR;C03-Lucía
F2025-002709;2;09/01/2025;CLI0051;S06;3559,11;1,18;0;4199,75;EUR;C05-Rocío
F2025-002709;3;09/01/2025;CLI0051;S06;2664,94;1,09;10;2614,31;EUR;C02-Javier
F2025-002710;1;28/09/2025;CLI0207;S14;13,00;213,28;0;2772,64;EUR;C05-Rocío
F2025-002711;1;19/08/2025;CLI0370;S05;162,89;3,40;15;470,75;EUR;C04-Andrés
F2025-002711;2;19/08/2025;CLI0370;S06;769,29;1,13;0;869,30;EUR;C02-Javier
F2025-002712;1;26/05/2025;CLI0039;S10;147,23;9,04;0;1330,96;EUR;C04-Andrés
F2025-002712;2;26/05/2025;CLI0039;S10;597,80;9,08;0;5428,02;EUR;C05-Rocío
F2025-002713;1;11/07/2025;CLI0034;S15;4,00;86,85;15;295,29;EUR;C01-Marta
F2025-002713;2;11/07/2025;CLI0034;S09;201,94;43,47;15;7461,58;EUR;C01-Marta
F2025-002713;3;11/07/2025;CLI0034;S15;3,00;86,71;10;234,12;EUR;C05-Rocío
F2025-002713;4;11/07/2025;CLI0034;S09;173,86;43,27;15;6394,48;EUR;C04-Andrés
F2025-002714;1;27/12/2025;CLI0025;S07;62,59;1,67;0;104,53;EUR;C01-Marta
F2025-002714;2;27/12/2025;CLI0025;S08;2325,49;2,35;0;5464,90;EUR;C02-Javier
F2025-002715;1;09/03/2025;CLI0017;S14;3,00;218,63;5;623,10;EUR;C02-Javier
F2025-002715;2;09/03/2025;CLI0017;S05;105,84;3,14;15;282,49;EUR;C02-Javier
F2025-002715;3;09/03/2025;CLI0017;S06;1522,04;1,08;15;1397,23;EUR;C05-Rocío
F2025-002716;1;09/01/2025;CLI0207;S14;5,00;220,03;0;1100,15;EUR;C03-Lucía
F2025-002716;2;09/01/2025;CLI0207;S10;483,53;8,40;0;4061,65;EUR;C05-Rocío
F2025-002716;3;09/01/2025;CLI0207;S10;717,26;8,38;0;6010,64;EUR;C03-Lucía
F2025-002717;1;17/05/2025;CLI0201;S01;98,00;102,73;5;9564,16;EUR;C03-Lucía
F2025-002717;2;17/05/2025;CLI0201;S02;968,44;6,60;0;6391,70;EUR;C05-Rocío
F2025-002717;3;17/05/2025;CLI0201;S15;4,00;89,22;0;356,88;EUR;C01-Marta
F2025-002717;4;17/05/2025;CLI0201;S02;492,62;6,97;0;3433,56;EUR;C01-Marta
F2025-002718;1;10/01/2025;CLI0306;S01;72,25;93,67;15;5752,51;EUR;C02-Javier
F2025-002718;2;10/01/2025;CLI0306;S02;299,39;6,83;10;1840,35;EUR;C03-Lucía
F2025-002719;1;15/05/2025;CLI0312;S07;357,07;1,68;0;599,88;EUR;C02-Javier
F2025-002719;2;15/05/2025;CLI0312;S07;587,75;1,61;0;946,28;EUR;C03-Lucía
F2025-002720;1;28/12/2025;CLI0201;S13;1,00;679,47;0;679,47;EUR;C02-Javier
F2025-002720;2;28/12/2025;CLI0201;S15;3,00;89,18;0;267,54;EUR;C04-Andrés
F2025-002720;3;28/12/2025;CLI0201;S15;2,00;88,13;5;167,45;EUR;C01-Marta
F2025-002721;1;15/08/2025;CLI0298;S11;43,41;24,91;0;1081,34;EUR;C03-Lucía
F2025-002721;2;15/08/2025;CLI0298;S14;15,00;209,40;0;3141,00;EUR;C03-Lucía
F2025-002721;3;15/08/2025;CLI0298;S01;189,01;99,86;5;17930,81;EUR;C01-Marta
F2025-002722;1;22/12/2025;CLI0051;S06;5142,47;1,13;10;5229,89;EUR;C01-Marta
F2025-002722;2;22/12/2025;CLI0051;S05;462,67;3,23;15;1270,26;EUR;C02-Javier
F2025-002722;3;22/12/2025;CLI0051;S05;413,31;3,38;10;1257,29;EUR;C04-Andrés
F2025-002722;4;22/12/2025;CLI0051;S05;524,59;3,25;0;1704,92;EUR;C04-Andrés
F2025-002723;1;11/01/2025;CLI0334;S01;147,38;98,89;5;13845,69;EUR;C04-Andrés
F2025-002723;2;11/01/2025;CLI0334;S11;46,15;24,99;0;1153,29;EUR;C03-Lucía
F2025-002723;3;11/01/2025;CLI0334;S11;16,99;26,00;5;419,65;EUR;C01-Marta
F2025-002724;1;03/02/2025;CLI0170;S06;863,99;1,14;5;935,70;EUR;C05-Rocío
F2025-002724;2;03/02/2025;CLI0170;S05;113,57;3,41;0;387,27;EUR;C03-Lucía
F2025-002725;1;08/12/2025;CLI0388;S10;242,83;8,70;0;2112,62;EUR;C01-Marta
F2025-002725;2;08/12/2025;CLI0388;S10;179,69;9,12;0;1638,77;EUR;C05-Rocío
F2025-002725;3;08/12/2025;CLI0388;S13;1,00;699,02;0;699,02;EUR;C04-Andrés
F2025-002726;1;17/09/2025;CLI0051;S05;830,15;3,17;5;2500,00;EUR;C03-Lucía
F2025-002726;2;17/09/2025;CLI0051;S05;587,89;3,41;10;1804,23;EUR;C04-Andrés
F2025-002727;1;01/04/2025;CLI0350;S05;767,73;3,42;15;2231,79;EUR;C03-Lucía
F2025-002727;2;01/04/2025;CLI0350;S06;612,74;1,08;5;628,67;EUR;C02-Javier
F2025-002727;3;01/04/2025;CLI0350;S13;1,00;696,33;0;696,33;EUR;C05-Rocío
F2025-002728;1;18/04/2025;CLI0101;S10;99,35;10,20;5;963,11;USD;C03-Lucía
F2025-002728;2;18/04/2025;CLI0101;S10;168,67;10,62;15;1523,25;USD;C02-Javier
F2025-002728;3;18/04/2025;CLI0101;S14;12,00;251,04;5;2861,91;USD;C02-Javier
F2025-002729;1;10/10/2025;CLI0158;S13;1,00;692,65;0;692,65;EUR;C01-Marta
F2025-002729;2;10/10/2025;CLI0158;S09;146,20;43,03;0;6290,99;EUR;C05-Rocío
F2025-002729;3;10/10/2025;CLI0158;S09;118,46;44,67;0;5291,61;EUR;C01-Marta
F2025-002729;4;10/10/2025;CLI0158;S09;140,82;43,68;0;6151,02;EUR;C05-Rocío
F2025-002730;1;18/01/2025;CLI0207;S10;174,06;8,85;5;;EUR;C05-Rocío
F2025-002730;2;18/01/2025;CLI0207;S10;97,51;8,71;0;849,31;EUR;C01-Marta
F2025-002730;3;18/01/2025;CLI0207;S10;811,83;9,03;5;6964,28;EUR;C03-Lucía
F2025-002731;1;02/06/2025;CLI0078;S10;428,28;9,16;0;3923,04;EUR;C03-Lucía
F2025-002731;2;02/06/2025;CLI0078;S15;3,00;86,27;5;245,87;EUR;C05-Rocío
F2025-002731;3;02/06/2025;CLI0078;S10;320,93;8,45;0;2711,86;EUR;C03-Lucía
F2025-002731;4;02/06/2025;CLI0078;S10;287,54;8,37;0;2406,71;EUR;C04-Andrés
F2025-002732;1;10/01/2025;CLI0217;S10;1644,34;8,84;0;14535,97;EUR;C05-Rocío
F2025-002733;1;19/03/2025;CLI0212;S12;1,00;118,86;0;118,86;EUR;C03-Lucía
F2025-002734;1;14/02/2025;CLI0166;S06;1053,48;1,16;0;1222,04;EUR;C05-Rocío
F2025-002734;2;14/02/2025;CLI0166;S05;634,34;3,33;0;2112,35;EUR;C04-Andrés
F2025-002734;3;14/02/2025;CLI0166;S05;1328,06;3,94;5;4970,71;USD;C01-Marta
F2025-002735;1;11/09/2025;CLI0149;S13;1,00;671,06;5;637,51;EUR;C02-Javier
F2025-002735;2;11/09/2025;CLI0149;S07;817,92;1,66;0;1357,75;EUR;C04-Andrés
F2025-002736;1;12/04/2025;CLI0383;S14;12,00;205,98;0;2471,76;EUR;C03-Lucía
F2025-002736;2;12/04/2025;CLI0383;S15;4,00;83,39;0;333,56;EUR;C01-Marta
F2025-002737;1;26/04/2025;CLI0048;S10;381,85;8,41;0;3211,36;EUR;C04-Andrés
F2025-002737;2;26/04/2025;CLI0048;S10;116,76;8,37;0;977,28;EUR;C03-Lucía
F2025-002737;3;26/04/2025;CLI0048;S10;485,89;8,94;5;4126,66;EUR;C03-Lucía
F2025-002737;4;26/04/2025;CLI0048;S15;4,00;89,88;5;341,54;EUR;C03-Lucía
F2025-002738;1;01/07/2025;CLI0113;S09;86,49;41,47;15;3048,73;EUR;C01-Marta
F2025-002738;2;01/07/2025;CLI0113;S09;71,34;43,66;15;2647,50;EUR;C04-Andrés
F2025-002738;3;01/07/2025;CLI0113;S09;183,47;41,86;0;7680,05;EUR;C02-Javier
F2025-002739;1;15/05/2025;CLI0152;S11;7,13;27,00;0;192,51;EUR;C04-Andrés
F2025-002739;2;15/05/2025;CLI0152;S02;1372,99;6,73;5;8778,21;EUR;C03-Lucía
F2025-002739;3;15/05/2025;CLI0152;S01;53,50;101,12;5;5139,42;EUR;C03-Lucía
F2025-002740;1;13/12/2025;CLI0158;S09;108,58;44,15;0;4793,81;EUR;C05-Rocío
F2025-002740;2;13/12/2025;CLI0158;S13;1,00;681,21;15;579,03;EUR;C04-Andrés
F2025-002740;3;13/12/2025;CLI0158;S09;171,49;44,91;0;7701,62;EUR;C03-Lucía
F2025-002741;1;01/09/2025;CLI0193;S07;550,31;1,62;0;891,50;EUR;C04-Andrés
F2025-002741;2;01/09/2025;CLI0193;S07;99,24;1,59;0;157,79;EUR;C01-Marta
F2025-002742;1;21/04/2025;CLI0068;S13;1,00;688,09;0;688,09;EUR;C02-Javier
F2025-002742;2;21/04/2025;CLI0068;S05;624,39;3,15;5;1868,49;EUR;C01-Marta
F2025-002742;3;21/04/2025;CLI0068;S05;148,62;3,37;0;500,85;EUR;C02-Javier
F2025-002743;1;19/03/2025;CLI0200;S11;68,84;26,95;0;1855,24;EUR;C02-Javier
F2025-002744;1;05/03/2025;CLI0067;S13;1,00;676,70;5;642,87;EUR;C02-Javier
F2025-002744;2;05/03/2025;CLI0067;S13;1,00;685,48;0;685,48;EUR;C05-Rocío
F2025-002744;3;05/03/2025;CLI0067;S10;795,65;9,11;5;6885,95;EUR;C05-Rocío
F2025-002745;1;08/03/2025;CLI0092;S15;3,00;84,60;0;253,80;EUR;C03-Lucía
F2025-002745;2;08/03/2025;CLI0092;S06;529,56;1,12;15;504,14;EUR;C05-Rocío
F2025-002745;3;08/03/2025;CLI0092;S15;3,00;90,87;0;272,61;EUR;C04-Andrés
F2025-002746;1;27/10/2025;CLI0158;S09;168,74;43,04;0;7262,57;EUR;C02-Javier
F2025-002747;1;25/02/2025;CLI0262;S01;21,66;96,06;0;2080,66;EUR;C02-Javier
F2025-002747;2;25/02/2025;CLI0262;S14;9,00;263,94;5;2256,72;USD;C03-Lucía
F2025-002747;3;25/02/2025;CLI0262;S11;51,52;31,78;5;1555,50;USD;C03-Lucía
F2025-002747;4;25/02/2025;CLI0262;S13;1,00;700,47;5;665,45;EUR;C05-Rocío
F2025-002748;1;26/01/2025;CLI0247;S10;70,72;8,84;15;531,39;EUR;C04-Andrés
F2025-002748;2;26/01/2025;CLI0247;S10;281,27;8,57;0;2410,48;EUR;C02-Javier
F2025-002748;3;26/01/2025;CLI0247;S10;67,00;8,37;0;560,79;EUR;C05-Rocío
F2025-002748;4;26/01/2025;CLI0247;S10;119,98;9,05;10;977,24;EUR;C02-Javier
F2025-002749;1;28/03/2025;CLI0095;S14;9,00;224,88;0;2023,92;EUR;C03-Lucía
F2025-002749;2;28/03/2025;CLI0095;S15;4,00;85,48;5;324,82;EUR;C04-Andrés
F2025-002749;3;28/03/2025;CLI0095;S09;139,88;42,27;0;5912,73;EUR;C01-Marta
F2025-002749;4;28/03/2025;cli0095;S14;6,00;219,22;0;1315,32;EUR;C04-Andrés
F2025-002750;1;13/05/2025;CLI0158;S13;1,00;692,12;10;622,91;EUR;C03-Lucía
F2025-002750;2;13/05/2025;CLI0158;S13;1,00;651,41;0;651,41;EUR;C05-Rocío
F2025-002750;3;13/05/2025;CLI0158;S14;11,00;218,12;10;2159,39;EUR;C01-Marta
F2025-002751;1;12/08/2025;CLI0158;S09;156,59;43,70;5;6500,83;EUR;C01-Marta
F2025-002751;2;12/08/2025;CLI0158;S09;141,19;42,06;15;5047,68;EUR;C05-Rocío
F2025-002751;3;12/08/2025;CLI0158;S09;421,75;44,61;0;18814,27;EUR;C05-Rocío
F2025-002752;1;23/05/2025;CLI0071;S15;1,00;87,02;5;82,67;EUR;C05-Rocío
F2025-002752;2;23/05/2025;CLI0071;S11;7,41;26,96;0;199,77;EUR;C01-Marta
F2025-002752;3;23/05/2025;CLI0071;S13;1,00;699,36;0;699,36;EUR;C01-Marta
F2025-002753;1;01/03/2025;CLI0194;S11;13,12;25,52;0;334,82;EUR;C03-Lucía
F2025-002753;2;01/03/2025;CLI0194;S15;4,00;108,05;0;432,21;USD;C01-Marta
F2025-002753;3;01/03/2025;CLI0194;S01;53,35;113,43;0;6051,40;USD;C02-Javier
F2025-002754;1;26/01/2025;CLI0024;S15;4,00;90,25;0;361,00;EUR;C04-Andrés
F2025-002754;2;26/01/2025;CLI0024;S14;12,00;222,04;0;2664,48;EUR;C05-Rocío
F2025-002754;3;26/01/2025;CLI0024;S06;1124,34;1,12;5;1196,30;EUR;C03-Lucía
F2025-002755;1;06/03/2025;CLI0212;S12;2,00;119,94;5;227,89;EUR;C03-Lucía
F2025-002755;2;06/03/2025;CLI0212;S03;49,64;37,60;0;1866,46;EUR;C03-Lucía
F2025-002755;3;06/03/2025;CLI0212;S04;727,43;13,73;5;9488,23;EUR;C04-Andrés
F2025-002756;1;09/02/2025;CLI0026;S13;1,00;674,94;5;641,19;EUR;C03-Lucía
F2025-002756;2;09/02/2025;CLI0026;S10;762,33;9,16;0;6982,94;EUR;C02-Javier
F2025-002757;1;20/08/2025;CLI0192;S10;2083,04;9,93;0;20681,52;USD;C02-Javier
F2025-002757;2;20/08/2025;CLI0192;S10;45,12;9,36;0;422,28;USD;C04-Andrés
F2025-002758;1;22/06/2025;CLI0237;S09;100,98;42,60;10;3871,57;EUR;C03-Lucía
F2025-002758;2;22/06/2025;CLI0237;S09;96,89;45,17;0;4376,52;EUR;C01-Marta
F2025-002759;1;14/06/2025;CLI0216;S10;908,67;9,05;0;8223,46;EUR;C02-Javier
F2025-002759;2;14/06/2025;CLI0216;S15;4,00;89,74;0;358,96;EUR;C05-Rocío
F2025-002759;3;14/06/2025;CLI0216;S14;13,00;224,21;0;2914,73;EUR;C04-Andrés
F2025-002759;4;14/06/2025;CLI0216;S10;190,65;9,15;0;1744,45;EUR;C04-Andrés
F2025-002760;1;25/02/2025;CLI0094;S07;2110,84;1,58;5;3168,37;EUR;C04-Andrés
F2025-002760;2;25/02/2025;CLI0094;S08;3852,75;2,38;5;8711,07;EUR;C05-Rocío
F2025-002760;3;25/02/2025;CLI0094;S08;1375,12;2,43;0;3341,54;EUR;C03-Lucía
F2025-002760;4;25/02/2025;CLI0094;S13;1,00;699,69;0;699,69;EUR;C03-Lucía
F2025-002761;1;26/04/2025;CLI0162;S12;2,00;128,28;0;256,56;EUR;C01-Marta
F2025-002762;1;23/11/2025;CLI0247;S14;9,00;211,83;0;1906,47;EUR;C02-Javier
F2025-002762;2;23/11/2025;CLI0247;S10;349,34;9,08;0;3172,01;EUR;C02-Javier
F2025-002762;3;23/11/2025;CLI0247;S14;13,00;221,25;0;2876,25;EUR;C04-Andrés
F2025-002763;1;02/12/2025;CLI0108;S10;530,86;8,90;0;4724,65;EUR;C03-Lucía
F2025-002764;1;25/09/2025;CLI0212;S03;20,85;37,41;0;780,00;EUR;C05-Rocío
F2025-002764;2;25/09/2025;CLI0212;S14;12,00;206,48;0;2477,76;EUR;C04-Andrés
F2025-002764;3;25/09/2025;CLI0212;S03;51,76;37,83;5;1860,18;EUR;C05-Rocío
F2025-002765;1;05/01/2025;CLI0247;S10;125,80;9,00;0;1132,20;EUR;C01-Marta
F2025-002765;2;05/01/2025;CLI0247;S10;165,26;8,59;0;1419,58;EUR;C05-Rocío
F2025-002765;3;05/01/2025;CLI0247;S10;180,94;9,08;0;1642,94;EUR;C02-Javier
F2025-002766;1;21/04/2025;CLI0255;S05;999,89;3,67;0;3665,67;USD;C03-Lucía
F2025-002766;2;21/04/2025;CLI0255;S13;1,00;672,44;0;672,44;EUR;C04-Andrés
F2025-002766;3;21/04/2025;CLI0255;S06;810,27;1,15;0;931,81;EUR;C05-Rocío
F2025-002767;1;07/04/2025;CLI0212;S04;344,03;14,51;5;4742,28;EUR;C01-Marta
F2025-002767;2;07/04/2025;CLI0212;S04;584,58;14,15;0;8271,81;EUR;C04-Andrés
F2025-002768;1;15/07/2025;CLI0291;S10;272,49;8,90;0;2425,16;EUR;C05-Rocío
F2025-002768;2;15/07/2025;CLI0291;S10;78,51;8,41;0;660,27;EUR;C02-Javier
F2025-002769;1;14/03/2025;CLI0001;S06;2146,36;1,16;5;2365,29;EUR;C04-Andrés
F2025-002769;2;14/03/2025;CLI0001;S06;852,19;1,11;0;945,93;EUR;C01-Marta
F2025-002769;3;14/03/2025;CLI0001;S14;3,00;223,67;0;671,01;EUR;C05-Rocío
F2025-002769;4;14/03/2025;CLI0001;S13;1,00;636,15;0;636,15;EUR;C02-Javier
F2025-002770;1;08/08/2025;CLI0153;S04;145,29;14,59;5;2013,79;EUR;C05-Rocío
F2025-002771;1;15/02/2025;CLI0051;S05;121,80;3,31;0;403,16;EUR;C01-Marta
F2025-002772;1;19/12/2025;CLI0383;S09;63,81;42,59;0;2717,67;EUR;C03-Lucía
F2025-002773;1;09/05/2025;CLI0242;S12;2,00;122,60;0;245,20;EUR;C05-Rocío
F2025-002773;2;09/05/2025;CLI0242;S12;2,00;126,20;0;252,40;EUR;C02-Javier
F2025-002773;3;09/05/2025;CLI0242;S12;2,00;117,79;0;235,58;EUR;C04-Andrés
F2025-002773;4;09/05/2025;CLI0242;S03;65,58;39,45;0;2587,13;EUR;C01-Marta
F2025-002774;1;21/04/2025;CLI0127;S09;72,55;45,30;0;3286,51;EUR;C02-Javier
F2025-002774;2;21/04/2025;CLI0127;S09;137,96;42,14;0;5813,63;EUR;C04-Andrés
F2025-002774;3;21/04/2025;CLI0127;S09;86,15;44,02;0;3792,32;EUR;C01-Marta
F2025-002774;4;21/04/2025;CLI0127;S09;125,28;42,21;0;5288,07;EUR;C03-Lucía
F2025-002775;1;18/03/2025;CLI0158;S13;1,00;648,44;15;551,17;EUR;C03-Lucía
F2025-002775;2;18/03/2025;CLI0158;S09;188,72;41,72;5;7479,73;EUR;C04-Andrés
F2025-002776;1;12/07/2025;CLI0182;S05;256,31;3,46;0;886,83;EUR;C02-Javier
F2025-002777;1;03/07/2025;CLI0107;S15;2,00;88,86;0;177,72;EUR;C02-Javier
F2025-002778;1;13/07/2025;CLI0016;S02;1184,87;6,69;15;6737,76;EUR;C04-Andrés
F2025-002779;1;08/04/2025;CLI0255;S05;531,14;3,89;0;2065,03;USD;C04-Andrés
F2025-002779;2;08/04/2025;CLI0255;S06;722,80;1,27;5;873,86;USD;C05-Rocío
F2025-002780;1;26/03/2025;CLI0101;S14;7,00;226,47;0;1585,29;EUR;C04-Andrés
F2025-002781;1;01/10/2025;CLI0291;S10;51,37;8,65;0;444,35;EUR;C05-Rocío
F2025-002781;2;01/10/2025;CLI0291;S10;463,39;8,34;15;3284,97;EUR;C01-Marta
F2025-002781;3;01/10/2025;CLI0291;S10;664,83;8,74;0;5810,61;EUR;C04-Andrés
F2025-002781;4;01/10/2025;CLI0291;S10;269,75;8,87;0;2392,68;EUR;C02-Javier
F2025-002782;1;05/04/2025;CLI0158;S09;40,72;43,04;10;1577,33;EUR;C05-Rocío
F2025-002782;2;05/04/2025;CLI0158;S09;224,28;44,89;15;8557,74;EUR;C03-Lucía
F2025-002782;3;05/04/2025;CLI0158;S09;57,19;43,29;0;;EUR;C03-Lucía
F2025-002782;4;05/04/2025;CLI0158;S09;240,96;43,94;5;10058,39;EUR;C04-Andrés
F2025-002783;1;04/03/2025;CLI0207;S10;71,75;8,87;0;636,42;EUR;C02-Javier
F2025-002784;1;07/06/2025;CLI0279;S13;1,00;645,79;0;645,79;EUR;C02-Javier
F2025-002784;2;07/06/2025;CLI0279;S06;1263,14;1,17;0;1477,87;EUR;C03-Lucía
F2025-002784;3;07/06/2025;CLI0279;S06;1765,83;1,16;5;1945,94;EUR;C05-Rocío
F2025-002784;4;07/06/2025;CLI0279;S06;1519,05;1,11;0;1686,15;EUR;C05-Rocío
F2025-002785;1;15/08/2025;CLI0051;S05;1845,82;3,45;0;6368,08;EUR;C05-Rocío
F2025-002786;1;12/02/2025;CLI0114;S14;16,00;224,24;0;3587,84;EUR;C04-Andrés
F2025-002786;2;12/02/2025;CLI0114;S15;2,00;87,52;5;166,29;EUR;C02-Javier
F2025-002786;3;12/02/2025;CLI0114;S09;93,26;41,50;0;3870,29;EUR;C01-Marta
F2025-002787;1;11/11/2025;CLI0101;S10;538,78;8,62;0;4644,28;EUR;C04-Andrés
F2025-002787;2;11/11/2025;CLI0101;S13;1,00;701,32;0;701,32;EUR;C04-Andrés
F2025-002788;1;21/09/2025;CLI0188;S13;1,00;696,64;0;696,64;EUR;C01-Marta
F2025-002788;2;21/09/2025;CLI0188;S01;48,15;98,16;0;4726,40;EUR;C05-Rocío
F2025-002788;3;21/09/2025;CLI0188;S11;28,84;25,69;0;740,90;EUR;C05-Rocío
F2025-002789;1;17/09/2025;CLI0143;S10;330,84;8,34;15;2345,32;EUR;C05-Rocío
F2025-002790;1;06/01/2025;CLI0317;S10;190,55;8,54;15;1383,20;EUR;C01-Marta
F2025-002790;2;06/01/2025;CLI0317;S10;470,22;8,82;0;4147,34;EUR;C03-Lucía
F2025-002790;3;06/01/2025;CLI0317;S10;159,67;8,75;5;1327,26;EUR;C05-Rocío
F2025-002791;1;28/10/2025;CLI0290;S10;125,42;8,37;15;892,30;EUR;C05-Rocío
F2025-002791;2;28/10/2025;CLI0290;S10;762,48;9,12;0;6953,82;EUR;C01-Marta
F2025-002791;3;28/10/2025;CLI0290;S10;80,21;8,45;0;677,77;EUR;C04-Andrés
F2025-002791;4;28/10/2025;CLI0290;S14;6,00;215,82;15;1100,68;EUR;C01-Marta
F2025-002792;1;04/08/2025;CLI0101;S10;109,17;8,50;0;927,95;EUR;C02-Javier
F2025-002793;1;22/01/2025;CLI0236;S05;635,63;3,32;0;2110,29;EUR;C05-Rocío
F2025-002794;1;15/11/2025;CLI0247;S14;2,00;225,27;0;450,54;EUR;C05-Rocío
F2025-002794;2;15/11/2025;CLI0247;S10;502,25;8,61;0;4324,37;EUR;C05-Rocío
F2025-002795;1;11/09/2025;CLI0017;S13;1,00;669,65;0;669,65;EUR;C04-Andrés
F2025-002795;2;11/09/2025;CLI0017;S15;2,00;89,06;10;160,31;EUR;C04-Andrés
F2025-002796;1;25/05/2025;CLI0024;S05;53,35;3,28;0;174,99;EUR;C04-Andrés
F2025-002796;2;25/05/2025;CLI0024;S06;1349,43;1,09;0;1470,88;EUR;C05-Rocío
F2025-002796;3;25/05/2025;CLI0024;S13;1,00;662,96;0;662,96;EUR;C03-Lucía
F2025-002796;4;25/05/2025;CLI0024;S06;788,46;1,10;0;867,31;EUR;C04-Andrés
F2025-002797;1;12/03/2025;CLI0153;S12;1,00;124,58;0;124,58;EUR;C01-Marta
F2025-002798;1;03/04/2025;CLI0124;S06;2560,78;1,11;0;2842,47;EUR;C01-Marta
F2025-002799;1;11/05/2025;CLI0153;S03;57,58;37,79;0;2175,95;EUR;C01-Marta
F2025-002799;2;11/05/2025;CLI0153;S04;155,18;14,58;0;2262,52;EUR;C02-Javier
F2025-002800;1;09/04/2025;CLI0101;S10;946,49;9,77;0;9249,41;USD;C03-Lucía
F2025-002800;2;09/04/2025;CLI0101;S14;14,00;253,03;0;3542,42;USD;C04-Andrés
F2025-002800;3;09/04/2025;CLI0101;S10;532,97;9,01;15;4081,75;EUR;C02-Javier
F2025-002800;4;09/04/2025;CLI0101;S10;733,69;8,93;0;6551,85;EUR;C04-Andrés
F2025-002801;1;05/10/2025;CLI0158;S09;92,70;42,07;0;3899,89;EUR;C01-Marta
F2025-002801;2;05/10/2025;CLI0158;S09;66,11;45,39;0;3000,73;EUR;C05-Rocío
F2025-002802;1;04/06/2025;CLI0130;S05;739,70;3,26;5;2290,85;EUR;C04-Andrés
F2025-002803;1;24/03/2025;CLI0207;S13;1,00;700,50;5;665,48;EUR;C02-Javier
F2025-002804;1;08/08/2025;CLI0207;S15;1,00;88,01;5;83,61;EUR;C04-Andrés
F2025-002805;1;03/04/2025;CLI0149;S07;793,40;1,68;0;1332,91;EUR;C02-Javier
F2025-002806;1;23/11/2025;CLI0350;S06;3812,81;1,09;5;3948,16;EUR;C01-Marta
F2025-002806;2;23/11/2025;CLI0350;S15;1,00;87,46;0;87,46;EUR;C04-Andrés
F2025-002807;1;25/04/2025;CLI0159;S03;14,06;38,64;0;543,28;EUR;C05-Rocío
F2025-002807;2;25/04/2025;CLI0159;S04;265,13;13,78;0;3653,49;EUR;C05-Rocío
F2025-002807;3;25/04/2025;CLI0159;S14;16,00;209,82;15;2853,55;EUR;C02-Javier
F2025-002808;1;22/07/2025;CLI0103;S07;190,11;1,60;5;288,97;EUR;C03-Lucía
F2025-002808;2;22/07/2025;CLI0103;S14;15,00;222,52;0;3337,80;EUR;C01-Marta
F2025-002808;3;22/07/2025;CLI0103;S08;4479,97;2,59;0;11603,12;EUR;C01-Marta
F2025-002808;4;22/07/2025;CLI0103;S07;41,59;1,66;5;65,59;EUR;C02-Javier
F2025-002809;1;19/04/2025;CLI0113;S14;9,00;208,17;0;1873,53;EUR;C01-Marta
F2025-002809;2;19/04/2025;CLI0113;S14;12,00;223,30;5;2545,62;EUR;C03-Lucía
F2025-002809;3;19/04/2025;cli0113;S09;125,23;45,03;0;5639,11;EUR;C05-Rocío
F2025-002810;1;28/04/2025;CLI0207;S10;203,25;8,55;0;1737,79;EUR;C03-Lucía
F2025-002810;2;28/04/2025;CLI0207;S10;48,46;9,04;0;438,08;EUR;C05-Rocío
F2025-002810;3;28/04/2025;CLI0207;S10;202,95;8,51;5;1640,75;EUR;C03-Lucía
F2025-002811;1;06/11/2025;CLI0103;S07;23,27;1,67;0;38,86;EUR;C05-Rocío
F2025-002812;1;14/08/2025;CLI0122;S08;2277,33;2,37;5;5127,41;EUR;C01-Marta
F2025-002812;2;14/08/2025;CLI0122;S07;1081,01;1,64;0;1772,86;EUR;C02-Javier
F2025-002812;3;14/08/2025;CLI0122;S13;1,00;699,56;0;699,56;EUR;C03-Lucía
F2025-002813;1;18/01/2025;CLI0078;S10;1285,70;8,38;0;10774,17;EUR;C04-Andrés
F2025-002814;1;17/01/2025;cli0231;S15;2,00;87,57;0;175,14;EUR;C03-Lucía
F2025-002814;2;17/01/2025;CLI0231;S09;109,74;41,45;0;4548,72;EUR;C05-Rocío
F2025-002815;1;28/01/2025;CLI0184;S11;34,15;24,50;0;;EUR;C03-Lucía
F2025-002815;2;28/01/2025;CLI0184;S11;59,69;26,63;0;1589,54;EUR;C03-Lucía
F2025-002815;3;28/01/2025;CLI0184;S02;282,39;6,98;0;1971,08;EUR;C04-Andrés
F2025-002815;4;28/01/2025;CLI0184;S01;140,81;99,06;5;13251,21;EUR;C03-Lucía
F2025-002816;1;04/06/2025;CLI0095;S09;49,32;43,94;0;2167,12;EUR;C01-Marta
F2025-002816;2;04/06/2025;CLI0095;S09;123,54;42,08;15;4418,78;EUR;C05-Rocío
F2025-002816;3;04/06/2025;CLI0095;S14;12,00;206,32;5;2352,05;EUR;C01-Marta
F2025-002817;1;05/05/2025;CLI0034;S15;1,00;91,48;5;86,91;EUR;C04-Andrés
F2025-002818;1;23/09/2025;CLI0095;S09;93,71;41,34;0;3873,97;EUR;C03-Lucía
F2025-002819;1;24/11/2025;CLI0118;S15;3,00;99,57;0;298,70;USD;C01-Marta
F2025-002820;1;13/01/2025;CLI0247;S10;108,30;8,50;15;782,47;EUR;C03-Lucía
F2025-002820;2;13/01/2025;CLI0247;S10;111,46;8,88;0;989,76;EUR;C05-Rocío
F2025-002821;1;20/03/2025;CLI0024;S14;11,00;205,50;0;2260,50;EUR;C01-Marta
F2025-002822;1;23/08/2025;CLI0207;S14;12,00;214,80;0;2577,60;EUR;C03-Lucía
F2025-002822;2;23/08/2025;CLI0207;S10;205,97;9,12;0;1878,45;EUR;C03-Lucía
F2025-002822;3;23/08/2025;CLI0207;S10;86,94;8,84;5;730,12;EUR;C01-Marta
F2025-002822;4;23/08/2025;CLI0207;S10;278,80;8,63;0;2406,04;EUR;C01-Marta
F2025-002823;1;08/02/2025;CLI0239;S10;126,18;8,85;0;1116,69;EUR;C01-Marta
F2025-002823;2;08/02/2025;CLI0239;S15;4,00;84,89;0;339,56;EUR;C02-Javier
F2025-002824;1;23/04/2025;CLI0295;S05;206,04;3,29;5;643,98;EUR;C05-Rocío
F2025-002824;2;23/04/2025;CLI0295;S13;1,00;683,74;0;683,74;EUR;C05-Rocío
F2025-002824;3;23/04/2025;CLI0295;S05;3086,27;3,20;0;9876,06;EUR;C04-Andrés
F2025-002825;1;10/05/2025;CLI0111;S02;108,96;6,58;0;716,96;EUR;C02-Javier
F2025-002825;2;10/05/2025;CLI0111;S13;1,00;694,46;0;694,46;EUR;C03-Lucía
F2025-002826;1;10/09/2025;CLI0162;S14;5,00;226,96;0;1134,80;EUR;C02-Javier
F2025-002826;2;10/09/2025;CLI0162;S15;2,00;91,16;10;164,09;EUR;C01-Marta
F2025-002826;3;10/09/2025;CLI0162;S14;3,00;210,60;0;631,80;EUR;C02-Javier
F2025-002827;1;12/04/2025;CLI0223;S06;1981,64;1,26;5;2373,80;USD;C05-Rocío
F2025-002827;2;12/04/2025;CLI0223;S06;1565,97;1,27;5;1893,24;USD;C04-Andrés
F2025-002827;3;12/04/2025;CLI0223;S06;789,62;1,30;5;972,15;USD;C04-Andrés
F2025-002827;4;12/04/2025;CLI0223;S06;1500,24;1,15;0;1725,28;EUR;C05-Rocío
F2025-002828;1;15/08/2025;CLI0299;S14;15,00;222,69;0;3340,35;EUR;C02-Javier
F2025-002829;1;10/11/2025;CLI0200;S01;239,62;95,60;5;21762,29;EUR;C01-Marta
F2025-002829;2;10/11/2025;CLI0200;S02;64,01;6,96;5;423,23;EUR;C02-Javier
F2025-002829;3;2025-11-10;CLI0200;S02;346,59;6,77;0;2346,41;EUR;C05-Rocío
F2025-002830;1;28/11/2025;CLI0325;S15;2,00;90,89;0;181,78;EUR;C02-Javier
F2025-002830;2;28/11/2025;CLI0325;S01;7,19;94,34;0;678,30;EUR;C03-Lucía
F2025-002831;1;04/08/2025;CLI0380;S13;1,00;673,64;0;673,64;EUR;C03-Lucía
F2025-002831;2;04/08/2025;CLI0380;S06;3050,71;1,16;5;3361,88;EUR;C03-Lucía
F2025-002832;1;08/03/2025;CLI0357;S14;2,00;220,26;0;440,52;EUR;C03-Lucía
F2025-002833;1;24/08/2025;CLI0024;S05;474,86;3,40;0;1614,52;EUR;C01-Marta
F2025-002833;2;24/08/2025;CLI0024;S06;810,03;1,17;0;947,74;EUR;C05-Rocío
F2025-002834;1;26/02/2025;CLI0011;S07;917,62;1,58;0;1449,84;EUR;C03-Lucía
F2025-002834;2;26/02/2025;CLI0011;S13;1,00;655,56;5;622,78;EUR;C05-Rocío
F2025-002835;1;21/03/2025;CLI0095;S09;127,63;41,99;0;5359,18;EUR;C05-Rocío
F2025-002835;2;21/03/2025;CLI0095;S15;2,00;84,32;10;151,78;EUR;C01-Marta
F2025-002835;3;21/03/2025;CLI0095;S09;131,50;42,01;15;4695,67;EUR;C02-Javier
F2025-002836;1;12/10/2025;CLI0386;S01;117,94;97,65;0;11516,84;EUR;C05-Rocío
F2025-002836;2;12/10/2025;CLI0386;S15;4,00;83,66;0;334,64;EUR;C03-Lucía
F2025-002836;3;12/10/2025;CLI0386;S01;32,28;93,67;0;3023,67;EUR;C03-Lucía
F2025-002837;1;17/08/2025;CLI0158;S13;1,00;673,09;15;572,13;EUR;C01-Marta
F2025-002837;2;17/08/2025;CLI0158;S15;1,00;85,56;10;77,00;EUR;C02-Javier
F2025-002838;1;24/06/2025;CLI0311;S08;1431,79;2,48;0;3550,84;EUR;C02-Javier
F2025-002838;2;24/06/2025;CLI0311;S07;2227,02;1,62;0;3607,77;EUR;C05-Rocío
F2025-002838;3;24/06/2025;CLI0311;S08;2233,19;2,54;0;5672,30;EUR;C05-Rocío
F2025-002838;4;24/06/2025;CLI0311;S07;2134,44;1,58;0;3372,42;EUR;C02-Javier
F2025-002839;1;20/02/2025;CLI0095;S14;9,00;226,50;0;2038,50;EUR;C02-Javier
F2025-002839;2;20/02/2025;CLI0095;S09;58,88;43,56;0;2564,81;EUR;C03-Lucía
F2025-002840;1;24/02/2025;CLI0212;S04;338,51;15,08;0;5104,73;EUR;C05-Rocío
F2025-002840;2;24/02/2025;CLI0212;S14;2,00;210,11;5;399,21;EUR;C05-Rocío
F2025-002840;3;24/02/2025;CLI0212;S03;17,93;40,29;5;686,28;EUR;C01-Marta
F2025-002840;4;24/02/2025;CLI0212;S04;468,52;14,62;0;6849,76;EUR;C01-Marta
F2025-002841;1;15/04/2025;CLI0154;S10;595,02;8,95;0;5325,43;EUR;C02-Javier
F2025-002841;2;15/04/2025;CLI0154;S15;1,00;86,41;0;86,41;EUR;C01-Marta
F2025-002841;3;15/04/2025;CLI0154;S14;10,00;217,62;5;2067,39;EUR;C05-Rocío
F2025-002841;4;15/04/2025;CLI0154;S10;638,35;8,93;5;5415,44;EUR;C02-Javier
F2025-002842;1;04/11/2025;CLI0143;S10;168,36;8,56;15;1224,99;EUR;C05-Rocío
F2025-002842;2;04/11/2025;CLI0143;S10;775,07;8,73;5;6428,04;EUR;C04-Andrés
F2025-002842;3;04/11/2025;CLI0143;S10;174,59;9,00;5;1492,74;EUR;C01-Marta
F2025-002842;4;04/11/2025;CLI0143;S13;1,00;658,08;5;625,18;EUR;C05-Rocío
F2025-002843;1;10/04/2025;CLI0152;S15;4,00;85,98;0;343,92;EUR;C02-Javier
F2025-002843;2;10/04/2025;CLI0152;S13;1,00;677,10;0;677,10;EUR;C02-Javier
F2025-002843;3;10/04/2025;CLI0152;S02;205,07;6,75;0;1384,22;EUR;C01-Marta
F2025-002844;1;05/08/2025;CLI0095;S09;237,34;43,59;0;10345,65;EUR;C05-Rocío
F2025-002844;2;05/08/2025;CLI0095;S09;99,21;42,42;0;4208,49;EUR;C01-Marta
F2025-002844;3;05/08/2025;CLI0095;S09;55,88;42,75;15;2030,54;EUR;C02-Javier
F2025-002845;1;10/03/2025;CLI0101;S14;9,00;208,22;10;1686,58;EUR;C05-Rocío
F2025-002846;1;20/09/2025;CLI0136;S11;27,62;25,82;0;713,15;EUR;C05-Rocío
F2025-002846;2;20/09/2025;CLI0136;S02;421,67;6,81;0;2871,57;EUR;C05-Rocío
F2025-002846;3;20/09/2025;CLI0136;S14;9,00;212,39;5;1815,93;EUR;C05-Rocío
F2025-002846;4;20/09/2025;CLI0136;S15;4,00;89,48;0;357,92;EUR;C04-Andrés
F2025-002847;1;22/06/2025;CLI0350;S05;381,43;3,22;5;1166,79;EUR;C01-Marta
F2025-002847;2;22/06/2025;CLI0350;S06;499,96;1,09;0;544,96;EUR;C02-Javier
F2025-002847;3;22/06/2025;CLI0350;S13;1,00;694,88;0;694,88;EUR;C03-Lucía
F2025-002848;1;13/04/2025;CLI0295;S05;90,24;3,13;0;282,45;EUR;C02-Javier
F2025-002848;2;13/04/2025;CLI0295;S06;1864,41;1,17;5;2072,29;EUR;C05-Rocío
F2025-002848;3;13/04/2025;CLI0295;S15;1,00;86,20;5;81,89;EUR;C03-Lucía
F2025-002848;4;13/04/2025;CLI0295;S06;764,84;1,09;0;833,68;EUR;C02-Javier
F2025-002849;1;20/07/2025;CLI0072;S06;2011,40;1,12;0;2252,77;EUR;C05-Rocío
F2025-002850;1;13/04/2025;CLI0016;S02;313,54;6,47;5;1927,17;EUR;C05-Rocío
F2025-002851;1;13/05/2025;CLI0356;S14;11,00;224,28;0;2467,08;EUR;C01-Marta
F2025-002851;2;13/05/2025;CLI0356;S10;235,30;8,59;0;2021,23;EUR;C05-Rocío
F2025-002852;1;03/12/2025;CLI0247;S14;3,00;220,23;5;627,66;EUR;C02-Javier
F2025-002853;1;06/07/2025;CLI0109;S08;2349,92;2,37;5;5290,84;EUR;C05-Rocío
F2025-002853;2;06/07/2025;cli0109;S08;1613,76;2,39;0;3856,89;EUR;C05-Rocío
F2025-002853;3;06/07/2025;CLI0109;S14;9,00;225,43;0;2028,87;EUR;C01-Marta
F2025-002854;1;28/01/2025;CLI0078;S10;107,22;9,10;0;975,70;EUR;C05-Rocío
F2025-002854;2;28/01/2025;CLI0078;S10;2088,56;8,80;0;18379,33;EUR;C02-Javier
F2025-002855;1;27/12/2025;CLI0068;S06;1452,09;1,16;0;1684,42;EUR;C04-Andrés
F2025-002856;1;08/12/2025;CLI0207;S10;257,74;8,95;0;2306,77;EUR;C04-Andrés
F2025-002857;1;21/05/2025;CLI0236;S05;427,38;3,29;5;1335,78;EUR;C01-Marta
F2025-002857;2;21/05/2025;CLI0236;S13;1,00;664,55;0;664,55;EUR;C05-Rocío
F2025-002858;1;07/01/2025;CLI0039;S10;377,48;8,39;0;3167,06;EUR;C03-Lucía
F2025-002858;2;07/01/2025;CLI0039;S10;1071,30;8,99;0;9630,99;EUR;C02-Javier
F2025-002858;3;07/01/2025;CLI0039;S10;604,43;8,36;0;5053,03;EUR;C02-Javier
F2025-002859;1;03/11/2025;CLI0033;S15;1,00;86,94;0;86,94;EUR;C01-Marta
F2025-002860;1;23/11/2025;CLI0051;S05;3014,39;3,23;0;9736,48;EUR;C05-Rocío
F2025-002860;2;23/11/2025;CLI0051;S06;232,32;1,17;5;258,22;EUR;C02-Javier
F2025-002861;1;08/12/2025;CLI0092;S06;1603,36;1,09;0;1747,66;EUR;C01-Marta
F2025-002861;2;08/12/2025;CLI0092;S05;383,49;3,33;10;1149,32;EUR;C02-Javier
F2025-002862;1;23/08/2025;CLI0201;S02;278,89;6,75;5;1788,38;EUR;C01-Marta
F2025-002862;2;23/08/2025;CLI0201;S11;28,57;25,23;0;720,82;EUR;C02-Javier
F2025-002862;3;23/08/2025;CLI0201;S13;1,00;679,87;0;679,87;EUR;C02-Javier
F2025-002863;1;03/10/2025;CLI0184;S11;14,95;25,32;5;359,61;EUR;C05-Rocío
F2025-002863;2;03/10/2025;CLI0184;S02;808,98;6,36;0;5145,11;EUR;C01-Marta
F2025-002864;1;22/08/2025;CLI0370;S06;924,34;1,13;0;1044,50;EUR;C05-Rocío
F2025-002864;2;22/08/2025;CLI0370;S14;7,00;222,60;15;1324,47;EUR;C05-Rocío
F2025-002865;1;19/09/2025;CLI0198;S11;36,84;25,74;5;900,85;EUR;C03-Lucía
F2025-002866;1;13/09/2025;CLI0051;S05;428,27;3,38;0;1447,55;EUR;C05-Rocío
F2025-002866;2;13/09/2025;CLI0051;S06;997,37;1,15;0;1146,98;EUR;C04-Andrés
F2025-002866;3;13/09/2025;CLI0051;S05;1532,50;3,13;0;4796,72;EUR;C05-Rocío
F2025-002866;4;13/09/2025;CLI0051;S13;1,00;638,69;0;638,69;EUR;C05-Rocío
F2025-002867;1;07/02/2025;CLI0207;S10;556,40;8,88;5;4693,79;EUR;C05-Rocío
F2025-002867;2;07/02/2025;CLI0207;S15;2,00;89,72;0;179,44;EUR;C02-Javier
F2025-002867;3;07/02/2025;CLI0207;S10;313,55;8,54;5;2543,83;EUR;C03-Lucía
F2025-002868;1;07/11/2025;CLI0325;S11;29,99;26,28;0;788,14;EUR;C01-Marta
F2025-002868;2;07/11/2025;CLI0325;S02;332,85;6,76;0;2250,07;EUR;C02-Javier
F2025-002868;3;07/11/2025;CLI0325;S11;71,06;24,79;0;1761,58;EUR;C05-Rocío
F2025-002869;1;12/11/2025;CLI0207;S10;379,85;8,74;0;3319,89;EUR;C02-Javier
F2025-002869;2;12/11/2025;CLI0207;S10;156,42;8,77;5;1303,21;EUR;C03-Lucía
F2025-002869;3;12/11/2025;CLI0207;S10;1661,38;8,36;0;13889,14;EUR;C03-Lucía
F2025-002870;1;02/04/2025;CLI0207;S10;36,70;8,49;0;311,58;EUR;C01-Marta
F2025-002870;2;02/04/2025;CLI0207;S10;598,69;8,57;5;4874,23;EUR;C05-Rocío
F2025-002871;1;02/11/2025;CLI0368;S10;301,35;8,37;5;2396,18;EUR;C04-Andrés
F2025-002871;2;02/11/2025;CLI0368;S10;659,58;8,62;5;5401,30;EUR;C03-Lucía
F2025-002871;3;02/11/2025;CLI0368;S10;564,96;9,17;0;5180,68;EUR;C04-Andrés
F2025-002872;1;20/12/2025;CLI0177;S06;8607,87;1,10;0;9468,66;EUR;C04-Andrés
F2025-002873;1;07/07/2025;CLI0207;S10;494,97;8,61;5;4048,61;EUR;C04-Andrés
F2025-002873;2;07/07/2025;CLI0207;S10;86,93;9,00;0;782,37;EUR;C01-Marta
F2025-002873;3;07/07/2025;CLI0207;S10;362,96;9,11;0;3306,57;EUR;C05-Rocío
F2025-002873;4;07/07/2025;CLI0207;S13;1,00;668,07;0;668,07;EUR;C05-Rocío
F2025-002874;1;04/02/2025;CLI0124;S06;399,49;1,19;0;475,39;EUR;C04-Andrés
F2025-002874;2;04/02/2025;CLI0124;S06;1494,85;1,11;0;1659,28;EUR;C01-Marta
F2025-002875;1;12/03/2025;CLI0284;S11;71,75;29,86;5;2035,56;USD;C03-Lucía
F2025-002875;2;12/03/2025;CLI0284;S01;49,82;121,06;0;6031,03;USD;C04-Andrés
F2025-002875;3;12/03/2025;CLI0284;S01;36,68;98,75;0;3622,15;EUR;C05-Rocío
F2025-002876;1;11/06/2025;CLI0376;S09;535,45;45,20;0;24202,34;EUR;C02-Javier
F2025-002877;1;14/05/2025;CLI0310;S15;3,00;88,83;0;266,49;EUR;C05-Rocío
F2025-002877;2;14/05/2025;CLI0310;S14;13,00;226,87;0;2949,31;EUR;C05-Rocío
F2025-002878;1;02/02/2025;CLI0051;S13;1,00;678,10;0;;EUR;C01-Marta
F2025-002879;1;20/07/2025;CLI0322;S06;3336,43;1,16;0;3870,26;EUR;C05-Rocío
F2025-002879;2;20/07/2025;CLI0322;S14;5,00;209,27;0;1046,35;EUR;C05-Rocío
F2025-002879;3;20/07/2025;CLI0322;S06;703,82;1,15;10;728,45;EUR;C02-Javier
F2025-002879;4;20/07/2025;CLI0322;S05;60,60;3,32;0;201,19;EUR;C05-Rocío
F2025-002880;1;10/10/2025;CLI0158;S09;241,88;42,08;0;10178,31;EUR;C02-Javier
F2025-002880;2;10/10/2025;CLI0158;S09;96,27;42,38;5;3875,93;EUR;C01-Marta
F2025-002880;3;10/10/2025;CLI0158;S09;162,28;41,45;15;5717,53;EUR;C01-Marta
F2025-002880;4;10/10/2025;CLI0158;S14;4,00;211,90;5;805,22;EUR;C03-Lucía
F2025-002881;1;16/08/2025;CLI0323;S06;4639,28;1,14;5;5024,34;EUR;C01-Marta
F2025-002881;2;16/08/2025;CLI0323;S06;698,29;1,10;0;768,12;EUR;C04-Andrés
F2025-002881;3;16/08/2025;CLI0323;S06;829,31;1,08;0;895,65;EUR;C03-Lucía
F2025-002882;1;04/04/2025;CLI0236;S14;13,00;214,36;5;2647,35;EUR;C01-Marta
F2025-002882;2;04/04/2025;CLI0236;S14;3,00;210,62;0;631,86;EUR;C02-Javier
F2025-002883;1;16/09/2025;CLI0205;S05;719,75;3,28;5;2242,74;EUR;C01-Marta
F2025-002884;1;27/07/2025;CLI0101;S10;956,23;8,71;10;7495,89;EUR;C03-Lucía
F2025-002884;2;27/07/2025;CLI0101;S10;64,68;10,25;0;663,27;USD;C02-Javier
F2025-002884;3;27/07/2025;CLI0101;S10;78,39;8,44;5;;EUR;C01-Marta
F2025-002884;4;27/07/2025;CLI0101;S10;1300,89;10,01;15;11063,83;USD;C01-Marta
F2025-002885;1;06/02/2025;CLI0286;S02;305,83;6,38;15;1658,52;EUR;C01-Marta
F2025-002885;2;06/02/2025;CLI0286;S01;115,97;96,07;0;11141,24;EUR;C04-Andrés
F2025-002885;3;06/02/2025;CLI0286;S01;252,38;99,70;0;25162,29;EUR;C03-Lucía
F2025-002886;1;12/08/2025;CLI0158;S09;66,81;41,80;0;2792,66;EUR;C01-Marta
F2025-002887;1;24/03/2025;CLI0030;S15;2,00;86,80;0;173,60;EUR;C03-Lucía
F2025-002888;1;19/11/2025;CLI0034;S13;1,00;668,52;10;601,67;EUR;C04-Andrés
F2025-002889;1;13/05/2025;CLI0139;S05;308,91;3,22;5;944,96;EUR;C02-Javier
F2025-002890;1;11/01/2025;CLI0113;S09;141,01;43,10;0;6077,53;EUR;C01-Marta
F2025-002890;2;11/01/2025;CLI0113;S09;184,27;44,20;0;8144,73;EUR;C03-Lucía
F2025-002890;3;11/01/2025;CLI0113;S13;1,00;677,49;0;677,49;EUR;C02-Javier
F2025-002890;4;11/01/2025;CLI0113;S09;86,37;42,56;10;3308,32;EUR;C02-Javier
F2025-002891;1;07/03/2025;CLI0188;S01;90,94;100,18;0;9110,37;EUR;C04-Andrés
F2025-002891;2;07/03/2025;CLI0188;S15;1,00;91,58;5;87,00;EUR;C03-Lucía
F2025-002891;3;07/03/2025;CLI0188;S15;1,00;91,15;0;91,15;EUR;C03-Lucía
F2025-002892;1;21/05/2025;CLI0265;S14;3,00;215,09;0;645,27;EUR;C01-Marta
F2025-002892;2;21/05/2025;CLI0265;S01;29,06;94,51;0;2746,46;EUR;C01-Marta
F2025-002893;1;27/01/2025;CLI0157;S04;409,81;16,61;5;6467,29;USD;C03-Lucía
F2025-002893;2;27/01/2025;CLI0157;S13;1,00;807,81;0;807,81;USD;C05-Rocío
F2025-002893;3;27/01/2025;CLI0157;S04;453,96;16,91;5;7290,79;USD;C01-Marta
F2025-002893;4;27/01/2025;CLI0157;S03;31,66;45,61;0;1444,17;USD;C04-Andrés
F2025-002894;1;17/05/2025;CLI0230;S11;19,40;30,67;0;594,93;USD;C02-Javier
F2025-002894;2;17/05/2025;CLI0230;S11;43,04;25,62;15;937,28;EUR;C04-Andrés
F2025-002895;1;05/05/2025;CLI0344;S08;2320,56;2,43;0;5638,96;EUR;C03-Lucía
F2025-002895;2;05/05/2025;CLI0344;S14;7,00;217,52;5;1446,51;EUR;C01-Marta
F2025-002895;3;05/05/2025;CLI0344;S08;6658,15;2,46;5;15560,10;EUR;C01-Marta
F2025-002896;1;22/09/2025;CLI0226;S10;800,37;8,51;5;6470,59;EUR;C03-Lucía
F2025-002896;2;22/09/2025;CLI0226;S13;1,00;676,91;0;676,91;EUR;C02-Javier
F2025-002896;3;22/09/2025;CLI0226;S10;181,93;8,83;5;1526,12;EUR;C04-Andrés
F2025-002897;1;02/09/2025;CLI0225;S15;4,00;85,83;10;308,99;EUR;C02-Javier
F2025-002897;2;02/09/2025;CLI0225;S13;1,00;653,28;0;653,28;EUR;C05-Rocío
F2025-002897;3;02/09/2025;CLI0225;S05;235,07;3,40;15;679,35;EUR;C04-Andrés
F2025-002898;1;14/01/2025;CLI0400;S05;3150,31;3,46;0;10900,07;EUR;C05-Rocío
F2025-002898;2;14/01/2025;CLI0400;S05;1394,62;3,33;5;4411,88;EUR;C05-Rocío
F2025-002898;3;14/01/2025;CLI0400;S14;3,00;210,75;15;537,41;EUR;C02-Javier
F2025-002898;4;14/01/2025;CLI0400;S05;303,99;3,17;0;963,65;EUR;C01-Marta
F2025-002899;1;19/10/2025;CLI0380;S06;923,71;1,12;0;1034,56;EUR;C01-Marta
F2025-002899;2;19/10/2025;CLI0380;S05;1203,39;3,32;0;3995,25;EUR;C03-Lucía
F2025-002899;3;19/10/2025;CLI0380;S13;1,00;661,16;5;628,10;EUR;C02-Javier
F2025-002900;1;09/12/2025;CLI0158;S09;79,64;42,62;0;3394,26;EUR;C01-Marta
F2025-002900;2;09/12/2025;CLI0158;S15;1,00;85,55;15;72,72;EUR;C01-Marta
F2025-002901;1;04/02/2025;CLI0278;S08;1043,66;2,40;0;2504,78;EUR;C01-Marta
F2025-002901;2;04/02/2025;CLI0278;S08;3783,56;2,40;0;9080,54;EUR;C02-Javier
F2025-002902;1;07/03/2025;CLI0339;S15;3,00;88,33;5;251,74;EUR;C01-Marta
F2025-002902;2;07/03/2025;CLI0339;S08;4693,18;2,35;5;10477,52;EUR;C02-Javier
F2025-002902;3;07/03/2025;CLI0339;S14;13,00;217,52;5;2686,37;EUR;C03-Lucía
F2025-002903;1;28/08/2025;CLI0388;S13;1,00;690,27;0;690,27;EUR;C02-Javier
F2025-002904;1;04/08/2025;CLI0101;S10;421,87;8,98;0;3788,39;EUR;C01-Marta
F2025-002904;2;04/08/2025;CLI0101;S10;1206,72;8,96;0;10812,21;EUR;C02-Javier
F2025-002904;3;04/08/2025;CLI0101;S10;602,07;8,69;15;4447,19;EUR;C03-Lucía
F2025-002905;1;16/09/2025;CLI0336;S06;1358,98;1,16;0;1576,42;EUR;C05-Rocío
F2025-002905;2;16/09/2025;CLI0336;S06;1023,45;1,11;5;1079,23;EUR;C03-Lucía
F2025-002906;1;23/10/2025;CLI0078;S10;355,83;8,63;0;3070,81;EUR;C03-Lucía
F2025-002907;1;11/06/2025;CLI0034;S09;53,46;42,98;0;2297,71;EUR;C01-Marta
F2025-002907;2;11/06/2025;CLI0034;S15;2,00;87,37;15;148,53;EUR;C01-Marta
F2025-002907;3;11/06/2025;CLI0034;S09;100,25;45,36;0;4547,34;EUR;C04-Andrés
F2025-002907;4;11/06/2025;CLI0034;S09;130,35;41,55;0;5416,04;EUR;C01-Marta
F2025-002908;1;04/06/2025;CLI0022;S13;1,00;684,04;0;684,04;EUR;C01-Marta
F2025-002908;2;04/06/2025;CLI0022;S14;3,00;213,51;5;608,50;EUR;C05-Rocío
F2025-002908;3;04/06/2025;CLI0022;S07;909,12;1,60;0;1454,59;EUR;C01-Marta
F2025-002908;4;04/06/2025;CLI0022;S13;1,00;687,01;5;652,66;EUR;C05-Rocío
F2025-002909;1;15/06/2025;CLI0201;S14;8,00;225,90;0;1807,20;EUR;C02-Javier
F2025-002909;2;15/06/2025;CLI0201;S01;30,48;101,97;5;2952,64;EUR;C03-Lucía
F2025-002910;1;15/09/2025;CLI0051;S13;1,00;697,28;0;697,28;EUR;C03-Lucía
F2025-002910;2;15/09/2025;CLI0051;S14;9,00;208,42;10;1688,20;EUR;C04-Andrés
F2025-002910;3;15/09/2025;CLI0051;S06;2291,54;1,12;10;2309,87;EUR;C02-Javier
F2025-002910;4;15/09/2025;CLI0051;S06;1185,40;1,09;15;1098,27;EUR;C05-Rocío
F2025-002911;1;24/05/2025;CLI0034;S09;128,38;41,39;0;5313,65;EUR;C01-Marta
F2025-002911;2;24/05/2025;CLI0034;S09;295,94;42,22;0;12494,59;EUR;C01-Marta
F2025-002912;1;14/06/2025;CLI0031;S11;77,58;24,81;0;1924,76;EUR;C04-Andrés
F2025-002912;2;14/06/2025;CLI0031;S11;60,97;26,85;0;1637,04;EUR;C05-Rocío
F2025-002912;3;14/06/2025;CLI0031;S01;265,52;99,66;5;25138,64;EUR;C05-Rocío
F2025-002912;4;14/06/2025;CLI0031;S02;793,96;6,88;0;5462,44;EUR;C03-Lucía
F2025-002913;1;23/01/2025;CLI0396;S05;37,31;3,40;0;126,85;EUR;C03-Lucía
F2025-002913;2;23/01/2025;CLI0396;S15;2,00;88,21;0;176,42;EUR;C05-Rocío
F2025-002913;3;23/01/2025;CLI0396;S06;2170,71;1,17;0;2539,73;EUR;C05-Rocío
F2025-002914;1;04/02/2025;CLI0051;S15;4,00;87,14;0;348,56;EUR;C03-Lucía
F2025-002914;2;04/02/2025;CLI0051;S05;44,86;3,40;5;144,90;EUR;C02-Javier
F2025-002915;1;15/10/2025;CLI0170;S06;836,64;1,19;0;995,60;EUR;C02-Javier
F2025-002916;1;08/05/2025;CLI0272;S14;11,00;225,55;0;2481,05;EUR;C05-Rocío
F2025-002916;2;08/05/2025;CLI0272;S09;306,24;44,67;0;13679,74;EUR;C04-Andrés
F2025-002916;3;08/05/2025;CLI0272;S09;125,19;43,65;5;5191,32;EUR;C05-Rocío
F2025-002916;4;08/05/2025;CLI0272;S09;197,23;45,26;5;8480,30;EUR;C02-Javier
F2025-002917;1;16/08/2025;CLI0094;S08;10804,47;2,51;5;25763,26;EUR;C02-Javier
F2025-002917;2;16/08/2025;CLI0094;S08;3369,15;2,56;0;8625,02;EUR;C05-Rocío
F2025-002918;1;10/01/2025;CLI0034;S09;165,06;41,27;15;5790,22;EUR;C05-Rocío
F2025-002918;1;10/01/2025;CLI0034;S09;165,06;41,27;15;5790,22;EUR;C05-Rocío
F2025-002919;1;10/05/2025;CLI0153;S13;1,00;648,75;0;648,75;EUR;C03-Lucía
F2025-002919;2;10/05/2025;cli0153;S04;549,75;14,89;0;8185,78;EUR;C03-Lucía
F2025-002919;3;10/05/2025;CLI0153;S12;1,00;120,89;5;114,85;EUR;C03-Lucía
F2025-002920;1;06/05/2025;CLI0370;S06;733,31;1,15;15;716,81;EUR;C02-Javier
F2025-002920;2;06/05/2025;CLI0370;S06;1747,83;1,17;0;2044,96;EUR;C05-Rocío
F2025-002920;3;06/05/2025;CLI0370;S05;375,44;3,45;0;1295,27;EUR;C04-Andrés
F2025-002920;4;06/05/2025;CLI0370;S13;1,00;688,53;0;688,53;EUR;C01-Marta
F2025-002921;1;11/08/2025;CLI0342;S13;1,00;688,66;0;688,66;EUR;C04-Andrés
F2025-002922;1;06/04/2025;CLI0341;S05;185,66;3,34;0;620,10;EUR;C05-Rocío
F2025-002923;1;16/03/2025;CLI0370;S15;4,00;83,50;0;334,00;EUR;C04-Andrés
F2025-002923;2;16/03/2025;CLI0370;S05;97,03;3,28;0;318,26;EUR;C01-Marta
F2025-002923;3;16/03/2025;CLI0370;S06;3860,36;1,17;5;4290,79;EUR;C02-Javier
F2025-002924;1;27/11/2025;CLI0034;S09;125,16;45,08;10;5077,99;EUR;C01-Marta
F2025-002925;1;10/01/2025;CLI0299;S07;898,94;1,63;0;1465,27;EUR;C03-Lucía
F2025-002925;2;10/01/2025;CLI0299;S15;4,00;85,76;0;343,04;EUR;C02-Javier
F2025-002926;1;13/09/2025;CLI0356;S10;655,43;8,68;0;5689,13;EUR;C02-Javier
F2025-002927;1;12/06/2025;CLI0027;S06;708,81;1,12;0;793,87;EUR;C01-Marta
F2025-002927;2;12/06/2025;CLI0027;S06;1509,27;1,10;0;1660,20;EUR;C04-Andrés
F2025-002927;3;12/06/2025;CLI0027;S06;451,28;1,09;5;467,30;EUR;C05-Rocío
F2025-002928;1;05/04/2025;CLI0236;S06;3684,53;1,17;0;4310,90;EUR;C04-Andrés
F2025-002928;2;05/04/2025;CLI0236;S06;544,75;1,18;0;642,80;EUR;C02-Javier
F2025-002929;1;14/01/2025;CLI0095;S09;95,34;43,79;5;3966,19;EUR;C02-Javier
F2025-002930;1;07/12/2025;CLI0158;S09;192,44;42,75;0;8226,81;EUR;C03-Lucía
F2025-002930;2;07/12/2025;CLI0158;S09;144,30;45,15;0;6515,15;EUR;C01-Marta
F2025-002930;3;07/12/2025;CLI0158;S09;96,65;44,44;0;4295,13;EUR;C02-Javier
F2025-002930;4;07/12/2025;CLI0158;S09;126,32;42,42;0;5358,49;EUR;C04-Andrés
F2025-002931;1;03/02/2025;CLI0115;S01;30,90;96,82;0;2991,74;EUR;C02-Javier
F2025-002931;2;03/02/2025;CLI0115;S11;30,29;26,71;0;809,05;EUR;C02-Javier
F2025-002931;3;03/02/2025;CLI0115;S11;17,10;25,53;10;392,91;EUR;C04-Andrés
F2025-002931;4;03/02/2025;CLI0115;S15;2,00;87,47;15;148,70;EUR;C02-Javier
F2025-002932;1;22/11/2025;CLI0146;S15;1,00;91,36;0;91,36;EUR;C03-Lucía
F2025-002932;2;22/11/2025;CLI0146;S09;239,99;44,45;0;10667,56;EUR;C05-Rocío
F2025-002933;1;14/01/2025;CLI0207;S10;2189,92;9,03;0;19774,98;EUR;C04-Andrés
F2025-002933;2;14/01/2025;CLI0207;S10;461,53;8,66;0;3996,85;EUR;C05-Rocío
F2025-002933;3;14/01/2025;CLI0207;S10;223,01;8,75;5;1853,77;EUR;C02-Javier
F2025-002933;4;14/01/2025;CLI0207;S10;271,90;8,40;0;2283,96;EUR;C01-Marta
F2025-002934;1;28/05/2025;CLI0212;S15;2,00;86,61;0;173,22;EUR;C04-Andrés
F2025-002934;2;28/05/2025;CLI0212;S12;1,00;125,76;0;125,76;EUR;C01-Marta
F2025-002934;3;28/05/2025;CLI0212;S03;43,98;38,70;0;1702,03;EUR;C04-Andrés
F2025-002934;4;28/05/2025;CLI0212;S04;357,60;13,86;0;4956,34;EUR;C05-Rocío
F2025-002935;1;27/03/2025;CLI0078;S10;332,64;8,69;5;2746,11;EUR;C05-Rocío
F2025-002935;2;27/03/2025;CLI0078;S10;117,89;8,39;0;989,10;EUR;C03-Lucía
F2025-002936;1;04/08/2025;CLI0131;S13;1,00;699,56;0;699,56;EUR;C03-Lucía
F2025-002936;2;04/08/2025;CLI0131;S15;1,00;85,81;5;81,52;EUR;C03-Lucía
F2025-002936;3;04/08/2025;CLI0131;S10;455,86;8,84;0;4029,80;EUR;C04-Andrés
F2025-002936;4;04/08/2025;CLI0131;S10;88,56;8,53;5;717,65;EUR;C03-Lucía
F2025-002937;1;25/03/2025;CLI0039;S10;150,63;8,69;0;1308,97;EUR;C02-Javier
F2025-002937;2;25/03/2025;CLI0039;S10;219,91;8,49;0;1867,04;EUR;C05-Rocío
F2025-002937;3;25/03/2025;CLI0039;S10;270,32;8,76;0;2368,00;EUR;C02-Javier
F2025-002937;4;25/03/2025;CLI0039;S10;195,51;8,56;0;1673,57;EUR;C05-Rocío
F2025-002938;1;25/11/2025;CLI0109;S08;1225,90;2,59;5;3016,33;EUR;C01-Marta
F2025-002938;2;25/11/2025;CLI0109;S08;945,61;2,37;0;;EUR;C01-Marta
F2025-002938;3;25/11/2025;CLI0109;S15;2,00;85,18;0;170,36;EUR;C04-Andrés
F2025-002939;1;15/07/2025;CLI0368;S15;1,00;87,15;0;87,15;EUR;C02-Javier
F2025-002940;1;13/07/2025;CLI0095;S15;1,00;88,03;15;74,83;EUR;C01-Marta
F2025-002941;1;01/09/2025;CLI0201;S13;1,00;681,28;0;681,28;EUR;C04-Andrés
F2025-002942;1;19/11/2025;CLI0399;S10;1170,63;8,98;0;10512,26;EUR;C02-Javier
F2025-002943;1;07/05/2025;CLI0295;S06;1193,09;1,14;0;1360,12;EUR;C01-Marta
F2025-002943;2;07/05/2025;CLI0295;S05;97,92;3,41;5;317,21;EUR;C03-Lucía
F2025-002943;3;07/05/2025;CLI0295;S05;142,41;3,27;5;442,40;EUR;C03-Lucía
F2025-002944;1;04/01/2025;CLI0370;S05;1655,55;3,44;5;5410,34;EUR;C03-Lucía
F2025-002944;2;04/01/2025;CLI0370;S14;13,00;218,14;10;2552,24;EUR;C02-Javier
F2025-002944;3;04/01/2025;CLI0370;S05;194,02;3,45;0;669,37;EUR;C04-Andrés
F2025-002945;1;27/10/2025;CLI0162;S12;4,00;127,07;10;457,45;EUR;C02-Javier
F2025-002945;2;27/10/2025;CLI0162;S12;4,00;125,46;5;476,75;EUR;C01-Marta
F2025-002945;3;27/10/2025;CLI0162;S13;1,00;700,82;0;700,82;EUR;C02-Javier
F2025-002945;4;27/10/2025;CLI0162;S04;884,26;14,09;15;10590,34;EUR;C03-Lucía
F2025-002946;1;15/03/2025;CLI0017;S15;4,00;90,22;0;360,88;EUR;C02-Javier
F2025-002947;1;06/10/2025;CLI0370;S06;482,20;1,12;5;513,06;EUR;C05-Rocío
F2025-002948;1;09/03/2025;CLI0040;S07;430,14;1,72;5;702,85;EUR;C03-Lucía
F2025-002948;2;09/03/2025;CLI0040;S14;15,00;208,12;0;3121,80;EUR;C01-Marta
F2025-002949;1;21/12/2025;CLI0149;S08;1343,09;2,38;0;3196,55;EUR;C01-Marta
F2025-002949;2;21/12/2025;CLI0149;S08;716,99;2,45;5;1668,79;EUR;C02-Javier
F2025-002949;3;21/12/2025;cli0149;S13;1,00;685,42;0;685,42;EUR;C05-Rocío
F2025-002949;4;21/12/2025;CLI0149;S14;16,00;227,05;5;3451,16;EUR;C02-Javier
F2025-002950;1;07/02/2025;CLI0325;S14;12,00;206,77;5;2357,18;EUR;C05-Rocío
F2025-002951;1;02/11/2025;CLI0383;S09;303,39;43,75;0;13273,31;EUR;C03-Lucía
F2025-002951;2;02/11/2025;CLI0383;S09;59,65;42,35;0;2526,18;EUR;C04-Andrés
F2025-002951;3;02/11/2025;CLI0383;S09;78,04;41,61;0;3247,24;EUR;C04-Andrés
F2025-002951;4;02/11/2025;CLI0383;S13;1,00;697,19;0;697,19;EUR;C04-Andrés
F2025-002952;1;27/01/2025;CLI0048;S10;273,30;8,67;5;2251,04;EUR;C05-Rocío
F2025-002952;2;27/01/2025;CLI0048;S10;143,92;8,86;0;1275,13;EUR;C03-Lucía
F2025-002953;1;24/10/2025;CLI0230;S15;3,00;87,86;15;224,04;EUR;C04-Andrés
F2025-002953;2;24/10/2025;CLI0230;S02;523,49;6,78;5;3371,80;EUR;C04-Andrés
F2025-002953;3;24/10/2025;CLI0230;S11;137,85;25,55;10;3169,86;EUR;C04-Andrés
F2025-002953;4;24/10/2025;CLI0230;S11;69,98;27,31;15;1624,36;USD;C03-Lucía
F2025-002954;1;16/02/2025;CLI0274;S15;4,00;91,17;0;364,68;EUR;C01-Marta
F2025-002954;2;16/02/2025;CLI0274;S14;4,00;205,70;5;781,66;EUR;C01-Marta
F2025-002954;3;16/02/2025;CLI0274;S08;1166,14;2,50;5;2769,58;EUR;C04-Andrés
F2025-002954;4;16/02/2025;CLI0274;S08;1006,93;2,42;15;2071,26;EUR;C02-Javier
F2025-002955;1;07/01/2025;CLI0377;S14;7,00;242,45;5;1612,31;USD;C03-Lucía
F2025-002955;2;07/01/2025;CLI0377;S13;1,00;812,09;0;812,09;USD;C05-Rocío
F2025-002955;3;07/01/2025;CLI0377;S14;12,00;254,23;0;3050,79;USD;C05-Rocío
F2025-002956;1;21/01/2025;CLI0276;S11;38,49;24,54;0;944,54;EUR;C01-Marta
F2025-002956;2;21/01/2025;CLI0276;S01;29,06;98,15;0;2852,24;EUR;C01-Marta
F2025-002956;3;21/01/2025;CLI0276;S11;25,19;26,56;0;669,05;EUR;C02-Javier
F2025-002957;1;21/07/2025;CLI0201;S02;91,93;6,93;15;541,51;EUR;C03-Lucía
F2025-002957;2;21/07/2025;CLI0201;S02;205,93;6,58;15;1151,77;EUR;C03-Lucía
F2025-002957;3;21/07/2025;CLI0201;S11;20,96;25,08;10;473,11;EUR;C01-Marta
F2025-002957;4;21/07/2025;CLI0201;S13;1,00;638,70;15;542,89;EUR;C05-Rocío
F2025-002958;1;18/10/2025;CLI0113;S09;305,87;41,90;0;12815,95;EUR;C05-Rocío
F2025-002958;2;18/10/2025;CLI0113;S09;83,30;44,56;10;3340,66;EUR;C01-Marta
F2025-002958;3;18/10/2025;CLI0113;S09;124,94;41,78;0;5219,99;EUR;C03-Lucía
F2025-002959;1;12/02/2025;CLI0158;S15;3,00;91,04;10;245,81;EUR;C04-Andrés
F2025-002959;2;12/02/2025;CLI0158;S09;188,37;42,16;10;7147,51;EUR;C03-Lucía
F2025-002959;3;12/02/2025;CLI0158;S09;100,06;41,47;0;4149,49;EUR;C04-Andrés
F2025-002960;1;20/05/2025;CLI0213;S10;91,50;8,90;0;814,35;EUR;C03-Lucía
F2025-002960;2;20/05/2025;CLI0213;S10;673,74;9,13;0;6151,25;EUR;C02-Javier
F2025-002960;3;20/05/2025;CLI0213;S10;270,29;8,57;5;2200,57;EUR;C04-Andrés
F2025-002960;4;20/05/2025;CLI0213;S10;410,64;8,89;0;3650,59;EUR;C04-Andrés
F2025-002961;1;16/03/2025;CLI0359;S06;486,42;1,11;0;539,93;EUR;C02-Javier
F2025-002962;1;15/11/2025;CLI0149;S07;350,92;1,70;0;596,56;EUR;C01-Marta
F2025-002963;1;01/05/2025;CLI0101;S14;10,00;241,52;0;2415,20;USD;C02-Javier
F2025-002963;2;01/05/2025;CLI0101;S13;1,00;786,11;0;786,11;USD;C02-Javier
F2025-002963;3;01/05/2025;CLI0101;S14;8,00;212,94;5;1618,34;EUR;C01-Marta
F2025-002963;4;2025-05-01;CLI0101;S13;1,00;747,19;15;635,12;USD;C02-Javier
F2025-002964;1;06/11/2025;CLI0292;S06;754,82;1,09;0;822,75;EUR;C03-Lucía
F2025-002964;2;06/11/2025;CLI0292;S05;374,41;3,24;0;1213,09;EUR;C04-Andrés
F2025-002964;3;06/11/2025;CLI0292;S05;41,92;3,44;0;144,20;EUR;C03-Lucía
F2025-002964;4;06/11/2025;CLI0292;S05;426,37;3,40;0;1449,66;EUR;C04-Andrés
F2025-002965;1;07/01/2025;CLI0306;S01;67,48;95,09;10;5775,01;EUR;C04-Andrés
F2025-002965;2;07/01/2025;CLI0306;S02;1516,72;6,71;0;10177,19;EUR;C04-Andrés
F2025-002965;3;07/01/2025;CLI0306;S01;46,71;95,93;10;4032,80;EUR;C05-Rocío
F2025-002965;4;07/01/2025;CLI0306;S02;636,28;6,72;0;4275,80;EUR;C05-Rocío
F2025-002966;1;10/04/2025;CLI0057;S08;8146,31;2,52;0;20528,70;EUR;C02-Javier
F2025-002967;1;27/01/2025;CLI0027;S05;679,59;3,22;0;2188,28;EUR;C02-Javier
F2025-002967;2;27/01/2025;CLI0027;S06;3220,25;1,18;5;3609,90;EUR;C02-Javier
F2025-002968;1;01/08/2025;CLI0353;S05;281,13;3,31;5;884,01;EUR;C03-Lucía
F2025-002968;2;01/08/2025;CLI0353;S05;235,24;3,30;0;776,29;EUR;C03-Lucía
F2025-002969;1;10/09/2025;CLI0142;S05;368,36;3,16;0;1164,02;EUR;C03-Lucía
F2025-002970;1;23/02/2025;CLI0329;S02;1391,58;6,68;5;8830,97;EUR;C01-Marta
F2025-002970;2;23/02/2025;CLI0329;S02;811,30;6,75;0;5476,27;EUR;C03-Lucía
F2025-002970;3;23/02/2025;CLI0329;S14;12,00;212,39;15;2166,38;EUR;C03-Lucía
F2025-002971;1;22/03/2025;CLI0101;S14;10,00;263,76;0;2637,59;USD;C04-Andrés
F2025-002972;1;09/11/2025;CLI0232;S10;618,96;9,15;0;5663,48;EUR;C01-Marta
F2025-002972;2;09/11/2025;CLI0232;S10;713,83;8,62;5;5845,55;EUR;C02-Javier
F2025-002973;1;11/03/2025;CLI0386;S02;166,50;6,58;0;1095,57;EUR;C01-Marta
F2025-002973;2;11/03/2025;CLI0386;S02;266,47;6,79;0;1809,33;EUR;C04-Andrés
F2025-002974;1;19/11/2025;CLI0113;S09;53,24;43,88;15;1985,75;EUR;C02-Javier
F2025-002974;2;19/11/2025;CLI0113;S09;43,55;44,82;0;1951,91;EUR;C05-Rocío
F2025-002974;3;19/11/2025;CLI0113;S09;86,83;41,76;0;3626,02;EUR;C05-Rocío
F2025-002975;1;10/08/2025;CLI0075;S15;1,00;90,82;5;86,28;EUR;C01-Marta
F2025-002975;2;10/08/2025;CLI0075;S07;786,40;1,68;0;1321,15;EUR;C02-Javier
F2025-002976;1;14/04/2025;CLI0130;S05;381,36;3,13;5;1133,97;EUR;C01-Marta
F2025-002976;2;14/04/2025;CLI0130;S05;161,49;3,44;5;527,75;EUR;C02-Javier
F2025-002976;3;14/04/2025;CLI0130;S14;2,00;226,13;0;452,26;EUR;C01-Marta
F2025-002976;4;14/04/2025;CLI0130;S06;2442,15;1,10;0;2686,37;EUR;C02-Javier
F2025-002977;1;28/11/2025;CLI0297;S14;9,00;224,31;0;2018,79;EUR;C05-Rocío
F2025-002978;1;15/10/2025;CLI0131;S13;1,00;692,61;0;692,61;EUR;C01-Marta
F2025-002979;1;01/11/2025;CLI0176;S13;1,00;647,96;5;615,56;EUR;C03-Lucía
F2025-002979;2;01/11/2025;CLI0176;S05;326,68;3,39;0;1107,45;EUR;C04-Andrés
F2025-002979;3;01/11/2025;CLI0176;S05;284,09;3,21;0;911,93;EUR;C03-Lucía
F2025-002979;4;01/11/2025;CLI0176;S13;1,00;653,65;0;653,65;EUR;C02-Javier
F2025-002980;1;09/03/2025;CLI0103;S15;4,00;89,86;0;359,44;EUR;C04-Andrés
F2025-002980;2;09/03/2025;CLI0103;S08;587,33;2,59;0;1521,18;EUR;C03-Lucía
F2025-002981;1;09/01/2025;CLI0095;S14;15,00;207,50;0;3112,50;EUR;C03-Lucía
F2025-002981;2;09/01/2025;CLI0095;S09;118,64;41,57;0;4931,86;EUR;C05-Rocío
F2025-002981;3;09/01/2025;CLI0095;S09;107,64;43,20;0;4650,05;EUR;C04-Andrés
F2025-002981;4;09/01/2025;CLI0095;S09;133,74;41,89;0;5602,37;EUR;C04-Andrés
F2025-002982;1;2025-05-02;CLI0207;S10;1074,75;9,15;0;9833,96;EUR;C02-Javier
F2025-002982;2;02/05/2025;CLI0207;S10;163,85;8,35;0;1368,15;EUR;C02-Javier
F2025-002982;3;02/05/2025;CLI0207;S10;110,19;8,87;0;977,39;EUR;C01-Marta
F2025-002982;4;02/05/2025;CLI0207;S10;279,27;8,76;0;2446,41;EUR;C05-Rocío
F2025-002983;1;06/06/2025;CLI0051;S06;1214,64;1,16;15;1197,64;EUR;C05-Rocío
F2025-002983;2;06/06/2025;CLI0051;S15;1,00;87,18;0;87,18;EUR;C05-Rocío
F2025-002983;3;06/06/2025;CLI0051;S05;77,35;3,19;15;209,73;EUR;C04-Andrés
F2025-002984;1;17/10/2025;CLI0388;S10;324,97;8,50;0;2762,25;EUR;C02-Javier
F2025-002984;2;17/10/2025;CLI0388;S10;3247,77;8,57;0;27833,39;EUR;C05-Rocío
F2025-002985;1;14/11/2025;CLI0158;S09;200,99;45,32;0;9108,87;EUR;C04-Andrés
F2025-002985;2;14/11/2025;CLI0158;S09;198,84;43,78;0;8705,22;EUR;C04-Andrés
F2025-002986;1;15/07/2025;CLI0154;S10;274,13;8,48;0;2324,62;EUR;C05-Rocío
F2025-002986;2;15/07/2025;CLI0154;S14;13,00;208,59;5;2576,09;EUR;C02-Javier
F2025-002986;3;15/07/2025;CLI0154;S10;591,55;9,05;5;5085,85;EUR;C02-Javier
F2025-002987;1;08/10/2025;CLI0203;S10;326,01;8,88;5;;EUR;C03-Lucía
F2025-002987;2;08/10/2025;CLI0203;S14;7,00;223,37;0;1563,59;EUR;C05-Rocío
F2025-002988;1;19/06/2025;CLI0365;S07;79,44;1,60;0;127,10;EUR;C04-Andrés
F2025-002988;2;19/06/2025;CLI0365;S13;1,00;686,79;5;652,45;EUR;C03-Lucía
F2025-002988;3;19/06/2025;CLI0365;S15;1,00;87,54;5;83,16;EUR;C02-Javier
F2025-002989;1;03/11/2025;CLI0228;S15;2,00;91,52;0;183,04;EUR;C04-Andrés
F2025-002989;2;03/11/2025;CLI0228;S05;440,21;3,40;0;1496,71;EUR;C04-Andrés
F2025-002989;3;03/11/2025;CLI0228;S06;2333,17;1,08;10;2267,84;EUR;C04-Andrés
F2025-002990;1;05/10/2025;cli0044;S14;12,00;209,13;0;2509,56;EUR;C04-Andrés
F2025-002990;2;05/10/2025;CLI0044;S07;630,47;1,61;5;964,30;EUR;C01-Marta
F2025-002990;3;05/10/2025;CLI0044;S07;78,08;1,57;0;122,59;EUR;C02-Javier
F2025-002991;1;25/08/2025;CLI0351;S05;2988,24;3,41;0;10189,90;EUR;C05-Rocío
F2025-002992;1;06/10/2025;CLI0115;S11;45,04;25,35;5;1084,68;EUR;C05-Rocío
F2025-002992;2;06/10/2025;CLI0115;S02;343,55;6,79;0;2332,70;EUR;C03-Lucía
F2025-002993;1;06/04/2025;CLI0095;S09;91,47;42,29;5;3674,85;EUR;C03-Lucía
F2025-002993;2;06/04/2025;CLI0095;S09;74,88;44,21;0;3310,44;EUR;C03-Lucía
F2025-002994;1;27/11/2025;CLI0114;S09;155,49;45,22;5;6679,69;EUR;C02-Javier
F2025-002995;1;03/02/2025;CLI0303;S05;4605,18;3,18;0;14644,47;EUR;C05-Rocío
F2025-002995;2;03/02/2025;CLI0303;S05;395,66;3,22;5;1210,32;EUR;C01-Marta
F2025-002996;1;17/01/2025;CLI0095;S09;223,22;44,14;0;9852,93;EUR;C02-Javier
F2025-002996;2;17/01/2025;CLI0095;S09;110,56;41,36;15;3886,85;EUR;C04-Andrés
F2025-002997;1;13/02/2025;CLI0282;S08;1554,40;2,59;0;4025,90;EUR;C02-Javier
F2025-002997;2;13/02/2025;CLI0282;S15;1,00;106,01;5;100,70;USD;C03-Lucía
F2025-002997;3;13/02/2025;CLI0282;S08;2769,67;2,55;0;7062,66;EUR;C04-Andrés
F2025-002997;4;13/02/2025;CLI0282;S07;53,54;1,65;5;83,92;EUR;C04-Andrés
F2025-002998;1;12/03/2025;CLI0008;S01;151,06;102,50;15;13161,10;EUR;C02-Javier
F2025-002998;2;12/03/2025;CLI0008;S01;152,98;97,28;15;12649,61;EUR;C01-Marta
F2025-002998;3;12/03/2025;CLI0008;S02;264,92;6,59;0;1745,82;EUR;C05-Rocío
F2025-002998;4;12/03/2025;CLI0008;S14;5,00;205,90;5;978,02;EUR;C01-Marta
F2025-002999;1;16/03/2025;cli0018;S15;2,00;84,41;0;168,82;EUR;C04-Andrés
F2025-002999;2;16/03/2025;CLI0018;S15;4,00;83,91;0;335,64;EUR;C02-Javier
F2025-003000;1;01/11/2025;CLI0111;S11;74,55;24,92;5;1764,90;EUR;C03-Lucía
F2025-003001;1;08/01/2025;CLI0196;S07;157,92;1,67;0;263,73;EUR;C04-Andrés
F2025-003002;1;28/08/2025;CLI0112;S11;52,50;28,70;5;1431,53;USD;C03-Lucía
F2025-003002;2;28/08/2025;CLI0112;S14;11,00;253,53;0;2788,82;USD;C02-Javier
F2025-003002;3;28/08/2025;CLI0112;S01;69,56;95,07;5;6282,42;EUR;C03-Lucía
F2025-003002;4;28/08/2025;CLI0112;S01;475,57;110,87;0;52724,85;USD;C03-Lucía
F2025-003003;1;17/02/2025;CLI0207;S10;92,73;9,07;0;841,06;EUR;C02-Javier
F2025-003003;2;17/02/2025;CLI0207;S15;2,00;87,94;0;175,88;EUR;C01-Marta
F2025-003004;1;26/06/2025;CLI0158;S09;156,58;43,26;0;6773,65;EUR;C02-Javier
F2025-003004;2;26/06/2025;CLI0158;S09;75,55;43,53;0;3288,69;EUR;C05-Rocío
F2025-003004;3;26/06/2025;CLI0158;S14;13,00;214,47;15;2369,89;EUR;C03-Lucía
F2025-003005;1;18/02/2025;CLI0078;S10;309,12;8,33;0;2574,97;EUR;C04-Andrés
F2025-003006;1;28/03/2025;CLI0071;S02;564,07;6,50;0;3666,46;EUR;C01-Marta
F2025-003006;2;28/03/2025;CLI0071;S14;5,00;221,13;0;1105,65;EUR;C04-Andrés
F2025-003007;1;17/02/2025;CLI0391;S13;1,00;658,57;0;658,57;EUR;C01-Marta
F2025-003007;2;17/02/2025;CLI0391;S04;623,92;14,60;0;9109,23;EUR;C05-Rocío
F2025-003008;1;04/06/2025;CLI0329;S02;384,97;6,44;10;2231,29;EUR;C04-Andrés
F2025-003008;2;04/06/2025;CLI0329;S14;4,00;211,31;5;802,98;EUR;C03-Lucía
F2025-003008;3;04/06/2025;cli0329;S01;159,51;99,30;0;15839,34;EUR;C01-Marta
F2025-003009;1;01/05/2025;CLI0158;S09;128,02;43,99;0;5631,60;EUR;C05-Rocío
F2025-003009;2;01/05/2025;CLI0158;S09;225,13;41,65;10;8439,00;EUR;C05-Rocío
F2025-003009;3;01/05/2025;CLI0158;S09;187,07;42,73;10;7194,15;EUR;C01-Marta
F2025-003010;1;10/10/2025;CLI0088;S10;172,22;8,41;0;1448,37;EUR;C02-Javier
F2025-003010;2;10/10/2025;CLI0088;S10;361,54;9,03;0;3264,71;EUR;C05-Rocío
F2025-003010;3;10/10/2025;CLI0088;S10;284,74;8,90;0;2534,19;EUR;C01-Marta
F2025-003010;4;10/10/2025;CLI0088;S14;7,00;218,41;0;1528,87;EUR;C02-Javier
F2025-003011;1;06/07/2025;CLI0330;S07;301,04;1,60;5;457,58;EUR;C01-Marta
F2025-003011;2;06/07/2025;CLI0330;S07;1419,24;1,61;0;2284,98;EUR;C01-Marta
F2025-003012;1;06/04/2025;CLI0054;S15;2,00;89,50;0;179,00;EUR;C01-Marta
F2025-003012;2;06/04/2025;CLI0054;S15;3,00;91,24;5;260,03;EUR;C03-Lucía
F2025-003013;1;19/06/2025;CLI0093;S10;1618,19;8,86;5;13620,31;EUR;C02-Javier
F2025-003013;2;19/06/2025;CLI0093;S10;378,41;8,69;0;3288,38;EUR;C02-Javier
F2025-003013;3;19/06/2025;CLI0093;S10;2177,69;8,41;5;17398,65;EUR;C04-Andrés
F2025-003014;1;11/10/2025;CLI0290;S10;588,56;9,04;0;5320,58;EUR;C04-Andrés
F2025-003014;2;11/10/2025;CLI0290;S14;3,00;221,10;0;663,30;EUR;C01-Marta
F2025-003015;1;21/08/2025;CLI0051;S06;460,60;1,09;5;476,95;EUR;C04-Andrés
F2025-003016;1;03/04/2025;CLI0289;S04;660,51;17,35;0;11459,64;USD;C03-Lucía
F2025-003017;1;13/11/2025;CLI0088;S15;2,00;87,32;0;174,64;EUR;C04-Andrés
F2025-003018;1;07/12/2025;CLI0229;S13;1,00;645,49;0;645,49;EUR;C03-Lucía
F2025-003018;2;07/12/2025;CLI0229;S13;1,00;692,63;0;692,63;EUR;C01-Marta
F2025-003018;3;07/12/2025;CLI0229;S14;8,00;206,18;0;1649,44;EUR;C01-Marta
F2025-003018;4;07/12/2025;CLI0229;S07;215,40;1,70;0;366,18;EUR;C03-Lucía
F2025-003019;1;04/08/2025;CLI0290;S10;166,80;9,19;0;1532,89;EUR;C05-Rocío
F2025-003019;2;04/08/2025;CLI0290;S10;158,83;9,00;10;1286,52;EUR;C04-Andrés
F2025-003019;3;04/08/2025;CLI0290;S10;415,06;8,66;0;3594,42;EUR;C04-Andrés
F2025-003020;1;19/09/2025;CLI0095;S14;6,00;223,06;10;1204,52;EUR;C05-Rocío
F2025-003021;1;24/02/2025;CLI0247;S10;68,24;9,01;5;584,10;EUR;C03-Lucía
F2025-003021;2;24/02/2025;CLI0247;S10;603,54;8,58;15;4401,62;EUR;C04-Andrés
F2025-003022;1;25/11/2025;CLI0296;S05;234,74;3,36;10;709,85;EUR;C01-Marta
F2025-003022;2;25/11/2025;CLI0296;S13;1,00;680,91;5;646,86;EUR;C05-Rocío
F2025-003023;1;21/07/2025;CLI0227;S07;701,93;1,68;0;1179,24;EUR;C02-Javier
F2025-003024;1;17/10/2025;CLI0221;S14;12,00;216,75;5;2470,95;EUR;C03-Lucía
F2025-003025;1;07/12/2025;CLI0095;S09;112,42;44,58;10;4510,52;EUR;C04-Andrés
F2025-003025;2;07/12/2025;CLI0095;S09;37,59;43,84;0;1647,95;EUR;C03-Lucía
F2025-003026;1;09/03/2025;CLI0071;S01;249,35;94,30;0;23513,70;EUR;C04-Andrés
F2025-003026;2;09/03/2025;CLI0071;S15;3,00;90,60;0;271,80;EUR;C01-Marta
F2025-003026;3;09/03/2025;CLI0071;S01;37,28;95,42;0;3557,26;EUR;C05-Rocío
F2025-003027;1;11/07/2025;CLI0078;S10;3664,98;8,71;5;30325,88;EUR;C02-Javier
F2025-003027;2;11/07/2025;CLI0078;S10;4929,04;8,52;0;41995,42;EUR;C01-Marta
F2025-003028;1;10/05/2025;CLI0317;S10;173,21;8,37;15;1232,30;EUR;C03-Lucía
F2025-003029;1;15/10/2025;CLI0078;S15;2,00;83,68;5;158,99;EUR;C05-Rocío
F2025-003029;2;15/10/2025;CLI0078;S10;433,02;8,96;5;3685,87;EUR;C05-Rocío
F2025-003029;3;15/10/2025;CLI0078;S10;1338,64;8,32;0;11137,48;EUR;C02-Javier
F2025-003030;1;27/02/2025;CLI0201;S11;66,23;25,55;10;1522,96;EUR;C05-Rocío
F2025-003030;2;27/02/2025;CLI0201;S14;12,00;211,24;15;2154,65;EUR;C02-Javier
F2025-003031;1;08/02/2025;CLI0095;S14;16,00;223,59;15;3040,82;EUR;C04-Andrés
F2025-003031;2;08/02/2025;CLI0095;S09;87,26;43,44;0;3790,57;EUR;C01-Marta
F2025-003032;1;07/02/2025;CLI0336;S14;11,00;226,15;0;2487,65;EUR;C03-Lucía
F2025-003032;2;2025-02-07;CLI0336;S06;554,95;1,16;0;643,74;EUR;C01-Marta
F2025-003032;3;07/02/2025;CLI0336;S06;1652,77;1,14;0;1884,16;EUR;C02-Javier
F2025-003033;1;07/04/2025;CLI0214;S11;27,73;24,82;0;688,26;EUR;C04-Andrés
F2025-003033;2;07/04/2025;CLI0214;S02;450,12;6,77;0;3047,31;EUR;C01-Marta
F2025-003033;3;07/04/2025;CLI0214;S02;348,00;6,82;5;2254,69;EUR;C04-Andrés
F2025-003034;1;12/02/2025;CLI0211;S15;1,00;88,06;0;88,06;EUR;C04-Andrés
F2025-003035;1;06/10/2025;CLI0230;S14;7,00;228,69;0;1600,83;USD;C02-Javier
F2025-003035;2;06/10/2025;CLI0230;S01;45,77;95,61;10;3938,46;EUR;C04-Andrés
F2025-003035;3;06/10/2025;CLI0230;S01;97,14;99,00;0;9616,86;EUR;C05-Rocío
F2025-003036;1;12/05/2025;CLI0212;S14;12,00;220,11;0;2641,32;EUR;C01-Marta
F2025-003036;2;12/05/2025;CLI0212;S03;34,65;38,69;5;1273,58;EUR;C04-Andrés
F2025-003036;3;12/05/2025;CLI0212;S13;1,00;641,22;5;609,16;EUR;C04-Andrés
F2025-003036;4;12/05/2025;CLI0212;S04;196,52;15,13;0;2973,35;EUR;C01-Marta
F2025-003037;1;19/08/2025;CLI0299;S07;583,65;1,58;0;922,17;EUR;C03-Lucía
F2025-003037;2;19/08/2025;CLI0299;S08;1151,19;2,46;5;2690,33;EUR;C03-Lucía
F2025-003037;3;19/08/2025;CLI0299;S13;1,00;671,74;5;638,15;EUR;C01-Marta
F2025-003038;1;15/10/2025;CLI0238;S14;11,00;218,13;10;2159,49;EUR;C04-Andrés
F2025-003039;1;16/11/2025;CLI0219;S05;379,59;3,42;5;1233,29;EUR;C02-Javier
F2025-003039;2;16/11/2025;CLI0219;S14;4,00;220,95;5;839,61;EUR;C05-Rocío
F2025-003039;3;16/11/2025;CLI0219;S13;1,00;682,13;5;648,02;EUR;C04-Andrés
F2025-003040;1;12/04/2025;CLI0251;S06;7820,68;1,17;0;9150,20;EUR;C03-Lucía
F2025-003040;2;12/04/2025;CLI0251;S14;11,00;209,61;0;2305,71;EUR;C04-Andrés
F2025-003040;3;12/04/2025;CLI0251;S14;9,00;207,81;0;1870,29;EUR;C03-Lucía
F2025-003041;1;06/07/2025;CLI0255;S15;2,00;88,07;0;176,14;EUR;C05-Rocío
F2025-003041;2;06/07/2025;CLI0255;S06;3679,11;1,09;0;4010,23;EUR;C04-Andrés
F2025-003041;3;06/07/2025;CLI0255;S06;4119,59;1,19;0;4902,31;EUR;C04-Andrés
F2025-003041;4;06/07/2025;CLI0255;S06;2815,77;1,31;5;3512,14;USD;C03-Lucía
F2025-003042;1;17/12/2025;CLI0207;S10;226,06;8,35;0;1887,60;EUR;C05-Rocío
F2025-003042;2;17/12/2025;CLI0207;S10;911,54;8,54;0;7784,55;EUR;C03-Lucía
F2025-003042;3;17/12/2025;CLI0207;S10;487,34;8,70;0;4239,86;EUR;C04-Andrés
F2025-003043;1;04/08/2025;CLI0095;S09;79,11;42,15;0;3334,49;EUR;C01-Marta
F2025-003043;2;04/08/2025;CLI0095;S09;65,74;42,44;0;2790,01;EUR;C04-Andrés
F2025-003043;3;04/08/2025;CLI0095;S09;129,70;42,34;0;5491,50;EUR;C03-Lucía
F2025-003044;1;01/09/2025;CLI0207;S10;209,14;8,42;0;1760,96;EUR;C03-Lucía
F2025-003044;2;01/09/2025;CLI0207;S15;4,00;90,97;5;345,69;EUR;C02-Javier
F2025-003044;3;01/09/2025;CLI0207;S10;120,83;9,12;0;1101,97;EUR;C01-Marta
F2025-003044;4;01/09/2025;CLI0207;S10;63,75;9,05;0;576,94;EUR;C05-Rocío
F2025-003045;1;07/01/2025;CLI0011;S08;1288,12;2,43;0;3130,13;EUR;C04-Andrés
F2025-003045;2;07/01/2025;CLI0011;S08;2758,21;2,46;5;6445,94;EUR;C02-Javier
F2025-003045;3;07/01/2025;CLI0011;S14;4,00;216,36;0;865,44;EUR;C01-Marta
F2025-003045;4;07/01/2025;CLI0011;S13;1,00;660,61;5;627,58;EUR;C02-Javier
F2025-003046;1;27/04/2025;CLI0070;S09;316,08;43,34;5;13013,96;EUR;C04-Andrés
F2025-003046;2;27/04/2025;CLI0070;S09;64,44;42,39;0;2731,61;EUR;C01-Marta
F2025-003046;3;27/04/2025;CLI0070;S14;14,00;206,22;0;2887,08;EUR;C04-Andrés
F2025-003046;4;27/04/2025;CLI0070;S09;86,64;44,26;0;3834,69;EUR;C05-Rocío
F2025-003047;1;21/06/2025;CLI0056;S10;719,65;8,48;0;6102,63;EUR;C04-Andrés
F2025-003047;2;21/06/2025;CLI0056;S14;6,00;220,55;0;1323,30;EUR;C03-Lucía
F2025-003047;3;21/06/2025;CLI0056;S10;81,13;8,43;5;649,73;EUR;C02-Javier
F2025-003048;1;06/05/2025;CLI0389;S14;6,00;226,60;0;1359,60;EUR;C02-Javier
F2025-003048;2;06/05/2025;CLI0389;S14;13,00;208,81;0;2714,53;EUR;C04-Andrés
F2025-003048;3;06/05/2025;CLI0389;S07;418,59;1,67;0;699,05;EUR;C03-Lucía
F2025-003048;4;06/05/2025;CLI0389;S14;15,00;224,68;0;3370,20;EUR;C01-Marta
F2025-003049;1;23/03/2025;CLI0236;S05;107,38;3,44;0;369,39;EUR;C01-Marta
F2025-003050;1;23/05/2025;CLI0153;S04;110,82;13,78;0;1527,10;EUR;C05-Rocío
F2025-003050;2;23/05/2025;CLI0153;S12;4,00;128,92;0;515,68;EUR;C03-Lucía
F2025-003051;1;05/02/2025;CLI0296;S05;1224,74;3,26;0;3992,65;EUR;C05-Rocío
F2025-003052;1;07/03/2025;CLI0061;S01;97,85;99,26;5;9226,96;EUR;C02-Javier
F2025-003052;2;07/03/2025;CLI0061;S11;49,70;25,09;0;1246,97;EUR;C02-Javier
F2025-003052;3;07/03/2025;CLI0061;S15;3,00;91,53;5;260,86;EUR;C04-Andrés
F2025-003052;4;07/03/2025;CLI0061;S11;17,89;24,89;0;445,28;EUR;C01-Marta
F2025-003053;1;26/11/2025;CLI0262;S14;2,00;223,32;0;446,64;EUR;C05-Rocío
F2025-003053;2;26/11/2025;CLI0262;S01;265,72;112,25;0;29826,56;USD;C01-Marta
F2025-003054;1;23/03/2025;CLI0395;S11;10,80;26,97;5;276,71;EUR;C04-Andrés
F2025-003054;2;23/03/2025;CLI0395;S01;207,66;94,33;5;18609,14;EUR;C03-Lucía
F2025-003055;1;22/09/2025;CLI0306;S02;843,57;6,72;15;4818,47;EUR;C05-Rocío
F2025-003055;2;22/09/2025;CLI0306;S01;38,82;100,86;5;3719,62;EUR;C04-Andrés
F2025-003055;3;22/09/2025;CLI0306;S11;67,58;25,55;5;1640,34;EUR;C03-Lucía
F2025-003056;1;13/06/2025;CLI0138;S09;178,36;41,74;0;7444,75;EUR;C01-Marta
F2025-003057;1;24/10/2025;CLI0048;S10;926,80;9,07;5;7985,77;EUR;C04-Andrés
F2025-003058;1;18/11/2025;CLI0064;S10;454,71;8,38;5;3619,95;EUR;C03-Lucía
F2025-003058;2;18/11/2025;CLI0064;S15;4,00;91,48;0;365,92;EUR;C03-Lucía
F2025-003058;3;18/11/2025;CLI0064;S10;905,45;8,52;0;7714,43;EUR;C02-Javier
F2025-003059;1;16/08/2025;CLI0052;S07;173,66;1,61;10;251,63;EUR;C03-Lucía
F2025-003059;2;16/08/2025;CLI0052;S08;4039,76;2,51;5;9632,81;EUR;C05-Rocío
F2025-003059;3;16/08/2025;CLI0052;S08;2262,93;2,56;0;5793,10;EUR;C01-Marta
F2025-003060;1;16/07/2025;CLI0192;S10;220,06;9,78;5;2044,43;USD;C02-Javier
F2025-003061;1;11/03/2025;CLI0245;S06;956,57;1,12;0;1071,36;EUR;C02-Javier
F2025-003061;2;11/03/2025;CLI0245;S06;4538,05;1,10;5;4742,26;EUR;C01-Marta
F2025-003061;3;11/03/2025;CLI0245;S06;2261,83;1,09;0;2465,39;EUR;C05-Rocío
F2025-003062;1;12/04/2025;CLI0207;S10;587,13;8,40;0;4931,89;EUR;C04-Andrés
F2025-003062;2;12/04/2025;CLI0207;S10;1149,87;8,52;0;9796,89;EUR;C05-Rocío
F2025-003062;3;12/04/2025;CLI0207;S10;94,50;8,98;0;848,61;EUR;C02-Javier
F2025-003063;1;02/02/2025;CLI0196;S15;3,00;91,18;0;273,54;EUR;C02-Javier
F2025-003063;2;02/02/2025;CLI0196;S08;1893,12;2,43;0;4600,28;EUR;C02-Javier
F2025-003063;3;02/02/2025;CLI0196;S08;1111,33;2,57;0;2856,12;EUR;C02-Javier
F2025-003064;1;12/06/2025;CLI0163;S13;1,00;640,80;0;640,80;EUR;C04-Andrés
F2025-003064;2;12/06/2025;CLI0163;S15;1,00;88,27;0;88,27;EUR;C02-Javier
F2025-003065;1;13/03/2025;CLI0346;S15;1,00;83,28;0;83,28;EUR;C01-Marta
F2025-003065;2;13/03/2025;CLI0346;S15;1,00;89,73;5;85,24;EUR;C03-Lucía
F2025-003065;3;13/03/2025;CLI0346;S13;1,00;659,81;0;659,81;EUR;C04-Andrés
F2025-003066;1;02/09/2025;CLI0154;S10;336,46;8,72;5;2787,23;EUR;C04-Andrés
F2025-003066;2;02/09/2025;CLI0154;S10;905,40;8,90;0;8058,06;EUR;C04-Andrés
F2025-003066;3;02/09/2025;CLI0154;S13;1,00;695,25;0;695,25;EUR;C05-Rocío
F2025-003067;1;04/08/2025;CLI0229;S14;4,00;209,13;0;836,52;EUR;C05-Rocío
F2025-003068;1;22/03/2025;CLI0085;S14;9,00;209,26;0;1883,34;EUR;C02-Javier
F2025-003069;1;08/02/2025;CLI0024;S06;1050,61;1,12;5;1117,85;EUR;C04-Andrés
F2025-003069;2;08/02/2025;CLI0024;S06;2097,40;1,10;0;2307,14;EUR;C05-Rocío
F2025-003069;3;08/02/2025;CLI0024;S06;1127,41;1,14;0;1285,25;EUR;C04-Andrés
F2025-003070;1;01/03/2025;CLI0028;S08;434,37;2,42;0;1051,18;EUR;C01-Marta
F2025-003070;2;01/03/2025;CLI0028;S07;149,00;1,60;0;238,40;EUR;C05-Rocío
F2025-003070;3;01/03/2025;CLI0028;S14;12,00;223,68;0;2684,16;EUR;C02-Javier
F2025-003071;1;25/12/2025;CLI0366;S06;652,37;1,10;0;717,61;EUR;C04-Andrés
F2025-003071;2;25/12/2025;CLI0366;S13;1,00;666,19;0;666,19;EUR;C04-Andrés
F2025-003072;1;13/07/2025;CLI0263;S13;1,00;682,32;0;682,32;EUR;C04-Andrés
F2025-003073;1;03/04/2025;CLI0095;S09;103,49;45,22;15;3977,85;EUR;C05-Rocío
F2025-003073;2;03/04/2025;CLI0095;S09;197,58;42,83;0;8462,35;EUR;C04-Andrés
F2025-003074;1;11/06/2025;CLI0350;S06;2481,98;1,10;0;2730,18;EUR;C03-Lucía
F2025-003074;2;11/06/2025;CLI0350;S06;3192,30;1,18;5;3578,57;EUR;C01-Marta
F2025-003074;3;11/06/2025;CLI0350;S06;3729,21;1,16;0;4325,88;EUR;C01-Marta
F2025-003074;4;11/06/2025;CLI0350;S05;271,59;3,30;5;851,43;EUR;C01-Marta
F2025-003075;1;10/05/2025;CLI0159;S04;1182,20;13,95;15;14017,94;EUR;C01-Marta
F2025-003075;2;10/05/2025;CLI0159;S04;815,73;14,36;10;10542,49;EUR;C02-Javier
F2025-003076;1;17/11/2025;CLI0051;S13;1,00;657,84;10;592,06;EUR;C02-Javier
F2025-003076;2;17/11/2025;CLI0051;S06;741,49;1,17;0;867,54;EUR;C01-Marta
F2025-003076;3;17/11/2025;CLI0051;S05;75,47;3,14;15;201,43;EUR;C04-Andrés
F2025-003076;4;17/11/2025;CLI0051;S06;648,82;1,10;5;678,02;EUR;C05-Rocío
F2025-003077;1;26/11/2025;CLI0291;S13;1,00;637,30;0;637,30;EUR;C05-Rocío
F2025-003078;1;10/02/2025;CLI0201;S14;2,00;225,97;0;451,94;EUR;C05-Rocío
F2025-003078;2;10/02/2025;CLI0201;S01;109,79;95,11;0;10442,13;EUR;C03-Lucía
F2025-003079;1;16/04/2025;CLI0201;S01;248,03;95,86;5;22587,35;EUR;C05-Rocío
F2025-003079;2;16/04/2025;CLI0201;S01;68,53;101,29;0;6941,40;EUR;C01-Marta
F2025-003080;1;22/04/2025;CLI0201;S01;194,28;97,09;10;16976,38;EUR;C01-Marta
F2025-003080;2;22/04/2025;CLI0201;S14;2,00;209,92;0;419,84;EUR;C03-Lucía
F2025-003081;1;15/02/2025;CLI0125;S11;17,12;25,09;0;429,54;EUR;C03-Lucía
F2025-003081;2;15/02/2025;CLI0125;S01;93,70;98,82;5;8796,46;EUR;C03-Lucía
F2025-003082;1;21/08/2025;CLI0095;S09;127,87;43,96;0;5621,17;EUR;C01-Marta
F2025-003083;1;27/04/2025;CLI0051;S05;372,55;3,44;10;1153,41;EUR;C01-Marta
F2025-003083;2;27/04/2025;CLI0051;S06;1088,11;1,13;0;1229,56;EUR;C01-Marta
F2025-003083;3;27/04/2025;CLI0051;S15;4,00;84,33;0;337,32;EUR;C02-Javier
F2025-003084;1;24/08/2025;CLI0088;S10;1695,97;8,96;5;14436,10;EUR;C05-Rocío
F2025-003084;2;24/08/2025;CLI0088;S15;3,00;86,02;0;258,06;EUR;C01-Marta
F2025-003084;3;24/08/2025;CLI0088;S14;10,00;222,98;5;2118,31;EUR;C04-Andrés
F2025-003084;4;24/08/2025;CLI0088;S13;1,00;650,23;0;650,23;EUR;C01-Marta
F2025-003085;1;14/12/2025;CLI0160;S07;592,46;1,70;0;1007,18;EUR;C05-Rocío
F2025-003086;1;23/08/2025;CLI0225;S05;336,26;3,36;15;960,36;EUR;C01-Marta
F2025-003086;2;23/08/2025;CLI0225;S13;1,00;687,34;5;652,97;EUR;C04-Andrés
F2025-003086;3;23/08/2025;CLI0225;S05;163,72;3,39;10;499,51;EUR;C04-Andrés
F2025-003086;4;23/08/2025;CLI0225;S05;579,20;3,34;0;1934,53;EUR;C03-Lucía
F2025-003087;1;15/07/2025;CLI0154;S10;1792,77;8,45;0;15148,91;EUR;C04-Andrés
F2025-003087;2;15/07/2025;CLI0154;S10;147,22;8,71;0;1282,29;EUR;C03-Lucía
F2025-003087;3;2025-07-15;CLI0154;S14;14,00;219,72;5;2922,28;EUR;C03-Lucía
F2025-003088;1;25/05/2025;CLI0159;S12;2,00;124,06;5;235,71;EUR;C05-Rocío
F2025-003088;2;25/05/2025;CLI0159;S03;66,75;39,98;0;2668,66;EUR;C05-Rocío
F2025-003089;1;24/02/2025;CLI0356;S13;1,00;667,99;0;667,99;EUR;C04-Andrés
F2025-003089;2;24/02/2025;CLI0356;S15;4,00;91,78;0;367,12;EUR;C01-Marta
F2025-003089;3;24/02/2025;CLI0356;S10;393,88;9,14;5;3420,06;EUR;C04-Andrés
F2025-003089;4;24/02/2025;CLI0356;S15;2,00;86,08;0;172,16;EUR;C02-Javier
F2025-003090;1;21/12/2025;CLI0388;S10;52,68;8,63;0;454,63;EUR;C02-Javier
F2025-003090;2;21/12/2025;CLI0388;S10;202,98;8,91;0;1808,55;EUR;C01-Marta
F2025-003090;3;21/12/2025;CLI0388;S10;152,06;8,47;0;1287,95;EUR;C02-Javier
F2025-003091;1;08/07/2025;CLI0347;S08;826,25;2,42;0;1999,52;EUR;C03-Lucía
F2025-003091;2;08/07/2025;CLI0347;S07;190,18;1,70;0;323,31;EUR;C05-Rocío
F2025-003091;3;08/07/2025;CLI0347;S07;274,98;1,58;5;412,74;EUR;C01-Marta
F2025-003092;1;05/10/2025;CLI0329;S01;182,12;95,68;0;17425,24;EUR;C05-Rocío
F2025-003092;2;05/10/2025;CLI0329;S02;1433,07;6,67;0;9558,58;EUR;C05-Rocío
F2025-003092;3;05/10/2025;CLI0329;S11;27,80;26,31;0;731,42;EUR;C02-Javier
F2025-003093;1;09/06/2025;CLI0098;S05;456,30;3,15;0;1437,35;EUR;C02-Javier
F2025-003093;2;09/06/2025;CLI0098;S06;1496,01;1,16;5;1648,60;EUR;C03-Lucía
F2025-003093;3;09/06/2025;CLI0098;S05;1127,15;3,40;5;3640,69;EUR;C04-Andrés
F2025-003094;1;28/08/2025;CLI0311;S08;318,69;2,45;5;741,75;EUR;C01-Marta
F2025-003094;2;28/08/2025;CLI0311;S07;277,66;1,72;5;453,70;EUR;C02-Javier
F2025-003094;3;28/08/2025;CLI0311;S07;175,84;1,65;0;290,14;EUR;C04-Andrés
F2025-003094;4;28/08/2025;CLI0311;S14;16,00;210,85;0;3373,60;EUR;C03-Lucía
F2025-003095;1;25/07/2025;CLI0329;S02;339,52;6,88;0;2335,90;EUR;C01-Marta
F2025-003095;2;25/07/2025;CLI0329;S15;4,00;86,88;10;312,77;EUR;C02-Javier
F2025-003096;1;01/04/2025;CLI0289;S03;81,26;47,18;0;3833,88;USD;C03-Lucía
F2025-003096;2;01/04/2025;CLI0289;S03;20,89;47,31;0;988,28;USD;C01-Marta
F2025-003096;3;01/04/2025;CLI0289;S04;285,54;16,95;0;4840,68;USD;C03-Lucía
F2025-003096;4;01/04/2025;CLI0289;S14;2,00;219,30;5;416,67;EUR;C02-Javier
F2025-003097;1;08/11/2025;CLI0006;S14;10,00;226,74;0;2267,40;EUR;C04-Andrés
F2025-003097;2;08/11/2025;CLI0006;S10;97,35;8,97;5;829,57;EUR;C02-Javier
F2025-003097;3;08/11/2025;CLI0006;S10;3867,13;8,67;0;33528,02;EUR;C03-Lucía
F2025-003098;1;16/09/2025;CLI0097;S09;121,92;42,57;5;4930,63;EUR;C02-Javier
F2025-003098;2;16/09/2025;CLI0097;S09;306,19;41,96;10;11562,96;EUR;C03-Lucía
F2025-003098;3;16/09/2025;CLI0097;S15;1,00;89,95;0;89,95;EUR;C02-Javier
F2025-003099;1;26/10/2025;CLI0287;S10;2581,71;8,49;0;21918,72;EUR;C05-Rocío
F2025-003099;2;26/10/2025;CLI0287;S10;372,65;8,58;0;3197,34;EUR;C04-Andrés
F2025-003100;1;06/12/2025;CLI0095;S09;107,02;41,73;0;4465,94;EUR;C05-Rocío
F2025-003100;2;06/12/2025;CLI0095;S09;76,20;43,85;10;3007,23;EUR;C04-Andrés
F2025-003101;1;16/06/2025;CLI0120;S01;235,80;100,01;5;22403,24;EUR;C02-Javier
F2025-003101;2;16/06/2025;CLI0120;S15;3,00;86,25;0;258,75;EUR;C01-Marta
F2025-003101;3;16/06/2025;CLI0120;S01;134,09;102,18;0;13701,32;EUR;C02-Javier
F2025-003101;4;16/06/2025;CLI0120;S11;20,69;26,53;0;548,91;EUR;C02-Javier
F2025-003102;1;27/02/2025;CLI0101;S10;221,21;9,97;5;;USD;C03-Lucía
F2025-003102;2;27/02/2025;CLI0101;S10;692,33;10,55;0;7306,83;USD;C02-Javier
F2025-003102;3;27/02/2025;CLI0101;S10;989,22;9,17;0;9071,15;EUR;C01-Marta
F2025-003102;4;27/02/2025;CLI0101;S10;194,79;10,32;15;1707,90;USD;C01-Marta
F2025-003103;1;17/11/2025;CLI0078;S10;130,49;8,35;0;1089,59;EUR;C03-Lucía
F2025-003103;2;17/11/2025;CLI0078;S10;57,56;8,36;0;481,20;EUR;C04-Andrés
F2025-003103;3;17/11/2025;CLI0078;S15;4,00;91,69;0;366,76;EUR;C03-Lucía
F2025-003103;4;17/11/2025;CLI0078;S10;471,46;8,62;0;4063,99;EUR;C03-Lucía
F2025-003104;1;20/03/2025;CLI0363;S15;1,00;88,69;5;84,26;EUR;C03-Lucía
F2025-003104;2;20/03/2025;CLI0363;S06;1461,40;1,12;0;1636,77;EUR;C05-Rocío
F2025-003104;3;20/03/2025;CLI0363;S05;585,47;3,34;0;1955,47;EUR;C01-Marta
F2025-003104;4;20/03/2025;CLI0363;S05;3180,99;3,37;0;10719,94;EUR;C02-Javier
F2025-003105;1;01/11/2025;CLI0089;S15;4,00;83,40;0;333,60;EUR;C03-Lucía
F2025-003106;1;19/04/2025;CLI0327;S06;1718,11;1,12;0;1924,28;EUR;C01-Marta
F2025-003106;2;19/04/2025;CLI0327;S05;330,41;3,38;5;1060,95;EUR;C04-Andrés
F2025-003106;3;19/04/2025;CLI0327;S05;468,08;3,32;5;1476,32;EUR;C03-Lucía
F2025-003107;1;09/11/2025;CLI0075;S07;81,91;1,61;5;125,28;EUR;C04-Andrés
F2025-003107;2;09/11/2025;CLI0075;S13;1,00;645,48;0;645,48;EUR;C03-Lucía
F2025-003107;3;09/11/2025;CLI0075;S07;1687,47;1,59;5;2548,92;EUR;C03-Lucía
F2025-003108;1;06/09/2025;CLI0207;S15;3,00;85,27;0;255,81;EUR;C05-Rocío
F2025-003108;2;06/09/2025;CLI0207;S15;2,00;86,88;0;173,76;EUR;C04-Andrés
F2025-003109;1;08/08/2025;CLI0051;S05;3411,63;3,16;0;10780,75;EUR;C03-Lucía
F2025-003109;2;08/08/2025;CLI0051;S14;8,00;217,58;15;1479,54;EUR;C04-Andrés
F2025-003110;1;24/03/2025;CLI0158;S09;93,53;42,81;15;3403,42;EUR;C01-Marta
F2025-003110;2;24/03/2025;CLI0158;S14;7,00;209,87;0;1469,09;EUR;C01-Marta
F2025-003110;3;24/03/2025;CLI0158;S09;143,86;42,83;0;6161,52;EUR;C02-Javier
F2025-003111;1;25/12/2025;cli0395;S01;75,01;94,96;15;6054,51;EUR;C04-Andrés
F2025-003111;2;25/12/2025;CLI0395;S11;40,72;25,85;5;999,98;EUR;C04-Andrés
F2025-003111;3;25/12/2025;CLI0395;S13;1,00;646,61;0;646,61;EUR;C03-Lucía
F2025-003112;1;24/04/2025;CLI0207;S10;288,53;8,64;0;2492,90;EUR;C03-Lucía
F2025-003113;1;23/10/2025;CLI0286;S02;589,16;6,47;0;3811,87;EUR;C02-Javier
F2025-003113;2;23/10/2025;CLI0286;S11;93,06;26,20;5;2316,26;EUR;C04-Andrés
F2025-003113;3;23/10/2025;CLI0286;S11;31,95;24,76;5;751,53;EUR;C03-Lucía
F2025-003114;1;18/01/2025;CLI0207;S10;697,70;8,32;0;5804,86;EUR;C02-Javier
F2025-003115;1;06/11/2025;CLI0024;S06;244,12;1,10;5;255,11;EUR;C05-Rocío
F2025-003116;1;19/03/2025;CLI0029;S07;450,13;1,71;10;692,75;EUR;C04-Andrés
F2025-003117;1;28/09/2025;CLI0212;S13;1,00;682,93;0;682,93;EUR;C04-Andrés
F2025-003117;2;28/09/2025;CLI0212;S12;2,00;129,51;0;259,02;EUR;C03-Lucía
F2025-003117;3;28/09/2025;CLI0212;S04;753,94;14,46;0;10901,97;EUR;C05-Rocío
F2025-003117;4;28/09/2025;CLI0212;S12;4,00;119,34;0;477,36;EUR;C02-Javier
F2025-003118;1;06/07/2025;CLI0138;S09;116,77;43,42;5;4816,65;EUR;C03-Lucía
F2025-003118;2;06/07/2025;CLI0138;S09;235,80;41,29;0;9736,18;EUR;C04-Andrés
F2025-003119;1;12/04/2025;CLI0387;S07;129,71;1,70;0;220,51;EUR;C04-Andrés
F2025-003119;2;12/04/2025;CLI0387;S08;588,67;2,37;0;1395,15;EUR;C03-Lucía
F2025-003120;1;28/07/2025;CLI0350;S15;3,00;90,68;10;244,84;EUR;C04-Andrés
F2025-003120;2;28/07/2025;CLI0350;S05;117,93;3,35;15;335,81;EUR;C03-Lucía
F2025-003121;1;21/02/2025;CLI0078;S10;348,71;9,07;0;3162,80;EUR;C03-Lucía
F2025-003121;2;21/02/2025;CLI0078;S10;921,09;8,94;0;8234,54;EUR;C02-Javier
F2025-003121;3;21/02/2025;CLI0078;S13;1,00;637,15;0;637,15;EUR;C03-Lucía
F2025-003122;1;13/11/2025;CLI0388;S10;134,29;9,09;0;1220,70;EUR;C05-Rocío
F2025-003122;2;13/11/2025;CLI0388;S15;3,00;84,79;0;254,37;EUR;C04-Andrés
F2025-003122;3;13/11/2025;CLI0388;S10;844,43;8,44;0;7126,99;EUR;C05-Rocío
F2025-003123;1;11/01/2025;CLI0138;S09;90,71;44,76;0;4060,18;EUR;C02-Javier
F2025-003123;2;11/01/2025;CLI0138;S09;54,39;43,48;0;2364,88;EUR;C02-Javier
F2025-003123;3;11/01/2025;CLI0138;S09;43,52;41,75;5;1726,11;EUR;C03-Lucía
F2025-003124;1;21/05/2025;CLI0049;S08;1589,97;2,52;0;4006,72;EUR;C01-Marta
F2025-003124;2;21/05/2025;CLI0049;S07;357,90;1,64;5;557,61;EUR;C03-Lucía
F2025-003124;2;21/05/2025;CLI0049;S07;357,90;1,64;5;557,61;EUR;C03-Lucía
F2025-003124;3;21/05/2025;CLI0049;S14;6,00;207,90;5;1185,03;EUR;C02-Javier
F2025-003125;1;10/08/2025;CLI0146;S14;7,00;213,68;5;1420,97;EUR;C04-Andrés
F2025-003125;2;10/08/2025;CLI0146;S14;8,00;225,72;0;1805,76;EUR;C01-Marta
F2025-003126;1;23/09/2025;CLI0149;S13;1,00;677,44;10;609,70;EUR;C05-Rocío
F2025-003126;2;23/09/2025;CLI0149;S13;1,00;648,08;5;615,68;EUR;C01-Marta
F2025-003127;1;10/09/2025;CLI0306;S01;19,06;100,40;10;1722,26;EUR;C01-Marta
F2025-003128;1;13/01/2025;CLI0039;S10;45,38;8,72;5;375,93;EUR;C03-Lucía
F2025-003129;1;09/08/2025;CLI0198;S11;52,34;25,15;0;1316,35;EUR;C05-Rocío
F2025-003129;2;09/08/2025;CLI0198;S02;548,33;6,79;0;3723,16;EUR;C05-Rocío
F2025-003129;3;09/08/2025;CLI0198;S14;10,00;226,60;0;2266,00;EUR;C04-Andrés
F2025-003130;1;03/05/2025;CLI0349;S08;2273,69;2,58;0;5866,12;EUR;C04-Andrés
F2025-003130;2;03/05/2025;CLI0349;S08;218,03;2,59;0;564,70;EUR;C03-Lucía
F2025-003130;3;03/05/2025;CLI0349;S15;3,00;89,19;0;267,57;EUR;C01-Marta
F2025-003131;1;20/09/2025;CLI0348;S10;118,36;9,05;0;1071,16;EUR;C01-Marta
F2025-003132;1;25/04/2025;CLI0386;S13;1,00;642,44;5;610,32;EUR;C01-Marta
F2025-003133;1;10/02/2025;CLI0282;S15;2,00;104,79;5;199,09;USD;C01-Marta
F2025-003134;1;18/07/2025;CLI0078;S15;2,00;91,35;0;182,70;EUR;C05-Rocío
F2025-003134;2;18/07/2025;CLI0078;S10;1397,53;8,79;5;11670,07;EUR;C03-Lucía
F2025-003135;1;25/12/2025;CLI0115;S14;10,00;221,83;5;2107,39;EUR;C05-Rocío
F2025-003136;1;08/03/2025;CLI0371;S10;529,91;8,94;5;4500,53;EUR;C05-Rocío
F2025-003136;2;08/03/2025;CLI0371;S10;81,80;8,49;0;694,48;EUR;C04-Andrés
F2025-003136;3;08/03/2025;CLI0371;S10;200,57;8,68;5;1653,90;EUR;C05-Rocío
F2025-003137;1;04/04/2025;CLI0159;S13;1,00;670,62;0;670,62;EUR;C03-Lucía
F2025-003137;2;04/04/2025;CLI0159;S04;365,38;14,87;10;4889,88;EUR;C01-Marta
F2025-003137;3;04/04/2025;CLI0159;S03;70,90;41,09;15;2476,29;EUR;C02-Javier
F2025-003138;1;05/11/2025;CLI0096;S08;1738,95;2,48;5;4096,97;EUR;C02-Javier
F2025-003138;2;05/11/2025;CLI0096;S08;1337,70;2,47;0;3304,12;EUR;C05-Rocío
F2025-003138;3;05/11/2025;CLI0096;S07;183,13;1,65;0;302,16;EUR;C05-Rocío
F2025-003138;4;05/11/2025;CLI0096;S07;362,28;1,60;5;550,67;EUR;C03-Lucía
F2025-003139;1;02/09/2025;CLI0094;S07;100,42;1,71;0;171,72;EUR;C03-Lucía
F2025-003139;2;02/09/2025;CLI0094;S08;2705,10;2,45;5;6296,12;EUR;C02-Javier
F2025-003140;1;28/03/2025;CLI0153;S03;37,63;40,40;0;1520,25;EUR;C01-Marta
F2025-003141;1;27/09/2025;CLI0190;S15;3,00;87,55;0;262,65;EUR;C05-Rocío
F2025-003141;2;27/09/2025;CLI0190;S01;79,41;93,72;5;7070,19;EUR;C03-Lucía
F2025-003141;3;27/09/2025;CLI0190;S02;925,22;7,02;0;6495,04;EUR;C04-Andrés
F2025-003142;1;20/07/2025;CLI0370;S15;4,00;84,47;10;304,09;EUR;C01-Marta
F2025-003142;2;20/07/2025;CLI0370;S06;1743,01;1,10;5;1821,45;EUR;C03-Lucía
F2025-003142;3;20/07/2025;CLI0370;S13;1,00;664,66;0;664,66;EUR;C02-Javier
F2025-003142;4;20/07/2025;CLI0370;S06;2371,12;1,17;10;2496,79;EUR;C04-Andrés
F2025-003143;1;13/07/2025;CLI0309;S13;1,00;685,76;0;685,76;EUR;C05-Rocío
F2025-003143;2;13/07/2025;CLI0309;S13;1,00;673,89;0;673,89;EUR;C02-Javier
F2025-003143;3;13/07/2025;CLI0309;S03;58,15;45,65;0;2654,43;USD;C02-Javier
F2025-003143;4;13/07/2025;CLI0309;S12;4,00;143,77;0;575,08;USD;C01-Marta
F2025-003144;1;16/05/2025;CLI0114;S14;10,00;216,65;0;2166,50;EUR;C03-Lucía
F2025-003144;2;16/05/2025;CLI0114;S09;140,69;43,05;5;5753,87;EUR;C02-Javier
F2025-003144;3;16/05/2025;CLI0114;S09;131,09;43,46;0;5697,17;EUR;C03-Lucía
F2025-003145;1;23/08/2025;CLI0024;S05;301,62;3,31;0;998,36;EUR;C05-Rocío
F2025-003145;2;23/08/2025;CLI0024;S05;1539,02;3,43;0;5278,84;EUR;C05-Rocío
F2025-003145;3;23/08/2025;CLI0024;S06;2723,57;1,12;0;3050,40;EUR;C02-Javier
F2025-003145;4;23/08/2025;CLI0024;S05;106,64;3,28;0;349,78;EUR;C01-Marta
F2025-003146;1;03/08/2025;CLI0175;S14;15,00;224,21;0;3363,15;EUR;C05-Rocío
F2025-003146;2;03/08/2025;CLI0175;S10;214,99;9,14;0;1965,01;EUR;C01-Marta
F2025-003146;3;03/08/2025;CLI0175;S10;29,36;8,93;0;262,18;EUR;C02-Javier
F2025-003146;4;03/08/2025;CLI0175;S10;661,22;8,74;0;5779,06;EUR;C03-Lucía
F2025-003147;1;10/09/2025;CLI0158;S14;7,00;225,56;15;1342,08;EUR;C01-Marta
F2025-003147;2;10/09/2025;CLI0158;S13;1,00;701,37;0;701,37;EUR;C01-Marta
F2025-003147;3;10/09/2025;CLI0158;S09;159,43;42,25;0;6735,92;EUR;C05-Rocío
F2025-003148;1;04/03/2025;CLI0033;S10;107,88;8,79;5;900,85;EUR;C05-Rocío
F2025-003148;2;04/03/2025;CLI0033;S10;523,39;9,14;0;4783,78;EUR;C01-Marta
F2025-003148;3;04/03/2025;CLI0033;S13;1,00;694,93;0;694,93;EUR;C02-Javier
F2025-003149;1;27/07/2025;CLI0024;S05;457,32;3,21;5;1394,60;EUR;C04-Andrés
F2025-003149;2;27/07/2025;CLI0024;S15;2,00;86,80;0;173,60;EUR;C05-Rocío
F2025-003149;3;27/07/2025;CLI0024;S06;2849,59;1,13;0;3220,04;EUR;C04-Andrés
F2025-003149;4;27/07/2025;CLI0024;S06;469,64;1,16;0;544,78;EUR;C01-Marta
F2025-003150;1;19/08/2025;CLI0094;S08;1729,28;2,52;0;4357,79;EUR;C03-Lucía
F2025-003150;2;19/08/2025;CLI0094;S14;10,00;206,41;0;2064,10;EUR;C03-Lucía
F2025-003150;3;19/08/2025;CLI0094;S07;264,35;1,66;5;416,88;EUR;C05-Rocío
F2025-003150;4;19/08/2025;CLI0094;S07;344,71;1,65;5;540,33;EUR;C01-Marta
F2025-003151;1;16/06/2025;CLI0139;S14;6,00;217,68;0;1306,08;EUR;C02-Javier
F2025-003151;2;16/06/2025;CLI0139;S13;1,00;640,69;0;640,69;EUR;C04-Andrés
F2025-003151;3;16/06/2025;CLI0139;S13;1,00;684,28;0;684,28;EUR;C04-Andrés
F2025-003152;1;11/09/2025;CLI0095;S09;115,46;44,63;0;5152,98;EUR;C04-Andrés
F2025-003152;2;11/09/2025;CLI0095;S14;4,00;207,98;0;831,92;EUR;C05-Rocío
F2025-003153;1;20/01/2025;CLI0094;S08;1839,28;2,41;0;4432,66;EUR;C03-Lucía
F2025-003153;2;20/01/2025;CLI0094;S13;1,00;643,74;0;643,74;EUR;C05-Rocío
F2025-003153;3;20/01/2025;CLI0094;S14;11,00;223,73;0;2461,03;EUR;C02-Javier
F2025-003154;1;07/09/2025;CLI0087;S10;306,97;9,69;0;2975,91;USD;C02-Javier
F2025-003155;1;18/05/2025;CLI0386;S02;416,97;7,01;0;2922,96;EUR;C02-Javier
F2025-003155;2;18/05/2025;CLI0386;S11;34,31;26,78;0;918,82;EUR;C05-Rocío
F2025-003156;1;16/07/2025;CLI0236;S06;614,11;1,19;0;730,79;EUR;C03-Lucía
F2025-003156;2;16/07/2025;CLI0236;S13;1,00;662,61;0;662,61;EUR;C05-Rocío
F2025-003157;1;08/03/2025;CLI0094;S07;1345,21;1,59;0;2138,88;EUR;C02-Javier
F2025-003158;1;11/08/2025;CLI0072;S05;296,87;3,26;0;967,80;EUR;C03-Lucía
F2025-003158;2;11/08/2025;CLI0072;S05;98,54;3,30;0;325,18;EUR;C05-Rocío
F2025-003158;3;11/08/2025;CLI0072;S06;3851,15;1,15;0;4428,82;EUR;C02-Javier
F2025-003158;4;11/08/2025;CLI0072;S05;130,04;3,40;0;442,14;EUR;C05-Rocío
F2025-003159;1;08/10/2025;CLI0041;S10;536,52;9,18;5;4678,99;EUR;C02-Javier
F2025-003159;2;08/10/2025;CLI0041;S10;413,86;9,19;0;3803,37;EUR;C04-Andrés
F2025-003160;1;25/05/2025;CLI0158;S09;64,29;43,21;0;2777,97;EUR;C04-Andrés
F2025-003160;2;25/05/2025;CLI0158;S14;9,00;217,25;10;1759,73;EUR;C05-Rocío
F2025-003160;3;25/05/2025;CLI0158;S09;156,83;41,99;0;6585,29;EUR;C04-Andrés
F2025-003160;4;25/05/2025;CLI0158;S09;239,04;41,54;0;9929,72;EUR;C03-Lucía
F2025-003161;1;06/04/2025;CLI0329;S02;241,36;6,98;15;1431,99;EUR;C03-Lucía
F2025-003161;2;06/04/2025;CLI0329;S11;23,69;24,89;5;560,16;EUR;C04-Andrés
F2025-003161;3;06/04/2025;CLI0329;S11;21,48;25,90;0;556,33;EUR;C02-Javier
F2025-003162;1;22/01/2025;CLI0066;S09;68,31;42,49;0;2902,49;EUR;C01-Marta
F2025-003163;1;12/12/2025;CLI0006;S10;130,09;8,44;5;1043,06;EUR;C04-Andrés
F2025-003163;2;12/12/2025;CLI0006;S10;475,31;8,83;0;4196,99;EUR;C02-Javier
F2025-003163;3;12/12/2025;CLI0006;S10;501,65;8,84;0;4434,59;EUR;C03-Lucía
F2025-003164;1;27/11/2025;CLI0380;S05;156,12;3,35;0;523,00;EUR;C04-Andrés
F2025-003164;2;27/11/2025;CLI0380;S06;2458,45;1,18;0;2900,97;EUR;C04-Andrés
F2025-003164;3;27/11/2025;CLI0380;S05;53,54;3,34;0;178,82;EUR;C03-Lucía
F2025-003164;4;27/11/2025;CLI0380;S05;1146,18;3,28;5;3571,50;EUR;C02-Javier
F2025-003165;1;05/01/2025;CLI0241;S12;2,00;128,19;0;256,38;EUR;C04-Andrés
F2025-003165;2;05/01/2025;CLI0241;S04;121,59;14,93;0;1815,34;EUR;C04-Andrés
F2025-003166;1;01/12/2025;CLI0159;S14;15,00;222,06;0;3330,90;EUR;C02-Javier
F2025-003166;2;01/12/2025;CLI0159;S14;12,00;207,60;5;2366,64;EUR;C04-Andrés
F2025-003166;3;01/12/2025;CLI0159;S04;354,97;14,16;10;4523,74;EUR;C02-Javier
F2025-003166;4;01/12/2025;CLI0159;S14;12,00;223,61;10;2414,99;EUR;C05-Rocío
F2025-003167;1;13/01/2025;CLI0078;S10;34,11;8,41;0;286,87;EUR;C01-Marta
F2025-003168;1;13/05/2025;CLI0141;S10;583,99;9,15;0;5343,51;EUR;C04-Andrés
F2025-003168;2;13/05/2025;CLI0141;S13;1,00;645,67;0;645,67;EUR;C01-Marta
F2025-003169;1;01/01/2025;CLI0284;S01;29,24;118,89;0;3476,42;USD;C04-Andrés
F2025-003169;2;01/01/2025;CLI0284;S01;227,68;120,10;5;25977,90;USD;C04-Andrés
F2025-003169;3;01/01/2025;CLI0284;S02;483,32;7,50;0;3625,18;USD;C04-Andrés
F2025-003170;1;11/07/2025;CLI0177;S05;106,21;3,22;5;324,90;EUR;C01-Marta
F2025-003170;2;11/07/2025;CLI0177;S06;1067,25;1,15;0;1227,34;EUR;C01-Marta
F2025-003170;3;11/07/2025;CLI0177;S06;1199,56;1,14;0;1367,50;EUR;C02-Javier
F2025-003170;4;11/07/2025;CLI0177;S05;113,73;3,30;5;356,54;EUR;C04-Andrés
F2025-003171;1;21/09/2025;CLI0207;S10;193,04;8,36;0;1613,81;EUR;C03-Lucía
F2025-003171;2;21/09/2025;CLI0207;S10;100,52;9,03;0;907,70;EUR;C04-Andrés
F2025-003171;3;21/09/2025;CLI0207;S10;600,09;9,03;5;5147,87;EUR;C05-Rocío
F2025-003171;4;21/09/2025;CLI0207;S10;1638,93;8,86;5;13794,87;EUR;C02-Javier
F2025-003172;1;28/06/2025;CLI0098;S05;120,82;3,31;0;399,91;EUR;C05-Rocío
F2025-003172;2;28/06/2025;CLI0098;S06;1403,62;1,09;0;1529,95;EUR;C01-Marta
F2025-003173;1;01/01/2025;CLI0101;S15;2,00;101,29;0;202,59;USD;C01-Marta
F2025-003173;2;01/01/2025;CLI0101;S10;173,21;9,90;0;1714,59;USD;C04-Andrés
F2025-003173;3;01/01/2025;CLI0101;S10;401,59;8,33;0;3345,24;EUR;C03-Lucía
F2025-003174;1;11/09/2025;CLI0095;S09;80,57;45,12;10;3271,79;EUR;C05-Rocío
F2025-003174;2;11/09/2025;CLI0095;S13;1,00;676,19;0;676,19;EUR;C01-Marta
F2025-003174;3;11/09/2025;CLI0095;S09;72,36;44,42;0;3214,23;EUR;C04-Andrés
F2025-003175;1;17/10/2025;CLI0051;S05;83,11;3,37;0;280,08;EUR;C04-Andrés
F2025-003175;2;17/10/2025;CLI0051;S06;1181,21;1,08;10;1148,14;EUR;C05-Rocío
F2025-003176;1;01/03/2025;CLI0350;S06;1832,90;1,08;0;1979,53;EUR;C02-Javier
F2025-003176;2;01/03/2025;CLI0350;S05;529,28;3,41;15;1534,12;EUR;C04-Andrés
F2025-003176;3;01/03/2025;CLI0350;S05;105,13;3,36;10;317,91;EUR;C04-Andrés
F2025-003177;1;24/02/2025;CLI0386;S11;36,20;25,11;0;908,98;EUR;C04-Andrés
F2025-003178;1;18/10/2025;CLI0157;S03;22,24;42,87;5;905,85;USD;C04-Andrés
F2025-003178;2;18/10/2025;CLI0157;S04;801,06;16,00;5;12174,43;USD;C01-Marta
F2025-003178;3;18/10/2025;CLI0157;S12;2,00;129,75;0;259,50;EUR;C03-Lucía
F2025-003178;4;18/10/2025;CLI0157;S12;3,00;122,20;0;366,60;EUR;C03-Lucía
F2025-003179;1;11/05/2025;CLI0318;S13;1,00;636,68;5;604,85;EUR;C02-Javier
F2025-003180;1;18/04/2025;CLI0213;S10;537,31;8,41;5;4292,84;EUR;C02-Javier
F2025-003181;1;05/06/2025;CLI0007;S06;441,16;1,11;0;489,69;EUR;C03-Lucía
F2025-003181;2;2025-06-05;CLI0007;S13;1,00;700,01;0;700,01;EUR;C04-Andrés
F2025-003181;3;05/06/2025;CLI0007;S06;1671,32;1,11;0;1855,17;EUR;C03-Lucía
F2025-003181;4;05/06/2025;CLI0007;S05;384,95;3,16;0;1216,44;EUR;C03-Lucía
F2025-003182;1;11/05/2025;CLI0094;S07;121,93;1,63;0;198,75;EUR;C02-Javier
F2025-003182;2;11/05/2025;CLI0094;S07;1888,14;1,58;5;2834,10;EUR;C03-Lucía
F2025-003182;3;11/05/2025;CLI0094;S07;611,01;1,62;0;989,84;EUR;C03-Lucía
F2025-003182;4;11/05/2025;CLI0094;S08;2051,17;2,43;0;4984,34;EUR;C05-Rocío
F2025-003183;1;25/07/2025;CLI0027;S05;163,95;3,22;0;527,92;EUR;C03-Lucía
F2025-003183;2;25/07/2025;CLI0027;S05;485,38;3,21;0;1558,07;EUR;C03-Lucía
F2025-003183;3;25/07/2025;CLI0027;S06;1601,17;1,14;5;1734,07;EUR;C04-Andrés
F2025-003184;1;15/04/2025;CLI0039;S13;1,00;655,40;0;655,40;EUR;C02-Javier
F2025-003184;2;15/04/2025;CLI0039;S10;2501,91;8,39;0;20991,02;EUR;C03-Lucía
F2025-003185;1;11/07/2025;CLI0386;S15;1,00;87,94;0;87,94;EUR;C05-Rocío
F2025-003185;2;11/07/2025;CLI0386;S11;24,56;24,92;5;581,43;EUR;C03-Lucía
F2025-003185;3;11/07/2025;CLI0386;S02;231,50;7,01;0;1622,82;EUR;C03-Lucía
F2025-003186;1;27/11/2025;CLI0027;S06;558,71;1,09;0;608,99;EUR;C05-Rocío
F2025-003187;1;08/11/2025;CLI0306;S02;198,94;6,98;0;1388,60;EUR;C05-Rocío
F2025-003187;2;08/11/2025;CLI0306;S11;20,16;25,93;0;522,75;EUR;C03-Lucía
F2025-003187;2;08/11/2025;CLI0306;S11;20,16;25,93;0;522,75;EUR;C03-Lucía
F2025-003187;3;08/11/2025;CLI0306;S13;1,00;698,03;0;698,03;EUR;C04-Andrés
F2025-003188;1;25/04/2025;CLI0212;S03;56,24;40,99;5;2190,01;EUR;C04-Andrés
F2025-003189;1;03/04/2025;CLI0158;S09;142,01;42,92;15;5180,81;EUR;C05-Rocío
F2025-003189;2;03/04/2025;CLI0158;S09;47,79;41,55;15;1687,82;EUR;C04-Andrés
F2025-003189;3;03/04/2025;CLI0158;S14;4,00;207,34;0;829,36;EUR;C03-Lucía
F2025-003190;1;02/01/2025;CLI0030;S01;54,71;100,92;5;5245,27;EUR;C02-Javier
F2025-003190;2;02/01/2025;CLI0030;S15;3,00;90,58;0;271,74;EUR;C03-Lucía
F2025-003190;3;02/01/2025;CLI0030;S01;63,84;101,31;0;6467,63;EUR;C01-Marta
F2025-003191;1;23/07/2025;CLI0349;S14;16,00;225,31;0;3604,96;EUR;C01-Marta
F2025-003191;2;23/07/2025;CLI0349;S08;3583,12;2,56;5;8714,15;EUR;C02-Javier
F2025-003192;1;12/03/2025;CLI0170;S05;1397,94;3,26;15;3873,69;EUR;C02-Javier
F2025-003192;2;12/03/2025;CLI0170;S13;1,00;660,95;5;627,90;EUR;C03-Lucía
F2025-003193;1;25/08/2025;CLI0101;S10;447,17;9,86;5;4189,29;USD;C04-Andrés
F2025-003193;2;25/08/2025;CLI0101;S10;213,01;9,86;15;1785,51;USD;C04-Andrés
F2025-003193;3;25/08/2025;CLI0101;S10;465,89;9,60;10;4027,24;USD;C05-Rocío
F2025-003193;4;25/08/2025;CLI0101;S10;788,71;9,34;15;6259,29;USD;C02-Javier
F2025-003194;1;15/09/2025;CLI0356;S14;2,00;207,05;10;372,69;EUR;C01-Marta
F2025-003194;2;15/09/2025;CLI0356;S10;185,21;8,62;10;1436,86;EUR;C03-Lucía
F2025-003194;3;15/09/2025;CLI0356;S10;958,57;8,79;0;8425,83;EUR;C02-Javier
F2025-003194;4;15/09/2025;CLI0356;S10;251,33;9,03;0;2269,51;EUR;C04-Andrés
F2025-003195;1;28/04/2025;CLI0312;S08;1251,18;2,53;5;3007,21;EUR;C02-Javier
F2025-003195;2;28/04/2025;CLI0312;S08;794,89;2,51;10;1795,66;EUR;C01-Marta
F2025-003196;1;04/05/2025;CLI0051;S05;463,52;3,20;0;1483,26;EUR;C04-Andrés
F2025-003197;1;11/06/2025;CLI0329;S01;107,65;96,43;0;10380,69;EUR;C04-Andrés
F2025-003197;2;11/06/2025;CLI0329;S02;197,05;6,53;0;1286,74;EUR;C02-Javier
F2025-003197;3;11/06/2025;CLI0329;S11;65,35;25,42;15;1412,02;EUR;C02-Javier
F2025-003197;4;11/06/2025;CLI0329;S11;29,53;27,00;5;757,44;EUR;C02-Javier
F2025-003198;1;07/09/2025;CLI0142;S05;270,79;3,33;10;811,56;EUR;C04-Andrés
F2025-003199;1;08/02/2025;CLI0291;S10;767,96;9,04;10;6248,12;EUR;C02-Javier
F2025-003199;2;08/02/2025;CLI0291;S10;103,46;8,66;5;851,17;EUR;C04-Andrés
F2025-003199;3;08/02/2025;CLI0291;S10;520,24;9,18;0;4775,80;EUR;C04-Andrés
F2025-003200;1;13/01/2025;CLI0354;S11;14,67;26,78;5;373,22;EUR;C04-Andrés
F2025-003201;1;16/09/2025;CLI0144;S15;1,00;87,28;0;87,28;EUR;C04-Andrés
F2025-003202;1;23/04/2025;CLI0341;S05;645,15;3,40;0;2193,51;EUR;C02-Javier
F2025-003202;2;23/04/2025;CLI0341;S05;179,52;3,25;0;583,44;EUR;C02-Javier
F2025-003202;3;23/04/2025;CLI0341;S06;1297,53;1,15;0;1492,16;EUR;C03-Lucía
F2025-003203;1;12/05/2025;CLI0105;S10;777,11;9,18;0;7133,87;EUR;C02-Javier
F2025-003203;2;12/05/2025;CLI0105;S10;461,88;8,59;0;3967,55;EUR;C05-Rocío
F2025-003203;3;12/05/2025;CLI0105;S10;42,51;9,60;0;408,02;USD;C04-Andrés
F2025-003203;4;12/05/2025;CLI0105;S10;178,67;8,92;5;1514,05;EUR;C02-Javier
F2025-003204;1;12/11/2025;CLI0306;S11;184,05;26,45;10;4381,31;EUR;C01-Marta
F2025-003204;2;12/11/2025;CLI0306;S01;61,18;99,35;10;5470,41;EUR;C03-Lucía
F2025-003204;3;12/11/2025;CLI0306;S02;1881,21;6,71;15;10729,48;EUR;C05-Rocío
F2025-003205;1;20/01/2025;CLI0386;S15;3,00;89,08;0;267,24;EUR;C05-Rocío
F2025-003205;2;20/01/2025;CLI0386;S11;25,88;27,01;5;664,07;EUR;C02-Javier
F2025-003205;3;20/01/2025;CLI0386;S11;25,23;26,56;0;670,11;EUR;C04-Andrés
F2025-003205;4;20/01/2025;CLI0386;S02;349,45;6,41;5;2127,98;EUR;C02-Javier
F2025-003206;1;16/06/2025;CLI0053;S08;2205,05;2,37;0;5225,97;EUR;C01-Marta
F2025-003206;2;16/06/2025;CLI0053;S08;1349,56;2,40;10;2915,05;EUR;C03-Lucía
F2025-003206;3;16/06/2025;CLI0053;S08;1976,64;2,53;0;5000,90;EUR;C04-Andrés
F2025-003206;4;16/06/2025;CLI0053;S14;7,00;217,13;0;1519,91;EUR;C04-Andrés
F2025-003207;1;18/11/2025;CLI0050;S08;1056,58;2,51;0;2652,02;EUR;C03-Lucía
F2025-003208;1;22/07/2025;CLI0141;S10;219,92;8,63;0;1897,91;EUR;C05-Rocío
F2025-003208;2;22/07/2025;CLI0141;S13;1,00;657,05;0;657,05;EUR;C04-Andrés
F2025-003208;3;22/07/2025;CLI0141;S14;10,00;213,83;0;2138,30;EUR;C02-Javier
F2025-003209;1;21/05/2025;CLI0162;S04;1830,03;14,59;5;25365,13;EUR;C02-Javier
F2025-003210;1;07/10/2025;CLI0301;S07;460,65;1,65;5;722,07;EUR;C05-Rocío
F2025-003210;2;07/10/2025;CLI0301;S15;4,00;86,55;0;346,20;EUR;C03-Lucía
F2025-003210;3;07/10/2025;CLI0301;S07;1288,44;1,58;5;1933,95;EUR;C04-Andrés
F2025-003210;4;07/10/2025;CLI0301;S14;5,00;210,98;0;1054,90;EUR;C03-Lucía
F2025-003211;1;15/06/2025;CLI0325;S11;40,36;25,46;5;976,19;EUR;C04-Andrés
F2025-003211;2;15/06/2025;CLI0325;S02;111,82;6,92;5;735,10;EUR;C05-Rocío
F2025-003211;3;15/06/2025;CLI0325;S01;100,08;98,60;0;9867,89;EUR;C02-Javier
F2025-003211;4;15/06/2025;CLI0325;S02;221,50;6,93;0;1534,99;EUR;C05-Rocío
F2025-003212;1;22/11/2025;CLI0247;S10;505,41;8,32;0;4205,01;EUR;C02-Javier
F2025-003213;1;25/09/2025;CLI0051;S15;4,00;83,66;0;334,64;EUR;C01-Marta
F2025-003214;1;19/01/2025;CLI0139;S14;5,00;225,09;0;1125,45;EUR;C05-Rocío
F2025-003214;2;19/01/2025;CLI0139;S05;236,91;3,46;0;819,71;EUR;C05-Rocío
F2025-003214;3;19/01/2025;CLI0139;S13;1,00;698,67;0;698,67;EUR;C04-Andrés
F2025-003215;1;01/04/2025;CLI0113;S09;114,63;42,30;0;4848,85;EUR;C03-Lucía
F2025-003215;2;01/04/2025;CLI0113;S09;212,11;42,10;5;8483,34;EUR;C01-Marta
F2025-003215;3;01/04/2025;CLI0113;S09;67,59;43,79;0;2959,77;EUR;C01-Marta
F2025-003215;4;01/04/2025;CLI0113;S09;85,78;42,38;0;3635,36;EUR;C03-Lucía
F2025-003216;1;19/07/2025;CLI0024;S05;490,11;3,41;0;1671,28;EUR;C01-Marta
F2025-003216;2;19/07/2025;CLI0024;S05;499,26;3,23;0;1612,61;EUR;C01-Marta
F2025-003217;1;02/10/2025;CLI0008;S11;61,77;25,62;10;1424,29;EUR;C02-Javier
F2025-003218;1;20/11/2025;CLI0073;S15;1,00;93,08;0;93,08;USD;C04-Andrés
F2025-003218;2;20/11/2025;CLI0073;S05;394,08;3,19;0;1257,12;EUR;C01-Marta
F2025-003218;3;20/11/2025;CLI0073;S06;2112,12;1,18;0;2492,30;EUR;C02-Javier
F2025-003218;4;20/11/2025;CLI0073;S06;1414,24;1,23;0;1738,44;USD;C04-Andrés
F2025-003219;1;04/04/2025;CLI0295;S13;1,00;645,20;0;645,20;EUR;C04-Andrés
F2025-003219;2;04/04/2025;CLI0295;S06;731,51;1,11;0;811,98;EUR;C01-Marta
F2025-003219;3;04/04/2025;CLI0295;S14;14,00;209,53;0;2933,42;EUR;C04-Andrés
F2025-003219;4;04/04/2025;CLI0295;S05;380,80;3,18;5;1150,40;EUR;C01-Marta
F2025-003220;1;11/12/2025;CLI0094;S08;5483,09;2,53;0;13872,22;EUR;C03-Lucía
F2025-003221;1;13/04/2025;CLI0095;S09;280,34;43,86;0;12295,71;EUR;C03-Lucía
F2025-003221;2;13/04/2025;CLI0095;S09;168,91;44,69;0;7548,59;EUR;C05-Rocío
F2025-003222;1;05/09/2025;CLI0138;S09;165,36;43,15;0;7135,28;EUR;C03-Lucía
F2025-003222;2;05/09/2025;CLI0138;S09;177,96;44,69;0;7953,03;EUR;C02-Javier
F2025-003222;3;05/09/2025;CLI0138;S13;1,00;681,81;5;647,72;EUR;C04-Andrés
F2025-003223;1;24/07/2025;CLI0159;S14;13,00;213,95;5;2642,28;EUR;C02-Javier
F2025-003223;2;24/07/2025;CLI0159;S14;15,00;213,39;0;3200,85;EUR;C02-Javier
F2025-003223;3;24/07/2025;CLI0159;S03;33,56;37,93;0;1272,93;EUR;C03-Lucía
F2025-003224;1;16/05/2025;CLI0051;S05;1102,98;3,23;0;3562,63;EUR;C04-Andrés
F2025-003224;2;16/05/2025;CLI0051;S14;7,00;208,20;10;1311,66;EUR;C03-Lucía
F2025-003225;1;03/04/2025;CLI0207;S10;150,36;8,56;0;1287,08;EUR;C02-Javier
F2025-003226;1;01/06/2025;CLI0309;S12;2,00;124,74;0;249,48;EUR;C01-Marta
F2025-003226;2;01/06/2025;CLI0309;S13;1,00;653,05;0;653,05;EUR;C03-Lucía
F2025-003226;3;01/06/2025;CLI0309;S04;248,88;16,36;0;4072,69;USD;C01-Marta
F2025-003226;4;01/06/2025;CLI0309;S12;2,00;128,97;5;245,04;EUR;C05-Rocío
F2025-003227;1;21/03/2025;CLI0078;S10;1199,06;9,13;0;10947,42;EUR;C05-Rocío
F2025-003227;2;21/03/2025;CLI0078;S10;40,62;8,66;0;351,77;EUR;C04-Andrés
F2025-003227;3;21/03/2025;CLI0078;S14;11,00;206,35;0;2269,85;EUR;C03-Lucía
F2025-003227;4;21/03/2025;CLI0078;S14;4,00;205,92;0;823,68;EUR;C03-Lucía
F2025-003228;1;19/12/2025;CLI0103;S08;1508,61;2,49;0;3756,44;EUR;C04-Andrés
F2025-003228;2;19/12/2025;CLI0103;S07;89,16;1,63;0;145,33;EUR;C02-Javier
F2025-003229;1;22/05/2025;CLI0372;S09;110,09;43,13;0;4748,18;EUR;C05-Rocío
F2025-003229;2;22/05/2025;CLI0372;S09;154,93;43,37;0;6719,31;EUR;C03-Lucía
F2025-003230;1;24/12/2025;CLI0158;S09;118,41;42,74;10;4554,76;EUR;C01-Marta
F2025-003231;1;02/04/2025;CLI0094;S08;2413,43;2,44;5;5594,33;EUR;C01-Marta
F2025-003231;2;02/04/2025;CLI0094;S15;1,00;90,82;0;90,82;EUR;C03-Lucía
F2025-003231;3;02/04/2025;CLI0094;S08;788,88;2,53;0;1995,87;EUR;C01-Marta
F2025-003232;1;17/06/2025;CLI0130;S13;1,00;636,82;5;604,98;EUR;C03-Lucía
F2025-003233;1;11/09/2025;CLI0095;S09;220,57;43,32;0;9555,09;EUR;C03-Lucía
F2025-003234;1;01/09/2025;CLI0027;S06;1878,45;1,11;0;2085,08;EUR;C02-Javier
F2025-003234;2;01/09/2025;CLI0027;S05;457,34;3,23;5;1403,35;EUR;C03-Lucía
F2025-003234;3;01/09/2025;CLI0027;S06;3911,19;1,11;0;4341,42;EUR;C01-Marta
F2025-003234;4;01/09/2025;CLI0027;S13;1,00;680,61;0;680,61;EUR;C05-Rocío
F2025-003235;1;18/11/2025;CLI0158;S09;190,02;43,03;0;8176,56;EUR;C04-Andrés
F2025-003235;2;18/11/2025;CLI0158;S15;2,00;90,66;15;154,12;EUR;C03-Lucía
F2025-003235;3;18/11/2025;CLI0158;S15;2,00;89,57;0;179,14;EUR;C01-Marta
F2025-003236;1;12/03/2025;CLI0157;S15;3,00;99,46;0;298,37;USD;C03-Lucía
F2025-003237;1;05/05/2025;CLI0174;S13;1,00;649,41;5;616,94;EUR;C01-Marta
F2025-003238;1;24/06/2025;CLI0279;S06;1937,62;1,19;0;2305,77;EUR;C02-Javier
F2025-003238;2;24/06/2025;CLI0279;S06;3395,31;1,15;5;3709,38;EUR;C05-Rocío
F2025-003238;3;24/06/2025;CLI0279;S05;74,02;3,34;0;247,23;EUR;C05-Rocío
F2025-003238;4;24/06/2025;CLI0279;S14;4,00;208,90;5;793,82;EUR;C01-Marta
F2025-003239;1;05/08/2025;CLI0247;S10;461,74;8,86;5;3886,47;EUR;C02-Javier
F2025-003239;2;05/08/2025;CLI0247;S10;1607,38;9,16;5;13987,42;EUR;C04-Andrés
F2025-003240;1;04/08/2025;CLI0051;S15;3,00;91,05;0;273,15;EUR;C02-Javier
F2025-003240;2;04/08/2025;CLI0051;S05;414,69;3,41;0;1414,09;EUR;C04-Andrés
F2025-003241;1;13/02/2025;CLI0362;S02;873,62;7,02;5;5826,17;EUR;C04-Andrés
F2025-003241;2;13/02/2025;CLI0362;S15;2,00;87,96;0;175,92;EUR;C03-Lucía
F2025-003242;1;07/05/2025;CLI0377;S13;1,00;683,14;0;683,14;EUR;C03-Lucía
F2025-003242;2;07/05/2025;CLI0377;S01;38,96;111,39;0;4339,76;USD;C04-Andrés
F2025-003242;3;07/05/2025;CLI0377;S11;49,47;28,04;0;1387,22;USD;C03-Lucía
F2025-003242;4;07/05/2025;CLI0377;S15;1,00;103,41;10;93,07;USD;C04-Andrés
F2025-003243;1;24/06/2025;CLI0207;S14;16,00;206,81;0;3308,96;EUR;C01-Marta
F2025-003244;1;18/10/2025;CLI0371;S10;209,90;8,69;0;1824,03;EUR;C01-Marta
F2025-003244;2;18/10/2025;CLI0371;S10;224,15;8,49;0;1903,03;EUR;C03-Lucía
F2025-003245;1;14/05/2025;CLI0095;S13;1,00;673,95;0;673,95;EUR;C03-Lucía
F2025-003245;2;14/05/2025;CLI0095;S09;205,68;41,55;0;8546,00;EUR;C02-Javier
F2025-003246;1;18/05/2025;CLI0089;S06;695,88;1,17;5;773,47;EUR;C01-Marta
F2025-003246;2;18/05/2025;CLI0089;S06;713,57;1,15;5;779,58;EUR;C04-Andrés
F2025-003247;1;10/07/2025;CLI0098;S05;66,76;3,27;0;218,31;EUR;C02-Javier
F2025-003247;2;10/07/2025;CLI0098;S06;1381,25;1,14;5;1495,89;EUR;C03-Lucía
F2025-003247;3;10/07/2025;CLI0098;S06;1249,65;1,17;5;1388,99;EUR;C04-Andrés
F2025-003248;1;25/03/2025;CLI0317;S10;752,32;9,10;0;6846,11;EUR;C03-Lucía
F2025-003248;2;25/03/2025;CLI0317;S10;1206,06;8,50;5;9738,93;EUR;C04-Andrés
F2025-003248;3;25/03/2025;CLI0317;S14;4,00;210,89;0;843,56;EUR;C02-Javier
F2025-003248;4;25/03/2025;CLI0317;S10;562,47;8,58;0;4825,99;EUR;C03-Lucía
F2025-003249;1;02/05/2025;CLI0270;S13;1,00;696,96;5;662,11;EUR;C05-Rocío
F2025-003249;2;02/05/2025;CLI0270;S14;16,00;210,33;5;3197,02;EUR;C01-Marta
F2025-003250;1;10/07/2025;CLI0107;S06;3483,42;1,17;5;3871,82;EUR;C02-Javier
F2025-003250;2;10/07/2025;CLI0107;S05;196,23;3,44;0;675,03;EUR;C02-Javier
F2025-003251;1;06/03/2025;CLI0380;S06;309,05;1,10;0;339,96;EUR;C01-Marta
F2025-003252;1;14/05/2025;CLI0020;S05;303,96;3,19;0;969,63;EUR;C02-Javier
F2025-003252;2;14/05/2025;CLI0020;S05;287,62;3,24;0;931,89;EUR;C05-Rocío
F2025-003253;1;28/10/2025;CLI0386;S11;7,28;24,55;0;178,72;EUR;C02-Javier
F2025-003253;2;28/10/2025;CLI0386;S01;423,50;96,67;0;40939,75;EUR;C01-Marta
F2025-003253;3;28/10/2025;CLI0386;S02;466,06;6,67;0;3108,62;EUR;C04-Andrés
F2025-003253;4;28/10/2025;CLI0386;S02;336,55;6,64;0;2234,69;EUR;C05-Rocío
F2025-003254;1;26/01/2025;CLI0012;S08;1405,89;2,55;0;3585,02;EUR;C05-Rocío
F2025-003255;1;04/01/2025;CLI0207;S15;3,00;90,04;0;270,12;EUR;C02-Javier
F2025-003255;2;04/01/2025;CLI0207;S13;1,00;656,39;0;656,39;EUR;C04-Andrés
F2025-003256;1;19/01/2025;CLI0159;S12;4,00;127,58;0;510,32;EUR;C01-Marta
F2025-003256;2;19/01/2025;CLI0159;S04;56,94;15,04;10;770,74;EUR;C02-Javier
F2025-003257;1;24/03/2025;CLI0020;S13;1,00;650,07;5;617,57;EUR;C01-Marta
F2025-003257;2;24/03/2025;CLI0020;S06;790,42;1,14;0;901,08;EUR;C01-Marta
F2025-003258;1;04/12/2025;CLI0390;S09;183,61;42,80;5;7465,58;EUR;C02-Javier
F2025-003258;2;04/12/2025;CLI0390;S09;99,98;44,04;0;4403,12;EUR;C03-Lucía
F2025-003258;3;04/12/2025;CLI0390;S15;1,00;88,84;0;88,84;EUR;C04-Andrés
F2025-003259;1;02/01/2025;CLI0095;S09;87,19;41,40;10;3248,70;EUR;C04-Andrés
F2025-003259;2;02/01/2025;CLI0095;S15;3,00;86,41;0;259,23;EUR;C03-Lucía
F2025-003259;3;02/01/2025;CLI0095;S14;13,00;225,86;5;2789,37;EUR;C01-Marta
F2025-003260;1;05/06/2025;CLI0051;S14;16,00;206,40;15;2807,04;EUR;C03-Lucía
F2025-003261;1;01/05/2025;CLI0095;S09;47,31;41,61;0;1968,57;EUR;C05-Rocío
F2025-003261;2;01/05/2025;CLI0095;S15;1,00;88,28;15;75,04;EUR;C05-Rocío
F2025-003262;1;08/07/2025;CLI0207;S10;60,45;8,93;0;539,82;EUR;C05-Rocío
F2025-003263;1;03/12/2025;CLI0350;S06;786,50;1,14;15;762,12;EUR;C04-Andrés
F2025-003263;2;03/12/2025;CLI0350;S14;7,00;211,93;0;1483,51;EUR;C03-Lucía
F2025-003263;3;03/12/2025;CLI0350;S15;1,00;85,50;0;85,50;EUR;C01-Marta
F2025-003264;1;05/05/2025;CLI0212;S12;4,00;123,93;5;470,93;EUR;C03-Lucía
F2025-003264;2;05/05/2025;CLI0212;S12;4,00;121,46;0;485,84;EUR;C01-Marta
F2025-003265;1;14/01/2025;CLI0095;S09;274,62;42,62;5;11119,09;EUR;C05-Rocío
F2025-003265;1;14/01/2025;CLI0095;S09;274,62;42,62;5;11119,09;EUR;C05-Rocío
F2025-003265;2;14/01/2025;CLI0095;S09;104,18;41,41;0;4314,09;EUR;C04-Andrés
F2025-003265;3;14/01/2025;CLI0095;S09;231,22;45,22;0;10455,77;EUR;C04-Andrés
F2025-003265;4;14/01/2025;CLI0095;S09;130,81;42,26;10;4975,23;EUR;C04-Andrés
F2025-003266;1;23/04/2025;CLI0076;S15;2,00;89,13;5;169,35;EUR;C05-Rocío
F2025-003266;2;23/04/2025;CLI0076;S09;264,20;43,87;0;11590,45;EUR;C01-Marta
F2025-003266;3;23/04/2025;CLI0076;S09;70,10;45,24;0;3171,32;EUR;C02-Javier
F2025-003266;4;23/04/2025;CLI0076;S09;299,75;43,03;0;12898,24;EUR;C03-Lucía
F2025-003267;1;05/06/2025;CLI0095;S09;66,49;44,17;0;2936,86;EUR;C04-Andrés
F2025-003267;2;05/06/2025;CLI0095;S15;2,00;90,36;10;162,65;EUR;C05-Rocío
F2025-003268;1;25/10/2025;CLI0242;S04;2065,90;14,60;0;30162,14;EUR;C03-Lucía
F2025-003268;2;25/10/2025;CLI0242;S14;2,00;216,05;5;410,50;EUR;C02-Javier
F2025-003268;3;25/10/2025;CLI0242;S13;1,00;688,01;0;688,01;EUR;C04-Andrés
F2025-003269;1;09/12/2025;CLI0274;S08;2085,53;2,49;5;4933,32;EUR;C05-Rocío
F2025-003269;2;09/12/2025;CLI0274;S07;239,97;1,68;0;403,15;EUR;C03-Lucía
F2025-003269;3;09/12/2025;CLI0274;S07;345,03;1,59;0;548,60;EUR;C05-Rocío
F2025-003269;4;09/12/2025;CLI0274;S15;1,00;85,45;0;85,45;EUR;C04-Andrés
F2025-003270;1;19/09/2025;CLI0385;S06;1745,11;1,13;0;1971,97;EUR;C03-Lucía
F2025-003270;2;19/09/2025;CLI0385;S06;605,88;1,17;0;708,88;EUR;C01-Marta
F2025-003270;3;19/09/2025;CLI0385;S06;1166,17;1,16;0;1352,76;EUR;C02-Javier
F2025-003271;1;25/10/2025;CLI0087;S15;2,00;92,91;0;185,83;USD;C01-Marta
F2025-003271;2;25/10/2025;CLI0087;S10;98,02;8,78;0;860,62;EUR;C05-Rocío
F2025-003271;3;25/10/2025;CLI0087;S10;715,01;9,64;0;6893,19;USD;C05-Rocío
F2025-003272;1;24/05/2025;CLI0292;S05;2065,38;3,14;0;6485,29;EUR;C02-Javier
F2025-003272;2;24/05/2025;CLI0292;S05;495,84;3,35;5;1578,01;EUR;C02-Javier
F2025-003273;1;09/11/2025;CLI0325;S02;181,50;6,91;0;1254,16;EUR;C01-Marta
F2025-003274;1;06/05/2025;CLI0027;S15;3,00;85,07;0;255,21;EUR;C02-Javier
F2025-003274;2;06/05/2025;CLI0027;S06;261,60;1,15;0;300,84;EUR;C02-Javier
F2025-003274;3;06/05/2025;CLI0027;S05;140,94;3,45;0;486,24;EUR;C05-Rocío
F2025-003275;1;23/02/2025;CLI0095;S14;11,00;210,35;15;1966,77;EUR;C02-Javier
F2025-003275;2;23/02/2025;CLI0095;S09;115,22;42,27;15;4139,80;EUR;C02-Javier
F2025-003275;3;23/02/2025;CLI0095;S09;188,59;42,59;0;8032,05;EUR;C02-Javier
F2025-003275;4;23/02/2025;CLI0095;S09;41,13;41,90;0;1723,35;EUR;C03-Lucía
F2025-003276;1;10/10/2025;CLI0094;S07;365,26;1,68;0;613,64;EUR;C05-Rocío
F2025-003276;2;10/10/2025;CLI0094;S13;1,00;646,77;0;646,77;EUR;C01-Marta
F2025-003276;3;10/10/2025;CLI0094;S07;160,94;1,68;0;270,38;EUR;C01-Marta
F2025-003277;1;17/01/2025;CLI0159;S12;1,00;123,92;0;123,92;EUR;C03-Lucía
F2025-003277;2;17/01/2025;CLI0159;S03;18,30;41,02;5;713,13;EUR;C01-Marta
F2025-003277;3;17/01/2025;CLI0159;S14;12,00;224,46;0;2693,52;EUR;C03-Lucía
F2025-003278;1;06/09/2025;CLI0180;S08;3146,63;2,51;0;7898,04;EUR;C01-Marta
F2025-003278;2;06/09/2025;CLI0180;S07;274,45;1,67;0;458,33;EUR;C05-Rocío
F2025-003278;3;06/09/2025;CLI0180;S08;1033,31;2,52;0;2603,94;EUR;C01-Marta
F2025-003279;1;09/05/2025;CLI0024;S14;15,00;220,20;0;3303,00;EUR;C04-Andrés
F2025-003279;2;09/05/2025;CLI0024;S06;2640,13;1,19;5;2984,67;EUR;C02-Javier
F2025-003280;1;12/05/2025;CLI0095;S09;97,55;45,14;0;4403,41;EUR;C03-Lucía
F2025-003280;2;12/05/2025;CLI0095;S09;157,39;43,10;10;6105,16;EUR;C03-Lucía
F2025-003280;3;12/05/2025;CLI0095;S09;98,05;43,60;0;4274,98;EUR;C03-Lucía
F2025-003281;1;27/02/2025;CLI0087;S10;112,54;10,70;0;1203,87;USD;C02-Javier
F2025-003281;2;27/02/2025;CLI0087;S10;66,18;8,33;5;523,72;EUR;C02-Javier
F2025-003281;3;27/02/2025;CLI0087;S10;66,18;8,46;0;559,88;EUR;C01-Marta
F2025-003282;1;18/08/2025;CLI0225;S15;1,00;89,03;5;84,58;EUR;C04-Andrés
F2025-003282;2;18/08/2025;CLI0225;S05;169,91;3,14;5;506,84;EUR;C05-Rocío
F2025-003282;3;18/08/2025;CLI0225;S14;3,00;211,22;10;570,29;EUR;C04-Andrés
F2025-003283;1;12/12/2025;CLI0350;S06;2481,19;1,13;0;2803,74;EUR;C01-Marta
F2025-003283;2;12/12/2025;CLI0350;S05;402,43;3,14;0;1263,63;EUR;C04-Andrés
F2025-003284;1;25/05/2025;CLI0058;S08;675,62;2,43;0;1641,76;EUR;C04-Andrés
F2025-003284;2;25/05/2025;CLI0058;S07;76,66;1,70;0;130,32;EUR;C02-Javier
F2025-003285;1;04/01/2025;CLI0308;S09;170,41;42,65;0;7267,99;EUR;C01-Marta
F2025-003285;2;04/01/2025;CLI0308;S09;98,98;45,27;5;4256,78;EUR;C02-Javier
F2025-003286;1;06/03/2025;CLI0024;S15;1,00;86,41;0;86,41;EUR;C04-Andrés
F2025-003286;2;06/03/2025;CLI0024;S13;1,00;662,73;5;629,59;EUR;C01-Marta
F2025-003286;3;06/03/2025;CLI0024;S15;3,00;85,50;0;256,50;EUR;C03-Lucía
F2025-003286;4;06/03/2025;CLI0024;S13;1,00;689,95;0;689,95;EUR;C05-Rocío
F2025-003287;1;20/03/2025;CLI0290;S10;341,23;8,91;0;3040,36;EUR;C02-Javier
F2025-003288;1;17/12/2025;CLI0370;S15;1,00;88,29;0;88,29;EUR;C03-Lucía
F2025-003288;2;17/12/2025;CLI0370;S06;1666,93;1,12;15;1586,92;EUR;C04-Andrés
F2025-003288;3;17/12/2025;CLI0370;S06;1434,34;1,11;10;1432,91;EUR;C05-Rocío
F2025-003289;1;22/10/2025;CLI0092;S06;566,00;1,10;0;622,60;EUR;C02-Javier
F2025-003289;2;22/10/2025;CLI0092;S05;81,40;3,19;15;;EUR;C04-Andrés
F2025-003289;3;22/10/2025;CLI0092;S14;4,00;205,63;0;822,52;EUR;C01-Marta
F2025-003289;4;22/10/2025;CLI0092;S15;1,00;86,60;5;82,27;EUR;C01-Marta
F2025-003290;1;21/03/2025;CLI0263;S11;42,62;26,42;5;1069,72;EUR;C01-Marta
F2025-003290;2;21/03/2025;CLI0263;S11;160,82;25,13;5;3839,34;EUR;C01-Marta
F2025-003291;1;24/06/2025;CLI0306;S02;689,16;6,96;0;4796,55;EUR;C01-Marta
F2025-003292;1;12/11/2025;CLI0225;S06;1300,43;1,08;0;1404,46;EUR;C02-Javier
F2025-003292;2;12/11/2025;CLI0225;S15;3,00;88,93;10;240,11;EUR;C02-Javier
F2025-003292;3;12/11/2025;CLI0225;S05;159,90;3,17;0;;EUR;C03-Lucía
F2025-003293;1;17/06/2025;CLI0109;S08;1067,91;2,51;0;2680,45;EUR;C03-Lucía
F2025-003293;2;17/06/2025;CLI0109;S08;902,24;2,39;0;2156,35;EUR;C02-Javier
F2025-003293;3;17/06/2025;CLI0109;S08;1251,76;2,44;5;2901,58;EUR;C05-Rocío
F2025-003293;4;17/06/2025;CLI0109;S07;101,62;1,70;5;164,12;EUR;C02-Javier
F2025-003294;1;12/04/2025;CLI0052;S07;244,44;1,57;5;364,58;EUR;C03-Lucía
F2025-003294;2;12/04/2025;CLI0052;S08;2924,46;2,54;0;;EUR;C02-Javier
F2025-003295;1;21/09/2025;CLI0126;S10;189,42;9,03;0;1710,46;EUR;C03-Lucía
F2025-003295;2;21/09/2025;CLI0126;S10;143,88;8,95;5;1223,34;EUR;C04-Andrés
F2025-003296;1;04/06/2025;CLI0361;S13;1,00;649,31;0;649,31;EUR;C04-Andrés
F2025-003297;1;04/02/2025;CLI0158;S13;1,00;645,22;0;645,22;EUR;C03-Lucía
F2025-003297;2;04/02/2025;CLI0158;S09;151,86;41,25;5;5951,01;EUR;C02-Javier
F2025-003298;1;24/09/2025;CLI0164;S09;137,73;49,60;0;6832,00;USD;C04-Andrés
F2025-003299;1;25/05/2025;CLI0145;S10;186,91;8,79;0;1642,94;EUR;C03-Lucía
F2025-003299;2;25/05/2025;CLI0145;S10;1359,28;8,35;0;11349,99;EUR;C03-Lucía
F2025-003300;1;21/08/2025;CLI0317;S10;193,62;9,03;0;1748,39;EUR;C01-Marta
F2025-003300;2;21/08/2025;CLI0317;S10;177,60;8,57;15;1293,73;EUR;C01-Marta
F2025-003300;3;21/08/2025;CLI0317;S10;653,47;8,54;0;5580,63;EUR;C05-Rocío
F2025-003301;1;05/11/2025;CLI0236;S05;143,58;3,29;0;472,38;EUR;C04-Andrés
F2025-003302;1;13/06/2025;CLI0095;S09;44,95;44,46;10;1798,63;EUR;C02-Javier
F2025-003303;1;14/05/2025;CLI0005;S09;59,06;43,00;0;2539,58;EUR;C02-Javier
F2025-003303;2;14/05/2025;CLI0005;S09;219,03;42,10;0;9221,16;EUR;C01-Marta
F2025-003303;3;14/05/2025;CLI0005;S09;121,87;42,94;0;5233,10;EUR;C01-Marta
F2025-003304;1;12/05/2025;CLI0225;S13;1,00;672,35;0;672,35;EUR;C05-Rocío
F2025-003304;2;12/05/2025;CLI0225;S14;7,00;208,23;10;1311,85;EUR;C02-Javier
F2025-003304;3;12/05/2025;CLI0225;S15;1,00;90,83;10;81,75;EUR;C02-Javier
F2025-003305;1;26/04/2025;CLI0013;S09;77,86;45,13;0;3513,82;EUR;C04-Andrés
F2025-003306;1;20/10/2025;CLI0386;S01;231,37;98,98;5;21755,95;EUR;C04-Andrés
F2025-003306;2;20/10/2025;CLI0386;S13;1,00;698,09;0;698,09;EUR;C03-Lucía
F2025-003306;3;20/10/2025;CLI0386;S15;4,00;89,37;5;339,61;EUR;C03-Lucía
F2025-003306;4;20/10/2025;CLI0386;S02;452,64;6,93;5;2979,96;EUR;C01-Marta
F2025-003307;1;02/09/2025;CLI0263;S02;149,32;6,55;0;978,05;EUR;C04-Andrés
F2025-003307;2;02/09/2025;CLI0263;S11;14,24;25,11;10;321,81;EUR;C01-Marta
F2025-003307;3;02/09/2025;CLI0263;S14;10,00;221,15;0;2211,50;EUR;C01-Marta
F2025-003308;1;21/06/2025;CLI0356;S10;473,33;9,03;0;4274,17;EUR;C02-Javier
F2025-003308;2;21/06/2025;CLI0356;S10;202,25;8,36;10;1521,73;EUR;C04-Andrés
F2025-003309;1;27/03/2025;CLI0329;S02;212,87;6,73;10;1289,35;EUR;C01-Marta
F2025-003309;2;27/03/2025;CLI0329;S01;56,53;95,70;15;4598,43;EUR;C04-Andrés
F2025-003309;3;27/03/2025;CLI0329;S11;65,85;24,73;0;1628,47;EUR;C05-Rocío
F2025-003309;4;27/03/2025;CLI0329;S14;10,00;206,25;0;2062,50;EUR;C03-Lucía
F2025-003310;1;26/03/2025;CLI0077;S08;494,21;2,86;0;1415,86;USD;C04-Andrés
F2025-003311;1;04/06/2025;CLI0011;S07;735,32;1,71;0;1257,40;EUR;C02-Javier
F2025-003312;1;16/04/2025;CLI0058;S08;251,48;2,37;0;596,01;EUR;C05-Rocío
F2025-003312;2;16/04/2025;CLI0058;S08;2145,11;2,53;0;5427,13;EUR;C01-Marta
F2025-003312;3;16/04/2025;CLI0058;S07;39,86;1,67;0;66,57;EUR;C03-Lucía
F2025-003312;4;16/04/2025;CLI0058;S08;1716,74;2,59;5;4224,04;EUR;C02-Javier
F2025-003313;1;28/04/2025;CLI0391;S13;1,00;654,89;0;654,89;EUR;C01-Marta
F2025-003313;2;28/04/2025;CLI0391;S04;300,67;14,59;0;4386,78;EUR;C02-Javier
F2025-003313;3;28/04/2025;CLI0391;S15;2,00;84,77;0;169,54;EUR;C05-Rocío
F2025-003313;4;28/04/2025;CLI0391;S03;86,09;41,00;5;3353,21;EUR;C04-Andrés
F2025-003314;1;14/09/2025;CLI0201;S14;5,00;211,24;5;1003,39;EUR;C04-Andrés
F2025-003314;2;14/09/2025;CLI0201;S15;1,00;88,05;5;83,65;EUR;C03-Lucía
F2025-003314;3;14/09/2025;CLI0201;S01;81,15;93,54;5;7211,23;EUR;C02-Javier
F2025-003314;4;14/09/2025;CLI0201;S14;13,00;214,31;0;2786,03;EUR;C02-Javier
F2025-003315;1;22/03/2025;CLI0115;S11;7,99;26,41;0;211,02;EUR;C03-Lucía
F2025-003315;2;22/03/2025;CLI0115;S01;80,04;96,15;5;7311,05;EUR;C04-Andrés
F2025-003315;3;22/03/2025;CLI0115;S15;4,00;87,25;15;296,65;EUR;C04-Andrés
F2025-003316;1;19/08/2025;CLI0366;S05;89,17;3,44;0;306,74;EUR;C04-Andrés
F2025-003317;1;16/03/2025;CLI0184;S11;23,05;25,57;0;589,39;EUR;C05-Rocío
F2025-003317;2;16/03/2025;CLI0184;S01;59,64;95,95;5;5436,34;EUR;C01-Marta
F2025-003317;3;16/03/2025;CLI0184;S13;1,00;680,58;5;646,55;EUR;C01-Marta
F2025-003318;1;25/12/2025;CLI0052;S07;380,63;1,67;5;603,87;EUR;C02-Javier
F2025-003318;2;25/12/2025;CLI0052;S08;1695,25;2,59;0;4390,70;EUR;C01-Marta
F2025-003319;1;23/02/2025;CLI0092;S06;967,51;1,12;0;1083,61;EUR;C02-Javier
F2025-003319;2;23/02/2025;CLI0092;S05;356,14;3,25;0;1157,45;EUR;C05-Rocío
F2025-003320;1;28/11/2025;CLI0095;S09;218,66;43,96;0;9612,29;EUR;C03-Lucía
F2025-003320;2;28/11/2025;CLI0095;S09;144,54;42,39;0;6127,05;EUR;C02-Javier
F2025-003320;3;28/11/2025;CLI0095;S09;273,54;41,74;10;10275,80;EUR;C03-Lucía
F2025-003320;4;28/11/2025;CLI0095;S09;155,14;42,18;10;5889,42;EUR;C01-Marta
F2025-003321;1;08/12/2025;CLI0366;S15;3,00;85,00;10;229,50;EUR;C02-Javier
F2025-003322;1;10/01/2025;CLI0120;S02;751,15;6,55;0;4920,03;EUR;C05-Rocío
F2025-003322;2;10/01/2025;CLI0120;S11;12,49;26,38;5;313,01;EUR;C04-Andrés
F2025-003322;3;10/01/2025;CLI0120;S15;1,00;90,38;0;90,38;EUR;C04-Andrés
F2025-003323;1;24/03/2025;CLI0212;S12;2,00;129,24;0;258,48;EUR;C03-Lucía
F2025-003323;2;24/03/2025;CLI0212;S03;33,32;39,37;0;1311,81;EUR;C05-Rocío
F2025-003323;3;24/03/2025;CLI0212;S04;408,41;14,87;0;6073,06;EUR;C02-Javier
F2025-003324;1;24/02/2025;CLI0282;S07;191,34;1,65;0;315,71;EUR;C02-Javier
F2025-003324;2;24/02/2025;CLI0282;S07;107,74;1,66;0;178,85;EUR;C01-Marta
F2025-003325;1;22/02/2025;CLI0276;S11;37,94;24,53;0;930,67;EUR;C03-Lucía
F2025-003325;2;22/02/2025;CLI0276;S01;74,10;101,30;5;7131,01;EUR;C05-Rocío
F2025-003325;3;22/02/2025;CLI0276;S01;118,95;102,64;0;12209,03;EUR;C05-Rocío
F2025-003326;1;09/05/2025;CLI0088;S15;2,00;87,96;0;175,92;EUR;C01-Marta
F2025-003326;2;09/05/2025;CLI0088;S13;1,00;668,69;0;668,69;EUR;C05-Rocío
F2025-003326;3;09/05/2025;CLI0088;S10;219,49;8,41;5;1753,62;EUR;C02-Javier
F2025-003326;4;09/05/2025;CLI0088;S10;728,89;9,18;0;6691,21;EUR;C05-Rocío
F2025-003327;1;06/06/2025;CLI0201;S13;1,00;652,50;0;652,50;EUR;C05-Rocío
F2025-003328;1;06/05/2025;CLI0133;S11;49,75;24,63;0;1225,34;EUR;C04-Andrés
F2025-003328;2;06/05/2025;CLI0133;S14;3,00;219,32;0;657,96;EUR;C05-Rocío
F2025-003328;3;06/05/2025;CLI0133;S01;145,10;98,61;0;14308,31;EUR;C03-Lucía
F2025-003329;1;08/03/2025;CLI0325;S11;28,50;26,79;0;763,51;EUR;C05-Rocío
F2025-003329;2;08/03/2025;CLI0325;S11;56,75;26,50;0;1503,88;EUR;C02-Javier
F2025-003329;3;08/03/2025;CLI0325;S02;287,79;6,67;5;1823,58;EUR;C05-Rocío
F2025-003329;4;08/03/2025;CLI0325;S01;105,63;95,48;5;9581,27;EUR;C01-Marta
F2025-003330;1;19/06/2025;CLI0207;S10;261,70;9,10;0;2381,47;EUR;C04-Andrés
F2025-003330;2;19/06/2025;cli0207;S10;550,95;8,94;0;4925,49;EUR;C03-Lucía
F2025-003330;3;19/06/2025;CLI0207;S10;496,93;8,43;5;3979,66;EUR;C04-Andrés
F2025-003331;1;03/06/2025;CLI0350;S05;1875,47;3,45;15;5499,82;EUR;C03-Lucía
F2025-003331;2;03/06/2025;CLI0350;S15;1,00;86,58;10;77,92;EUR;C01-Marta
F2025-003331;3;03/06/2025;CLI0350;S13;1,00;660,30;0;660,30;EUR;C03-Lucía
F2025-003331;4;03/06/2025;CLI0350;S06;6509,24;1,14;15;6307,45;EUR;C02-Javier
F2025-003332;1;01/01/2025;CLI0051;S05;219,68;3,41;5;711,65;EUR;C05-Rocío
F2025-003333;1;23/05/2025;CLI0101;S10;309,55;9,75;0;3017,07;USD;C01-Marta
F2025-003333;2;23/05/2025;CLI0101;S13;1,00;752,47;0;752,47;USD;C03-Lucía
F2025-003333;3;23/05/2025;CLI0101;S15;1,00;90,22;15;76,69;EUR;C03-Lucía
F2025-003334;1;20/06/2025;CLI0263;S01;81,31;95,22;5;7355,22;EUR;C04-Andrés
F2025-003335;1;15/05/2025;CLI0247;S10;228,36;8,77;5;1902,58;EUR;C05-Rocío
F2025-003335;2;15/05/2025;CLI0247;S10;152,94;8,89;10;1223,67;EUR;C04-Andrés
F2025-003335;3;15/05/2025;CLI0247;S14;16,00;220,74;0;3531,84;EUR;C03-Lucía
F2025-003335;4;15/05/2025;CLI0247;S14;14,00;218,24;0;3055,36;EUR;C01-Marta
F2025-003336;1;19/06/2025;CLI0120;S14;11,00;209,74;0;2307,14;EUR;C01-Marta
F2025-003336;2;19/06/2025;CLI0120;S01;338,19;94,46;10;28750,88;EUR;C02-Javier
F2025-003336;3;19/06/2025;CLI0120;S01;324,64;101,52;0;32957,45;EUR;C01-Marta
F2025-003336;4;19/06/2025;CLI0120;S02;117,11;6,56;10;691,42;EUR;C03-Lucía
F2025-003337;1;10/11/2025;CLI0296;S05;350,54;3,43;5;1142,23;EUR;C03-Lucía
F2025-003337;2;10/11/2025;CLI0296;S05;827,07;3,46;10;2575,50;EUR;C04-Andrés
F2025-003337;3;10/11/2025;cli0296;S05;400,42;3,22;10;1160,42;EUR;C03-Lucía
F2025-003337;4;10/11/2025;CLI0296;S13;1,00;674,43;15;573,27;EUR;C05-Rocío
F2025-003338;1;01/02/2025;CLI0095;S09;179,34;43,25;10;6980,81;EUR;C03-Lucía
F2025-003338;2;01/02/2025;CLI0095;S15;4,00;85,67;10;308,41;EUR;C05-Rocío
F2025-003339;1;07/03/2025;CLI0056;S14;10,00;206,91;0;2069,10;EUR;C03-Lucía
F2025-003339;2;07/03/2025;CLI0056;S10;543,70;8,97;5;4633,14;EUR;C02-Javier
F2025-003340;1;15/03/2025;CLI0149;S08;2458,24;2,44;10;5398,30;EUR;C03-Lucía
F2025-003340;2;15/03/2025;CLI0149;S08;911,32;2,53;0;2305,64;EUR;C01-Marta
F2025-003340;3;15/03/2025;CLI0149;S08;2271,89;2,58;0;5861,48;EUR;C03-Lucía
F2025-003340;4;15/03/2025;CLI0149;S08;2237,98;2,49;15;4736,68;EUR;C02-Javier
F2025-003341;1;08/11/2025;CLI0207;S10;292,38;8,35;0;2441,37;EUR;C02-Javier
F2025-003342;1;02/07/2025;CLI0317;S10;531,61;8,82;15;3985,48;EUR;C05-Rocío
F2025-003343;1;03/02/2025;CLI0146;S15;3,00;87,39;5;249,06;EUR;C02-Javier
F2025-003343;2;03/02/2025;CLI0146;S09;338,38;43,33;0;14662,01;EUR;C03-Lucía
F2025-003344;1;08/02/2025;CLI0052;S15;4,00;84,39;5;320,68;EUR;C05-Rocío
F2025-003344;2;08/02/2025;CLI0052;S07;61,23;1,71;0;104,70;EUR;C02-Javier
F2025-003344;3;08/02/2025;CLI0052;S08;663,81;2,59;0;1719,27;EUR;C03-Lucía
F2025-003344;4;08/02/2025;CLI0052;S08;1557,11;2,51;0;3908,35;EUR;C05-Rocío
F2025-003345;1;16/06/2025;CLI0087;S10;321,42;9,71;0;3121,04;USD;C05-Rocío
F2025-003345;2;16/06/2025;CLI0087;S10;2754,10;10,07;0;27736,68;USD;C04-Andrés
F2025-003345;3;16/06/2025;CLI0087;S15;2,00;99,15;0;198,31;USD;C03-Lucía
F2025-003345;4;16/06/2025;CLI0087;S13;1,00;689,79;0;689,79;EUR;C05-Rocío
F2025-003346;1;14/03/2025;CLI0024;S05;565,26;3,13;0;1769,26;EUR;C04-Andrés
F2025-003346;2;14/03/2025;CLI0024;S06;1366,37;1,15;0;1571,33;EUR;C04-Andrés
F2025-003346;3;14/03/2025;CLI0024;S05;386,38;3,29;0;1271,19;EUR;C01-Marta
F2025-003346;4;14/03/2025;cli0024;S05;311,74;3,14;0;978,86;EUR;C05-Rocío
F2025-003347;1;14/06/2025;CLI0142;S13;1,00;639,44;0;639,44;EUR;C03-Lucía
F2025-003347;2;14/06/2025;CLI0142;S06;1301,71;1,10;0;1431,88;EUR;C04-Andrés
F2025-003347;3;14/06/2025;CLI0142;S05;74,26;3,34;0;248,03;EUR;C03-Lucía
F2025-003348;1;19/10/2025;CLI0341;S05;372,23;3,23;0;1202,30;EUR;C03-Lucía
F2025-003348;2;19/10/2025;CLI0341;S05;247,28;3,32;0;820,97;EUR;C01-Marta
F2025-003349;1;18/05/2025;CLI0212;S03;23,66;39,60;0;936,94;EUR;C04-Andrés
F2025-003349;2;18/05/2025;CLI0212;S04;659,11;13,74;0;9056,17;EUR;C04-Andrés
F2025-003350;1;06/12/2025;cli0361;S13;1,00;640,98;0;640,98;EUR;C03-Lucía
F2025-003351;1;21/01/2025;CLI0346;S05;750,15;3,14;0;2355,47;EUR;C02-Javier
F2025-003351;2;21/01/2025;CLI0346;S06;836,50;1,12;0;936,88;EUR;C02-Javier
F2025-003351;3;21/01/2025;CLI0346;S13;1,00;656,45;5;623,63;EUR;C02-Javier
F2025-003351;4;21/01/2025;CLI0346;S15;1,00;91,25;0;91,25;EUR;C03-Lucía
F2025-003352;1;24/08/2025;CLI0034;S09;56,71;42,39;10;2163,54;EUR;C03-Lucía
F2025-003352;2;24/08/2025;CLI0034;S13;1,00;671,11;0;671,11;EUR;C01-Marta
F2025-003352;3;24/08/2025;CLI0034;S09;130,39;44,08;0;5747,59;EUR;C04-Andrés
F2025-003353;1;05/08/2025;CLI0026;S10;167,17;8,89;0;1486,14;EUR;C01-Marta
F2025-003353;2;05/08/2025;CLI0026;S10;160,85;8,60;0;1383,31;EUR;C04-Andrés
F2025-003353;3;05/08/2025;CLI0026;S10;632,67;8,60;0;5440,96;EUR;C01-Marta
F2025-003354;1;02/12/2025;CLI0395;S13;1,00;640,55;0;640,55;EUR;C01-Marta
F2025-003354;2;02/12/2025;CLI0395;S11;17,18;25,31;15;369,60;EUR;C05-Rocío
F2025-003354;3;02/12/2025;CLI0395;S01;905,27;98,46;5;84676,24;EUR;C04-Andrés
F2025-003354;4;02/12/2025;CLI0395;S11;62,06;26,60;0;1650,80;EUR;C04-Andrés
F2025-003355;1;20/06/2025;CLI0376;S09;164,50;44,05;5;6883,91;EUR;C04-Andrés
F2025-003355;2;20/06/2025;CLI0376;S09;54,62;44,66;0;2439,33;EUR;C01-Marta
F2025-003356;1;08/11/2025;CLI0096;S07;92,71;1,71;5;150,61;EUR;C03-Lucía
F2025-003356;2;08/11/2025;CLI0096;S08;5105,77;2,48;0;12662,31;EUR;C03-Lucía
F2025-003357;1;27/01/2025;CLI0095;S14;14,00;210,71;0;2949,94;EUR;C04-Andrés
F2025-003357;2;27/01/2025;CLI0095;S09;64,96;42,43;0;2756,25;EUR;C01-Marta
F2025-003357;3;27/01/2025;CLI0095;S09;80,78;44,93;15;3085,03;EUR;C04-Andrés
F2025-003358;1;02/08/2025;CLI0207;S13;1,00;686,86;0;686,86;EUR;C03-Lucía
F2025-003358;2;02/08/2025;CLI0207;S10;565,20;8,61;0;4866,37;EUR;C03-Lucía
F2025-003358;3;02/08/2025;CLI0207;S10;129,04;8,64;0;1114,91;EUR;C03-Lucía
F2025-003358;4;2025-08-02;CLI0207;S10;324,26;8,69;0;2817,82;EUR;C05-Rocío
F2025-003359;1;19/03/2025;CLI0238;S04;364,44;14,53;15;4501,02;EUR;C04-Andrés
F2025-003359;2;19/03/2025;CLI0238;S04;297,05;15,07;0;4476,54;EUR;C05-Rocío
F2025-003359;3;19/03/2025;CLI0238;S03;47,14;39,69;15;1590,34;EUR;C02-Javier
F2025-003359;4;19/03/2025;CLI0238;S03;36,54;38,78;5;1346,17;EUR;C02-Javier
F2025-003360;1;13/07/2025;CLI0395;S01;32,08;93,85;15;2559,10;EUR;C02-Javier
F2025-003360;2;13/07/2025;CLI0395;S13;1,00;648,51;5;616,08;EUR;C01-Marta
F2025-003360;3;13/07/2025;CLI0395;S11;14,70;25,25;0;371,17;EUR;C01-Marta
F2025-003361;1;24/01/2025;CLI0105;S10;279,60;8,77;0;2452,09;EUR;C05-Rocío
F2025-003362;1;07/11/2025;CLI0052;S13;1,00;657,66;0;657,66;EUR;C04-Andrés
F2025-003362;2;07/11/2025;CLI0052;S07;432,12;1,58;0;682,75;EUR;C04-Andrés
F2025-003363;1;01/06/2025;CLI0070;S09;149,89;41,79;0;6263,90;EUR;C01-Marta
F2025-003364;1;12/06/2025;CLI0251;S14;5,00;226,69;0;1133,45;EUR;C01-Marta
F2025-003364;2;12/06/2025;CLI0251;S05;538,17;3,27;5;1671,83;EUR;C03-Lucía
F2025-003365;1;16/04/2025;CLI0095;S13;1,00;694,96;5;660,21;EUR;C03-Lucía
F2025-003365;2;16/04/2025;CLI0095;S09;216,65;42,84;5;8817,22;EUR;C01-Marta
F2025-003365;3;16/04/2025;CLI0095;S09;102,33;44,22;10;4072,53;EUR;C03-Lucía
F2025-003365;4;16/04/2025;CLI0095;S14;2,00;222,48;0;444,96;EUR;C02-Javier
F2025-003366;1;17/08/2025;CLI0345;S09;280,14;43,81;0;12272,93;EUR;C04-Andrés
F2025-003367;1;08/03/2025;CLI0366;S05;41,55;3,17;15;111,96;EUR;C05-Rocío
F2025-003367;2;08/03/2025;CLI0366;S05;1260,94;3,23;15;3461,91;EUR;C03-Lucía
F2025-003367;3;08/03/2025;CLI0366;S15;1,00;86,41;10;77,77;EUR;C02-Javier
F2025-003368;1;19/01/2025;CLI0044;S08;2114,86;2,48;0;5244,85;EUR;C05-Rocío
F2025-003369;1;08/09/2025;CLI0115;S02;81,31;6,91;0;561,85;EUR;C01-Marta
F2025-003369;2;08/09/2025;CLI0115;S11;67,55;25,18;10;1530,82;EUR;C03-Lucía
F2025-003370;1;23/08/2025;CLI0370;S06;4388,14;1,08;10;4265,27;EUR;C05-Rocío
F2025-003371;1;13/09/2025;CLI0138;S09;179,00;44,61;0;7985,19;EUR;C02-Javier
F2025-003372;1;11/11/2025;CLI0350;S06;1346,51;1,17;10;1417,88;EUR;C05-Rocío
F2025-003372;2;11/11/2025;CLI0350;S14;16,00;205,59;10;2960,50;EUR;C01-Marta
F2025-003372;3;11/11/2025;CLI0350;S06;989,87;1,15;0;1138,35;EUR;C03-Lucía
F2025-003372;4;11/11/2025;CLI0350;S05;299,47;3,25;0;973,28;EUR;C05-Rocío
F2025-003373;1;26/01/2025;CLI0008;S13;1,00;662,15;0;662,15;EUR;C02-Javier
F2025-003373;2;26/01/2025;CLI0008;S13;1,00;658,91;15;560,07;EUR;C05-Rocío
F2025-003373;3;26/01/2025;CLI0008;S01;30,67;94,58;10;2610,69;EUR;C01-Marta
F2025-003373;4;26/01/2025;CLI0008;S01;84,07;100,77;0;8471,73;EUR;C05-Rocío
F2025-003374;1;15/04/2025;CLI0240;S14;11,00;206,31;0;2269,41;EUR;C02-Javier
F2025-003374;2;15/04/2025;CLI0240;S05;331,45;3,22;5;1013,91;EUR;C04-Andrés
F2025-003374;3;15/04/2025;CLI0240;S13;1,00;686,76;0;686,76;EUR;C02-Javier
F2025-003375;1;20/08/2025;CLI0056;S10;647,45;8,85;0;5729,93;EUR;C02-Javier
F2025-003375;2;20/08/2025;CLI0056;S10;178,05;8,72;0;1552,60;EUR;C03-Lucía
F2025-003375;3;20/08/2025;CLI0056;S10;174,60;8,40;0;1466,64;EUR;C03-Lucía
F2025-003375;4;20/08/2025;CLI0056;S10;2486,77;8,74;5;20647,65;EUR;C03-Lucía
F2025-003376;1;17/04/2025;CLI0370;S06;688,39;1,15;0;791,65;EUR;C04-Andrés
F2025-003376;2;17/04/2025;CLI0370;S06;470,99;1,15;0;541,64;EUR;C04-Andrés
F2025-003376;3;17/04/2025;CLI0370;S05;807,68;3,18;5;2440,00;EUR;C04-Andrés
F2025-003376;4;17/04/2025;CLI0370;S06;246,94;1,08;0;266,70;EUR;C05-Rocío
F2025-003377;1;10/04/2025;CLI0024;S13;1,00;649,82;5;617,33;EUR;C05-Rocío
F2025-003377;2;10/04/2025;CLI0024;S06;547,59;1,17;0;640,68;EUR;C01-Marta
F2025-003377;3;10/04/2025;CLI0024;S14;16,00;225,94;0;3615,04;EUR;C02-Javier
F2025-003378;1;13/12/2025;CLI0012;S07;540,67;1,68;5;862,91;EUR;C03-Lucía
F2025-003378;2;13/12/2025;CLI0012;S08;2121,65;2,52;0;5346,56;EUR;C01-Marta
F2025-003378;3;13/12/2025;CLI0012;S07;352,61;1,60;0;564,18;EUR;C02-Javier
F2025-003379;1;14/11/2025;CLI0101;S14;2,00;208,66;0;417,32;EUR;C02-Javier
F2025-003379;2;14/11/2025;CLI0101;S10;353,75;9,29;10;2958,11;USD;C04-Andrés
F2025-003380;1;04/03/2025;CLI0004;S13;1,00;673,23;0;673,23;EUR;C03-Lucía
F2025-003380;2;04/03/2025;CLI0004;S09;187,65;44,54;0;8357,93;EUR;C03-Lucía
F2025-003380;3;04/03/2025;CLI0004;S09;56,90;43,43;0;2471,17;EUR;C05-Rocío
F2025-003380;4;04/03/2025;CLI0004;S09;108,89;44,74;0;4871,74;EUR;C04-Andrés
F2025-003381;1;07/02/2025;CLI0296;S05;915,73;3,21;5;2792,52;EUR;C03-Lucía
F2025-003382;1;25/10/2025;CLI0024;S06;1947,57;1,10;5;2035,21;EUR;C05-Rocío
F2025-003382;2;25/10/2025;CLI0024;S05;422,42;3,14;5;1260,08;EUR;C02-Javier
F2025-003382;3;25/10/2025;CLI0024;S06;1066,28;1,17;0;1247,55;EUR;C02-Javier
F2025-003383;1;02/07/2025;CLI0094;S07;342,21;1,66;5;539,67;EUR;C04-Andrés
F2025-003383;2;02/07/2025;CLI0094;S08;7327,92;2,58;5;17960,73;EUR;C03-Lucía
F2025-003383;3;02/07/2025;CLI0094;S07;599,24;1,65;0;988,75;EUR;C02-Javier
F2025-003384;1;26/05/2025;CLI0094;S08;3146,73;2,51;0;7898,29;EUR;C04-Andrés
F2025-003384;2;26/05/2025;CLI0094;S07;1916,13;1,62;0;3104,13;EUR;C03-Lucía
F2025-003384;3;26/05/2025;CLI0094;S08;724,62;2,57;0;1862,27;EUR;C05-Rocío
F2025-003385;1;10/11/2025;CLI0212;S03;54,91;39,64;5;2067,80;EUR;C02-Javier
F2025-003385;2;10/11/2025;CLI0212;S12;1,00;125,71;0;125,71;EUR;C04-Andrés
F2025-003385;3;10/11/2025;CLI0212;S04;84,88;13,85;0;1175,59;EUR;C01-Marta
F2025-003385;4;10/11/2025;CLI0212;S13;1,00;684,56;0;684,56;EUR;C01-Marta
F2025-003386;1;19/11/2025;CLI0158;S09;36,55;41,50;10;1365,14;EUR;C01-Marta
F2025-003386;2;19/11/2025;CLI0158;S09;51,03;44,55;0;2273,39;EUR;C01-Marta
F2025-003387;1;08/07/2025;CLI0027;S06;129,39;1,10;0;142,33;EUR;C05-Rocío
F2025-003387;2;08/07/2025;CLI0027;S06;1386,06;1,19;5;1566,94;EUR;C03-Lucía
F2025-003387;3;08/07/2025;CLI0027;S06;14058,05;1,09;5;14557,11;EUR;C02-Javier
F2025-003387;4;08/07/2025;CLI0027;S13;1,00;660,30;5;627,28;EUR;C04-Andrés
F2025-003388;1;14/02/2025;CLI0400;S05;781,97;3,31;0;2588,32;EUR;C01-Marta
F2025-003388;2;14/02/2025;CLI0400;S06;1762,06;1,08;0;1903,02;EUR;C03-Lucía
F2025-003388;3;14/02/2025;CLI0400;S05;69,91;3,30;10;207,63;EUR;C03-Lucía
F2025-003388;4;14/02/2025;CLI0400;S05;436,22;3,23;0;1408,99;EUR;C02-Javier
F2025-003389;1;03/06/2025;CLI0370;S05;486,48;3,38;5;1562,09;EUR;C03-Lucía
F2025-003389;2;03/06/2025;CLI0370;S06;581,13;1,12;0;650,87;EUR;C04-Andrés
F2025-003390;1;16/03/2025;CLI0212;S03;35,82;38,12;5;1297,19;EUR;C03-Lucía
F2025-003391;1;09/12/2025;CLI0058;S07;3960,98;1,71;0;6773,28;EUR;C03-Lucía
F2025-003391;2;09/12/2025;CLI0058;S07;617,52;1,69;0;1043,61;EUR;C01-Marta
F2025-003391;3;09/12/2025;CLI0058;S08;1453,71;2,47;0;3590,66;EUR;C03-Lucía
F2025-003391;4;09/12/2025;CLI0058;S08;2800,52;2,35;5;6252,16;EUR;C05-Rocío
F2025-003392;1;27/03/2025;CLI0345;S13;1,00;638,56;0;638,56;EUR;C04-Andrés
F2025-003392;2;27/03/2025;CLI0345;S09;148,63;44,21;0;6570,93;EUR;C03-Lucía
F2025-003392;3;27/03/2025;CLI0345;S09;103,00;42,01;0;4327,03;EUR;C03-Lucía
F2025-003392;4;27/03/2025;CLI0345;S09;116,22;44,19;0;5135,76;EUR;C02-Javier
F2025-003393;1;04/11/2025;CLI0026;S10;993,17;8,99;0;8928,60;EUR;C02-Javier
F2025-003393;2;04/11/2025;CLI0026;S10;1343,47;8,88;0;11930,01;EUR;C01-Marta
F2025-003393;3;04/11/2025;CLI0026;S10;259,84;8,77;0;2278,80;EUR;C01-Marta
F2025-003393;3;04/11/2025;CLI0026;S10;259,84;8,77;0;2278,80;EUR;C01-Marta
F2025-003393;4;04/11/2025;CLI0026;S10;1520,09;8,69;5;12549,10;EUR;C04-Andrés
F2025-003394;1;08/04/2025;CLI0370;S05;290,02;3,13;0;907,76;EUR;C04-Andrés
F2025-003394;2;08/04/2025;CLI0370;S06;1648,72;1,15;10;1706,43;EUR;C04-Andrés
F2025-003395;1;03/11/2025;CLI0207;S10;47,87;8,54;5;388,37;EUR;C02-Javier
F2025-003395;2;03/11/2025;CLI0207;S10;2025,12;9,05;0;18327,34;EUR;C01-Marta
F2025-003396;1;04/12/2025;CLI0169;S15;3,00;87,48;5;249,32;EUR;C01-Marta
F2025-003396;2;04/12/2025;CLI0169;S09;87,20;44,50;5;3686,38;EUR;C01-Marta
F2025-003396;3;04/12/2025;CLI0169;S15;1,00;91,90;5;87,31;EUR;C02-Javier
F2025-003396;4;04/12/2025;CLI0169;S13;1,00;685,95;0;685,95;EUR;C01-Marta
F2025-003397;1;27/08/2025;CLI0237;S09;222,37;42,06;15;7949,95;EUR;C03-Lucía
F2025-003397;2;27/08/2025;CLI0237;S09;106,12;41,88;0;4444,31;EUR;C05-Rocío
F2025-003397;3;27/08/2025;CLI0237;S09;140,48;44,76;5;5973,49;EUR;C05-Rocío
F2025-003398;1;24/07/2025;CLI0042;S10;1272,93;8,54;0;;EUR;C02-Javier
F2025-003398;2;24/07/2025;cli0042;S13;1,00;721,18;0;721,18;USD;C04-Andrés
F2025-003399;1;25/01/2025;CLI0096;S07;420,81;1,67;5;667,62;EUR;C02-Javier
F2025-003399;2;25/01/2025;CLI0096;S07;3144,71;1,71;0;5377,45;EUR;C03-Lucía
F2025-003399;3;25/01/2025;CLI0096;S08;1346,80;2,42;0;3259,26;EUR;C04-Andrés
F2025-003400;1;19/03/2025;CLI0211;S15;1,00;84,49;5;80,27;EUR;C03-Lucía
F2025-003400;2;19/03/2025;CLI0211;S06;470,09;1,13;0;531,20;EUR;C02-Javier
F2025-003401;1;2025-04-23;CLI0034;S15;3,00;85,46;0;256,38;EUR;C03-Lucía
F2025-003401;2;23/04/2025;CLI0034;S15;4,00;90,10;0;;EUR;C02-Javier
F2025-003402;1;03/09/2025;CLI0018;S14;16,00;211,73;0;3387,68;EUR;C05-Rocío
F2025-003403;1;07/05/2025;CLI0095;S09;169,70;41,54;0;7049,34;EUR;C04-Andrés
F2025-003404;1;20/10/2025;CLI0237;S09;66,45;41,51;0;2758,34;EUR;C04-Andrés
F2025-003405;1;05/03/2025;CLI0095;S09;70,37;41,39;5;2766,98;EUR;C03-Lucía
F2025-003405;2;05/03/2025;CLI0095;S09;123,05;41,87;0;5152,10;EUR;C04-Andrés
F2025-003405;3;05/03/2025;CLI0095;S09;200,06;45,32;0;9066,72;EUR;C05-Rocío
F2025-003406;1;11/07/2025;CLI0158;S09;59,54;41,95;5;2372,82;EUR;C04-Andrés
F2025-003406;2;11/07/2025;CLI0158;S09;78,78;43,70;0;3442,69;EUR;C02-Javier
F2025-003407;1;23/08/2025;cli0277;S11;40,10;29,15;0;1168,87;USD;C02-Javier
F2025-003407;2;23/08/2025;CLI0277;S01;188,09;95,20;0;17906,17;EUR;C04-Andrés
F2025-003408;1;09/09/2025;CLI0095;S15;1,00;85,19;0;85,19;EUR;C05-Rocío
F2025-003409;1;24/09/2025;CLI0268;S07;250,21;1,64;0;410,34;EUR;C04-Andrés
F2025-003409;2;24/09/2025;CLI0268;S08;1267,38;2,39;0;3029,04;EUR;C03-Lucía
F2025-003409;3;24/09/2025;CLI0268;S07;74,25;1,61;0;119,54;EUR;C03-Lucía
F2025-003410;1;10/12/2025;CLI0051;S05;986,40;3,39;10;3009,51;EUR;C04-Andrés
F2025-003410;2;10/12/2025;CLI0051;S06;1921,79;1,10;5;2008,27;EUR;C04-Andrés
F2025-003410;3;10/12/2025;CLI0051;S13;1,00;652,00;0;652,00;EUR;C03-Lucía
F2025-003410;4;10/12/2025;CLI0051;S05;807,45;3,33;0;2688,81;EUR;C05-Rocío
F2025-003411;1;19/09/2025;CLI0054;S07;573,10;1,59;5;865,67;EUR;C02-Javier
F2025-003411;2;19/09/2025;CLI0054;S08;929,55;2,47;0;2295,99;EUR;C03-Lucía
F2025-003411;3;19/09/2025;CLI0054;S13;1,00;677,20;5;643,34;EUR;C04-Andrés
F2025-003411;4;19/09/2025;CLI0054;S14;8,00;219,26;0;1754,08;EUR;C02-Javier
F2025-003412;1;22/09/2025;CLI0054;S08;1190,35;2,37;0;2821,13;EUR;C04-Andrés
F2025-003412;2;22/09/2025;CLI0054;S07;183,41;1,67;0;306,29;EUR;C02-Javier
F2025-003412;3;22/09/2025;CLI0054;S08;1377,40;2,49;0;3429,73;EUR;C03-Lucía
F2025-003413;1;02/12/2025;CLI0095;S13;1,00;682,36;0;682,36;EUR;C04-Andrés
F2025-003413;2;02/12/2025;CLI0095;S09;142,98;45,09;0;6446,97;EUR;C03-Lucía
F2025-003413;3;02/12/2025;CLI0095;S09;118,14;43,39;5;4869,79;EUR;C05-Rocío
F2025-003414;1;14/08/2025;CLI0371;S15;2,00;89,81;0;179,62;EUR;C05-Rocío
F2025-003414;2;14/08/2025;CLI0371;S10;233,68;9,07;5;2013,50;EUR;C04-Andrés
F2025-003414;3;14/08/2025;CLI0371;S10;404,25;8,74;0;3533,14;EUR;C03-Lucía
F2025-003414;4;14/08/2025;CLI0371;S10;453,93;8,40;0;3813,01;EUR;C01-Marta
F2025-003415;1;16/01/2025;CLI0044;S07;525,76;1,63;0;856,99;EUR;C05-Rocío
F2025-003415;2;16/01/2025;CLI0044;S08;1639,24;2,38;5;3706,32;EUR;C04-Andrés
F2025-003415;3;16/01/2025;CLI0044;S08;1882,76;2,38;5;4256,92;EUR;C02-Javier
F2025-003416;1;22/01/2025;CLI0008;S01;66,23;94,46;0;6256,09;EUR;C02-Javier
F2025-003416;2;22/01/2025;CLI0008;S01;65,55;95,53;0;;EUR;C04-Andrés
F2025-003416;3;22/01/2025;CLI0008;S02;532,73;6,88;0;3665,18;EUR;C01-Marta
F2025-003417;1;22/09/2025;CLI0337;S13;1,00;642,09;0;642,09;EUR;C01-Marta
F2025-003417;2;22/09/2025;CLI0337;S13;1,00;698,91;5;663,96;EUR;C05-Rocío
F2025-003417;3;22/09/2025;CLI0337;S07;3077,51;1,67;0;5139,44;EUR;C03-Lucía
F2025-003417;4;22/09/2025;CLI0337;S08;721,42;2,51;0;1810,76;EUR;C05-Rocío
F2025-003418;1;25/01/2025;CLI0118;S10;459,30;9,07;0;4165,85;EUR;C03-Lucía
F2025-003419;1;08/07/2025;CLI0370;S15;3,00;84,91;10;229,26;EUR;C02-Javier
F2025-003420;1;22/04/2025;CLI0259;S09;275,06;43,49;0;11962,36;EUR;C04-Andrés
F2025-003420;2;22/04/2025;CLI0259;S09;119,53;44,42;0;5309,52;EUR;C02-Javier
F2025-003420;3;22/04/2025;CLI0259;S09;193,22;41,47;0;8012,83;EUR;C05-Rocío
F2025-003421;1;20/11/2025;CLI0201;S02;473,22;6,94;0;3284,15;EUR;C02-Javier
F2025-003421;2;20/11/2025;CLI0201;S02;403,59;6,47;0;2611,23;EUR;C01-Marta
F2025-003421;3;20/11/2025;CLI0201;S13;1,00;671,00;10;603,90;EUR;C01-Marta
F2025-003422;1;04/03/2025;CLI0212;S04;285,38;14,88;0;4246,45;EUR;C02-Javier
F2025-003422;2;04/03/2025;CLI0212;S12;3,00;117,52;0;352,56;EUR;C03-Lucía
F2025-003423;1;03/08/2025;CLI0319;S09;111,41;45,03;0;5016,79;EUR;C01-Marta
F2025-003423;2;03/08/2025;CLI0319;S09;53,70;42,17;0;2264,53;EUR;C05-Rocío
F2025-003424;1;02/04/2025;CLI0356;S10;1290,04;8,61;10;9996,52;EUR;C02-Javier
F2025-003424;2;02/04/2025;CLI0356;S10;573,90;8,89;0;5101,97;EUR;C04-Andrés
F2025-003424;3;02/04/2025;CLI0356;S14;9,00;215,08;0;1935,72;EUR;C02-Javier
F2025-003425;1;12/07/2025;CLI0092;S05;83,37;3,34;5;264,53;EUR;C01-Marta
F2025-003425;2;12/07/2025;CLI0092;S06;2649,77;1,10;0;2914,75;EUR;C01-Marta
F2025-003425;3;12/07/2025;CLI0092;S06;2034,32;1,11;0;2258,10;EUR;C05-Rocío
F2025-003425;4;12/07/2025;CLI0092;S05;859,60;3,26;10;2522,07;EUR;C05-Rocío
F2025-003426;1;08/07/2025;CLI0097;S14;3,00;226,27;10;610,93;EUR;C01-Marta
F2025-003426;2;08/07/2025;CLI0097;S09;99,08;42,83;0;4243,60;EUR;C05-Rocío
F2025-003427;1;26/02/2025;CLI0212;S04;818,54;14,42;5;11213,18;EUR;C05-Rocío
F2025-003427;2;26/02/2025;CLI0212;S03;13,35;37,67;0;502,89;EUR;C02-Javier
F2025-003427;3;26/02/2025;CLI0212;S03;9,49;37,71;5;339,97;EUR;C01-Marta
F2025-003427;4;26/02/2025;CLI0212;S04;133,98;14,10;0;;EUR;C03-Lucía
F2025-003428;1;22/07/2025;CLI0296;S13;1,00;657,51;0;657,51;EUR;C02-Javier
F2025-003428;2;22/07/2025;CLI0296;S05;251,66;3,32;0;835,51;EUR;C05-Rocío
F2025-003428;3;22/07/2025;CLI0296;S05;959,01;3,34;0;3203,09;EUR;C04-Andrés
F2025-003429;1;22/02/2025;CLI0177;S06;2687,34;1,14;0;3063,57;EUR;C03-Lucía
F2025-003429;2;22/02/2025;CLI0177;S13;1,00;657,48;0;657,48;EUR;C01-Marta
F2025-003429;3;22/02/2025;CLI0177;S06;280,84;1,09;5;290,81;EUR;C04-Andrés
F2025-003429;4;22/02/2025;CLI0177;S14;2,00;216,77;0;433,54;EUR;C05-Rocío
F2025-003430;1;11/01/2025;CLI0306;S11;29,87;24,76;0;739,58;EUR;C03-Lucía
F2025-003430;2;11/01/2025;cli0306;S11;28,95;25,61;5;704,34;EUR;C05-Rocío
F2025-003430;3;11/01/2025;CLI0306;S02;250,56;6,53;5;1554,35;EUR;C03-Lucía
F2025-003431;1;09/05/2025;CLI0101;S10;627,53;8,93;0;5603,84;EUR;C05-Rocío
F2025-003432;1;05/10/2025;CLI0221;S10;132,78;8,75;0;1161,83;EUR;C05-Rocío
F2025-003432;2;05/10/2025;CLI0221;S10;352,22;8,97;0;3159,41;EUR;C02-Javier
F2025-003433;1;06/09/2025;CLI0207;S10;519,55;8,55;0;4442,15;EUR;C05-Rocío
F2025-003433;2;06/09/2025;CLI0207;S10;236,08;8,51;0;2009,04;EUR;C01-Marta
F2025-003433;3;06/09/2025;CLI0207;S10;141,94;8,42;5;1135,38;EUR;C03-Lucía
F2025-003434;1;20/04/2025;CLI0126;S10;913,31;9,02;5;7826,15;EUR;C04-Andrés
F2025-003435;1;18/11/2025;CLI0306;S02;1403,13;6,95;0;9751,75;EUR;C02-Javier
F2025-003436;1;14/05/2025;CLI0159;S04;519,68;14,95;15;6603,83;EUR;C03-Lucía
F2025-003436;2;14/05/2025;CLI0159;S14;5,00;209,26;0;1046,30;EUR;C04-Andrés
F2025-003437;1;09/10/2025;CLI0146;S09;286,97;45,41;0;13031,31;EUR;C04-Andrés
F2025-003437;2;09/10/2025;CLI0146;S09;238,90;45,37;0;10838,89;EUR;C05-Rocío
F2025-003437;3;09/10/2025;CLI0146;S09;105,85;43,68;5;4392,35;EUR;C05-Rocío
F2025-003437;4;09/10/2025;CLI0146;S09;137,12;42,36;0;5808,40;EUR;C03-Lucía
F2025-003438;1;05/06/2025;CLI0280;S02;1116,33;6,80;0;7591,04;EUR;C02-Javier
F2025-003438;2;05/06/2025;CLI0280;S13;1,00;643,32;0;643,32;EUR;C04-Andrés
F2025-003438;3;05/06/2025;CLI0280;S15;1,00;86,81;0;86,81;EUR;C04-Andrés
F2025-003438;4;05/06/2025;CLI0280;S11;60,53;25,33;0;1533,22;EUR;C04-Andrés
F2025-003439;1;06/05/2025;CLI0263;S15;1,00;85,92;0;85,92;EUR;C01-Marta
F2025-003439;2;06/05/2025;CLI0263;S02;513,91;6,74;15;2944,19;EUR;C01-Marta
F2025-003440;1;08/04/2025;CLI0356;S10;487,29;8,98;10;3938,28;EUR;C04-Andrés
F2025-003440;2;08/04/2025;CLI0356;S10;908,76;9,19;0;8351,50;EUR;C05-Rocío
F2025-003441;1;17/05/2025;CLI0371;S10;248,20;9,12;0;2263,58;EUR;C01-Marta
F2025-003442;1;02/04/2025;cli0212;S04;1983,21;13,77;5;25943,36;EUR;C05-Rocío
F2025-003442;2;02/04/2025;CLI0212;S04;1316,96;14,37;5;17978,48;EUR;C05-Rocío
F2025-003442;3;02/04/2025;CLI0212;S12;4,00;117,46;0;469,84;EUR;C05-Rocío
F2025-003443;1;01/01/2025;CLI0114;S09;183,40;42,86;0;7860,52;EUR;C02-Javier
F2025-003443;2;01/01/2025;CLI0114;S09;90,88;44,59;0;4052,34;EUR;C03-Lucía
F2025-003443;3;01/01/2025;CLI0114;S14;3,00;209,27;5;596,42;EUR;C03-Lucía
F2025-003443;4;01/01/2025;CLI0114;S09;268,39;42,68;0;11454,89;EUR;C02-Javier
F2025-003444;1;20/05/2025;CLI0356;S10;380,43;8,70;10;2978,77;EUR;C01-Marta
F2025-003445;1;04/06/2025;CLI0400;S05;93,92;3,30;0;309,94;EUR;C03-Lucía
F2025-003445;2;04/06/2025;CLI0400;S06;1065,98;1,11;0;1183,24;EUR;C01-Marta
F2025-003445;3;04/06/2025;CLI0400;S05;202,87;3,31;0;671,50;EUR;C03-Lucía
F2025-003446;1;24/09/2025;CLI0372;S09;184,39;42,33;0;7805,23;EUR;C03-Lucía
F2025-003446;2;24/09/2025;CLI0372;S14;7,00;213,27;5;1418,25;EUR;C04-Andrés
F2025-003447;1;23/05/2025;CLI0339;S14;8,00;212,11;0;1696,88;EUR;C02-Javier
F2025-003448;1;09/01/2025;CLI0400;S06;1743,42;1,16;0;2022,37;EUR;C04-Andrés
F2025-003448;2;09/01/2025;CLI0400;S06;1798,65;1,17;0;;EUR;C01-Marta
F2025-003448;3;09/01/2025;CLI0400;S06;2259,19;1,14;0;2575,48;EUR;C05-Rocío
F2025-003448;4;09/01/2025;CLI0400;S05;2962,32;3,15;5;8864,74;EUR;C05-Rocío
F2025-003449;1;16/03/2025;CLI0353;S13;1,00;661,54;0;661,54;EUR;C02-Javier
F2025-003449;2;16/03/2025;CLI0353;S14;7,00;223,29;0;1563,03;EUR;C03-Lucía
F2025-003449;3;16/03/2025;CLI0353;S13;1,00;640,77;0;640,77;EUR;C03-Lucía
F2025-003449;4;16/03/2025;CLI0353;S06;2035,10;1,17;5;2262,01;EUR;C04-Andrés
F2025-003450;1;08/10/2025;CLI0095;S14;10,00;227,00;5;2156,50;EUR;C02-Javier
F2025-003451;1;02/08/2025;CLI0350;S06;2201,73;1,18;5;2468,14;EUR;C04-Andrés
F2025-003451;2;02/08/2025;CLI0350;S05;621,86;3,25;0;2021,05;EUR;C01-Marta
F2025-003451;3;02/08/2025;CLI0350;S13;1,00;678,21;15;576,48;EUR;C03-Lucía
F2025-003451;4;02/08/2025;CLI0350;S05;96,00;3,25;10;280,80;EUR;C04-Andrés
F2025-003452;1;26/12/2025;CLI0217;S15;4,00;85,29;0;341,16;EUR;C02-Javier
F2025-003453;1;15/09/2025;CLI0118;S10;1637,27;8,74;0;14309,74;EUR;C04-Andrés
F2025-003453;2;15/09/2025;CLI0118;S15;3,00;90,50;5;257,93;EUR;C01-Marta
F2025-003453;3;15/09/2025;CLI0118;S13;1,00;762,31;5;724,19;USD;C02-Javier
F2025-003453;4;15/09/2025;CLI0118;S10;157,62;9,62;0;1515,90;USD;C05-Rocío
F2025-003454;1;18/11/2025;CLI0353;S05;243,21;3,29;0;800,16;EUR;C01-Marta
F2025-003454;2;18/11/2025;CLI0353;S05;261,05;3,14;5;778,71;EUR;C03-Lucía
F2025-003454;3;18/11/2025;CLI0353;S06;7690,01;1,08;0;8305,21;EUR;C05-Rocío
F2025-003455;1;14/02/2025;CLI0378;S03;32,81;39,79;5;1240,23;EUR;C01-Marta
F2025-003455;2;14/02/2025;CLI0378;S12;4,00;117,83;5;447,75;EUR;C02-Javier
F2025-003455;3;14/02/2025;CLI0378;S13;1,00;687,93;0;687,93;EUR;C05-Rocío
F2025-003455;4;14/02/2025;CLI0378;S03;22,98;40,01;0;919,43;EUR;C04-Andrés
F2025-003456;1;13/05/2025;CLI0012;S08;3085,47;2,48;5;7269,37;EUR;C01-Marta
F2025-003457;1;2025-04-01;CLI0078;S10;474,28;8,39;0;3979,21;EUR;C02-Javier
F2025-003457;2;01/04/2025;CLI0078;S13;1,00;668,96;0;668,96;EUR;C05-Rocío
F2025-003457;3;01/04/2025;CLI0078;S13;1,00;637,83;0;637,83;EUR;C01-Marta
F2025-003458;1;12/09/2025;CLI0044;S08;3812,74;2,40;0;9150,58;EUR;C05-Rocío
F2025-003458;2;12/09/2025;CLI0044;S07;468,44;1,69;0;791,66;EUR;C01-Marta
F2025-003458;3;12/09/2025;CLI0044;S07;2573,64;1,68;0;4323,72;EUR;C05-Rocío
F2025-003458;4;12/09/2025;CLI0044;S08;1516,00;2,37;0;3592,92;EUR;C02-Javier
F2025-003459;1;16/05/2025;CLI0158;S09;58,41;44,11;0;2576,47;EUR;C01-Marta
F2025-003459;2;16/05/2025;CLI0158;S14;11,00;208,71;0;2295,81;EUR;C01-Marta
F2025-003459;3;16/05/2025;CLI0158;S09;172,22;45,41;0;7820,51;EUR;C05-Rocío
F2025-003459;4;16/05/2025;CLI0158;S15;3,00;87,15;0;261,45;EUR;C02-Javier
F2025-003460;1;03/07/2025;CLI0094;S15;2,00;90,87;0;181,74;EUR;C04-Andrés
F2025-003460;2;03/07/2025;CLI0094;S15;2,00;86,15;0;172,30;EUR;C02-Javier
F2025-003460;3;03/07/2025;CLI0094;S07;544,07;1,61;0;875,95;EUR;C03-Lucía
F2025-003461;1;17/11/2025;CLI0198;S14;5,00;226,86;0;1134,30;EUR;C03-Lucía
F2025-003461;2;17/11/2025;CLI0198;S01;158,09;99,73;0;15766,32;EUR;C05-Rocío
F2025-003461;3;17/11/2025;CLI0198;S02;126,41;6,77;0;855,80;EUR;C04-Andrés
F2025-003462;1;05/05/2025;CLI0212;S15;2,00;90,49;0;180,98;EUR;C05-Rocío
F2025-003462;2;05/05/2025;CLI0212;S15;3,00;86,15;0;258,45;EUR;C01-Marta
F2025-003463;1;09/03/2025;CLI0341;S13;1,00;687,62;0;687,62;EUR;C04-Andrés
F2025-003464;1;26/06/2025;CLI0366;S06;499,47;1,09;10;489,98;EUR;C02-Javier
F2025-003464;2;26/06/2025;CLI0366;S06;417,77;1,09;10;409,83;EUR;C02-Javier
F2025-003464;3;26/06/2025;CLI0366;S05;458,57;3,31;10;1366,08;EUR;C04-Andrés
F2025-003464;3;26/06/2025;CLI0366;S05;458,57;3,31;10;1366,08;EUR;C04-Andrés
F2025-003464;4;26/06/2025;CLI0366;S05;105,31;3,42;5;342,15;EUR;C03-Lucía
F2025-003465;1;22/04/2025;CLI0159;S15;1,00;86,41;0;86,41;EUR;C03-Lucía
F2025-003465;2;22/04/2025;CLI0159;S03;52,50;39,61;5;1975,55;EUR;C03-Lucía
F2025-003466;1;02/05/2025;CLI0370;S05;124,13;3,16;10;353,03;EUR;C05-Rocío
F2025-003466;2;02/05/2025;CLI0370;S06;3199,88;1,16;0;3711,86;EUR;C01-Marta
F2025-003466;3;02/05/2025;cli0370;S14;8,00;219,91;10;1583,35;EUR;C05-Rocío
F2025-003466;4;02/05/2025;CLI0370;S06;1047,30;1,11;0;1162,50;EUR;C01-Marta
F2025-003467;1;01/05/2025;CLI0136;S15;4,00;86,85;0;347,40;EUR;C05-Rocío
F2025-003467;2;01/05/2025;CLI0136;S11;16,37;26,68;5;414,91;EUR;C05-Rocío
F2025-003467;3;01/05/2025;CLI0136;S11;38,97;25,39;0;989,45;EUR;C03-Lucía
F2025-003467;4;01/05/2025;CLI0136;S14;5,00;208,64;5;991,04;EUR;C02-Javier
F2025-003468;1;06/03/2025;CLI0025;S08;6090,73;2,42;0;14739,57;EUR;C04-Andrés
F2025-003468;2;06/03/2025;CLI0025;S08;440,49;2,54;0;1118,84;EUR;C01-Marta
F2025-003468;3;06/03/2025;CLI0025;S08;654,54;2,41;0;1577,44;EUR;C02-Javier
F2025-003469;1;18/01/2025;CLI0341;S05;81,21;3,44;0;279,36;EUR;C03-Lucía
F2025-003469;2;18/01/2025;CLI0341;S06;3530,61;1,08;0;3813,06;EUR;C05-Rocío
F2025-003469;3;18/01/2025;CLI0341;S06;1581,27;1,13;0;1786,84;EUR;C05-Rocío
F2025-003469;4;18/01/2025;CLI0341;S06;2307,05;1,12;0;2583,90;EUR;C05-Rocío
F2025-003470;1;11/03/2025;CLI0236;S06;7937,97;1,11;0;8811,15;EUR;C05-Rocío
F2025-003470;2;11/03/2025;CLI0236;S06;212,36;1,19;0;252,71;EUR;C01-Marta
F2025-003470;3;11/03/2025;CLI0236;S14;11,00;224,69;0;2471,59;EUR;C05-Rocío
F2025-003470;4;11/03/2025;CLI0236;S05;192,99;3,31;0;638,80;EUR;C04-Andrés
F2025-003471;1;07/12/2025;CLI0247;S10;198,99;8,76;0;1743,15;EUR;C02-Javier
F2025-003471;2;07/12/2025;CLI0247;S10;278,88;8,63;0;2406,73;EUR;C04-Andrés
F2025-003472;1;03/03/2025;CLI0158;S09;74,02;44,85;0;3319,80;EUR;C04-Andrés
F2025-003473;1;17/03/2025;CLI0370;S05;132,82;3,18;0;422,37;EUR;C02-Javier
F2025-003474;1;04/06/2025;CLI0057;S15;1,00;100,27;0;100,27;USD;C01-Marta
F2025-003474;2;04/06/2025;CLI0057;S08;822,80;2,52;0;2073,46;EUR;C05-Rocío
F2025-003474;3;04/06/2025;CLI0057;S14;3,00;217,05;0;651,15;EUR;C05-Rocío
F2025-003475;1;16/03/2025;CLI0356;S10;421,82;9,13;15;3273,53;EUR;C03-Lucía
F2025-003475;2;16/03/2025;CLI0356;S15;3,00;87,13;10;235,25;EUR;C05-Rocío
F2025-003476;1;14/03/2025;CLI0236;S14;13,00;223,16;0;2901,08;EUR;C01-Marta
F2025-003477;1;10/12/2025;CLI0095;S13;1,00;699,98;0;699,98;EUR;C02-Javier
F2025-003478;1;25/07/2025;CLI0024;S05;95,91;3,37;5;307,06;EUR;C05-Rocío
F2025-003478;2;25/07/2025;CLI0024;S05;818,52;3,21;0;2627,45;EUR;C01-Marta
F2025-003478;3;25/07/2025;CLI0024;S06;662,98;1,16;0;769,06;EUR;C04-Andrés
F2025-003479;1;05/10/2025;CLI0325;S13;1,00;659,76;0;659,76;EUR;C02-Javier
F2025-003479;2;05/10/2025;cli0325;S02;1096,59;6,64;0;7281,36;EUR;C03-Lucía
F2025-003480;1;26/02/2025;CLI0094;S07;89,79;1,60;5;136,48;EUR;C01-Marta
F2025-003480;2;26/02/2025;CLI0094;S14;15,00;210,80;0;3162,00;EUR;C01-Marta
F2025-003480;3;26/02/2025;CLI0094;S13;1,00;696,00;0;696,00;EUR;C05-Rocío
F2025-003481;1;09/01/2025;CLI0044;S08;1763,72;2,35;0;4144,74;EUR;C03-Lucía
F2025-003481;2;09/01/2025;CLI0044;S07;39,93;1,60;0;63,89;EUR;C01-Marta
F2025-003482;1;15/06/2025;CLI0064;S10;78,87;8,54;5;639,87;EUR;C01-Marta
F2025-003482;2;15/06/2025;CLI0064;S10;440,60;8,70;0;3833,22;EUR;C05-Rocío
F2025-003482;3;15/06/2025;CLI0064;S10;517,11;8,91;0;4607,45;EUR;C04-Andrés
F2025-003483;1;11/06/2025;CLI0379;S08;649,75;2,52;5;1555,50;EUR;C02-Javier
F2025-003484;1;21/05/2025;CLI0325;S01;105,88;96,56;5;9712,58;EUR;C04-Andrés
F2025-003484;2;21/05/2025;CLI0325;S02;143,64;6,64;5;906,08;EUR;C05-Rocío
F2025-003484;3;21/05/2025;cli0325;S01;40,10;97,76;5;3724,17;EUR;C05-Rocío
F2025-003484;4;21/05/2025;CLI0325;S01;105,09;93,71;0;9847,98;EUR;C04-Andrés
F2025-003485;1;28/10/2025;CLI0095;S14;6,00;225,89;0;1355,34;EUR;C01-Marta
F2025-003485;2;28/10/2025;CLI0095;S09;145,33;43,44;0;6313,14;EUR;C01-Marta
F2025-003485;3;28/10/2025;CLI0095;S09;68,59;42,71;5;2783,00;EUR;C02-Javier
F2025-003486;1;16/09/2025;CLI0341;S06;5305,63;1,11;0;5889,25;EUR;C01-Marta
F2025-003486;2;16/09/2025;CLI0341;S05;704,78;3,27;0;2304,63;EUR;C04-Andrés
F2025-003486;3;16/09/2025;CLI0341;S06;207,17;1,12;0;232,03;EUR;C01-Marta
F2025-003487;1;13/08/2025;CLI0331;S11;38,97;28,99;0;;USD;C03-Lucía
F2025-003487;2;13/08/2025;CLI0331;S01;13,99;93,82;0;1312,54;EUR;C04-Andrés
F2025-003487;3;13/08/2025;CLI0331;S14;2,00;210,97;0;421,94;EUR;C01-Marta
F2025-003488;1;03/07/2025;CLI0035;S07;388,38;1,57;0;609,76;EUR;C02-Javier
F2025-003488;2;03/07/2025;CLI0035;S07;179,60;1,58;0;283,77;EUR;C03-Lucía
F2025-003488;3;03/07/2025;CLI0035;S08;839,93;2,58;0;2167,02;EUR;C02-Javier
F2025-003488;4;03/07/2025;CLI0035;S15;4,00;88,01;5;334,44;EUR;C04-Andrés
F2025-003489;1;20/06/2025;CLI0370;S13;1,00;640,68;10;576,61;EUR;C05-Rocío
F2025-003489;2;20/06/2025;CLI0370;S05;959,37;3,22;0;3089,17;EUR;C05-Rocío
F2025-003489;3;20/06/2025;CLI0370;S06;2939,27;1,10;0;3233,20;EUR;C05-Rocío
F2025-003490;1;13/04/2025;CLI0207;S10;330,32;8,87;5;2783,44;EUR;C01-Marta
F2025-003490;2;13/04/2025;CLI0207;S10;204,26;8,66;0;1768,89;EUR;C04-Andrés
F2025-003490;3;13/04/2025;CLI0207;S10;238,01;8,64;0;2056,41;EUR;C05-Rocío
F2025-003490;4;13/04/2025;CLI0207;S13;1,00;701,00;0;701,00;EUR;C03-Lucía
F2025-003491;1;20/07/2025;CLI0299;S08;1289,88;2,41;5;2953,18;EUR;C04-Andrés
F2025-003492;1;02/06/2025;CLI0160;S13;1,00;686,80;0;686,80;EUR;C03-Lucía
F2025-003492;2;02/06/2025;CLI0160;S08;2943,37;2,59;0;7623,33;EUR;C02-Javier
F2025-003492;3;02/06/2025;CLI0160;S07;212,83;1,63;5;329,57;EUR;C05-Rocío
F2025-003493;1;23/04/2025;CLI0158;S09;88,38;44,52;5;3737,94;EUR;C03-Lucía
F2025-003493;2;23/04/2025;CLI0158;S09;152,71;41,81;15;5427,08;EUR;C03-Lucía
F2025-003493;3;23/04/2025;CLI0158;S09;311,27;43,80;5;12951,94;EUR;C05-Rocío
F2025-003494;1;23/09/2025;CLI0207;S13;1,00;697,67;5;662,79;EUR;C02-Javier
F2025-003494;2;23/09/2025;CLI0207;S10;2504,70;8,72;5;20748,93;EUR;C05-Rocío
F2025-003494;3;23/09/2025;CLI0207;S10;94,42;8,80;0;830,90;EUR;C02-Javier
F2025-003495;1;07/07/2025;CLI0158;S09;35,97;41,90;0;1507,14;EUR;C03-Lucía
F2025-003495;2;07/07/2025;CLI0158;S09;299,35;44,55;5;12669,24;EUR;C04-Andrés
F2025-003495;3;07/07/2025;CLI0158;S09;237,71;43,16;0;10259,56;EUR;C03-Lucía
F2025-003496;1;10/02/2025;CLI0241;S03;141,36;38,88;0;5496,08;EUR;C05-Rocío
F2025-003496;2;10/02/2025;CLI0241;S03;30,97;40,34;5;1186,86;EUR;C04-Andrés
F2025-003496;2;10/02/2025;CLI0241;S03;30,97;40,34;5;1186,86;EUR;C04-Andrés
F2025-003497;1;09/08/2025;CLI0174;S13;1,00;656,07;5;623,27;EUR;C03-Lucía
F2025-003498;1;01/02/2025;CLI0101;S10;343,47;10,06;15;2938,31;USD;C04-Andrés
F2025-003499;1;10/04/2025;CLI0094;S08;1596,83;2,53;0;4039,98;EUR;C02-Javier
F2025-003499;2;10/04/2025;CLI0094;S07;287,37;1,61;0;462,67;EUR;C04-Andrés
F2025-003499;3;10/04/2025;CLI0094;S07;680,61;1,64;0;1116,20;EUR;C01-Marta
F2025-003499;4;10/04/2025;CLI0094;S13;1,00;642,91;0;642,91;EUR;C02-Javier
F2025-003500;1;01/10/2025;CLI0202;S13;1,00;700,34;0;700,34;EUR;C02-Javier
F2025-003500;2;01/10/2025;CLI0202;S06;1452,58;1,14;5;1573,14;EUR;C01-Marta
F2025-003500;3;01/10/2025;CLI0202;S13;1,00;676,44;5;642,62;EUR;C01-Marta
F2025-003500;4;01/10/2025;CLI0202;S06;1988,04;1,13;5;2134,16;EUR;C04-Andrés
F2025-003501;1;19/05/2025;CLI0399;S14;6,00;220,87;0;1325,22;EUR;C04-Andrés
F2025-003502;1;23/07/2025;CLI0274;S08;377,98;2,42;15;777,50;EUR;C05-Rocío
F2025-003502;2;23/07/2025;CLI0274;S07;477,49;1,72;15;698,09;EUR;C04-Andrés
F2025-003503;1;05/02/2025;CLI0311;S15;4,00;89,74;0;358,96;EUR;C01-Marta
F2025-003503;2;05/02/2025;CLI0311;S13;1,00;652,26;0;652,26;EUR;C02-Javier
F2025-003503;3;05/02/2025;CLI0311;S07;781,44;1,59;0;1242,49;EUR;C01-Marta
F2025-003503;4;05/02/2025;CLI0311;S07;286,67;1,68;0;481,61;EUR;C05-Rocío
F2025-003504;1;18/07/2025;CLI0095;S09;80,36;42,33;0;3401,64;EUR;C05-Rocío
F2025-003505;1;10/09/2025;CLI0399;S10;158,83;8,97;0;1424,71;EUR;C03-Lucía
F2025-003505;2;10/09/2025;CLI0399;S10;557,01;8,57;0;4773,58;EUR;C02-Javier
F2025-003506;1;27/12/2025;CLI0370;S06;661,48;1,18;0;780,55;EUR;C03-Lucía
F2025-003506;2;27/12/2025;CLI0370;S06;173,42;1,11;5;182,87;EUR;C02-Javier
F2025-003507;1;21/04/2025;CLI0051;S14;4,00;216,06;5;821,03;EUR;C05-Rocío
F2025-003507;2;21/04/2025;CLI0051;S05;314,82;3,40;0;1070,39;EUR;C02-Javier
F2025-003508;1;14/05/2025;CLI0260;S07;697,87;1,62;0;1130,55;EUR;C05-Rocío
F2025-003509;1;16/10/2025;CLI0272;S14;13,00;217,24;5;2682,91;EUR;C04-Andrés
F2025-003510;1;09/08/2025;CLI0034;S09;88,01;44,96;0;3956,93;EUR;C01-Marta
F2025-003511;1;18/05/2025;CLI0196;S07;907,09;1,70;0;1542,05;EUR;C01-Marta
F2025-003511;2;18/05/2025;CLI0196;S13;1,00;694,89;0;694,89;EUR;C04-Andrés
F2025-003511;3;18/05/2025;CLI0196;S08;841,33;2,59;0;2179,04;EUR;C04-Andrés
F2025-003511;4;18/05/2025;CLI0196;S08;2553,68;2,42;0;6179,91;EUR;C05-Rocío
F2025-003512;1;15/07/2025;CLI0113;S14;9,00;217,33;0;1955,97;EUR;C05-Rocío
F2025-003512;2;15/07/2025;CLI0113;S09;69,62;43,68;0;3041,00;EUR;C02-Javier
F2025-003512;3;15/07/2025;CLI0113;S09;103,01;43,61;0;4492,27;EUR;C01-Marta
F2025-003512;4;15/07/2025;CLI0113;S09;182,63;43,09;0;7869,53;EUR;C02-Javier
F2025-003513;1;15/11/2025;CLI0322;S05;64,13;3,36;0;215,48;EUR;C02-Javier
F2025-003513;2;15/11/2025;CLI0322;S15;1,00;89,53;15;76,10;EUR;C05-Rocío
F2025-003514;1;20/04/2025;CLI0105;S15;3,00;91,18;0;273,54;EUR;C02-Javier
F2025-003514;2;20/04/2025;CLI0105;S15;3,00;88,80;5;253,08;EUR;C04-Andrés
F2025-003514;3;20/04/2025;CLI0105;S15;1,00;87,50;0;87,50;EUR;C01-Marta
F2025-003514;4;20/04/2025;CLI0105;S10;380,31;10,27;5;3712,07;USD;C04-Andrés
F2025-003515;1;15/07/2025;CLI0114;S09;71,52;41,62;0;2976,66;EUR;C04-Andrés
F2025-003515;2;15/07/2025;CLI0114;S09;191,96;41,58;5;7582,61;EUR;C02-Javier
F2025-003516;1;12/06/2025;CLI0149;S13;1,00;642,83;5;610,69;EUR;C05-Rocío
F2025-003516;2;12/06/2025;CLI0149;S13;1,00;684,90;5;650,65;EUR;C03-Lucía
F2025-003517;1;11/11/2025;CLI0247;S10;1270,27;8,71;0;11064,05;EUR;C01-Marta
F2025-003517;2;11/11/2025;CLI0247;S10;725,82;8,68;0;6300,12;EUR;C02-Javier
F2025-003518;1;10/08/2025;CLI0221;S10;925,11;8,96;0;8288,99;EUR;C03-Lucía
F2025-003519;1;10/06/2025;CLI0024;S05;757,27;3,26;0;2468,70;EUR;C01-Marta
F2025-003520;1;14/08/2025;CLI0211;S05;98,98;3,15;5;296,20;EUR;C04-Andrés
F2025-003520;2;14/08/2025;CLI0211;S06;2991,46;1,15;0;3440,18;EUR;C01-Marta
F2025-003521;1;23/12/2025;CLI0207;S15;2,00;83,99;5;159,58;EUR;C04-Andrés
F2025-003521;2;23/12/2025;CLI0207;S10;1058,08;8,91;0;9427,49;EUR;C02-Javier
F2025-003521;3;23/12/2025;CLI0207;S10;423,86;8,65;0;3666,39;EUR;C05-Rocío
F2025-003521;4;23/12/2025;CLI0207;S13;1,00;698,94;5;663,99;EUR;C03-Lucía
F2025-003522;1;07/02/2025;CLI0212;S12;3,00;124,75;5;355,54;EUR;C01-Marta
F2025-003522;2;07/02/2025;CLI0212;S15;2,00;88,92;5;168,95;EUR;C04-Andrés
F2025-003522;3;07/02/2025;CLI0212;S04;494,52;13,81;0;6829,32;EUR;C05-Rocío
F2025-003523;1;10/09/2025;CLI0212;S12;1,00;123,14;0;123,14;EUR;C04-Andrés
F2025-003524;1;06/05/2025;CLI0386;S02;420,48;6,41;0;2695,28;EUR;C04-Andrés
F2025-003524;2;06/05/2025;CLI0386;S11;33,98;26,63;0;904,89;EUR;C03-Lucía
F2025-003524;3;06/05/2025;CLI0386;S11;55,44;24,75;0;1372,14;EUR;C02-Javier
F2025-003524;4;06/05/2025;CLI0386;S11;18,39;26,86;0;493,96;EUR;C05-Rocío
F2025-003525;1;20/08/2025;CLI0274;S07;1014,66;1,59;0;1613,31;EUR;C03-Lucía
F2025-003525;2;20/08/2025;CLI0274;S07;4029,83;1,73;15;5925,87;EUR;C04-Andrés
F2025-003525;3;20/08/2025;CLI0274;S08;932,17;2,47;0;2302,46;EUR;C03-Lucía
F2025-003526;1;27/05/2025;CLI0095;S09;99,05;43,36;5;4080,07;EUR;C01-Marta
F2025-003527;1;05/10/2025;CLI0119;S09;83,07;43,98;0;3653,42;EUR;C02-Javier
F2025-003528;1;18/02/2025;CLI0095;S13;1,00;699,80;5;664,81;EUR;C01-Marta
F2025-003529;1;25/02/2025;CLI0221;S10;1569,92;8,72;0;13689,70;EUR;C04-Andrés
F2025-003529;2;25/02/2025;CLI0221;S10;359,18;8,37;0;3006,34;EUR;C04-Andrés
F2025-003529;3;25/02/2025;CLI0221;S10;1911,98;8,64;0;16519,51;EUR;C03-Lucía
F2025-003529;4;25/02/2025;CLI0221;S10;147,39;8,36;0;1232,18;EUR;C05-Rocío
F2025-003530;1;14/01/2025;CLI0088;S10;491,64;8,66;0;4257,60;EUR;C03-Lucía
F2025-003531;1;09/08/2025;CLI0370;S15;4,00;86,27;10;310,57;EUR;C05-Rocío
F2025-003531;2;09/08/2025;CLI0370;S05;383,13;3,17;0;1214,52;EUR;C04-Andrés
F2025-003532;1;24/04/2025;CLI0095;S09;130,53;44,86;15;4977,24;EUR;C01-Marta
F2025-003532;2;24/04/2025;CLI0095;S09;99,23;43,12;0;4278,80;EUR;C05-Rocío
F2025-003532;3;24/04/2025;CLI0095;S09;120,64;42,52;10;4616,65;EUR;C04-Andrés
F2025-003532;4;24/04/2025;CLI0095;S09;151,66;41,91;0;6356,07;EUR;C04-Andrés
F2025-003533;1;11/02/2025;CLI0020;S13;1,00;638,94;0;638,94;EUR;C05-Rocío
F2025-003533;2;11/02/2025;cli0020;S05;191,18;3,43;0;655,75;EUR;C05-Rocío
F2025-003533;3;11/02/2025;CLI0020;S05;122,83;3,25;0;399,20;EUR;C02-Javier
F2025-003534;1;17/08/2025;CLI0041;S10;513,95;8,80;0;4522,76;EUR;C02-Javier
F2025-003534;2;17/08/2025;CLI0041;S10;433,49;8,46;0;3667,33;EUR;C04-Andrés
F2025-003534;3;17/08/2025;CLI0041;S15;2,00;86,02;0;172,04;EUR;C03-Lucía
F2025-003535;1;02/05/2025;CLI0158;S09;162,31;44,87;15;6190,42;EUR;C04-Andrés
F2025-003535;2;02/05/2025;CLI0158;S09;67,40;42,83;15;2453,73;EUR;C02-Javier
F2025-003535;3;02/05/2025;CLI0158;S14;9,00;227,06;15;1737,01;EUR;C04-Andrés
F2025-003535;4;02/05/2025;CLI0158;S09;63,82;44,97;15;2439,49;EUR;C02-Javier
F2025-003536;1;25/09/2025;CLI0211;S15;4,00;90,28;0;361,12;EUR;C05-Rocío
F2025-003536;2;25/09/2025;CLI0211;S05;50,24;3,32;0;166,80;EUR;C02-Javier
F2025-003537;1;20/01/2025;CLI0299;S13;1,00;662,06;0;662,06;EUR;C01-Marta
F2025-003538;1;03/02/2025;CLI0371;S13;1,00;680,92;5;646,87;EUR;C05-Rocío
F2025-003538;2;03/02/2025;CLI0371;S14;6,00;214,92;5;1225,04;EUR;C04-Andrés
F2025-003539;1;04/05/2025;CLI0082;S10;227,48;8,53;5;1843,38;EUR;C02-Javier
F2025-003539;2;04/05/2025;CLI0082;S10;204,96;8,78;0;1799,55;EUR;C04-Andrés
F2025-003540;1;20/12/2025;CLI0095;S09;161,29;42,58;0;6867,73;EUR;C02-Javier
F2025-003540;2;20/12/2025;CLI0095;S09;80,05;43,62;0;3491,78;EUR;C04-Andrés
F2025-003540;3;20/12/2025;CLI0095;S15;1,00;89,06;10;80,15;EUR;C01-Marta
F2025-003541;1;15/03/2025;CLI0350;S05;595,46;3,27;10;1752,44;EUR;C02-Javier
F2025-003541;2;15/03/2025;CLI0350;S06;763,17;1,12;10;769,28;EUR;C03-Lucía
F2025-003542;1;15/10/2025;CLI0159;S13;1,00;680,87;15;578,74;EUR;C05-Rocío
F2025-003542;2;15/10/2025;CLI0159;S14;3,00;215,54;0;646,62;EUR;C04-Andrés
F2025-003543;1;20/10/2025;CLI0363;S06;3046,84;1,13;0;3442,93;EUR;C02-Javier
F2025-003543;2;20/10/2025;CLI0363;S05;1338,03;3,34;0;4469,02;EUR;C03-Lucía
F2025-003543;3;20/10/2025;CLI0363;S14;5,00;225,10;0;1125,50;EUR;C04-Andrés
F2025-003543;4;20/10/2025;CLI0363;S05;475,60;3,29;0;1564,72;EUR;C03-Lucía
F2025-003544;1;09/10/2025;CLI0212;S04;8956,29;14,20;0;127179,32;EUR;C05-Rocío
F2025-003545;1;06/08/2025;CLI0096;S08;1447,70;2,49;0;3604,77;EUR;C02-Javier
F2025-003545;2;06/08/2025;CLI0096;S13;1,00;639,52;0;639,52;EUR;C05-Rocío
F2025-003546;1;12/03/2025;CLI0292;S14;14,00;207,59;5;2760,95;EUR;C03-Lucía
F2025-003546;2;12/03/2025;CLI0292;S05;454,10;3,17;0;1439,50;EUR;C03-Lucía
F2025-003546;3;12/03/2025;CLI0292;S05;185,59;3,16;5;557,14;EUR;C01-Marta
F2025-003547;1;27/12/2025;CLI0200;S11;21,88;24,71;0;540,65;EUR;C05-Rocío
F2025-003548;1;03/02/2025;CLI0370;S06;3066,51;1,13;0;3465,16;EUR;C01-Marta
F2025-003548;2;03/02/2025;CLI0370;S15;2,00;90,53;5;172,01;EUR;C04-Andrés
F2025-003548;3;03/02/2025;CLI0370;S06;1470,11;1,12;0;1646,52;EUR;C03-Lucía
F2025-003549;1;10/04/2025;CLI0200;S01;127,14;94,64;5;11430,90;EUR;C04-Andrés
F2025-003549;2;10/04/2025;CLI0200;S15;1,00;83,89;0;83,89;EUR;C04-Andrés
F2025-003549;3;10/04/2025;CLI0200;S11;9,32;25,62;0;238,78;EUR;C01-Marta
F2025-003549;4;10/04/2025;CLI0200;S02;176,69;6,82;0;1205,03;EUR;C03-Lucía
F2025-003550;1;18/05/2025;CLI0207;S13;1,00;677,64;5;643,76;EUR;C04-Andrés
F2025-003551;1;09/11/2025;CLI0159;S03;29,10;39,65;15;980,74;EUR;C05-Rocío
F2025-003551;2;09/11/2025;CLI0159;S04;415,55;15,12;0;6283,12;EUR;C03-Lucía
F2025-003551;3;09/11/2025;CLI0159;S03;68,05;40,42;0;2750,58;EUR;C01-Marta
F2025-003551;4;09/11/2025;CLI0159;S04;38,20;14,26;10;490,26;EUR;C03-Lucía
F2025-003552;1;28/10/2025;CLI0141;S13;1,00;680,98;5;646,93;EUR;C04-Andrés
F2025-003552;2;28/10/2025;CLI0141;S10;686,24;9,15;0;6279,10;EUR;C05-Rocío
F2025-003552;3;28/10/2025;CLI0141;S15;2,00;86,30;0;172,60;EUR;C01-Marta
F2025-003552;4;28/10/2025;CLI0141;S10;392,18;8,83;0;3462,95;EUR;C02-Javier
F2025-003553;1;15/06/2025;CLI0207;S10;724,38;8,72;0;6316,59;EUR;C02-Javier
F2025-003554;1;28/04/2025;CLI0221;S10;626,65;8,71;0;5458,12;EUR;C05-Rocío
F2025-003554;2;28/04/2025;CLI0221;S10;374,18;8,94;0;3345,17;EUR;C01-Marta
F2025-003555;1;01/01/2025;CLI0114;S14;11,00;224,15;5;2342,37;EUR;C04-Andrés
F2025-003555;2;01/01/2025;CLI0114;S14;12,00;208,60;0;2503,20;EUR;C01-Marta
F2025-003555;3;01/01/2025;CLI0114;S09;284,61;43,16;5;11669,58;EUR;C05-Rocío
F2025-003556;1;18/11/2025;CLI0095;S09;132,26;43,00;0;5687,18;EUR;C03-Lucía
F2025-003556;2;18/11/2025;CLI0095;S09;17,60;41,58;0;731,81;EUR;C03-Lucía
F2025-003557;1;03/06/2025;CLI0053;S08;4679,76;2,55;10;10740,05;EUR;C03-Lucía
F2025-003558;1;12/06/2025;CLI0066;S09;61,16;43,56;0;2664,13;EUR;C05-Rocío
F2025-003558;2;12/06/2025;CLI0066;S09;209,59;41,39;0;8674,93;EUR;C05-Rocío
F2025-003558;3;12/06/2025;CLI0066;S14;6,00;218,93;5;1247,90;EUR;C01-Marta
F2025-003558;4;12/06/2025;CLI0066;S09;214,23;42,61;5;8671,92;EUR;C04-Andrés
F2025-003559;1;23/08/2025;CLI0207;S10;134,55;8,90;0;1197,50;EUR;C04-Andrés
F2025-003559;2;23/08/2025;CLI0207;S10;1040,53;8,72;5;8619,75;EUR;C02-Javier
F2025-003559;3;23/08/2025;CLI0207;S10;53,05;8,59;0;455,70;EUR;C02-Javier
F2025-003560;1;20/10/2025;CLI0101;S10;156,50;8,91;0;1394,41;EUR;C04-Andrés
F2025-003560;2;20/10/2025;CLI0101;S10;247,65;9,56;5;2249,93;USD;C05-Rocío
F2025-003561;1;04/06/2025;CLI0174;S08;1610,74;2,58;0;4155,71;EUR;C03-Lucía
F2025-003561;2;04/06/2025;CLI0174;S08;2934,92;2,38;0;6985,11;EUR;C01-Marta
F2025-003561;3;04/06/2025;CLI0174;S07;50,47;1,60;0;80,75;EUR;C03-Lucía
F2025-003561;4;04/06/2025;CLI0174;S08;2330,58;2,42;0;5640,00;EUR;C03-Lucía
F2025-003562;1;05/02/2025;CLI0162;S04;1305,16;14,18;0;18507,17;EUR;C02-Javier
F2025-003562;2;05/02/2025;CLI0162;S14;16,00;215,06;0;3440,96;EUR;C03-Lucía
F2025-003563;1;28/10/2025;CLI0338;S09;94,65;45,23;0;4281,02;EUR;C02-Javier
F2025-003563;2;28/10/2025;CLI0338;S09;186,63;44,38;5;7868,51;EUR;C03-Lucía
F2025-003564;1;20/06/2025;CLI0230;S02;127,65;6,84;0;873,13;EUR;C03-Lucía
F2025-003564;2;20/06/2025;CLI0230;S02;1350,75;6,60;5;8469,20;EUR;C05-Rocío
F2025-003565;1;18/06/2025;CLI0082;S10;115,99;8,95;0;1038,11;EUR;C01-Marta
F2025-003565;2;18/06/2025;CLI0082;S10;486,93;8,89;0;4328,81;EUR;C04-Andrés
F2025-003566;1;04/02/2025;CLI0135;S10;201,50;8,40;5;1607,97;EUR;C02-Javier
F2025-003567;1;05/11/2025;CLI0296;S05;157,92;3,25;10;461,92;EUR;C02-Javier
F2025-003567;2;05/11/2025;CLI0296;S13;1,00;654,69;15;556,49;EUR;C05-Rocío
F2025-003568;1;09/08/2025;CLI0300;S15;3,00;87,41;5;249,12;EUR;C04-Andrés
F2025-003569;1;18/07/2025;CLI0095;S14;14,00;206,78;15;2460,68;EUR;C01-Marta
F2025-003569;2;18/07/2025;CLI0095;S09;76,33;41,11;0;3137,93;EUR;C05-Rocío
F2025-003569;3;18/07/2025;CLI0095;S09;148,65;45,02;0;6692,22;EUR;C03-Lucía
F2025-003569;4;18/07/2025;CLI0095;S09;414,27;41,49;0;17188,06;EUR;C03-Lucía
F2025-003570;1;03/03/2025;CLI0309;S04;942,41;17,11;0;16121,63;USD;C02-Javier
F2025-003570;2;03/03/2025;CLI0309;S03;34,55;44,40;5;1457,32;USD;C04-Andrés
F2025-003570;3;03/03/2025;CLI0309;S03;19,44;39,89;0;775,46;EUR;C04-Andrés
F2025-003571;1;04/05/2025;CLI0037;S09;231,18;42,85;5;9410,76;EUR;C05-Rocío
F2025-003571;2;04/05/2025;CLI0037;S09;119,81;45,07;0;5399,84;EUR;C05-Rocío
F2025-003572;1;04/06/2025;CLI0012;S14;13,00;208,54;5;2575,47;EUR;C03-Lucía
F2025-003573;1;27/01/2025;CLI0207;S13;1,00;658,54;0;658,54;EUR;C02-Javier
F2025-003573;2;27/01/2025;CLI0207;S10;83,00;8,37;5;659,97;EUR;C04-Andrés
F2025-003573;3;27/01/2025;CLI0207;S10;1315,39;9,15;0;12035,82;EUR;C04-Andrés
F2025-003574;1;09/03/2025;CLI0095;S09;175,30;44,67;5;7439,12;EUR;C02-Javier
F2025-003574;2;09/03/2025;CLI0095;S09;64,23;41,73;0;2680,32;EUR;C03-Lucía
F2025-003574;3;09/03/2025;CLI0095;S15;2,00;87,91;0;175,82;EUR;C01-Marta
F2025-003575;1;16/04/2025;CLI0095;S09;207,45;44,15;0;9158,92;EUR;C05-Rocío
F2025-003575;2;16/04/2025;CLI0095;S13;1,00;671,09;15;570,43;EUR;C02-Javier
F2025-003576;1;16/12/2025;CLI0274;S14;12,00;224,16;10;2420,93;EUR;C04-Andrés
F2025-003576;2;16/12/2025;CLI0274;S07;53,17;1,65;5;83,34;EUR;C03-Lucía
F2025-003576;3;16/12/2025;CLI0274;S08;470,41;2,51;5;1121,69;EUR;C02-Javier
F2025-003577;1;03/05/2025;CLI0114;S13;1,00;647,35;0;647,35;EUR;C04-Andrés
F2025-003577;2;03/05/2025;CLI0114;S09;94,62;44,15;0;4177,47;EUR;C04-Andrés
F2025-003577;3;03/05/2025;CLI0114;S09;57,17;44,07;0;2519,48;EUR;C05-Rocío
F2025-003577;4;03/05/2025;CLI0114;S09;99,58;41,41;0;4123,61;EUR;C04-Andrés
F2025-003578;1;26/11/2025;CLI0067;S15;3,00;91,86;0;275,58;EUR;C02-Javier
F2025-003578;2;26/11/2025;CLI0067;S10;330,58;8,71;5;2735,38;EUR;C01-Marta
F2025-003578;3;26/11/2025;CLI0067;S10;130,36;8,88;0;1157,60;EUR;C01-Marta
F2025-003578;4;26/11/2025;CLI0067;S10;24,50;9,15;5;212,97;EUR;C05-Rocío
F2025-003579;1;14/06/2025;CLI0113;S09;86,29;41,84;0;3610,37;EUR;C05-Rocío
F2025-003579;2;14/06/2025;CLI0113;S13;1,00;651,52;5;618,94;EUR;C01-Marta
F2025-003580;1;04/01/2025;CLI0039;S10;1252,55;9,14;5;10875,89;EUR;C02-Javier
F2025-003580;2;04/01/2025;CLI0039;S10;497,44;8,65;0;4302,86;EUR;C01-Marta
F2025-003581;1;23/10/2025;CLI0114;S09;93,52;43,18;0;4038,19;EUR;C05-Rocío
F2025-003581;2;23/10/2025;CLI0114;S09;180,38;42,02;5;7200,59;EUR;C03-Lucía
F2025-003582;1;08/11/2025;CLI0026;S10;278,19;8,84;0;2459,20;EUR;C05-Rocío
F2025-003582;2;08/11/2025;CLI0026;S10;4406,31;9,06;0;39921,17;EUR;C04-Andrés
F2025-003582;3;08/11/2025;CLI0026;S10;675,59;9,17;0;6195,16;EUR;C04-Andrés
F2025-003583;1;16/09/2025;CLI0291;S10;145,43;8,99;0;1307,42;EUR;C05-Rocío
F2025-003583;2;16/09/2025;CLI0291;S10;139,63;8,82;15;1046,81;EUR;C01-Marta
F2025-003583;3;16/09/2025;CLI0291;S10;667,71;9,03;0;6029,42;EUR;C03-Lucía
F2025-003584;1;12/08/2025;CLI0207;S10;2211,34;8,44;0;18663,71;EUR;C05-Rocío
F2025-003584;2;12/08/2025;CLI0207;S10;150,38;8,68;5;1240,03;EUR;C04-Andrés
F2025-003584;3;12/08/2025;CLI0207;S10;176,69;8,91;0;1574,31;EUR;C04-Andrés
F2025-003584;4;12/08/2025;CLI0207;S15;1,00;88,83;0;88,83;EUR;C04-Andrés
